snippet_id,version,mode,message
so_10195366_block_2,before,RAW,"ParseException: Parse exception in file '/Users/chaiyong/Downloads/do_not_delete/so-edit-additional-prs/before-after/work/pmd/inputs/RAW/before/so_10195366_block_2.java' at line 2, column 16: Encountered <IDENTIFIER: ""String"">. Was expecting one of:     ""class"" ...     ""interface"" ...     ""@"" ..."
so_10599247_block_2,before,RAW,"ParseException: Parse exception in file '/Users/chaiyong/Downloads/do_not_delete/so-edit-additional-prs/before-after/work/pmd/inputs/RAW/before/so_10599247_block_2.java' at line 1, column 14: Encountered <IDENTIFIER: ""Date"">. Was expecting one of:     ""class"" ...     ""interface"" ...     ""@"" ..."
so_10967469_block_2,before,RAW,"ParseException: Parse exception in file '/Users/chaiyong/Downloads/do_not_delete/so-edit-additional-prs/before-after/work/pmd/inputs/RAW/before/so_10967469_block_2.java' at line 1, column 16: Encountered ""void"". Was expecting one of:     ""class"" ...     ""interface"" ...     ""@"" ..."
so_13956092_block_2,before,RAW,"ParseException: Parse exception in file '/Users/chaiyong/Downloads/do_not_delete/so-edit-additional-prs/before-after/work/pmd/inputs/RAW/before/so_13956092_block_2.java' at line 2, column 15: Encountered ""void"". Was expecting one of:     ""class"" ...     ""interface"" ...     ""@"" ..."
so_14676464_block_2,before,RAW,"ParseException: Parse exception in file '/Users/chaiyong/Downloads/do_not_delete/so-edit-additional-prs/before-after/work/pmd/inputs/RAW/before/so_14676464_block_2.java' at line 1, column 12: Encountered ""void"". Was expecting one of:     ""class"" ...     ""interface"" ...     ""@"" ..."
so_15160629_block_2,before,RAW,"ParseException: Parse exception in file '/Users/chaiyong/Downloads/do_not_delete/so-edit-additional-prs/before-after/work/pmd/inputs/RAW/before/so_15160629_block_2.java' at line 16, column 21: Encountered <IDENTIFIER: ""Assert"">. Was expecting one of:     ""instanceof"" ...     "";"" ...     "","" ...     ""="" ...     ""<"" ...     ""?"" ...     ""=="" ...     ""<="" ...     "">="" ...     ""!="" ...     ""||"" ...     ""&&"" ...     ""++"" ...     ""--"" ...     ""+"" ...     ""-"" ...     ""*"" ...     ""/"" ...     ""&"" ...     ""|"" ...     ""^"" ...     ""%"" ...     ""+="" ...     ""-="" ...     ""*="" ...     ""/="" ...     ""&="" ...     ""|="" ...     ""^="" ...     ""%="" ...     ""<<="" ...     "">>="" ...     "">>>="" ...     "">"" ..."
so_16114563_block_2,before,RAW,"ParseException: Parse exception in file '/Users/chaiyong/Downloads/do_not_delete/so-edit-additional-prs/before-after/work/pmd/inputs/RAW/before/so_16114563_block_2.java' at line 1, column 19: Encountered ""boolean"". Was expecting one of:     ""class"" ...     ""interface"" ...     ""@"" ..."
so_16799135_block_10,before,RAW,"ParseException: Parse exception in file '/Users/chaiyong/Downloads/do_not_delete/so-edit-additional-prs/before-after/work/pmd/inputs/RAW/before/so_16799135_block_10.java' at line 1, column 13: Encountered ""void"". Was expecting one of:     ""class"" ...     ""interface"" ...     ""@"" ..."
so_18454342_block_2,before,RAW,"ParseException: Parse exception in file '/Users/chaiyong/Downloads/do_not_delete/so-edit-additional-prs/before-after/work/pmd/inputs/RAW/before/so_18454342_block_2.java' at line 1, column 9: Encountered <IDENTIFIER: ""Path"">. Was expecting one of:     ""class"" ...     ""interface"" ...     ""@"" ..."
so_189739_block_2,before,RAW,"ParseException: Parse exception in file '/Users/chaiyong/Downloads/do_not_delete/so-edit-additional-prs/before-after/work/pmd/inputs/RAW/before/so_189739_block_2.java' at line 1, column 19: Encountered ""void"". Was expecting one of:     ""class"" ...     ""interface"" ...     ""@"" ..."
so_19340685_block_2,before,RAW,"ParseException: Parse exception in file '/Users/chaiyong/Downloads/do_not_delete/so-edit-additional-prs/before-after/work/pmd/inputs/RAW/before/so_19340685_block_2.java' at line 1, column 5: Compact source files and instance main methods are a feature of Java 25, you should select your language version accordingly"
so_20274776_block_2,before,RAW,"ParseException: Parse exception in file '/Users/chaiyong/Downloads/do_not_delete/so-edit-additional-prs/before-after/work/pmd/inputs/RAW/before/so_20274776_block_2.java' at line 1, column 19: Encountered <IDENTIFIER: ""CountDownLatch"">. Was expecting one of:     ""class"" ...     ""interface"" ...     ""@"" ..."
so_20276324_block_2,before,RAW,"ParseException: Parse exception in file '/Users/chaiyong/Downloads/do_not_delete/so-edit-additional-prs/before-after/work/pmd/inputs/RAW/before/so_20276324_block_2.java' at line 2, column 15: Encountered <IDENTIFIER: ""Void"">. Was expecting one of:     ""class"" ...     ""interface"" ...     ""@"" ..."
so_20765715_block_2,before,RAW,"ParseException: Parse exception in file '/Users/chaiyong/Downloads/do_not_delete/so-edit-additional-prs/before-after/work/pmd/inputs/RAW/before/so_20765715_block_2.java' at line 1, column 12: Encountered ""<"". Was expecting one of:     ""class"" ...     ""interface"" ...     ""@"" ..."
so_2086792_block_2,before,RAW,"ParseException: Parse exception in file '/Users/chaiyong/Downloads/do_not_delete/so-edit-additional-prs/before-after/work/pmd/inputs/RAW/before/so_2086792_block_2.java' at line 1, column 13: Encountered ""boolean"". Was expecting one of:     ""class"" ...     ""interface"" ...     ""@"" ..."
so_21178275_block_2,before,RAW,"ParseException: Parse exception in file '/Users/chaiyong/Downloads/do_not_delete/so-edit-additional-prs/before-after/work/pmd/inputs/RAW/before/so_21178275_block_2.java' at line 1, column 13: Encountered ""void"". Was expecting one of:     ""class"" ...     ""interface"" ...     ""@"" ..."
so_2180534_block_2,before,RAW,"ParseException: Parse exception in file '/Users/chaiyong/Downloads/do_not_delete/so-edit-additional-prs/before-after/work/pmd/inputs/RAW/before/so_2180534_block_2.java' at line 52, column 12: Encountered <IDENTIFIER: ""Future"">. Was expecting one of:     ""class"" ...     ""interface"" ...     ""@"" ..."
so_22968559_block_2,before,RAW,"ParseException: Parse exception in file '/Users/chaiyong/Downloads/do_not_delete/so-edit-additional-prs/before-after/work/pmd/inputs/RAW/before/so_22968559_block_2.java' at line 7, column 10: Encountered <EOF>. Was expecting one of:     ""void"" ...     ""<"" ..."
so_2325407_block_2,before,RAW,"ParseException: Parse exception in file '/Users/chaiyong/Downloads/do_not_delete/so-edit-additional-prs/before-after/work/pmd/inputs/RAW/before/so_2325407_block_2.java' at line 1, column 19: Encountered ""void"". Was expecting one of:     ""class"" ...     ""interface"" ...     ""@"" ..."
so_23839705_block_2,before,RAW,"ParseException: Parse exception in file '/Users/chaiyong/Downloads/do_not_delete/so-edit-additional-prs/before-after/work/pmd/inputs/RAW/before/so_23839705_block_2.java' at line 15, column 8: Encountered <EOF>. Was expecting:     ""}"" ..."
so_23916259_block_2,before,RAW,"ParseException: Parse exception in file '/Users/chaiyong/Downloads/do_not_delete/so-edit-additional-prs/before-after/work/pmd/inputs/RAW/before/so_23916259_block_2.java' at line 1, column 5: Compact source files and instance main methods are a feature of Java 25, you should select your language version accordingly"
so_25985720_block_14,before,RAW,"ParseException: Parse exception in file '/Users/chaiyong/Downloads/do_not_delete/so-edit-additional-prs/before-after/work/pmd/inputs/RAW/before/so_25985720_block_14.java' at line 1, column 9: Encountered ""for"". Was expecting one of:     <EOF>      ""import"" ..."
so_26046107_block_2,before,RAW,"ParseException: Parse exception in file '/Users/chaiyong/Downloads/do_not_delete/so-edit-additional-prs/before-after/work/pmd/inputs/RAW/before/so_26046107_block_2.java' at line 18, column 6: Encountered <EOF>. Was expecting:     ""}"" ..."
so_27436796_block_2,before,RAW,"ParseException: Parse exception in file '/Users/chaiyong/Downloads/do_not_delete/so-edit-additional-prs/before-after/work/pmd/inputs/RAW/before/so_27436796_block_2.java' at line 1, column 19: Encountered ""void"". Was expecting one of:     ""class"" ...     ""interface"" ...     ""@"" ..."
so_27437289_block_16,before,RAW,"ParseException: Parse exception in file '/Users/chaiyong/Downloads/do_not_delete/so-edit-additional-prs/before-after/work/pmd/inputs/RAW/before/so_27437289_block_16.java' at line 2, column 12: Encountered <IDENTIFIER: ""Component"">. Was expecting one of:     ""class"" ...     ""interface"" ...     ""@"" ..."
so_27469652_block_4,before,RAW,"ParseException: Parse exception in file '/Users/chaiyong/Downloads/do_not_delete/so-edit-additional-prs/before-after/work/pmd/inputs/RAW/before/so_27469652_block_4.java' at line 2, column 10: Encountered "";"". Was expecting one of:     ""throws"" ...     ""{"" ..."
so_28329032_block_6,before,RAW,"ParseException: Parse exception in file '/Users/chaiyong/Downloads/do_not_delete/so-edit-additional-prs/before-after/work/pmd/inputs/RAW/before/so_28329032_block_6.java' at line 1, column 21: Encountered ""("". Was expecting one of:     <IDENTIFIER> ...     ""<"" ..."
so_29230939_block_4,before,RAW,"ParseException: Parse exception in file '/Users/chaiyong/Downloads/do_not_delete/so-edit-additional-prs/before-after/work/pmd/inputs/RAW/before/so_29230939_block_4.java' at line 2, column 18: Encountered ""<"". Was expecting one of:     ""class"" ...     ""interface"" ...     ""@"" ..."
so_29330741_block_6,before,RAW,"ParseException: Parse exception in file '/Users/chaiyong/Downloads/do_not_delete/so-edit-additional-prs/before-after/work/pmd/inputs/RAW/before/so_29330741_block_6.java' at line 1, column 20: Encountered <IDENTIFIER: ""BigDecimal"">. Was expecting one of:     ""class"" ...     ""interface"" ...     ""@"" ..."
so_29866762_block_2,before,RAW,"ParseException: Parse exception in file '/Users/chaiyong/Downloads/do_not_delete/so-edit-additional-prs/before-after/work/pmd/inputs/RAW/before/so_29866762_block_2.java' at line 1, column 12: Encountered ""<"". Was expecting one of:     ""class"" ...     ""interface"" ...     ""@"" ..."
so_30952083_block_2,before,RAW,"ParseException: Parse exception in file '/Users/chaiyong/Downloads/do_not_delete/so-edit-additional-prs/before-after/work/pmd/inputs/RAW/before/so_30952083_block_2.java' at line 1, column 21: Encountered <IDENTIFIER: ""List"">. Was expecting one of:     ""class"" ...     ""interface"" ...     ""@"" ..."
so_31868761_block_4,before,RAW,"ParseException: Parse exception in file '/Users/chaiyong/Downloads/do_not_delete/so-edit-additional-prs/before-after/work/pmd/inputs/RAW/before/so_31868761_block_4.java' at line 1, column 12: Encountered <IDENTIFIER: ""Connection"">. Was expecting one of:     ""class"" ...     ""interface"" ...     ""@"" ..."
so_32164598_block_8,before,RAW,"ParseException: Parse exception in file '/Users/chaiyong/Downloads/do_not_delete/so-edit-additional-prs/before-after/work/pmd/inputs/RAW/before/so_32164598_block_8.java' at line 2, column 12: Encountered ""void"". Was expecting one of:     ""class"" ...     ""interface"" ...     ""@"" ..."
so_32855556_block_4,before,RAW,"ParseException: Parse exception in file '/Users/chaiyong/Downloads/do_not_delete/so-edit-additional-prs/before-after/work/pmd/inputs/RAW/before/so_32855556_block_4.java' at line 1, column 13: Encountered ""void"". Was expecting one of:     ""class"" ...     ""interface"" ...     ""@"" ..."
so_33085670_block_2,before,RAW,"ParseException: Parse exception in file '/Users/chaiyong/Downloads/do_not_delete/so-edit-additional-prs/before-after/work/pmd/inputs/RAW/before/so_33085670_block_2.java' at line 4, column 12: Encountered <IDENTIFIER: ""String"">. Was expecting one of:     ""class"" ...     ""interface"" ...     ""@"" ..."
so_33943576_block_2,before,RAW,"ParseException: Parse exception in file '/Users/chaiyong/Downloads/do_not_delete/so-edit-additional-prs/before-after/work/pmd/inputs/RAW/before/so_33943576_block_2.java' at line 1, column 12: Encountered <IDENTIFIER: ""LocalDate"">. Was expecting one of:     ""class"" ...     ""interface"" ...     ""@"" ..."
so_34717151_block_6,before,RAW,"ParseException: Parse exception in file '/Users/chaiyong/Downloads/do_not_delete/so-edit-additional-prs/before-after/work/pmd/inputs/RAW/before/so_34717151_block_6.java' at line 7, column 5: Encountered ""try"". Was expecting one of:     ""void"" ...     ""<"" ..."
so_35094888_block_2,before,RAW,"ParseException: Parse exception in file '/Users/chaiyong/Downloads/do_not_delete/so-edit-additional-prs/before-after/work/pmd/inputs/RAW/before/so_35094888_block_2.java' at line 1, column 13: Encountered ""boolean"". Was expecting one of:     ""class"" ...     ""interface"" ...     ""@"" ..."
so_359634_block_2,before,RAW,"ParseException: Parse exception in file '/Users/chaiyong/Downloads/do_not_delete/so-edit-additional-prs/before-after/work/pmd/inputs/RAW/before/so_359634_block_2.java' at line 1, column 12: Encountered ""boolean"". Was expecting one of:     ""class"" ...     ""interface"" ...     ""@"" ..."
so_36950444_block_6,before,RAW,"ParseException: Parse exception in file '/Users/chaiyong/Downloads/do_not_delete/so-edit-additional-prs/before-after/work/pmd/inputs/RAW/before/so_36950444_block_6.java' at line 1, column 19: Encountered ""int"". Was expecting one of:     ""class"" ...     ""interface"" ...     ""@"" ..."
so_3775893_block_6,before,RAW,"ParseException: Parse exception in file '/Users/chaiyong/Downloads/do_not_delete/so-edit-additional-prs/before-after/work/pmd/inputs/RAW/before/so_3775893_block_6.java' at line 1, column 19: Encountered ""void"". Was expecting one of:     ""class"" ...     ""interface"" ...     ""@"" ..."
so_37957745_block_2,before,RAW,"ParseException: Parse exception in file '/Users/chaiyong/Downloads/do_not_delete/so-edit-additional-prs/before-after/work/pmd/inputs/RAW/before/so_37957745_block_2.java' at line 1, column 19: Encountered <IDENTIFIER: ""String"">. Was expecting one of:     ""class"" ...     ""interface"" ...     ""@"" ..."
so_38367701_block_2,before,RAW,"ParseException: Parse exception in file '/Users/chaiyong/Downloads/do_not_delete/so-edit-additional-prs/before-after/work/pmd/inputs/RAW/before/so_38367701_block_2.java' at line 27, column 13: Encountered . Was expecting one of:     "
so_40056844_block_2,before,RAW,"ParseException: Parse exception in file '/Users/chaiyong/Downloads/do_not_delete/so-edit-additional-prs/before-after/work/pmd/inputs/RAW/before/so_40056844_block_2.java' at line 1, column 19: Encountered ""boolean"". Was expecting one of:     ""class"" ...     ""interface"" ...     ""@"" ..."
so_41225553_block_2,before,RAW,"ParseException: Parse exception in file '/Users/chaiyong/Downloads/do_not_delete/so-edit-additional-prs/before-after/work/pmd/inputs/RAW/before/so_41225553_block_2.java' at line 2, column 3: Encountered . Was expecting one of:     "
so_41251473_block_6,before,RAW,"ParseException: Parse exception in file '/Users/chaiyong/Downloads/do_not_delete/so-edit-additional-prs/before-after/work/pmd/inputs/RAW/before/so_41251473_block_6.java' at line 1, column 19: Encountered <IDENTIFIER: ""RequestBody"">. Was expecting one of:     ""class"" ...     ""interface"" ...     ""@"" ..."
so_41471859_block_4,before,RAW,"ParseException: Parse exception in file '/Users/chaiyong/Downloads/do_not_delete/so-edit-additional-prs/before-after/work/pmd/inputs/RAW/before/so_41471859_block_4.java' at line 1, column 12: Encountered <IDENTIFIER: ""String"">. Was expecting one of:     ""class"" ...     ""interface"" ...     ""@"" ..."
so_41588054_block_2,before,RAW,"ParseException: Parse exception in file '/Users/chaiyong/Downloads/do_not_delete/so-edit-additional-prs/before-after/work/pmd/inputs/RAW/before/so_41588054_block_2.java' at line 1, column 16: Encountered ""void"". Was expecting one of:     ""class"" ...     ""interface"" ...     ""@"" ..."
so_41751396_block_8,before,RAW,"ParseException: Parse exception in file '/Users/chaiyong/Downloads/do_not_delete/so-edit-additional-prs/before-after/work/pmd/inputs/RAW/before/so_41751396_block_8.java' at line 114, column 5: Encountered ""try"". Was expecting one of:     ""void"" ...     ""<"" ..."
so_42681543_block_4,before,RAW,"ParseException: Parse exception in file '/Users/chaiyong/Downloads/do_not_delete/so-edit-additional-prs/before-after/work/pmd/inputs/RAW/before/so_42681543_block_4.java' at line 23, column 5: Encountered ""package"". Was expecting one of:     <EOF>      ""import"" ...     "";"" ..."
so_453067_block_2,before,RAW,"ParseException: Parse exception in file '/Users/chaiyong/Downloads/do_not_delete/so-edit-additional-prs/before-after/work/pmd/inputs/RAW/before/so_453067_block_2.java' at line 1, column 12: Encountered ""int"". Was expecting one of:     ""class"" ...     ""interface"" ...     ""@"" ..."
so_45774144_block_4,before,RAW,"ParseException: Parse exception in file '/Users/chaiyong/Downloads/do_not_delete/so-edit-additional-prs/before-after/work/pmd/inputs/RAW/before/so_45774144_block_4.java' at line 1, column 6: Encountered <IDENTIFIER: ""S1L1Reset"">. Was expecting:     ""import"" ..."
so_46830988_block_4,before,RAW,"ParseException: Parse exception in file '/Users/chaiyong/Downloads/do_not_delete/so-edit-additional-prs/before-after/work/pmd/inputs/RAW/before/so_46830988_block_4.java' at line 1, column 11: Encountered ""void"". Was expecting one of:     ""class"" ...     ""interface"" ...     ""@"" ..."
so_46887834_block_2,before,RAW,"ParseException: Parse exception in file '/Users/chaiyong/Downloads/do_not_delete/so-edit-additional-prs/before-after/work/pmd/inputs/RAW/before/so_46887834_block_2.java' at line 3, column 9: Encountered ""new"". Was expecting one of:     ""void"" ...     ""<"" ..."
so_47622507_block_4,before,RAW,"ParseException: Parse exception in file '/Users/chaiyong/Downloads/do_not_delete/so-edit-additional-prs/before-after/work/pmd/inputs/RAW/before/so_47622507_block_4.java' at line 7, column 19: Encountered ""boolean"". Was expecting one of:     ""class"" ...     ""interface"" ...     ""@"" ..."
so_50578162_block_2,before,RAW,"ParseException: Parse exception in file '/Users/chaiyong/Downloads/do_not_delete/so-edit-additional-prs/before-after/work/pmd/inputs/RAW/before/so_50578162_block_2.java' at line 22, column 20: Encountered <EOF>. Was expecting:     ""}"" ..."
so_52144662_block_2,before,RAW,"ParseException: Parse exception in file '/Users/chaiyong/Downloads/do_not_delete/so-edit-additional-prs/before-after/work/pmd/inputs/RAW/before/so_52144662_block_2.java' at line 94, column 101: Encountered <EOF>. Was expecting:     ""}"" ..."
so_52148106_block_4,before,RAW,"LexException: Lexical error in file '/Users/chaiyong/Downloads/do_not_delete/so-edit-additional-prs/before-after/work/pmd/inputs/RAW/before/so_52148106_block_4.java' at line 1, column 5: ""`"" (96), after : """" (in lexical state DEFAULT)"
so_53110509_block_2,before,RAW,"ParseException: Parse exception in file '/Users/chaiyong/Downloads/do_not_delete/so-edit-additional-prs/before-after/work/pmd/inputs/RAW/before/so_53110509_block_2.java' at line 1, column 13: Encountered ""int"". Was expecting one of:     ""class"" ...     ""interface"" ...     ""@"" ..."
so_53360610_block_4,before,RAW,"ParseException: Parse exception in file '/Users/chaiyong/Downloads/do_not_delete/so-edit-additional-prs/before-after/work/pmd/inputs/RAW/before/so_53360610_block_4.java' at line 3, column 5: Encountered . Was expecting one of:     "
so_55003173_block_2,before,RAW,"ParseException: Parse exception in file '/Users/chaiyong/Downloads/do_not_delete/so-edit-additional-prs/before-after/work/pmd/inputs/RAW/before/so_55003173_block_2.java' at line 12, column 5: Encountered . Was expecting one of:     "
so_55728841_block_2,before,RAW,"ParseException: Parse exception in file '/Users/chaiyong/Downloads/do_not_delete/so-edit-additional-prs/before-after/work/pmd/inputs/RAW/before/so_55728841_block_2.java' at line 1, column 19: Encountered ""void"". Was expecting one of:     ""class"" ...     ""interface"" ...     ""@"" ..."
so_56259221_block_5,before,RAW,"ParseException: Parse exception in file '/Users/chaiyong/Downloads/do_not_delete/so-edit-additional-prs/before-after/work/pmd/inputs/RAW/before/so_56259221_block_5.java' at line 1, column 19: Encountered ""void"". Was expecting one of:     ""class"" ...     ""interface"" ...     ""@"" ..."
so_56611483_block_2,before,RAW,"ParseException: Parse exception in file '/Users/chaiyong/Downloads/do_not_delete/so-edit-additional-prs/before-after/work/pmd/inputs/RAW/before/so_56611483_block_2.java' at line 1, column 9: Encountered ""void"". Was expecting one of:     ""class"" ...     ""interface"" ...     ""@"" ..."
so_56815_block_2,before,RAW,"ParseException: Parse exception in file '/Users/chaiyong/Downloads/do_not_delete/so-edit-additional-prs/before-after/work/pmd/inputs/RAW/before/so_56815_block_2.java' at line 1, column 26: Encountered <IDENTIFIER: ""ThreadLocal"">. Was expecting one of:     ""class"" ...     ""interface"" ...     ""@"" ..."
so_57560955_block_2,before,RAW,"ParseException: Parse exception in file '/Users/chaiyong/Downloads/do_not_delete/so-edit-additional-prs/before-after/work/pmd/inputs/RAW/before/so_57560955_block_2.java' at line 2, column 5: Compact source files and instance main methods are a feature of Java 25, you should select your language version accordingly"
so_57713309_block_2,before,RAW,"ParseException: Parse exception in file '/Users/chaiyong/Downloads/do_not_delete/so-edit-additional-prs/before-after/work/pmd/inputs/RAW/before/so_57713309_block_2.java' at line 1, column 19: Encountered <IDENTIFIER: ""String"">. Was expecting one of:     ""class"" ...     ""interface"" ...     ""@"" ..."
so_57997601_block_2,before,RAW,"ParseException: Parse exception in file '/Users/chaiyong/Downloads/do_not_delete/so-edit-additional-prs/before-after/work/pmd/inputs/RAW/before/so_57997601_block_2.java' at line 2, column 1: Encountered ""private"". Was expecting one of:     <IDENTIFIER> ...     ""<"" ..."
so_58346204_block_2,before,RAW,"ParseException: Parse exception in file '/Users/chaiyong/Downloads/do_not_delete/so-edit-additional-prs/before-after/work/pmd/inputs/RAW/before/so_58346204_block_2.java' at line 62, column 5: Encountered ""for"". Was expecting one of:     <IDENTIFIER> ...     ""<"" ..."
so_58617321_block_2,before,RAW,"ParseException: Parse exception in file '/Users/chaiyong/Downloads/do_not_delete/so-edit-additional-prs/before-after/work/pmd/inputs/RAW/before/so_58617321_block_2.java' at line 1, column 46: Encountered <IDENTIFIER: ""width"">. Was expecting one of:     ""["" ...     ""."" ...     ""@"" ...     ""::"" ..."
so_58993471_block_2,before,RAW,"ParseException: Parse exception in file '/Users/chaiyong/Downloads/do_not_delete/so-edit-additional-prs/before-after/work/pmd/inputs/RAW/before/so_58993471_block_2.java' at line 10, column 9: Encountered . Was expecting one of:     "
so_59239733_block_4,before,RAW,"ParseException: Parse exception in file '/Users/chaiyong/Downloads/do_not_delete/so-edit-additional-prs/before-after/work/pmd/inputs/RAW/before/so_59239733_block_4.java' at line 1, column 22: Encountered <IDENTIFIER: ""Exception"">. Was expecting one of:     ""class"" ...     ""interface"" ...     ""@"" ..."
so_59394165_block_2,before,RAW,"ParseException: Parse exception in file '/Users/chaiyong/Downloads/do_not_delete/so-edit-additional-prs/before-after/work/pmd/inputs/RAW/before/so_59394165_block_2.java' at line 1, column 13: Encountered ""void"". Was expecting one of:     ""class"" ...     ""interface"" ...     ""@"" ..."
so_59664498_block_2,before,RAW,"ParseException: Parse exception in file '/Users/chaiyong/Downloads/do_not_delete/so-edit-additional-prs/before-after/work/pmd/inputs/RAW/before/so_59664498_block_2.java' at line 1, column 17: Encountered <IDENTIFIER: ""Server"">. Was expecting one of:     ""class"" ...     ""interface"" ...     ""@"" ..."
so_59823215_block_2,before,RAW,"ParseException: Parse exception in file '/Users/chaiyong/Downloads/do_not_delete/so-edit-additional-prs/before-after/work/pmd/inputs/RAW/before/so_59823215_block_2.java' at line 1, column 19: Encountered ""void"". Was expecting one of:     ""class"" ...     ""interface"" ...     ""@"" ..."
so_60123437_block_2,before,RAW,"ParseException: Parse exception in file '/Users/chaiyong/Downloads/do_not_delete/so-edit-additional-prs/before-after/work/pmd/inputs/RAW/before/so_60123437_block_2.java' at line 9, column 6: Encountered ""}"". Was expecting one of:     "";"" ...     ""="" ...     ""++"" ...     ""--"" ...     ""+="" ...     ""-="" ...     ""*="" ...     ""/="" ...     ""&="" ...     ""|="" ...     ""^="" ...     ""%="" ...     ""<<="" ...     "">>="" ...     "">>>="" ..."
so_60266789_block_2,before,RAW,"ParseException: Parse exception in file '/Users/chaiyong/Downloads/do_not_delete/so-edit-additional-prs/before-after/work/pmd/inputs/RAW/before/so_60266789_block_2.java' at line 1, column 19: Encountered <IDENTIFIER: ""String"">. Was expecting one of:     ""class"" ...     ""interface"" ...     ""@"" ..."
so_60565131_block_4,before,RAW,"ParseException: Parse exception in file '/Users/chaiyong/Downloads/do_not_delete/so-edit-additional-prs/before-after/work/pmd/inputs/RAW/before/so_60565131_block_4.java' at line 1, column 12: Encountered <IDENTIFIER: ""DHParameterSpec"">. Was expecting one of:     ""class"" ...     ""interface"" ...     ""@"" ..."
so_60816572_block_6,before,RAW,"ParseException: Parse exception in file '/Users/chaiyong/Downloads/do_not_delete/so-edit-additional-prs/before-after/work/pmd/inputs/RAW/before/so_60816572_block_6.java' at line 2, column 1: Encountered ""public"". Was expecting one of:     <IDENTIFIER> ...     ""<"" ..."
so_61006461_block_2,before,RAW,"ParseException: Parse exception in file '/Users/chaiyong/Downloads/do_not_delete/so-edit-additional-prs/before-after/work/pmd/inputs/RAW/before/so_61006461_block_2.java' at line 1, column 2: Encountered ""<"". Was expecting:     ""import"" ..."
so_61391737_block_2,before,RAW,"ParseException: Parse exception in file '/Users/chaiyong/Downloads/do_not_delete/so-edit-additional-prs/before-after/work/pmd/inputs/RAW/before/so_61391737_block_2.java' at line 1, column 20: Encountered <IDENTIFIER: ""List"">. Was expecting one of:     ""class"" ...     ""interface"" ...     ""@"" ..."
so_61780137_block_2,before,RAW,"ParseException: Parse exception in file '/Users/chaiyong/Downloads/do_not_delete/so-edit-additional-prs/before-after/work/pmd/inputs/RAW/before/so_61780137_block_2.java' at line 3, column 1: Encountered ""public"". Was expecting one of:     <IDENTIFIER> ...     ""<"" ..."
so_62722315_block_2,before,RAW,"ParseException: Parse exception in file '/Users/chaiyong/Downloads/do_not_delete/so-edit-additional-prs/before-after/work/pmd/inputs/RAW/before/so_62722315_block_2.java' at line 229, column 2: Encountered ""-"". Was expecting one of:     <EOF>      "";"" ..."
so_64804977_block_4,before,RAW,"ParseException: Parse exception in file '/Users/chaiyong/Downloads/do_not_delete/so-edit-additional-prs/before-after/work/pmd/inputs/RAW/before/so_64804977_block_4.java' at line 1, column 9: Encountered ""new"". Was expecting one of:     <EOF>      ""import"" ..."
so_65112087_block_2,before,RAW,"ParseException: Parse exception in file '/Users/chaiyong/Downloads/do_not_delete/so-edit-additional-prs/before-after/work/pmd/inputs/RAW/before/so_65112087_block_2.java' at line 1, column 57: Encountered ""..."". Was expecting:     "")"" ..."
so_6788456_block_2,before,RAW,"ParseException: Parse exception in file '/Users/chaiyong/Downloads/do_not_delete/so-edit-additional-prs/before-after/work/pmd/inputs/RAW/before/so_6788456_block_2.java' at line 1, column 20: Encountered ""byte"". Was expecting one of:     ""class"" ...     ""interface"" ...     ""@"" ..."
so_7649183_block_2,before,RAW,"ParseException: Parse exception in file '/Users/chaiyong/Downloads/do_not_delete/so-edit-additional-prs/before-after/work/pmd/inputs/RAW/before/so_7649183_block_2.java' at line 1, column 12: Encountered <IDENTIFIER: ""MyEditText"">. Was expecting one of:     ""class"" ...     ""interface"" ...     ""@"" ..."
so_7901334_block_2,before,RAW,"ParseException: Parse exception in file '/Users/chaiyong/Downloads/do_not_delete/so-edit-additional-prs/before-after/work/pmd/inputs/RAW/before/so_7901334_block_2.java' at line 1, column 41: Encountered ""&"". Was expecting one of:     ""extends"" ...     ""implements"" ...     ""{"" ...     ""<"" ..."
so_9109728_block_6,before,RAW,"ParseException: Parse exception in file '/Users/chaiyong/Downloads/do_not_delete/so-edit-additional-prs/before-after/work/pmd/inputs/RAW/before/so_9109728_block_6.java' at line 2, column 5: Encountered . Was expecting one of:     "
so_9293885_block_2,before,RAW,"ParseException: Parse exception in file '/Users/chaiyong/Downloads/do_not_delete/so-edit-additional-prs/before-after/work/pmd/inputs/RAW/before/so_9293885_block_2.java' at line 1, column 12: Encountered ""void"". Was expecting one of:     ""class"" ...     ""interface"" ...     ""@"" ..."
so_9709606_block_2,before,RAW,"ParseException: Parse exception in file '/Users/chaiyong/Downloads/do_not_delete/so-edit-additional-prs/before-after/work/pmd/inputs/RAW/before/so_9709606_block_2.java' at line 1, column 5: Encountered ""["". Was expecting one of:     <EOF>      ""import"" ..."
so_10195366_block_2,after,RAW,"ParseException: Parse exception in file '/Users/chaiyong/Downloads/do_not_delete/so-edit-additional-prs/before-after/work/pmd/inputs/RAW/after/so_10195366_block_2.java' at line 2, column 16: Encountered <IDENTIFIER: ""String"">. Was expecting one of:     ""class"" ...     ""interface"" ...     ""@"" ..."
so_10599247_block_2,after,RAW,"ParseException: Parse exception in file '/Users/chaiyong/Downloads/do_not_delete/so-edit-additional-prs/before-after/work/pmd/inputs/RAW/after/so_10599247_block_2.java' at line 1, column 19: Encountered ""void"". Was expecting one of:     ""class"" ...     ""interface"" ...     ""@"" ..."
so_10967469_block_2,after,RAW,"ParseException: Parse exception in file '/Users/chaiyong/Downloads/do_not_delete/so-edit-additional-prs/before-after/work/pmd/inputs/RAW/after/so_10967469_block_2.java' at line 1, column 16: Encountered ""boolean"". Was expecting one of:     ""class"" ...     ""interface"" ...     ""@"" ..."
so_13956092_block_2,after,RAW,"ParseException: Parse exception in file '/Users/chaiyong/Downloads/do_not_delete/so-edit-additional-prs/before-after/work/pmd/inputs/RAW/after/so_13956092_block_2.java' at line 2, column 15: Encountered ""void"". Was expecting one of:     ""class"" ...     ""interface"" ...     ""@"" ..."
so_14676464_block_2,after,RAW,"ParseException: Parse exception in file '/Users/chaiyong/Downloads/do_not_delete/so-edit-additional-prs/before-after/work/pmd/inputs/RAW/after/so_14676464_block_2.java' at line 1, column 12: Encountered ""void"". Was expecting one of:     ""class"" ...     ""interface"" ...     ""@"" ..."
so_15160629_block_2,after,RAW,"ParseException: Parse exception in file '/Users/chaiyong/Downloads/do_not_delete/so-edit-additional-prs/before-after/work/pmd/inputs/RAW/after/so_15160629_block_2.java' at line 17, column 17: Encountered <IDENTIFIER: ""assertEquals"">. Was expecting one of:     ""instanceof"" ...     "";"" ...     "","" ...     ""="" ...     ""<"" ...     ""?"" ...     ""=="" ...     ""<="" ...     "">="" ...     ""!="" ...     ""||"" ...     ""&&"" ...     ""++"" ...     ""--"" ...     ""+"" ...     ""-"" ...     ""*"" ...     ""/"" ...     ""&"" ...     ""|"" ...     ""^"" ...     ""%"" ...     ""+="" ...     ""-="" ...     ""*="" ...     ""/="" ...     ""&="" ...     ""|="" ...     ""^="" ...     ""%="" ...     ""<<="" ...     "">>="" ...     "">>>="" ...     "">"" ..."
so_16114563_block_2,after,RAW,"ParseException: Parse exception in file '/Users/chaiyong/Downloads/do_not_delete/so-edit-additional-prs/before-after/work/pmd/inputs/RAW/after/so_16114563_block_2.java' at line 3, column 12: Encountered . Was expecting one of:     "
so_16799135_block_10,after,RAW,"ParseException: Parse exception in file '/Users/chaiyong/Downloads/do_not_delete/so-edit-additional-prs/before-after/work/pmd/inputs/RAW/after/so_16799135_block_10.java' at line 1, column 13: Encountered ""void"". Was expecting one of:     ""class"" ...     ""interface"" ...     ""@"" ..."
so_18454342_block_2,after,RAW,"ParseException: Parse exception in file '/Users/chaiyong/Downloads/do_not_delete/so-edit-additional-prs/before-after/work/pmd/inputs/RAW/after/so_18454342_block_2.java' at line 1, column 8: Encountered <IDENTIFIER: ""Path"">. Was expecting one of:     ""class"" ...     ""interface"" ...     ""@"" ..."
so_189739_block_2,after,RAW,"ParseException: Parse exception in file '/Users/chaiyong/Downloads/do_not_delete/so-edit-additional-prs/before-after/work/pmd/inputs/RAW/after/so_189739_block_2.java' at line 1, column 19: Encountered ""void"". Was expecting one of:     ""class"" ...     ""interface"" ...     ""@"" ..."
so_19340685_block_2,after,RAW,"ParseException: Parse exception in file '/Users/chaiyong/Downloads/do_not_delete/so-edit-additional-prs/before-after/work/pmd/inputs/RAW/after/so_19340685_block_2.java' at line 1, column 5: Compact source files and instance main methods are a feature of Java 25, you should select your language version accordingly"
so_20274776_block_2,after,RAW,"ParseException: Parse exception in file '/Users/chaiyong/Downloads/do_not_delete/so-edit-additional-prs/before-after/work/pmd/inputs/RAW/after/so_20274776_block_2.java' at line 1, column 19: Encountered <IDENTIFIER: ""CountDownLatch"">. Was expecting one of:     ""class"" ...     ""interface"" ...     ""@"" ..."
so_20276324_block_2,after,RAW,"ParseException: Parse exception in file '/Users/chaiyong/Downloads/do_not_delete/so-edit-additional-prs/before-after/work/pmd/inputs/RAW/after/so_20276324_block_2.java' at line 2, column 15: Encountered <IDENTIFIER: ""Void"">. Was expecting one of:     ""class"" ...     ""interface"" ...     ""@"" ..."
so_20765715_block_2,after,RAW,"ParseException: Parse exception in file '/Users/chaiyong/Downloads/do_not_delete/so-edit-additional-prs/before-after/work/pmd/inputs/RAW/after/so_20765715_block_2.java' at line 1, column 12: Encountered ""<"". Was expecting one of:     ""class"" ...     ""interface"" ...     ""@"" ..."
so_2086792_block_2,after,RAW,"ParseException: Parse exception in file '/Users/chaiyong/Downloads/do_not_delete/so-edit-additional-prs/before-after/work/pmd/inputs/RAW/after/so_2086792_block_2.java' at line 1, column 13: Encountered ""boolean"". Was expecting one of:     ""class"" ...     ""interface"" ...     ""@"" ..."
so_21178275_block_2,after,RAW,"ParseException: Parse exception in file '/Users/chaiyong/Downloads/do_not_delete/so-edit-additional-prs/before-after/work/pmd/inputs/RAW/after/so_21178275_block_2.java' at line 1, column 13: Encountered ""void"". Was expecting one of:     ""class"" ...     ""interface"" ...     ""@"" ..."
so_2180534_block_2,after,RAW,"ParseException: Parse exception in file '/Users/chaiyong/Downloads/do_not_delete/so-edit-additional-prs/before-after/work/pmd/inputs/RAW/after/so_2180534_block_2.java' at line 51, column 12: Encountered <IDENTIFIER: ""Future"">. Was expecting one of:     ""class"" ...     ""interface"" ...     ""@"" ..."
so_22968559_block_2,after,RAW,"ParseException: Parse exception in file '/Users/chaiyong/Downloads/do_not_delete/so-edit-additional-prs/before-after/work/pmd/inputs/RAW/after/so_22968559_block_2.java' at line 15, column 7: Encountered . Was expecting one of:     "
so_2325407_block_2,after,RAW,"ParseException: Parse exception in file '/Users/chaiyong/Downloads/do_not_delete/so-edit-additional-prs/before-after/work/pmd/inputs/RAW/after/so_2325407_block_2.java' at line 1, column 19: Encountered ""void"". Was expecting one of:     ""class"" ...     ""interface"" ...     ""@"" ..."
so_23916259_block_2,after,RAW,"ParseException: Parse exception in file '/Users/chaiyong/Downloads/do_not_delete/so-edit-additional-prs/before-after/work/pmd/inputs/RAW/after/so_23916259_block_2.java' at line 1, column 5: Compact source files and instance main methods are a feature of Java 25, you should select your language version accordingly"
so_25985720_block_14,after,RAW,"ParseException: Parse exception in file '/Users/chaiyong/Downloads/do_not_delete/so-edit-additional-prs/before-after/work/pmd/inputs/RAW/after/so_25985720_block_14.java' at line 1, column 19: Encountered ""void"". Was expecting one of:     ""class"" ...     ""interface"" ...     ""@"" ..."
so_27436796_block_2,after,RAW,"ParseException: Parse exception in file '/Users/chaiyong/Downloads/do_not_delete/so-edit-additional-prs/before-after/work/pmd/inputs/RAW/after/so_27436796_block_2.java' at line 1, column 19: Encountered ""void"". Was expecting one of:     ""class"" ...     ""interface"" ...     ""@"" ..."
so_27437289_block_16,after,RAW,"ParseException: Parse exception in file '/Users/chaiyong/Downloads/do_not_delete/so-edit-additional-prs/before-after/work/pmd/inputs/RAW/after/so_27437289_block_16.java' at line 1, column 45: Encountered <EOF>. Was expecting one of:     ""void"" ...     ""<"" ..."
so_27469652_block_4,after,RAW,"ParseException: Parse exception in file '/Users/chaiyong/Downloads/do_not_delete/so-edit-additional-prs/before-after/work/pmd/inputs/RAW/after/so_27469652_block_4.java' at line 2, column 13: Encountered "")"". Was expecting one of:     <IDENTIFIER> ...     ""<"" ...     ""|"" ..."
so_28329032_block_6,after,RAW,"ParseException: Parse exception in file '/Users/chaiyong/Downloads/do_not_delete/so-edit-additional-prs/before-after/work/pmd/inputs/RAW/after/so_28329032_block_6.java' at line 1, column 21: Encountered ""("". Was expecting one of:     <IDENTIFIER> ...     ""<"" ..."
so_28458368_block_4,after,RAW,"ParseException: Parse exception in file '/Users/chaiyong/Downloads/do_not_delete/so-edit-additional-prs/before-after/work/pmd/inputs/RAW/after/so_28458368_block_4.java' at line 26, column 47: Encountered ""("". Was expecting one of:     ""instanceof"" ...     "")"" ...     "","" ...     ""="" ...     ""<"" ...     ""?"" ...     ""=="" ...     ""<="" ...     "">="" ...     ""!="" ...     ""||"" ...     ""&&"" ...     ""++"" ...     ""--"" ...     ""+"" ...     ""-"" ...     ""*"" ...     ""/"" ...     ""&"" ...     ""|"" ...     ""^"" ...     ""%"" ...     ""+="" ...     ""-="" ...     ""*="" ...     ""/="" ...     ""&="" ...     ""|="" ...     ""^="" ...     ""%="" ...     ""<<="" ...     "">>="" ...     "">>>="" ...     "">"" ..."
so_29226591_block_2,after,RAW,"ParseException: Parse exception in file '/Users/chaiyong/Downloads/do_not_delete/so-edit-additional-prs/before-after/work/pmd/inputs/RAW/after/so_29226591_block_2.java' at line 2, column 17: Encountered <IDENTIFIER: ""Providers"">. Was expecting one of:     ""class"" ...     ""interface"" ...     ""@"" ..."
so_29230939_block_4,after,RAW,"ParseException: Parse exception in file '/Users/chaiyong/Downloads/do_not_delete/so-edit-additional-prs/before-after/work/pmd/inputs/RAW/after/so_29230939_block_4.java' at line 2, column 18: Encountered ""<"". Was expecting one of:     ""class"" ...     ""interface"" ...     ""@"" ..."
so_29330741_block_6,after,RAW,"ParseException: Parse exception in file '/Users/chaiyong/Downloads/do_not_delete/so-edit-additional-prs/before-after/work/pmd/inputs/RAW/after/so_29330741_block_6.java' at line 1, column 20: Encountered <IDENTIFIER: ""BigDecimal"">. Was expecting one of:     ""class"" ...     ""interface"" ...     ""@"" ..."
so_29548090_block_4,after,RAW,"ParseException: Parse exception in file '/Users/chaiyong/Downloads/do_not_delete/so-edit-additional-prs/before-after/work/pmd/inputs/RAW/after/so_29548090_block_4.java' at line 1, column 36: Encountered <IDENTIFIER: ""implementsMap"">. Was expecting one of:     ""extends"" ...     ""implements"" ...     ""{"" ..."
so_29866762_block_2,after,RAW,"ParseException: Parse exception in file '/Users/chaiyong/Downloads/do_not_delete/so-edit-additional-prs/before-after/work/pmd/inputs/RAW/after/so_29866762_block_2.java' at line 1, column 12: Encountered ""<"". Was expecting one of:     ""class"" ...     ""interface"" ...     ""@"" ..."
so_30952083_block_2,after,RAW,"ParseException: Parse exception in file '/Users/chaiyong/Downloads/do_not_delete/so-edit-additional-prs/before-after/work/pmd/inputs/RAW/after/so_30952083_block_2.java' at line 6, column 9: Encountered ""if"". Was expecting one of:     ""void"" ...     ""<"" ..."
so_31868761_block_4,after,RAW,"ParseException: Parse exception in file '/Users/chaiyong/Downloads/do_not_delete/so-edit-additional-prs/before-after/work/pmd/inputs/RAW/after/so_31868761_block_4.java' at line 1, column 12: Encountered <IDENTIFIER: ""Connection"">. Was expecting one of:     ""class"" ...     ""interface"" ...     ""@"" ..."
so_32164598_block_8,after,RAW,"ParseException: Parse exception in file '/Users/chaiyong/Downloads/do_not_delete/so-edit-additional-prs/before-after/work/pmd/inputs/RAW/after/so_32164598_block_8.java' at line 2, column 12: Encountered ""void"". Was expecting one of:     ""class"" ...     ""interface"" ...     ""@"" ..."
so_32855556_block_4,after,RAW,"ParseException: Parse exception in file '/Users/chaiyong/Downloads/do_not_delete/so-edit-additional-prs/before-after/work/pmd/inputs/RAW/after/so_32855556_block_4.java' at line 1, column 13: Encountered ""void"". Was expecting one of:     ""class"" ...     ""interface"" ...     ""@"" ..."
so_33085670_block_2,after,RAW,"ParseException: Parse exception in file '/Users/chaiyong/Downloads/do_not_delete/so-edit-additional-prs/before-after/work/pmd/inputs/RAW/after/so_33085670_block_2.java' at line 5, column 12: Encountered <IDENTIFIER: ""String"">. Was expecting one of:     ""class"" ...     ""interface"" ...     ""@"" ..."
so_33561612_block_2,after,RAW,"ParseException: Parse exception in file '/Users/chaiyong/Downloads/do_not_delete/so-edit-additional-prs/before-after/work/pmd/inputs/RAW/after/so_33561612_block_2.java' at line 24, column 7: Encountered ""catch"". Was expecting:     ""}"" ..."
so_33943576_block_2,after,RAW,"ParseException: Parse exception in file '/Users/chaiyong/Downloads/do_not_delete/so-edit-additional-prs/before-after/work/pmd/inputs/RAW/after/so_33943576_block_2.java' at line 3, column 9: Encountered ""while"". Was expecting one of:     ""void"" ...     ""<"" ..."
so_34717151_block_6,after,RAW,"ParseException: Parse exception in file '/Users/chaiyong/Downloads/do_not_delete/so-edit-additional-prs/before-after/work/pmd/inputs/RAW/after/so_34717151_block_6.java' at line 7, column 5: Encountered ""try"". Was expecting one of:     ""void"" ...     ""<"" ..."
so_35094888_block_2,after,RAW,"ParseException: Parse exception in file '/Users/chaiyong/Downloads/do_not_delete/so-edit-additional-prs/before-after/work/pmd/inputs/RAW/after/so_35094888_block_2.java' at line 1, column 13: Encountered <IDENTIFIER: ""ServerSocket"">. Was expecting one of:     ""class"" ...     ""interface"" ...     ""@"" ..."
so_359634_block_2,after,RAW,"ParseException: Parse exception in file '/Users/chaiyong/Downloads/do_not_delete/so-edit-additional-prs/before-after/work/pmd/inputs/RAW/after/so_359634_block_2.java' at line 1, column 12: Encountered ""boolean"". Was expecting one of:     ""class"" ...     ""interface"" ...     ""@"" ..."
so_36805363_block_2,after,RAW,"ParseException: Parse exception in file '/Users/chaiyong/Downloads/do_not_delete/so-edit-additional-prs/before-after/work/pmd/inputs/RAW/after/so_36805363_block_2.java' at line 47, column 52: Encountered ""..."". Was expecting:     "")"" ..."
so_36950444_block_6,after,RAW,"ParseException: Parse exception in file '/Users/chaiyong/Downloads/do_not_delete/so-edit-additional-prs/before-after/work/pmd/inputs/RAW/after/so_36950444_block_6.java' at line 1, column 19: Encountered ""int"". Was expecting one of:     ""class"" ...     ""interface"" ...     ""@"" ..."
so_3775893_block_6,after,RAW,"ParseException: Parse exception in file '/Users/chaiyong/Downloads/do_not_delete/so-edit-additional-prs/before-after/work/pmd/inputs/RAW/after/so_3775893_block_6.java' at line 1, column 19: Encountered ""void"". Was expecting one of:     ""class"" ...     ""interface"" ...     ""@"" ..."
so_37957745_block_2,after,RAW,"ParseException: Parse exception in file '/Users/chaiyong/Downloads/do_not_delete/so-edit-additional-prs/before-after/work/pmd/inputs/RAW/after/so_37957745_block_2.java' at line 10, column 23: Encountered <IDENTIFIER: ""String"">. Was expecting one of:     ""class"" ...     ""interface"" ...     ""@"" ..."
so_38367701_block_2,after,RAW,"ParseException: Parse exception in file '/Users/chaiyong/Downloads/do_not_delete/so-edit-additional-prs/before-after/work/pmd/inputs/RAW/after/so_38367701_block_2.java' at line 127, column 1: Encountered ""--"". Was expecting:     ""}"" ..."
so_40056844_block_2,after,RAW,"ParseException: Parse exception in file '/Users/chaiyong/Downloads/do_not_delete/so-edit-additional-prs/before-after/work/pmd/inputs/RAW/after/so_40056844_block_2.java' at line 1, column 19: Encountered ""boolean"". Was expecting one of:     ""class"" ...     ""interface"" ...     ""@"" ..."
so_41225553_block_2,after,RAW,"ParseException: Parse exception in file '/Users/chaiyong/Downloads/do_not_delete/so-edit-additional-prs/before-after/work/pmd/inputs/RAW/after/so_41225553_block_2.java' at line 2, column 3: Encountered . Was expecting one of:     "
so_41251473_block_6,after,RAW,"ParseException: Parse exception in file '/Users/chaiyong/Downloads/do_not_delete/so-edit-additional-prs/before-after/work/pmd/inputs/RAW/after/so_41251473_block_6.java' at line 1, column 19: Encountered <IDENTIFIER: ""RequestBody"">. Was expecting one of:     ""class"" ...     ""interface"" ...     ""@"" ..."
so_41471859_block_4,after,RAW,"ParseException: Parse exception in file '/Users/chaiyong/Downloads/do_not_delete/so-edit-additional-prs/before-after/work/pmd/inputs/RAW/after/so_41471859_block_4.java' at line 1, column 5: Encountered <IDENTIFIER: ""$2y$10$Tqq"">. Was expecting:     ""import"" ..."
so_41588054_block_2,after,RAW,"ParseException: Parse exception in file '/Users/chaiyong/Downloads/do_not_delete/so-edit-additional-prs/before-after/work/pmd/inputs/RAW/after/so_41588054_block_2.java' at line 1, column 16: Encountered ""void"". Was expecting one of:     ""class"" ...     ""interface"" ...     ""@"" ..."
so_41751396_block_8,after,RAW,"ParseException: Parse exception in file '/Users/chaiyong/Downloads/do_not_delete/so-edit-additional-prs/before-after/work/pmd/inputs/RAW/after/so_41751396_block_8.java' at line 114, column 5: Encountered ""try"". Was expecting one of:     ""void"" ...     ""<"" ..."
so_41800354_block_2,after,RAW,"ParseException: Parse exception in file '/Users/chaiyong/Downloads/do_not_delete/so-edit-additional-prs/before-after/work/pmd/inputs/RAW/after/so_41800354_block_2.java' at line 1, column 30: Encountered <IDENTIFIER: ""BoolToStringPref"">. Was expecting one of:     ""class"" ...     ""interface"" ...     ""@"" ..."
so_42681543_block_4,after,RAW,"ParseException: Parse exception in file '/Users/chaiyong/Downloads/do_not_delete/so-edit-additional-prs/before-after/work/pmd/inputs/RAW/after/so_42681543_block_4.java' at line 23, column 5: Encountered ""package"". Was expecting one of:     <EOF>      ""import"" ...     "";"" ..."
so_4429257_block_2,after,RAW,"ParseException: Parse exception in file '/Users/chaiyong/Downloads/do_not_delete/so-edit-additional-prs/before-after/work/pmd/inputs/RAW/after/so_4429257_block_2.java' at line 6, column 13: Encountered ""if"". Was expecting one of:     ""void"" ...     ""<"" ..."
so_453067_block_2,after,RAW,"ParseException: Parse exception in file '/Users/chaiyong/Downloads/do_not_delete/so-edit-additional-prs/before-after/work/pmd/inputs/RAW/after/so_453067_block_2.java' at line 1, column 19: Encountered ""int"". Was expecting one of:     ""class"" ...     ""interface"" ...     ""@"" ..."
so_45774144_block_4,after,RAW,"ParseException: Parse exception in file '/Users/chaiyong/Downloads/do_not_delete/so-edit-additional-prs/before-after/work/pmd/inputs/RAW/after/so_45774144_block_4.java' at line 1, column 6: Encountered <IDENTIFIER: ""S1L1Reset"">. Was expecting:     ""import"" ..."
so_46830988_block_4,after,RAW,"ParseException: Parse exception in file '/Users/chaiyong/Downloads/do_not_delete/so-edit-additional-prs/before-after/work/pmd/inputs/RAW/after/so_46830988_block_4.java' at line 1, column 12: Encountered ""boolean"". Was expecting one of:     ""class"" ...     ""interface"" ...     ""@"" ..."
so_46887834_block_2,after,RAW,"ParseException: Parse exception in file '/Users/chaiyong/Downloads/do_not_delete/so-edit-additional-prs/before-after/work/pmd/inputs/RAW/after/so_46887834_block_2.java' at line 3, column 9: Encountered ""new"". Was expecting one of:     ""void"" ...     ""<"" ..."
so_47622507_block_4,after,RAW,"ParseException: Parse exception in file '/Users/chaiyong/Downloads/do_not_delete/so-edit-additional-prs/before-after/work/pmd/inputs/RAW/after/so_47622507_block_4.java' at line 10, column 25: Encountered ""boolean"". Was expecting one of:     ""class"" ...     ""interface"" ...     ""@"" ..."
so_50578162_block_2,after,RAW,"ParseException: Parse exception in file '/Users/chaiyong/Downloads/do_not_delete/so-edit-additional-prs/before-after/work/pmd/inputs/RAW/after/so_50578162_block_2.java' at line 5, column 62: Encountered ""<"". Was expecting:     ""}"" ..."
so_51608517_block_2,after,RAW,"ParseException: Parse exception in file '/Users/chaiyong/Downloads/do_not_delete/so-edit-additional-prs/before-after/work/pmd/inputs/RAW/after/so_51608517_block_2.java' at line 1, column 16: Encountered <IDENTIFIER: ""Test"">. Was expecting one of:     ""class"" ...     ""interface"" ...     ""@"" ..."
so_53110509_block_2,after,RAW,"ParseException: Parse exception in file '/Users/chaiyong/Downloads/do_not_delete/so-edit-additional-prs/before-after/work/pmd/inputs/RAW/after/so_53110509_block_2.java' at line 1, column 13: Encountered ""int"". Was expecting one of:     ""class"" ...     ""interface"" ...     ""@"" ..."
so_53360610_block_4,after,RAW,"ParseException: Parse exception in file '/Users/chaiyong/Downloads/do_not_delete/so-edit-additional-prs/before-after/work/pmd/inputs/RAW/after/so_53360610_block_4.java' at line 1, column 5: Encountered <IDENTIFIER: ""CompletableFuture"">. Was expecting:     ""import"" ..."
so_55003173_block_2,after,RAW,"ParseException: Parse exception in file '/Users/chaiyong/Downloads/do_not_delete/so-edit-additional-prs/before-after/work/pmd/inputs/RAW/after/so_55003173_block_2.java' at line 12, column 5: Encountered . Was expecting one of:     "
so_55728841_block_2,after,RAW,"ParseException: Parse exception in file '/Users/chaiyong/Downloads/do_not_delete/so-edit-additional-prs/before-after/work/pmd/inputs/RAW/after/so_55728841_block_2.java' at line 1, column 19: Encountered ""void"". Was expecting one of:     ""class"" ...     ""interface"" ...     ""@"" ..."
so_55986044_block_2,after,RAW,"ParseException: Parse exception in file '/Users/chaiyong/Downloads/do_not_delete/so-edit-additional-prs/before-after/work/pmd/inputs/RAW/after/so_55986044_block_2.java' at line 106, column 8: Encountered ""new"". Was expecting:     ""("" ..."
so_56259221_block_5,after,RAW,"ParseException: Parse exception in file '/Users/chaiyong/Downloads/do_not_delete/so-edit-additional-prs/before-after/work/pmd/inputs/RAW/after/so_56259221_block_5.java' at line 3, column 19: Encountered ""void"". Was expecting one of:     ""class"" ...     ""interface"" ...     ""@"" ..."
so_56611483_block_2,after,RAW,"ParseException: Parse exception in file '/Users/chaiyong/Downloads/do_not_delete/so-edit-additional-prs/before-after/work/pmd/inputs/RAW/after/so_56611483_block_2.java' at line 1, column 9: Encountered ""void"". Was expecting one of:     ""class"" ...     ""interface"" ...     ""@"" ..."
so_56815_block_2,after,RAW,"ParseException: Parse exception in file '/Users/chaiyong/Downloads/do_not_delete/so-edit-additional-prs/before-after/work/pmd/inputs/RAW/after/so_56815_block_2.java' at line 1, column 26: Encountered <IDENTIFIER: ""ThreadLocal"">. Was expecting one of:     ""class"" ...     ""interface"" ...     ""@"" ..."
so_57398454_block_2,after,RAW,"ParseException: Parse exception in file '/Users/chaiyong/Downloads/do_not_delete/so-edit-additional-prs/before-after/work/pmd/inputs/RAW/after/so_57398454_block_2.java' at line 7, column 16: Encountered <IDENTIFIER: ""List"">. Was expecting one of:     ""class"" ...     ""interface"" ...     ""@"" ..."
so_57560955_block_2,after,RAW,"ParseException: Parse exception in file '/Users/chaiyong/Downloads/do_not_delete/so-edit-additional-prs/before-after/work/pmd/inputs/RAW/after/so_57560955_block_2.java' at line 2, column 5: Compact source files and instance main methods are a feature of Java 25, you should select your language version accordingly"
so_57713309_block_2,after,RAW,"ParseException: Parse exception in file '/Users/chaiyong/Downloads/do_not_delete/so-edit-additional-prs/before-after/work/pmd/inputs/RAW/after/so_57713309_block_2.java' at line 1, column 19: Encountered <IDENTIFIER: ""String"">. Was expecting one of:     ""class"" ...     ""interface"" ...     ""@"" ..."
so_57997601_block_2,after,RAW,"ParseException: Parse exception in file '/Users/chaiyong/Downloads/do_not_delete/so-edit-additional-prs/before-after/work/pmd/inputs/RAW/after/so_57997601_block_2.java' at line 2, column 1: Encountered ""private"". Was expecting one of:     <IDENTIFIER> ...     ""<"" ..."
so_58346204_block_2,after,RAW,"ParseException: Parse exception in file '/Users/chaiyong/Downloads/do_not_delete/so-edit-additional-prs/before-after/work/pmd/inputs/RAW/after/so_58346204_block_2.java' at line 62, column 5: Encountered ""for"". Was expecting one of:     <IDENTIFIER> ...     ""<"" ..."
so_58370217_block_2,after,RAW,"ParseException: Parse exception in file '/Users/chaiyong/Downloads/do_not_delete/so-edit-additional-prs/before-after/work/pmd/inputs/RAW/after/so_58370217_block_2.java' at line 15, column 1: Encountered ""--"". Was expecting one of:     <EOF>      "";"" ..."
so_58617321_block_2,after,RAW,"ParseException: Parse exception in file '/Users/chaiyong/Downloads/do_not_delete/so-edit-additional-prs/before-after/work/pmd/inputs/RAW/after/so_58617321_block_2.java' at line 1, column 49: Encountered <IDENTIFIER: ""width"">. Was expecting one of:     ""["" ...     ""."" ...     ""@"" ...     ""::"" ..."
so_58993471_block_2,after,RAW,"ParseException: Parse exception in file '/Users/chaiyong/Downloads/do_not_delete/so-edit-additional-prs/before-after/work/pmd/inputs/RAW/after/so_58993471_block_2.java' at line 161, column 1: Encountered ""*"". Was expecting one of:     <EOF>      "";"" ..."
so_59239733_block_4,after,RAW,"ParseException: Parse exception in file '/Users/chaiyong/Downloads/do_not_delete/so-edit-additional-prs/before-after/work/pmd/inputs/RAW/after/so_59239733_block_4.java' at line 1, column 22: Encountered <IDENTIFIER: ""Exception"">. Was expecting one of:     ""class"" ...     ""interface"" ...     ""@"" ..."
so_59394165_block_2,after,RAW,"ParseException: Parse exception in file '/Users/chaiyong/Downloads/do_not_delete/so-edit-additional-prs/before-after/work/pmd/inputs/RAW/after/so_59394165_block_2.java' at line 1, column 13: Encountered ""void"". Was expecting one of:     ""class"" ...     ""interface"" ...     ""@"" ..."
so_59664498_block_2,after,RAW,"LexException: Lexical error in file '/Users/chaiyong/Downloads/do_not_delete/so-edit-additional-prs/before-after/work/pmd/inputs/RAW/after/so_59664498_block_2.java' at line 1, column 1: ""`"" (96), after : """" (in lexical state DEFAULT)"
so_59823215_block_2,after,RAW,"ParseException: Parse exception in file '/Users/chaiyong/Downloads/do_not_delete/so-edit-additional-prs/before-after/work/pmd/inputs/RAW/after/so_59823215_block_2.java' at line 1, column 19: Encountered ""void"". Was expecting one of:     ""class"" ...     ""interface"" ...     ""@"" ..."
so_60123437_block_2,after,RAW,"ParseException: Parse exception in file '/Users/chaiyong/Downloads/do_not_delete/so-edit-additional-prs/before-after/work/pmd/inputs/RAW/after/so_60123437_block_2.java' at line 10, column 6: Encountered ""}"". Was expecting one of:     "";"" ...     ""="" ...     ""++"" ...     ""--"" ...     ""+="" ...     ""-="" ...     ""*="" ...     ""/="" ...     ""&="" ...     ""|="" ...     ""^="" ...     ""%="" ...     ""<<="" ...     "">>="" ...     "">>>="" ..."
so_60266789_block_2,after,RAW,"ParseException: Parse exception in file '/Users/chaiyong/Downloads/do_not_delete/so-edit-additional-prs/before-after/work/pmd/inputs/RAW/after/so_60266789_block_2.java' at line 1, column 26: Encountered ""char"". Was expecting one of:     ""class"" ...     ""interface"" ...     ""@"" ..."
so_60565131_block_4,after,RAW,"ParseException: Parse exception in file '/Users/chaiyong/Downloads/do_not_delete/so-edit-additional-prs/before-after/work/pmd/inputs/RAW/after/so_60565131_block_4.java' at line 1, column 12: Encountered <IDENTIFIER: ""DHParameterSpec"">. Was expecting one of:     ""class"" ...     ""interface"" ...     ""@"" ..."
so_60816572_block_6,after,RAW,"ParseException: Parse exception in file '/Users/chaiyong/Downloads/do_not_delete/so-edit-additional-prs/before-after/work/pmd/inputs/RAW/after/so_60816572_block_6.java' at line 2, column 1: Encountered ""public"". Was expecting one of:     <IDENTIFIER> ...     ""<"" ..."
so_61006461_block_2,after,RAW,"ParseException: Parse exception in file '/Users/chaiyong/Downloads/do_not_delete/so-edit-additional-prs/before-after/work/pmd/inputs/RAW/after/so_61006461_block_2.java' at line 1, column 2: Encountered ""<"". Was expecting:     ""import"" ..."
so_61391737_block_2,after,RAW,"ParseException: Parse exception in file '/Users/chaiyong/Downloads/do_not_delete/so-edit-additional-prs/before-after/work/pmd/inputs/RAW/after/so_61391737_block_2.java' at line 1, column 19: Encountered <IDENTIFIER: ""List"">. Was expecting one of:     ""class"" ...     ""interface"" ...     ""@"" ..."
so_61780137_block_2,after,RAW,"ParseException: Parse exception in file '/Users/chaiyong/Downloads/do_not_delete/so-edit-additional-prs/before-after/work/pmd/inputs/RAW/after/so_61780137_block_2.java' at line 3, column 1: Encountered ""public"". Was expecting one of:     <IDENTIFIER> ...     ""<"" ..."
so_6236324_block_2,after,RAW,"ParseException: Parse exception in file '/Users/chaiyong/Downloads/do_not_delete/so-edit-additional-prs/before-after/work/pmd/inputs/RAW/after/so_6236324_block_2.java' at line 1, column 6: Encountered ""*"". Was expecting one of:     <EOF>      ""import"" ..."
so_62722315_block_2,after,RAW,"ParseException: Parse exception in file '/Users/chaiyong/Downloads/do_not_delete/so-edit-additional-prs/before-after/work/pmd/inputs/RAW/after/so_62722315_block_2.java' at line 253, column 2: Encountered ""-"". Was expecting one of:     <EOF>      "";"" ..."
so_64804977_block_4,after,RAW,"ParseException: Parse exception in file '/Users/chaiyong/Downloads/do_not_delete/so-edit-additional-prs/before-after/work/pmd/inputs/RAW/after/so_64804977_block_4.java' at line 1, column 5: Encountered ""new"". Was expecting one of:     <EOF>      ""import"" ..."
so_64938483_block_2,after,RAW,"ParseException: Parse exception in file '/Users/chaiyong/Downloads/do_not_delete/so-edit-additional-prs/before-after/work/pmd/inputs/RAW/after/so_64938483_block_2.java' at line 2, column 12: Encountered ""void"". Was expecting one of:     ""class"" ...     ""interface"" ...     ""@"" ..."
so_65112087_block_2,after,RAW,"ParseException: Parse exception in file '/Users/chaiyong/Downloads/do_not_delete/so-edit-additional-prs/before-after/work/pmd/inputs/RAW/after/so_65112087_block_2.java' at line 1, column 9: Encountered ""try"". Was expecting one of:     <EOF>      ""import"" ..."
so_6788456_block_2,after,RAW,"ParseException: Parse exception in file '/Users/chaiyong/Downloads/do_not_delete/so-edit-additional-prs/before-after/work/pmd/inputs/RAW/after/so_6788456_block_2.java' at line 1, column 20: Encountered ""byte"". Was expecting one of:     ""class"" ...     ""interface"" ...     ""@"" ..."
so_7901334_block_2,after,RAW,"ParseException: Parse exception in file '/Users/chaiyong/Downloads/do_not_delete/so-edit-additional-prs/before-after/work/pmd/inputs/RAW/after/so_7901334_block_2.java' at line 1, column 41: Encountered ""&"". Was expecting one of:     ""extends"" ...     ""implements"" ...     ""{"" ...     ""<"" ..."
so_9293885_block_2,after,RAW,"ParseException: Parse exception in file '/Users/chaiyong/Downloads/do_not_delete/so-edit-additional-prs/before-after/work/pmd/inputs/RAW/after/so_9293885_block_2.java' at line 1, column 19: Encountered ""void"". Was expecting one of:     ""class"" ...     ""interface"" ...     ""@"" ..."
so_9709606_block_2,after,RAW,"ParseException: Parse exception in file '/Users/chaiyong/Downloads/do_not_delete/so-edit-additional-prs/before-after/work/pmd/inputs/RAW/after/so_9709606_block_2.java' at line 1, column 5: Encountered ""["". Was expecting one of:     <EOF>      ""import"" ..."
so_11838438_block_2,before,CLASS_MEMBER,"ParseException: Parse exception in file '/Users/chaiyong/Downloads/do_not_delete/so-edit-additional-prs/before-after/work/pmd/inputs/CLASS_MEMBER/before/so_11838438_block_2.java' at line 2, column 5: Encountered ""import"". Was expecting:     ""}"" ..."
so_12738229_block_2,before,CLASS_MEMBER,"ParseException: Parse exception in file '/Users/chaiyong/Downloads/do_not_delete/so-edit-additional-prs/before-after/work/pmd/inputs/CLASS_MEMBER/before/so_12738229_block_2.java' at line 2, column 5: Encountered ""import"". Was expecting:     ""}"" ..."
so_13462440_block_6,before,CLASS_MEMBER,"ParseException: Parse exception in file '/Users/chaiyong/Downloads/do_not_delete/so-edit-additional-prs/before-after/work/pmd/inputs/CLASS_MEMBER/before/so_13462440_block_6.java' at line 2, column 5: Encountered ""import"". Was expecting:     ""}"" ..."
so_15160629_block_2,before,CLASS_MEMBER,"ParseException: Parse exception in file '/Users/chaiyong/Downloads/do_not_delete/so-edit-additional-prs/before-after/work/pmd/inputs/CLASS_MEMBER/before/so_15160629_block_2.java' at line 17, column 21: Encountered <IDENTIFIER: ""Assert"">. Was expecting one of:     ""instanceof"" ...     "";"" ...     "","" ...     ""="" ...     ""<"" ...     ""?"" ...     ""=="" ...     ""<="" ...     "">="" ...     ""!="" ...     ""||"" ...     ""&&"" ...     ""++"" ...     ""--"" ...     ""+"" ...     ""-"" ...     ""*"" ...     ""/"" ...     ""&"" ...     ""|"" ...     ""^"" ...     ""%"" ...     ""+="" ...     ""-="" ...     ""*="" ...     ""/="" ...     ""&="" ...     ""|="" ...     ""^="" ...     ""%="" ...     ""<<="" ...     "">>="" ...     "">>>="" ...     "">"" ..."
so_18454342_block_2,before,CLASS_MEMBER,"ParseException: Parse exception in file '/Users/chaiyong/Downloads/do_not_delete/so-edit-additional-prs/before-after/work/pmd/inputs/CLASS_MEMBER/before/so_18454342_block_2.java' at line 3, column 21: Encountered ""("". Was expecting one of:     <IDENTIFIER> ...     ""<"" ..."
so_2275596_block_2,before,CLASS_MEMBER,"ParseException: Parse exception in file '/Users/chaiyong/Downloads/do_not_delete/so-edit-additional-prs/before-after/work/pmd/inputs/CLASS_MEMBER/before/so_2275596_block_2.java' at line 2, column 5: Encountered ""package"". Was expecting:     ""}"" ..."
so_23839705_block_2,before,CLASS_MEMBER,"ParseException: Parse exception in file '/Users/chaiyong/Downloads/do_not_delete/so-edit-additional-prs/before-after/work/pmd/inputs/CLASS_MEMBER/before/so_23839705_block_2.java' at line 18, column 1: Encountered <EOF>. Was expecting:     ""}"" ..."
so_25985720_block_14,before,CLASS_MEMBER,"ParseException: Parse exception in file '/Users/chaiyong/Downloads/do_not_delete/so-edit-additional-prs/before-after/work/pmd/inputs/CLASS_MEMBER/before/so_25985720_block_14.java' at line 2, column 9: Encountered ""for"". Was expecting:     ""}"" ..."
so_26046107_block_2,before,CLASS_MEMBER,"ParseException: Parse exception in file '/Users/chaiyong/Downloads/do_not_delete/so-edit-additional-prs/before-after/work/pmd/inputs/CLASS_MEMBER/before/so_26046107_block_2.java' at line 21, column 1: Encountered <EOF>. Was expecting:     ""}"" ..."
so_27469652_block_4,before,CLASS_MEMBER,"ParseException: Parse exception in file '/Users/chaiyong/Downloads/do_not_delete/so-edit-additional-prs/before-after/work/pmd/inputs/CLASS_MEMBER/before/so_27469652_block_4.java' at line 3, column 10: Encountered "";"". Was expecting one of:     ""throws"" ...     ""{"" ..."
so_28329032_block_6,before,CLASS_MEMBER,"ParseException: Parse exception in file '/Users/chaiyong/Downloads/do_not_delete/so-edit-additional-prs/before-after/work/pmd/inputs/CLASS_MEMBER/before/so_28329032_block_6.java' at line 2, column 22: Encountered ""new"". Was expecting:     "")"" ..."
so_28458368_block_4,before,CLASS_MEMBER,"ParseException: Parse exception in file '/Users/chaiyong/Downloads/do_not_delete/so-edit-additional-prs/before-after/work/pmd/inputs/CLASS_MEMBER/before/so_28458368_block_4.java' at line 2, column 9: Encountered ""import"". Was expecting:     ""}"" ..."
so_29575747_block_2,before,CLASS_MEMBER,"ParseException: Parse exception in file '/Users/chaiyong/Downloads/do_not_delete/so-edit-additional-prs/before-after/work/pmd/inputs/CLASS_MEMBER/before/so_29575747_block_2.java' at line 2, column 5: Encountered ""package"". Was expecting:     ""}"" ..."
so_33085670_block_2,before,CLASS_MEMBER,"ParseException: Parse exception in file '/Users/chaiyong/Downloads/do_not_delete/so-edit-additional-prs/before-after/work/pmd/inputs/CLASS_MEMBER/before/so_33085670_block_2.java' at line 2, column 5: Encountered ""import"". Was expecting:     ""}"" ..."
so_34174309_block_2,before,CLASS_MEMBER,"ParseException: Parse exception in file '/Users/chaiyong/Downloads/do_not_delete/so-edit-additional-prs/before-after/work/pmd/inputs/CLASS_MEMBER/before/so_34174309_block_2.java' at line 2, column 5: Encountered ""import"". Was expecting:     ""}"" ..."
so_34717151_block_6,before,CLASS_MEMBER,"ParseException: Parse exception in file '/Users/chaiyong/Downloads/do_not_delete/so-edit-additional-prs/before-after/work/pmd/inputs/CLASS_MEMBER/before/so_34717151_block_6.java' at line 8, column 5: Encountered ""try"". Was expecting:     ""}"" ..."
so_35094888_block_2,before,CLASS_MEMBER,"ParseException: Parse exception in file '/Users/chaiyong/Downloads/do_not_delete/so-edit-additional-prs/before-after/work/pmd/inputs/CLASS_MEMBER/before/so_35094888_block_2.java' at line 7, column 14: Encountered "")"". Was expecting:     ""}"" ..."
so_3519182_block_2,before,CLASS_MEMBER,"ParseException: Parse exception in file '/Users/chaiyong/Downloads/do_not_delete/so-edit-additional-prs/before-after/work/pmd/inputs/CLASS_MEMBER/before/so_3519182_block_2.java' at line 2, column 5: Encountered ""import"". Was expecting:     ""}"" ..."
so_36805363_block_2,before,CLASS_MEMBER,"ParseException: Parse exception in file '/Users/chaiyong/Downloads/do_not_delete/so-edit-additional-prs/before-after/work/pmd/inputs/CLASS_MEMBER/before/so_36805363_block_2.java' at line 2, column 2: Encountered ""import"". Was expecting:     ""}"" ..."
so_38367701_block_2,before,CLASS_MEMBER,"ParseException: Parse exception in file '/Users/chaiyong/Downloads/do_not_delete/so-edit-additional-prs/before-after/work/pmd/inputs/CLASS_MEMBER/before/so_38367701_block_2.java' at line 114, column 1: Encountered ""--"". Was expecting:     ""}"" ..."
so_40317313_block_6,before,CLASS_MEMBER,"ParseException: Parse exception in file '/Users/chaiyong/Downloads/do_not_delete/so-edit-additional-prs/before-after/work/pmd/inputs/CLASS_MEMBER/before/so_40317313_block_6.java' at line 2, column 5: Encountered ""import"". Was expecting:     ""}"" ..."
so_41225553_block_2,before,CLASS_MEMBER,"ParseException: Parse exception in file '/Users/chaiyong/Downloads/do_not_delete/so-edit-additional-prs/before-after/work/pmd/inputs/CLASS_MEMBER/before/so_41225553_block_2.java' at line 3, column 23: Encountered ""("". Was expecting one of:     <IDENTIFIER> ...     ""<"" ..."
so_41751396_block_8,before,CLASS_MEMBER,"ParseException: Parse exception in file '/Users/chaiyong/Downloads/do_not_delete/so-edit-additional-prs/before-after/work/pmd/inputs/CLASS_MEMBER/before/so_41751396_block_8.java' at line 115, column 5: Encountered ""try"". Was expecting:     ""}"" ..."
so_42681543_block_4,before,CLASS_MEMBER,"ParseException: Parse exception in file '/Users/chaiyong/Downloads/do_not_delete/so-edit-additional-prs/before-after/work/pmd/inputs/CLASS_MEMBER/before/so_42681543_block_4.java' at line 2, column 5: Encountered ""import"". Was expecting:     ""}"" ..."
so_45774144_block_4,before,CLASS_MEMBER,"ParseException: Parse exception in file '/Users/chaiyong/Downloads/do_not_delete/so-edit-additional-prs/before-after/work/pmd/inputs/CLASS_MEMBER/before/so_45774144_block_4.java' at line 2, column 21: Encountered ""("". Was expecting one of:     <IDENTIFIER> ...     ""<"" ..."
so_46887834_block_2,before,CLASS_MEMBER,"ParseException: Parse exception in file '/Users/chaiyong/Downloads/do_not_delete/so-edit-additional-prs/before-after/work/pmd/inputs/CLASS_MEMBER/before/so_46887834_block_2.java' at line 4, column 9: Encountered ""new"". Was expecting:     ""}"" ..."
so_50578162_block_2,before,CLASS_MEMBER,"ParseException: Parse exception in file '/Users/chaiyong/Downloads/do_not_delete/so-edit-additional-prs/before-after/work/pmd/inputs/CLASS_MEMBER/before/so_50578162_block_2.java' at line 25, column 1: Encountered <EOF>. Was expecting:     ""}"" ..."
so_51608517_block_2,before,CLASS_MEMBER,"ParseException: Parse exception in file '/Users/chaiyong/Downloads/do_not_delete/so-edit-additional-prs/before-after/work/pmd/inputs/CLASS_MEMBER/before/so_51608517_block_2.java' at line 2, column 5: Encountered ""import"". Was expecting:     ""}"" ..."
so_52144662_block_2,before,CLASS_MEMBER,"ParseException: Parse exception in file '/Users/chaiyong/Downloads/do_not_delete/so-edit-additional-prs/before-after/work/pmd/inputs/CLASS_MEMBER/before/so_52144662_block_2.java' at line 97, column 1: Encountered <EOF>. Was expecting:     ""}"" ..."
so_52148106_block_4,before,CLASS_MEMBER,"LexException: Lexical error in file '/Users/chaiyong/Downloads/do_not_delete/so-edit-additional-prs/before-after/work/pmd/inputs/CLASS_MEMBER/before/so_52148106_block_4.java' at line 2, column 5: ""`"" (96), after : """" (in lexical state DEFAULT)"
so_53360610_block_4,before,CLASS_MEMBER,"ParseException: Parse exception in file '/Users/chaiyong/Downloads/do_not_delete/so-edit-additional-prs/before-after/work/pmd/inputs/CLASS_MEMBER/before/so_53360610_block_4.java' at line 4, column 31: Encountered ""("". Was expecting one of:     <IDENTIFIER> ...     ""<"" ..."
so_54119640_block_4,before,CLASS_MEMBER,"ParseException: Parse exception in file '/Users/chaiyong/Downloads/do_not_delete/so-edit-additional-prs/before-after/work/pmd/inputs/CLASS_MEMBER/before/so_54119640_block_4.java' at line 2, column 5: Encountered ""import"". Was expecting:     ""}"" ..."
so_54298032_block_2,before,CLASS_MEMBER,"ParseException: Parse exception in file '/Users/chaiyong/Downloads/do_not_delete/so-edit-additional-prs/before-after/work/pmd/inputs/CLASS_MEMBER/before/so_54298032_block_2.java' at line 2, column 5: Encountered ""import"". Was expecting:     ""}"" ..."
so_54349072_block_2,before,CLASS_MEMBER,"ParseException: Parse exception in file '/Users/chaiyong/Downloads/do_not_delete/so-edit-additional-prs/before-after/work/pmd/inputs/CLASS_MEMBER/before/so_54349072_block_2.java' at line 7, column 5: Encountered ""package"". Was expecting:     ""}"" ..."
so_55003173_block_2,before,CLASS_MEMBER,"ParseException: Parse exception in file '/Users/chaiyong/Downloads/do_not_delete/so-edit-additional-prs/before-after/work/pmd/inputs/CLASS_MEMBER/before/so_55003173_block_2.java' at line 13, column 20: Encountered ""("". Was expecting one of:     <IDENTIFIER> ...     ""<"" ..."
so_55986044_block_2,before,CLASS_MEMBER,"ParseException: Parse exception in file '/Users/chaiyong/Downloads/do_not_delete/so-edit-additional-prs/before-after/work/pmd/inputs/CLASS_MEMBER/before/so_55986044_block_2.java' at line 2, column 1: Encountered ""import"". Was expecting:     ""}"" ..."
so_57997601_block_2,before,CLASS_MEMBER,"ParseException: Parse exception in file '/Users/chaiyong/Downloads/do_not_delete/so-edit-additional-prs/before-after/work/pmd/inputs/CLASS_MEMBER/before/so_57997601_block_2.java' at line 2, column 1: Encountered . Was expecting one of:     "
so_58346204_block_2,before,CLASS_MEMBER,"ParseException: Parse exception in file '/Users/chaiyong/Downloads/do_not_delete/so-edit-additional-prs/before-after/work/pmd/inputs/CLASS_MEMBER/before/so_58346204_block_2.java' at line 63, column 1: Encountered . Was expecting one of:     "
so_58617321_block_2,before,CLASS_MEMBER,"ParseException: Parse exception in file '/Users/chaiyong/Downloads/do_not_delete/so-edit-additional-prs/before-after/work/pmd/inputs/CLASS_MEMBER/before/so_58617321_block_2.java' at line 2, column 46: Encountered <IDENTIFIER: ""width"">. Was expecting one of:     ""["" ...     ""."" ...     ""@"" ...     ""::"" ..."
so_58993471_block_2,before,CLASS_MEMBER,"ParseException: Parse exception in file '/Users/chaiyong/Downloads/do_not_delete/so-edit-additional-prs/before-after/work/pmd/inputs/CLASS_MEMBER/before/so_58993471_block_2.java' at line 11, column 30: Encountered ""("". Was expecting one of:     <IDENTIFIER> ...     ""<"" ..."
so_59664498_block_2,before,CLASS_MEMBER,"ParseException: Parse exception in file '/Users/chaiyong/Downloads/do_not_delete/so-edit-additional-prs/before-after/work/pmd/inputs/CLASS_MEMBER/before/so_59664498_block_2.java' at line 49, column 1: Encountered ""}"". Was expecting one of:     <EOF>      "";"" ..."
so_60123437_block_2,before,CLASS_MEMBER,"ParseException: Parse exception in file '/Users/chaiyong/Downloads/do_not_delete/so-edit-additional-prs/before-after/work/pmd/inputs/CLASS_MEMBER/before/so_60123437_block_2.java' at line 10, column 6: Encountered ""}"". Was expecting one of:     "";"" ...     ""="" ...     ""++"" ...     ""--"" ...     ""+="" ...     ""-="" ...     ""*="" ...     ""/="" ...     ""&="" ...     ""|="" ...     ""^="" ...     ""%="" ...     ""<<="" ...     "">>="" ...     "">>>="" ..."
so_60816572_block_6,before,CLASS_MEMBER,"ParseException: Parse exception in file '/Users/chaiyong/Downloads/do_not_delete/so-edit-additional-prs/before-after/work/pmd/inputs/CLASS_MEMBER/before/so_60816572_block_6.java' at line 2, column 1: Encountered . Was expecting one of:     "
so_61006461_block_2,before,CLASS_MEMBER,"ParseException: Parse exception in file '/Users/chaiyong/Downloads/do_not_delete/so-edit-additional-prs/before-after/work/pmd/inputs/CLASS_MEMBER/before/so_61006461_block_2.java' at line 3, column 13: Encountered ""<"". Was expecting:     ""void"" ..."
so_61780137_block_2,before,CLASS_MEMBER,"ParseException: Parse exception in file '/Users/chaiyong/Downloads/do_not_delete/so-edit-additional-prs/before-after/work/pmd/inputs/CLASS_MEMBER/before/so_61780137_block_2.java' at line 2, column 1: Encountered . Was expecting one of:     "
so_6236324_block_2,before,CLASS_MEMBER,"ParseException: Parse exception in file '/Users/chaiyong/Downloads/do_not_delete/so-edit-additional-prs/before-after/work/pmd/inputs/CLASS_MEMBER/before/so_6236324_block_2.java' at line 32, column 5: Encountered ""import"". Was expecting:     ""}"" ..."
so_62722315_block_2,before,CLASS_MEMBER,"ParseException: Parse exception in file '/Users/chaiyong/Downloads/do_not_delete/so-edit-additional-prs/before-after/work/pmd/inputs/CLASS_MEMBER/before/so_62722315_block_2.java' at line 230, column 2: Encountered ""-"". Was expecting:     ""}"" ..."
so_64804977_block_4,before,CLASS_MEMBER,"ParseException: Parse exception in file '/Users/chaiyong/Downloads/do_not_delete/so-edit-additional-prs/before-after/work/pmd/inputs/CLASS_MEMBER/before/so_64804977_block_4.java' at line 2, column 9: Encountered ""new"". Was expecting:     ""}"" ..."
so_64938483_block_2,before,CLASS_MEMBER,"ParseException: Parse exception in file '/Users/chaiyong/Downloads/do_not_delete/so-edit-additional-prs/before-after/work/pmd/inputs/CLASS_MEMBER/before/so_64938483_block_2.java' at line 2, column 1: Encountered ""package"". Was expecting:     ""}"" ..."
so_65112087_block_2,before,CLASS_MEMBER,"ParseException: Parse exception in file '/Users/chaiyong/Downloads/do_not_delete/so-edit-additional-prs/before-after/work/pmd/inputs/CLASS_MEMBER/before/so_65112087_block_2.java' at line 2, column 57: Encountered ""..."". Was expecting:     "")"" ..."
so_7901334_block_2,before,CLASS_MEMBER,"ParseException: Parse exception in file '/Users/chaiyong/Downloads/do_not_delete/so-edit-additional-prs/before-after/work/pmd/inputs/CLASS_MEMBER/before/so_7901334_block_2.java' at line 2, column 8: Encountered . Was expecting one of:     "
so_9109728_block_6,before,CLASS_MEMBER,"ParseException: Parse exception in file '/Users/chaiyong/Downloads/do_not_delete/so-edit-additional-prs/before-after/work/pmd/inputs/CLASS_MEMBER/before/so_9109728_block_6.java' at line 3, column 29: Encountered ""("". Was expecting one of:     <IDENTIFIER> ...     ""<"" ..."
so_9709606_block_2,before,CLASS_MEMBER,"ParseException: Parse exception in file '/Users/chaiyong/Downloads/do_not_delete/so-edit-additional-prs/before-after/work/pmd/inputs/CLASS_MEMBER/before/so_9709606_block_2.java' at line 2, column 5: Encountered ""["". Was expecting:     ""}"" ..."
so_11838438_block_2,after,CLASS_MEMBER,"ParseException: Parse exception in file '/Users/chaiyong/Downloads/do_not_delete/so-edit-additional-prs/before-after/work/pmd/inputs/CLASS_MEMBER/after/so_11838438_block_2.java' at line 2, column 5: Encountered ""import"". Was expecting:     ""}"" ..."
so_12738229_block_2,after,CLASS_MEMBER,"ParseException: Parse exception in file '/Users/chaiyong/Downloads/do_not_delete/so-edit-additional-prs/before-after/work/pmd/inputs/CLASS_MEMBER/after/so_12738229_block_2.java' at line 2, column 5: Encountered ""import"". Was expecting:     ""}"" ..."
so_13462440_block_6,after,CLASS_MEMBER,"ParseException: Parse exception in file '/Users/chaiyong/Downloads/do_not_delete/so-edit-additional-prs/before-after/work/pmd/inputs/CLASS_MEMBER/after/so_13462440_block_6.java' at line 2, column 5: Encountered ""import"". Was expecting:     ""}"" ..."
so_14676464_block_2,after,CLASS_MEMBER,"ParseException: Parse exception in file '/Users/chaiyong/Downloads/do_not_delete/so-edit-additional-prs/before-after/work/pmd/inputs/CLASS_MEMBER/after/so_14676464_block_2.java' at line 17, column 1: Encountered ""}"". Was expecting one of:     <EOF>      "";"" ..."
so_15160629_block_2,after,CLASS_MEMBER,"ParseException: Parse exception in file '/Users/chaiyong/Downloads/do_not_delete/so-edit-additional-prs/before-after/work/pmd/inputs/CLASS_MEMBER/after/so_15160629_block_2.java' at line 2, column 5: Encountered ""import"". Was expecting:     ""}"" ..."
so_18454342_block_2,after,CLASS_MEMBER,"ParseException: Parse exception in file '/Users/chaiyong/Downloads/do_not_delete/so-edit-additional-prs/before-after/work/pmd/inputs/CLASS_MEMBER/after/so_18454342_block_2.java' at line 4, column 20: Encountered ""("". Was expecting one of:     <IDENTIFIER> ...     ""<"" ..."
so_20276324_block_2,after,CLASS_MEMBER,"ParseException: Parse exception in file '/Users/chaiyong/Downloads/do_not_delete/so-edit-additional-prs/before-after/work/pmd/inputs/CLASS_MEMBER/after/so_20276324_block_2.java' at line 11, column 52: Encountered "";"". Was expecting one of:     ""instanceof"" ...     "")"" ...     "","" ...     ""="" ...     ""<"" ...     ""?"" ...     ""=="" ...     ""<="" ...     "">="" ...     ""!="" ...     ""||"" ...     ""&&"" ...     ""++"" ...     ""--"" ...     ""+"" ...     ""-"" ...     ""*"" ...     ""/"" ...     ""&"" ...     ""|"" ...     ""^"" ...     ""%"" ...     ""+="" ...     ""-="" ...     ""*="" ...     ""/="" ...     ""&="" ...     ""|="" ...     ""^="" ...     ""%="" ...     ""<<="" ...     "">>="" ...     "">>>="" ...     "">"" ..."
so_2275596_block_2,after,CLASS_MEMBER,"ParseException: Parse exception in file '/Users/chaiyong/Downloads/do_not_delete/so-edit-additional-prs/before-after/work/pmd/inputs/CLASS_MEMBER/after/so_2275596_block_2.java' at line 2, column 5: Encountered ""package"". Was expecting:     ""}"" ..."
so_22968559_block_2,after,CLASS_MEMBER,"ParseException: Parse exception in file '/Users/chaiyong/Downloads/do_not_delete/so-edit-additional-prs/before-after/work/pmd/inputs/CLASS_MEMBER/after/so_22968559_block_2.java' at line 16, column 23: Encountered ""("". Was expecting one of:     <IDENTIFIER> ...     ""<"" ..."
so_27469652_block_4,after,CLASS_MEMBER,"ParseException: Parse exception in file '/Users/chaiyong/Downloads/do_not_delete/so-edit-additional-prs/before-after/work/pmd/inputs/CLASS_MEMBER/after/so_27469652_block_4.java' at line 3, column 13: Encountered "")"". Was expecting one of:     <IDENTIFIER> ...     ""<"" ...     ""|"" ..."
so_28329032_block_6,after,CLASS_MEMBER,"ParseException: Parse exception in file '/Users/chaiyong/Downloads/do_not_delete/so-edit-additional-prs/before-after/work/pmd/inputs/CLASS_MEMBER/after/so_28329032_block_6.java' at line 2, column 22: Encountered ""new"". Was expecting:     "")"" ..."
so_28458368_block_4,after,CLASS_MEMBER,"ParseException: Parse exception in file '/Users/chaiyong/Downloads/do_not_delete/so-edit-additional-prs/before-after/work/pmd/inputs/CLASS_MEMBER/after/so_28458368_block_4.java' at line 2, column 9: Encountered ""import"". Was expecting:     ""}"" ..."
so_29226591_block_2,after,CLASS_MEMBER,"ParseException: Parse exception in file '/Users/chaiyong/Downloads/do_not_delete/so-edit-additional-prs/before-after/work/pmd/inputs/CLASS_MEMBER/after/so_29226591_block_2.java' at line 32, column 1: Encountered ""}"". Was expecting one of:     <EOF>      "";"" ..."
so_29548090_block_4,after,CLASS_MEMBER,"ParseException: Parse exception in file '/Users/chaiyong/Downloads/do_not_delete/so-edit-additional-prs/before-after/work/pmd/inputs/CLASS_MEMBER/after/so_29548090_block_4.java' at line 2, column 36: Encountered <IDENTIFIER: ""implementsMap"">. Was expecting one of:     ""extends"" ...     ""implements"" ...     ""{"" ..."
so_29575747_block_2,after,CLASS_MEMBER,"ParseException: Parse exception in file '/Users/chaiyong/Downloads/do_not_delete/so-edit-additional-prs/before-after/work/pmd/inputs/CLASS_MEMBER/after/so_29575747_block_2.java' at line 2, column 5: Encountered ""package"". Was expecting:     ""}"" ..."
so_30952083_block_2,after,CLASS_MEMBER,"ParseException: Parse exception in file '/Users/chaiyong/Downloads/do_not_delete/so-edit-additional-prs/before-after/work/pmd/inputs/CLASS_MEMBER/after/so_30952083_block_2.java' at line 7, column 9: Encountered ""if"". Was expecting:     ""}"" ..."
so_33085670_block_2,after,CLASS_MEMBER,"ParseException: Parse exception in file '/Users/chaiyong/Downloads/do_not_delete/so-edit-additional-prs/before-after/work/pmd/inputs/CLASS_MEMBER/after/so_33085670_block_2.java' at line 2, column 5: Encountered ""import"". Was expecting:     ""}"" ..."
so_33561612_block_2,after,CLASS_MEMBER,"ParseException: Parse exception in file '/Users/chaiyong/Downloads/do_not_delete/so-edit-additional-prs/before-after/work/pmd/inputs/CLASS_MEMBER/after/so_33561612_block_2.java' at line 25, column 7: Encountered ""catch"". Was expecting:     ""}"" ..."
so_33943576_block_2,after,CLASS_MEMBER,"ParseException: Parse exception in file '/Users/chaiyong/Downloads/do_not_delete/so-edit-additional-prs/before-after/work/pmd/inputs/CLASS_MEMBER/after/so_33943576_block_2.java' at line 4, column 9: Encountered ""while"". Was expecting:     ""}"" ..."
so_34174309_block_2,after,CLASS_MEMBER,"ParseException: Parse exception in file '/Users/chaiyong/Downloads/do_not_delete/so-edit-additional-prs/before-after/work/pmd/inputs/CLASS_MEMBER/after/so_34174309_block_2.java' at line 2, column 5: Encountered ""import"". Was expecting:     ""}"" ..."
so_34717151_block_6,after,CLASS_MEMBER,"ParseException: Parse exception in file '/Users/chaiyong/Downloads/do_not_delete/so-edit-additional-prs/before-after/work/pmd/inputs/CLASS_MEMBER/after/so_34717151_block_6.java' at line 8, column 5: Encountered ""try"". Was expecting:     ""}"" ..."
so_35094888_block_2,after,CLASS_MEMBER,"ParseException: Parse exception in file '/Users/chaiyong/Downloads/do_not_delete/so-edit-additional-prs/before-after/work/pmd/inputs/CLASS_MEMBER/after/so_35094888_block_2.java' at line 8, column 14: Encountered "")"". Was expecting:     ""}"" ..."
so_3519182_block_2,after,CLASS_MEMBER,"ParseException: Parse exception in file '/Users/chaiyong/Downloads/do_not_delete/so-edit-additional-prs/before-after/work/pmd/inputs/CLASS_MEMBER/after/so_3519182_block_2.java' at line 2, column 5: Encountered ""import"". Was expecting:     ""}"" ..."
so_36805363_block_2,after,CLASS_MEMBER,"ParseException: Parse exception in file '/Users/chaiyong/Downloads/do_not_delete/so-edit-additional-prs/before-after/work/pmd/inputs/CLASS_MEMBER/after/so_36805363_block_2.java' at line 2, column 2: Encountered ""import"". Was expecting:     ""}"" ..."
so_37957745_block_2,after,CLASS_MEMBER,"ParseException: Parse exception in file '/Users/chaiyong/Downloads/do_not_delete/so-edit-additional-prs/before-after/work/pmd/inputs/CLASS_MEMBER/after/so_37957745_block_2.java' at line 2, column 5: Encountered ""import"". Was expecting:     ""}"" ..."
so_38367701_block_2,after,CLASS_MEMBER,"ParseException: Parse exception in file '/Users/chaiyong/Downloads/do_not_delete/so-edit-additional-prs/before-after/work/pmd/inputs/CLASS_MEMBER/after/so_38367701_block_2.java' at line 2, column 2: Encountered ""import"". Was expecting:     ""}"" ..."
so_40317313_block_6,after,CLASS_MEMBER,"ParseException: Parse exception in file '/Users/chaiyong/Downloads/do_not_delete/so-edit-additional-prs/before-after/work/pmd/inputs/CLASS_MEMBER/after/so_40317313_block_6.java' at line 2, column 5: Encountered ""import"". Was expecting:     ""}"" ..."
so_41225553_block_2,after,CLASS_MEMBER,"ParseException: Parse exception in file '/Users/chaiyong/Downloads/do_not_delete/so-edit-additional-prs/before-after/work/pmd/inputs/CLASS_MEMBER/after/so_41225553_block_2.java' at line 3, column 23: Encountered ""("". Was expecting one of:     <IDENTIFIER> ...     ""<"" ..."
so_41471859_block_4,after,CLASS_MEMBER,"ParseException: Parse exception in file '/Users/chaiyong/Downloads/do_not_delete/so-edit-additional-prs/before-after/work/pmd/inputs/CLASS_MEMBER/after/so_41471859_block_4.java' at line 3, column 1: Encountered ""}"". Was expecting one of:     <IDENTIFIER> ...     ""<"" ..."
so_41751396_block_8,after,CLASS_MEMBER,"ParseException: Parse exception in file '/Users/chaiyong/Downloads/do_not_delete/so-edit-additional-prs/before-after/work/pmd/inputs/CLASS_MEMBER/after/so_41751396_block_8.java' at line 115, column 5: Encountered ""try"". Was expecting:     ""}"" ..."
so_41800354_block_2,after,CLASS_MEMBER,"ParseException: Parse exception in file '/Users/chaiyong/Downloads/do_not_delete/so-edit-additional-prs/before-after/work/pmd/inputs/CLASS_MEMBER/after/so_41800354_block_2.java' at line 84, column 1: Encountered ""}"". Was expecting one of:     <EOF>      "";"" ..."
so_42681543_block_4,after,CLASS_MEMBER,"ParseException: Parse exception in file '/Users/chaiyong/Downloads/do_not_delete/so-edit-additional-prs/before-after/work/pmd/inputs/CLASS_MEMBER/after/so_42681543_block_4.java' at line 2, column 5: Encountered ""import"". Was expecting:     ""}"" ..."
so_4429257_block_2,after,CLASS_MEMBER,"ParseException: Parse exception in file '/Users/chaiyong/Downloads/do_not_delete/so-edit-additional-prs/before-after/work/pmd/inputs/CLASS_MEMBER/after/so_4429257_block_2.java' at line 7, column 13: Encountered ""if"". Was expecting:     ""}"" ..."
so_45774144_block_4,after,CLASS_MEMBER,"ParseException: Parse exception in file '/Users/chaiyong/Downloads/do_not_delete/so-edit-additional-prs/before-after/work/pmd/inputs/CLASS_MEMBER/after/so_45774144_block_4.java' at line 2, column 21: Encountered ""("". Was expecting one of:     <IDENTIFIER> ...     ""<"" ..."
so_46887834_block_2,after,CLASS_MEMBER,"ParseException: Parse exception in file '/Users/chaiyong/Downloads/do_not_delete/so-edit-additional-prs/before-after/work/pmd/inputs/CLASS_MEMBER/after/so_46887834_block_2.java' at line 4, column 9: Encountered ""new"". Was expecting:     ""}"" ..."
so_50578162_block_2,after,CLASS_MEMBER,"ParseException: Parse exception in file '/Users/chaiyong/Downloads/do_not_delete/so-edit-additional-prs/before-after/work/pmd/inputs/CLASS_MEMBER/after/so_50578162_block_2.java' at line 6, column 62: Encountered ""<"". Was expecting:     ""}"" ..."
so_51608517_block_2,after,CLASS_MEMBER,"ParseException: Parse exception in file '/Users/chaiyong/Downloads/do_not_delete/so-edit-additional-prs/before-after/work/pmd/inputs/CLASS_MEMBER/after/so_51608517_block_2.java' at line 151, column 1: Encountered ""}"". Was expecting one of:     <EOF>      "";"" ..."
so_53360610_block_4,after,CLASS_MEMBER,"ParseException: Parse exception in file '/Users/chaiyong/Downloads/do_not_delete/so-edit-additional-prs/before-after/work/pmd/inputs/CLASS_MEMBER/after/so_53360610_block_4.java' at line 2, column 31: Encountered ""("". Was expecting one of:     <IDENTIFIER> ...     ""<"" ..."
so_54119640_block_4,after,CLASS_MEMBER,"ParseException: Parse exception in file '/Users/chaiyong/Downloads/do_not_delete/so-edit-additional-prs/before-after/work/pmd/inputs/CLASS_MEMBER/after/so_54119640_block_4.java' at line 2, column 5: Encountered ""import"". Was expecting:     ""}"" ..."
so_54298032_block_2,after,CLASS_MEMBER,"ParseException: Parse exception in file '/Users/chaiyong/Downloads/do_not_delete/so-edit-additional-prs/before-after/work/pmd/inputs/CLASS_MEMBER/after/so_54298032_block_2.java' at line 2, column 5: Encountered ""import"". Was expecting:     ""}"" ..."
so_54349072_block_2,after,CLASS_MEMBER,"ParseException: Parse exception in file '/Users/chaiyong/Downloads/do_not_delete/so-edit-additional-prs/before-after/work/pmd/inputs/CLASS_MEMBER/after/so_54349072_block_2.java' at line 2, column 5: Encountered ""package"". Was expecting:     ""}"" ..."
so_55003173_block_2,after,CLASS_MEMBER,"ParseException: Parse exception in file '/Users/chaiyong/Downloads/do_not_delete/so-edit-additional-prs/before-after/work/pmd/inputs/CLASS_MEMBER/after/so_55003173_block_2.java' at line 13, column 20: Encountered ""("". Was expecting one of:     <IDENTIFIER> ...     ""<"" ..."
so_55986044_block_2,after,CLASS_MEMBER,"ParseException: Parse exception in file '/Users/chaiyong/Downloads/do_not_delete/so-edit-additional-prs/before-after/work/pmd/inputs/CLASS_MEMBER/after/so_55986044_block_2.java' at line 2, column 1: Encountered ""import"". Was expecting:     ""}"" ..."
so_56259221_block_5,after,CLASS_MEMBER,"ParseException: Parse exception in file '/Users/chaiyong/Downloads/do_not_delete/so-edit-additional-prs/before-after/work/pmd/inputs/CLASS_MEMBER/after/so_56259221_block_5.java' at line 2, column 5: Encountered ""import"". Was expecting:     ""}"" ..."
so_57398454_block_2,after,CLASS_MEMBER,"ParseException: Parse exception in file '/Users/chaiyong/Downloads/do_not_delete/so-edit-additional-prs/before-after/work/pmd/inputs/CLASS_MEMBER/after/so_57398454_block_2.java' at line 291, column 1: Encountered ""}"". Was expecting one of:     <EOF>      "";"" ..."
so_57997601_block_2,after,CLASS_MEMBER,"ParseException: Parse exception in file '/Users/chaiyong/Downloads/do_not_delete/so-edit-additional-prs/before-after/work/pmd/inputs/CLASS_MEMBER/after/so_57997601_block_2.java' at line 2, column 1: Encountered . Was expecting one of:     "
so_58346204_block_2,after,CLASS_MEMBER,"ParseException: Parse exception in file '/Users/chaiyong/Downloads/do_not_delete/so-edit-additional-prs/before-after/work/pmd/inputs/CLASS_MEMBER/after/so_58346204_block_2.java' at line 63, column 1: Encountered . Was expecting one of:     "
so_58370217_block_2,after,CLASS_MEMBER,"ParseException: Parse exception in file '/Users/chaiyong/Downloads/do_not_delete/so-edit-additional-prs/before-after/work/pmd/inputs/CLASS_MEMBER/after/so_58370217_block_2.java' at line 16, column 1: Encountered ""--"". Was expecting:     ""}"" ..."
so_58617321_block_2,after,CLASS_MEMBER,"ParseException: Parse exception in file '/Users/chaiyong/Downloads/do_not_delete/so-edit-additional-prs/before-after/work/pmd/inputs/CLASS_MEMBER/after/so_58617321_block_2.java' at line 2, column 49: Encountered <IDENTIFIER: ""width"">. Was expecting one of:     ""["" ...     ""."" ...     ""@"" ...     ""::"" ..."
so_58993471_block_2,after,CLASS_MEMBER,"ParseException: Parse exception in file '/Users/chaiyong/Downloads/do_not_delete/so-edit-additional-prs/before-after/work/pmd/inputs/CLASS_MEMBER/after/so_58993471_block_2.java' at line 2, column 1: Encountered ""import"". Was expecting:     ""}"" ..."
so_59664498_block_2,after,CLASS_MEMBER,"LexException: Lexical error in file '/Users/chaiyong/Downloads/do_not_delete/so-edit-additional-prs/before-after/work/pmd/inputs/CLASS_MEMBER/after/so_59664498_block_2.java' at line 2, column 1: ""`"" (96), after : """" (in lexical state DEFAULT)"
so_60123437_block_2,after,CLASS_MEMBER,"ParseException: Parse exception in file '/Users/chaiyong/Downloads/do_not_delete/so-edit-additional-prs/before-after/work/pmd/inputs/CLASS_MEMBER/after/so_60123437_block_2.java' at line 11, column 6: Encountered ""}"". Was expecting one of:     "";"" ...     ""="" ...     ""++"" ...     ""--"" ...     ""+="" ...     ""-="" ...     ""*="" ...     ""/="" ...     ""&="" ...     ""|="" ...     ""^="" ...     ""%="" ...     ""<<="" ...     "">>="" ...     "">>>="" ..."
so_60816572_block_6,after,CLASS_MEMBER,"ParseException: Parse exception in file '/Users/chaiyong/Downloads/do_not_delete/so-edit-additional-prs/before-after/work/pmd/inputs/CLASS_MEMBER/after/so_60816572_block_6.java' at line 2, column 1: Encountered . Was expecting one of:     "
so_61006461_block_2,after,CLASS_MEMBER,"ParseException: Parse exception in file '/Users/chaiyong/Downloads/do_not_delete/so-edit-additional-prs/before-after/work/pmd/inputs/CLASS_MEMBER/after/so_61006461_block_2.java' at line 3, column 13: Encountered ""<"". Was expecting:     ""void"" ..."
so_61780137_block_2,after,CLASS_MEMBER,"ParseException: Parse exception in file '/Users/chaiyong/Downloads/do_not_delete/so-edit-additional-prs/before-after/work/pmd/inputs/CLASS_MEMBER/after/so_61780137_block_2.java' at line 2, column 1: Encountered . Was expecting one of:     "
so_6236324_block_2,after,CLASS_MEMBER,"ParseException: Parse exception in file '/Users/chaiyong/Downloads/do_not_delete/so-edit-additional-prs/before-after/work/pmd/inputs/CLASS_MEMBER/after/so_6236324_block_2.java' at line 2, column 6: Encountered ""*"". Was expecting:     ""}"" ..."
so_62722315_block_2,after,CLASS_MEMBER,"ParseException: Parse exception in file '/Users/chaiyong/Downloads/do_not_delete/so-edit-additional-prs/before-after/work/pmd/inputs/CLASS_MEMBER/after/so_62722315_block_2.java' at line 2, column 1: Encountered ""import"". Was expecting:     ""}"" ..."
so_64804977_block_4,after,CLASS_MEMBER,"ParseException: Parse exception in file '/Users/chaiyong/Downloads/do_not_delete/so-edit-additional-prs/before-after/work/pmd/inputs/CLASS_MEMBER/after/so_64804977_block_4.java' at line 2, column 5: Encountered ""new"". Was expecting:     ""}"" ..."
so_64938483_block_2,after,CLASS_MEMBER,"ParseException: Parse exception in file '/Users/chaiyong/Downloads/do_not_delete/so-edit-additional-prs/before-after/work/pmd/inputs/CLASS_MEMBER/after/so_64938483_block_2.java' at line 70, column 1: Encountered ""}"". Was expecting one of:     <EOF>      "";"" ..."
so_65112087_block_2,after,CLASS_MEMBER,"ParseException: Parse exception in file '/Users/chaiyong/Downloads/do_not_delete/so-edit-additional-prs/before-after/work/pmd/inputs/CLASS_MEMBER/after/so_65112087_block_2.java' at line 2, column 9: Encountered ""try"". Was expecting:     ""}"" ..."
so_7901334_block_2,after,CLASS_MEMBER,"ParseException: Parse exception in file '/Users/chaiyong/Downloads/do_not_delete/so-edit-additional-prs/before-after/work/pmd/inputs/CLASS_MEMBER/after/so_7901334_block_2.java' at line 2, column 8: Encountered . Was expecting one of:     "
so_9109728_block_6,after,CLASS_MEMBER,"ParseException: Parse exception in file '/Users/chaiyong/Downloads/do_not_delete/so-edit-additional-prs/before-after/work/pmd/inputs/CLASS_MEMBER/after/so_9109728_block_6.java' at line 2, column 5: Encountered ""import"". Was expecting:     ""}"" ..."
so_9709606_block_2,after,CLASS_MEMBER,"ParseException: Parse exception in file '/Users/chaiyong/Downloads/do_not_delete/so-edit-additional-prs/before-after/work/pmd/inputs/CLASS_MEMBER/after/so_9709606_block_2.java' at line 2, column 5: Encountered ""["". Was expecting:     ""}"" ..."
so_10195366_block_2,before,METHOD_BODY,"ParseException: Parse exception in file '/Users/chaiyong/Downloads/do_not_delete/so-edit-additional-prs/before-after/work/pmd/inputs/METHOD_BODY/before/so_10195366_block_2.java' at line 4, column 27: Encountered ""("". Was expecting one of:     ""["" ...     "";"" ...     "","" ...     ""@"" ...     ""="" ..."
so_10599247_block_2,before,METHOD_BODY,"ParseException: Parse exception in file '/Users/chaiyong/Downloads/do_not_delete/so-edit-additional-prs/before-after/work/pmd/inputs/METHOD_BODY/before/so_10599247_block_2.java' at line 3, column 14: Encountered <IDENTIFIER: ""Date"">. Was expecting one of:     ""class"" ...     ""interface"" ..."
so_10967469_block_2,before,METHOD_BODY,"ParseException: Parse exception in file '/Users/chaiyong/Downloads/do_not_delete/so-edit-additional-prs/before-after/work/pmd/inputs/METHOD_BODY/before/so_10967469_block_2.java' at line 3, column 16: Encountered ""void"". Was expecting one of:     ""class"" ...     ""interface"" ..."
so_11838438_block_2,before,METHOD_BODY,"ParseException: Parse exception in file '/Users/chaiyong/Downloads/do_not_delete/so-edit-additional-prs/before-after/work/pmd/inputs/METHOD_BODY/before/so_11838438_block_2.java' at line 3, column 5: Encountered ""import"". Was expecting:     ""}"" ..."
so_12738229_block_2,before,METHOD_BODY,"ParseException: Parse exception in file '/Users/chaiyong/Downloads/do_not_delete/so-edit-additional-prs/before-after/work/pmd/inputs/METHOD_BODY/before/so_12738229_block_2.java' at line 3, column 5: Encountered ""import"". Was expecting:     ""}"" ..."
so_13462440_block_6,before,METHOD_BODY,"ParseException: Parse exception in file '/Users/chaiyong/Downloads/do_not_delete/so-edit-additional-prs/before-after/work/pmd/inputs/METHOD_BODY/before/so_13462440_block_6.java' at line 3, column 5: Encountered ""import"". Was expecting:     ""}"" ..."
so_13956092_block_2,before,METHOD_BODY,"ParseException: Parse exception in file '/Users/chaiyong/Downloads/do_not_delete/so-edit-additional-prs/before-after/work/pmd/inputs/METHOD_BODY/before/so_13956092_block_2.java' at line 4, column 15: Encountered . Was expecting one of:     "
so_14676464_block_2,before,METHOD_BODY,"ParseException: Parse exception in file '/Users/chaiyong/Downloads/do_not_delete/so-edit-additional-prs/before-after/work/pmd/inputs/METHOD_BODY/before/so_14676464_block_2.java' at line 3, column 12: Encountered ""void"". Was expecting one of:     ""class"" ...     ""interface"" ..."
so_15160629_block_2,before,METHOD_BODY,"ParseException: Parse exception in file '/Users/chaiyong/Downloads/do_not_delete/so-edit-additional-prs/before-after/work/pmd/inputs/METHOD_BODY/before/so_15160629_block_2.java' at line 18, column 21: Encountered <IDENTIFIER: ""Assert"">. Was expecting one of:     ""instanceof"" ...     "";"" ...     "","" ...     ""="" ...     ""<"" ...     ""?"" ...     ""=="" ...     ""<="" ...     "">="" ...     ""!="" ...     ""||"" ...     ""&&"" ...     ""++"" ...     ""--"" ...     ""+"" ...     ""-"" ...     ""*"" ...     ""/"" ...     ""&"" ...     ""|"" ...     ""^"" ...     ""%"" ...     ""+="" ...     ""-="" ...     ""*="" ...     ""/="" ...     ""&="" ...     ""|="" ...     ""^="" ...     ""%="" ...     ""<<="" ...     "">>="" ...     "">>>="" ...     "">"" ..."
so_16114563_block_2,before,METHOD_BODY,"ParseException: Parse exception in file '/Users/chaiyong/Downloads/do_not_delete/so-edit-additional-prs/before-after/work/pmd/inputs/METHOD_BODY/before/so_16114563_block_2.java' at line 3, column 19: Encountered ""boolean"". Was expecting one of:     ""class"" ...     ""interface"" ..."
so_16799135_block_10,before,METHOD_BODY,"ParseException: Parse exception in file '/Users/chaiyong/Downloads/do_not_delete/so-edit-additional-prs/before-after/work/pmd/inputs/METHOD_BODY/before/so_16799135_block_10.java' at line 3, column 13: Encountered ""void"". Was expecting one of:     ""class"" ...     ""interface"" ..."
so_189739_block_2,before,METHOD_BODY,"ParseException: Parse exception in file '/Users/chaiyong/Downloads/do_not_delete/so-edit-additional-prs/before-after/work/pmd/inputs/METHOD_BODY/before/so_189739_block_2.java' at line 3, column 19: Encountered ""void"". Was expecting one of:     ""class"" ...     ""interface"" ..."
so_19340685_block_2,before,METHOD_BODY,"ParseException: Parse exception in file '/Users/chaiyong/Downloads/do_not_delete/so-edit-additional-prs/before-after/work/pmd/inputs/METHOD_BODY/before/so_19340685_block_2.java' at line 3, column 10: Encountered ""("". Was expecting one of:     ""["" ...     "";"" ...     "","" ...     ""@"" ...     ""="" ..."
so_20274776_block_2,before,METHOD_BODY,"ParseException: Parse exception in file '/Users/chaiyong/Downloads/do_not_delete/so-edit-additional-prs/before-after/work/pmd/inputs/METHOD_BODY/before/so_20274776_block_2.java' at line 3, column 19: Encountered <IDENTIFIER: ""CountDownLatch"">. Was expecting one of:     ""class"" ...     ""interface"" ..."
so_20276324_block_2,before,METHOD_BODY,"ParseException: Parse exception in file '/Users/chaiyong/Downloads/do_not_delete/so-edit-additional-prs/before-after/work/pmd/inputs/METHOD_BODY/before/so_20276324_block_2.java' at line 4, column 34: Encountered ""("". Was expecting one of:     ""["" ...     "";"" ...     "","" ...     ""@"" ...     ""="" ..."
so_20765715_block_2,before,METHOD_BODY,"ParseException: Parse exception in file '/Users/chaiyong/Downloads/do_not_delete/so-edit-additional-prs/before-after/work/pmd/inputs/METHOD_BODY/before/so_20765715_block_2.java' at line 3, column 12: Encountered ""<"". Was expecting one of:     ""class"" ...     ""interface"" ..."
so_2086792_block_2,before,METHOD_BODY,"ParseException: Parse exception in file '/Users/chaiyong/Downloads/do_not_delete/so-edit-additional-prs/before-after/work/pmd/inputs/METHOD_BODY/before/so_2086792_block_2.java' at line 3, column 13: Encountered ""boolean"". Was expecting one of:     ""class"" ...     ""interface"" ..."
so_21178275_block_2,before,METHOD_BODY,"ParseException: Parse exception in file '/Users/chaiyong/Downloads/do_not_delete/so-edit-additional-prs/before-after/work/pmd/inputs/METHOD_BODY/before/so_21178275_block_2.java' at line 3, column 13: Encountered ""void"". Was expecting one of:     ""class"" ...     ""interface"" ..."
so_2180534_block_2,before,METHOD_BODY,"ParseException: Parse exception in file '/Users/chaiyong/Downloads/do_not_delete/so-edit-additional-prs/before-after/work/pmd/inputs/METHOD_BODY/before/so_2180534_block_2.java' at line 54, column 12: Encountered <IDENTIFIER: ""Future"">. Was expecting one of:     ""class"" ...     ""interface"" ..."
so_2275596_block_2,before,METHOD_BODY,"ParseException: Parse exception in file '/Users/chaiyong/Downloads/do_not_delete/so-edit-additional-prs/before-after/work/pmd/inputs/METHOD_BODY/before/so_2275596_block_2.java' at line 3, column 5: Encountered ""package"". Was expecting:     ""}"" ..."
so_2325407_block_2,before,METHOD_BODY,"ParseException: Parse exception in file '/Users/chaiyong/Downloads/do_not_delete/so-edit-additional-prs/before-after/work/pmd/inputs/METHOD_BODY/before/so_2325407_block_2.java' at line 3, column 19: Encountered ""void"". Was expecting one of:     ""class"" ...     ""interface"" ..."
so_23839705_block_2,before,METHOD_BODY,"ParseException: Parse exception in file '/Users/chaiyong/Downloads/do_not_delete/so-edit-additional-prs/before-after/work/pmd/inputs/METHOD_BODY/before/so_23839705_block_2.java' at line 20, column 1: Encountered <EOF>. Was expecting:     ""}"" ..."
so_23916259_block_2,before,METHOD_BODY,"ParseException: Parse exception in file '/Users/chaiyong/Downloads/do_not_delete/so-edit-additional-prs/before-after/work/pmd/inputs/METHOD_BODY/before/so_23916259_block_2.java' at line 5, column 17: Encountered <IDENTIFIER: ""x"">. Was expecting one of:     ""["" ...     ""."" ...     ""@"" ...     ""::"" ..."
so_25985720_block_14,before,METHOD_BODY,"ParseException: Parse exception in file '/Users/chaiyong/Downloads/do_not_delete/so-edit-additional-prs/before-after/work/pmd/inputs/METHOD_BODY/before/so_25985720_block_14.java' at line 19, column 1: Encountered ""}"". Was expecting one of:     <EOF>      "";"" ..."
so_26046107_block_2,before,METHOD_BODY,"ParseException: Parse exception in file '/Users/chaiyong/Downloads/do_not_delete/so-edit-additional-prs/before-after/work/pmd/inputs/METHOD_BODY/before/so_26046107_block_2.java' at line 23, column 1: Encountered <EOF>. Was expecting:     ""}"" ..."
so_27436796_block_2,before,METHOD_BODY,"ParseException: Parse exception in file '/Users/chaiyong/Downloads/do_not_delete/so-edit-additional-prs/before-after/work/pmd/inputs/METHOD_BODY/before/so_27436796_block_2.java' at line 3, column 19: Encountered ""void"". Was expecting one of:     ""class"" ...     ""interface"" ..."
so_27437289_block_16,before,METHOD_BODY,"ParseException: Parse exception in file '/Users/chaiyong/Downloads/do_not_delete/so-edit-additional-prs/before-after/work/pmd/inputs/METHOD_BODY/before/so_27437289_block_16.java' at line 4, column 12: Encountered <IDENTIFIER: ""Component"">. Was expecting one of:     ""class"" ...     ""interface"" ..."
so_28329032_block_6,before,METHOD_BODY,"ParseException: Parse exception in file '/Users/chaiyong/Downloads/do_not_delete/so-edit-additional-prs/before-after/work/pmd/inputs/METHOD_BODY/before/so_28329032_block_6.java' at line 6, column 5: Encountered ""..."". Was expecting:     ""}"" ..."
so_28458368_block_4,before,METHOD_BODY,"ParseException: Parse exception in file '/Users/chaiyong/Downloads/do_not_delete/so-edit-additional-prs/before-after/work/pmd/inputs/METHOD_BODY/before/so_28458368_block_4.java' at line 3, column 9: Encountered ""import"". Was expecting:     ""}"" ..."
so_29230939_block_4,before,METHOD_BODY,"ParseException: Parse exception in file '/Users/chaiyong/Downloads/do_not_delete/so-edit-additional-prs/before-after/work/pmd/inputs/METHOD_BODY/before/so_29230939_block_4.java' at line 4, column 18: Encountered . Was expecting one of:     "
so_29330741_block_6,before,METHOD_BODY,"ParseException: Parse exception in file '/Users/chaiyong/Downloads/do_not_delete/so-edit-additional-prs/before-after/work/pmd/inputs/METHOD_BODY/before/so_29330741_block_6.java' at line 3, column 20: Encountered <IDENTIFIER: ""BigDecimal"">. Was expecting one of:     ""class"" ...     ""interface"" ..."
so_29575747_block_2,before,METHOD_BODY,"ParseException: Parse exception in file '/Users/chaiyong/Downloads/do_not_delete/so-edit-additional-prs/before-after/work/pmd/inputs/METHOD_BODY/before/so_29575747_block_2.java' at line 3, column 5: Encountered ""package"". Was expecting:     ""}"" ..."
so_29866762_block_2,before,METHOD_BODY,"ParseException: Parse exception in file '/Users/chaiyong/Downloads/do_not_delete/so-edit-additional-prs/before-after/work/pmd/inputs/METHOD_BODY/before/so_29866762_block_2.java' at line 3, column 12: Encountered ""<"". Was expecting one of:     ""class"" ...     ""interface"" ..."
so_30952083_block_2,before,METHOD_BODY,"ParseException: Parse exception in file '/Users/chaiyong/Downloads/do_not_delete/so-edit-additional-prs/before-after/work/pmd/inputs/METHOD_BODY/before/so_30952083_block_2.java' at line 3, column 21: Encountered <IDENTIFIER: ""List"">. Was expecting one of:     ""class"" ...     ""interface"" ..."
so_31868761_block_4,before,METHOD_BODY,"ParseException: Parse exception in file '/Users/chaiyong/Downloads/do_not_delete/so-edit-additional-prs/before-after/work/pmd/inputs/METHOD_BODY/before/so_31868761_block_4.java' at line 3, column 12: Encountered <IDENTIFIER: ""Connection"">. Was expecting one of:     ""class"" ...     ""interface"" ..."
so_32164598_block_8,before,METHOD_BODY,"ParseException: Parse exception in file '/Users/chaiyong/Downloads/do_not_delete/so-edit-additional-prs/before-after/work/pmd/inputs/METHOD_BODY/before/so_32164598_block_8.java' at line 4, column 12: Encountered . Was expecting one of:     "
so_32855556_block_4,before,METHOD_BODY,"ParseException: Parse exception in file '/Users/chaiyong/Downloads/do_not_delete/so-edit-additional-prs/before-after/work/pmd/inputs/METHOD_BODY/before/so_32855556_block_4.java' at line 3, column 13: Encountered ""void"". Was expecting one of:     ""class"" ...     ""interface"" ..."
so_33085670_block_2,before,METHOD_BODY,"ParseException: Parse exception in file '/Users/chaiyong/Downloads/do_not_delete/so-edit-additional-prs/before-after/work/pmd/inputs/METHOD_BODY/before/so_33085670_block_2.java' at line 3, column 5: Encountered ""import"". Was expecting:     ""}"" ..."
so_33943576_block_2,before,METHOD_BODY,"ParseException: Parse exception in file '/Users/chaiyong/Downloads/do_not_delete/so-edit-additional-prs/before-after/work/pmd/inputs/METHOD_BODY/before/so_33943576_block_2.java' at line 3, column 12: Encountered <IDENTIFIER: ""LocalDate"">. Was expecting one of:     ""class"" ...     ""interface"" ..."
so_34174309_block_2,before,METHOD_BODY,"ParseException: Parse exception in file '/Users/chaiyong/Downloads/do_not_delete/so-edit-additional-prs/before-after/work/pmd/inputs/METHOD_BODY/before/so_34174309_block_2.java' at line 3, column 5: Encountered ""import"". Was expecting:     ""}"" ..."
so_35094888_block_2,before,METHOD_BODY,"ParseException: Parse exception in file '/Users/chaiyong/Downloads/do_not_delete/so-edit-additional-prs/before-after/work/pmd/inputs/METHOD_BODY/before/so_35094888_block_2.java' at line 3, column 13: Encountered ""boolean"". Was expecting one of:     ""class"" ...     ""interface"" ..."
so_3519182_block_2,before,METHOD_BODY,"ParseException: Parse exception in file '/Users/chaiyong/Downloads/do_not_delete/so-edit-additional-prs/before-after/work/pmd/inputs/METHOD_BODY/before/so_3519182_block_2.java' at line 3, column 5: Encountered ""import"". Was expecting:     ""}"" ..."
so_359634_block_2,before,METHOD_BODY,"ParseException: Parse exception in file '/Users/chaiyong/Downloads/do_not_delete/so-edit-additional-prs/before-after/work/pmd/inputs/METHOD_BODY/before/so_359634_block_2.java' at line 3, column 12: Encountered ""boolean"". Was expecting one of:     ""class"" ...     ""interface"" ..."
so_36805363_block_2,before,METHOD_BODY,"ParseException: Parse exception in file '/Users/chaiyong/Downloads/do_not_delete/so-edit-additional-prs/before-after/work/pmd/inputs/METHOD_BODY/before/so_36805363_block_2.java' at line 3, column 2: Encountered ""import"". Was expecting:     ""}"" ..."
so_36950444_block_6,before,METHOD_BODY,"ParseException: Parse exception in file '/Users/chaiyong/Downloads/do_not_delete/so-edit-additional-prs/before-after/work/pmd/inputs/METHOD_BODY/before/so_36950444_block_6.java' at line 3, column 19: Encountered ""int"". Was expecting one of:     ""class"" ...     ""interface"" ..."
so_3775893_block_6,before,METHOD_BODY,"ParseException: Parse exception in file '/Users/chaiyong/Downloads/do_not_delete/so-edit-additional-prs/before-after/work/pmd/inputs/METHOD_BODY/before/so_3775893_block_6.java' at line 3, column 19: Encountered ""void"". Was expecting one of:     ""class"" ...     ""interface"" ..."
so_37957745_block_2,before,METHOD_BODY,"ParseException: Parse exception in file '/Users/chaiyong/Downloads/do_not_delete/so-edit-additional-prs/before-after/work/pmd/inputs/METHOD_BODY/before/so_37957745_block_2.java' at line 3, column 19: Encountered <IDENTIFIER: ""String"">. Was expecting one of:     ""class"" ...     ""interface"" ..."
so_38367701_block_2,before,METHOD_BODY,"ParseException: Parse exception in file '/Users/chaiyong/Downloads/do_not_delete/so-edit-additional-prs/before-after/work/pmd/inputs/METHOD_BODY/before/so_38367701_block_2.java' at line 8, column 12: Encountered <IDENTIFIER: ""NewJFrame"">. Was expecting one of:     ""class"" ...     ""interface"" ..."
so_40056844_block_2,before,METHOD_BODY,"ParseException: Parse exception in file '/Users/chaiyong/Downloads/do_not_delete/so-edit-additional-prs/before-after/work/pmd/inputs/METHOD_BODY/before/so_40056844_block_2.java' at line 3, column 19: Encountered ""boolean"". Was expecting one of:     ""class"" ...     ""interface"" ..."
so_40317313_block_6,before,METHOD_BODY,"ParseException: Parse exception in file '/Users/chaiyong/Downloads/do_not_delete/so-edit-additional-prs/before-after/work/pmd/inputs/METHOD_BODY/before/so_40317313_block_6.java' at line 3, column 5: Encountered ""import"". Was expecting:     ""}"" ..."
so_41251473_block_6,before,METHOD_BODY,"ParseException: Parse exception in file '/Users/chaiyong/Downloads/do_not_delete/so-edit-additional-prs/before-after/work/pmd/inputs/METHOD_BODY/before/so_41251473_block_6.java' at line 3, column 19: Encountered <IDENTIFIER: ""RequestBody"">. Was expecting one of:     ""class"" ...     ""interface"" ..."
so_41471859_block_4,before,METHOD_BODY,"ParseException: Parse exception in file '/Users/chaiyong/Downloads/do_not_delete/so-edit-additional-prs/before-after/work/pmd/inputs/METHOD_BODY/before/so_41471859_block_4.java' at line 3, column 12: Encountered <IDENTIFIER: ""String"">. Was expecting one of:     ""class"" ...     ""interface"" ..."
so_41588054_block_2,before,METHOD_BODY,"ParseException: Parse exception in file '/Users/chaiyong/Downloads/do_not_delete/so-edit-additional-prs/before-after/work/pmd/inputs/METHOD_BODY/before/so_41588054_block_2.java' at line 3, column 16: Encountered ""void"". Was expecting one of:     ""class"" ...     ""interface"" ..."
so_41751396_block_8,before,METHOD_BODY,"ParseException: Parse exception in file '/Users/chaiyong/Downloads/do_not_delete/so-edit-additional-prs/before-after/work/pmd/inputs/METHOD_BODY/before/so_41751396_block_8.java' at line 116, column 36: Encountered ""["". Was expecting:     ""{"" ..."
so_42681543_block_4,before,METHOD_BODY,"ParseException: Parse exception in file '/Users/chaiyong/Downloads/do_not_delete/so-edit-additional-prs/before-after/work/pmd/inputs/METHOD_BODY/before/so_42681543_block_4.java' at line 3, column 5: Encountered ""import"". Was expecting:     ""}"" ..."
so_453067_block_2,before,METHOD_BODY,"ParseException: Parse exception in file '/Users/chaiyong/Downloads/do_not_delete/so-edit-additional-prs/before-after/work/pmd/inputs/METHOD_BODY/before/so_453067_block_2.java' at line 3, column 12: Encountered ""int"". Was expecting one of:     ""class"" ...     ""interface"" ..."
so_46830988_block_4,before,METHOD_BODY,"ParseException: Parse exception in file '/Users/chaiyong/Downloads/do_not_delete/so-edit-additional-prs/before-after/work/pmd/inputs/METHOD_BODY/before/so_46830988_block_4.java' at line 3, column 11: Encountered . Was expecting one of:     "
so_47622507_block_4,before,METHOD_BODY,"ParseException: Parse exception in file '/Users/chaiyong/Downloads/do_not_delete/so-edit-additional-prs/before-after/work/pmd/inputs/METHOD_BODY/before/so_47622507_block_4.java' at line 9, column 19: Encountered ""boolean"". Was expecting one of:     ""class"" ...     ""interface"" ..."
so_50578162_block_2,before,METHOD_BODY,"ParseException: Parse exception in file '/Users/chaiyong/Downloads/do_not_delete/so-edit-additional-prs/before-after/work/pmd/inputs/METHOD_BODY/before/so_50578162_block_2.java' at line 3, column 27: Encountered <IDENTIFIER: ""cap"">. Was expecting one of:     ""["" ...     ""."" ...     ""@"" ...     ""::"" ..."
so_51608517_block_2,before,METHOD_BODY,"ParseException: Parse exception in file '/Users/chaiyong/Downloads/do_not_delete/so-edit-additional-prs/before-after/work/pmd/inputs/METHOD_BODY/before/so_51608517_block_2.java' at line 3, column 5: Encountered ""import"". Was expecting:     ""}"" ..."
so_52144662_block_2,before,METHOD_BODY,"ParseException: Parse exception in file '/Users/chaiyong/Downloads/do_not_delete/so-edit-additional-prs/before-after/work/pmd/inputs/METHOD_BODY/before/so_52144662_block_2.java' at line 99, column 1: Encountered <EOF>. Was expecting:     ""}"" ..."
so_52148106_block_4,before,METHOD_BODY,"LexException: Lexical error in file '/Users/chaiyong/Downloads/do_not_delete/so-edit-additional-prs/before-after/work/pmd/inputs/METHOD_BODY/before/so_52148106_block_4.java' at line 3, column 5: ""`"" (96), after : """" (in lexical state DEFAULT)"
so_53110509_block_2,before,METHOD_BODY,"ParseException: Parse exception in file '/Users/chaiyong/Downloads/do_not_delete/so-edit-additional-prs/before-after/work/pmd/inputs/METHOD_BODY/before/so_53110509_block_2.java' at line 3, column 13: Encountered ""int"". Was expecting one of:     ""class"" ...     ""interface"" ..."
so_54119640_block_4,before,METHOD_BODY,"ParseException: Parse exception in file '/Users/chaiyong/Downloads/do_not_delete/so-edit-additional-prs/before-after/work/pmd/inputs/METHOD_BODY/before/so_54119640_block_4.java' at line 3, column 5: Encountered ""import"". Was expecting:     ""}"" ..."
so_54298032_block_2,before,METHOD_BODY,"ParseException: Parse exception in file '/Users/chaiyong/Downloads/do_not_delete/so-edit-additional-prs/before-after/work/pmd/inputs/METHOD_BODY/before/so_54298032_block_2.java' at line 3, column 5: Encountered ""import"". Was expecting:     ""}"" ..."
so_54349072_block_2,before,METHOD_BODY,"ParseException: Parse exception in file '/Users/chaiyong/Downloads/do_not_delete/so-edit-additional-prs/before-after/work/pmd/inputs/METHOD_BODY/before/so_54349072_block_2.java' at line 8, column 5: Encountered ""package"". Was expecting:     ""}"" ..."
so_55728841_block_2,before,METHOD_BODY,"ParseException: Parse exception in file '/Users/chaiyong/Downloads/do_not_delete/so-edit-additional-prs/before-after/work/pmd/inputs/METHOD_BODY/before/so_55728841_block_2.java' at line 3, column 19: Encountered ""void"". Was expecting one of:     ""class"" ...     ""interface"" ..."
so_55986044_block_2,before,METHOD_BODY,"ParseException: Parse exception in file '/Users/chaiyong/Downloads/do_not_delete/so-edit-additional-prs/before-after/work/pmd/inputs/METHOD_BODY/before/so_55986044_block_2.java' at line 3, column 1: Encountered ""import"". Was expecting:     ""}"" ..."
so_56259221_block_5,before,METHOD_BODY,"ParseException: Parse exception in file '/Users/chaiyong/Downloads/do_not_delete/so-edit-additional-prs/before-after/work/pmd/inputs/METHOD_BODY/before/so_56259221_block_5.java' at line 3, column 19: Encountered ""void"". Was expecting one of:     ""class"" ...     ""interface"" ..."
so_56611483_block_2,before,METHOD_BODY,"ParseException: Parse exception in file '/Users/chaiyong/Downloads/do_not_delete/so-edit-additional-prs/before-after/work/pmd/inputs/METHOD_BODY/before/so_56611483_block_2.java' at line 3, column 9: Encountered ""void"". Was expecting one of:     ""class"" ...     ""interface"" ..."
so_56815_block_2,before,METHOD_BODY,"ParseException: Parse exception in file '/Users/chaiyong/Downloads/do_not_delete/so-edit-additional-prs/before-after/work/pmd/inputs/METHOD_BODY/before/so_56815_block_2.java' at line 3, column 26: Encountered <IDENTIFIER: ""ThreadLocal"">. Was expecting one of:     ""class"" ...     ""interface"" ..."
so_57560955_block_2,before,METHOD_BODY,"ParseException: Parse exception in file '/Users/chaiyong/Downloads/do_not_delete/so-edit-additional-prs/before-after/work/pmd/inputs/METHOD_BODY/before/so_57560955_block_2.java' at line 4, column 10: Encountered <IDENTIFIER: ""printInorder"">. Was expecting:     ""."" ..."
so_57713309_block_2,before,METHOD_BODY,"ParseException: Parse exception in file '/Users/chaiyong/Downloads/do_not_delete/so-edit-additional-prs/before-after/work/pmd/inputs/METHOD_BODY/before/so_57713309_block_2.java' at line 3, column 19: Encountered <IDENTIFIER: ""String"">. Was expecting one of:     ""class"" ...     ""interface"" ..."
so_57997601_block_2,before,METHOD_BODY,"ParseException: Parse exception in file '/Users/chaiyong/Downloads/do_not_delete/so-edit-additional-prs/before-after/work/pmd/inputs/METHOD_BODY/before/so_57997601_block_2.java' at line 4, column 1: Encountered ""private"". Was expecting one of:     "";"" ...     ""="" ...     ""++"" ...     ""--"" ...     ""+="" ...     ""-="" ...     ""*="" ...     ""/="" ...     ""&="" ...     ""|="" ...     ""^="" ...     ""%="" ...     ""<<="" ...     "">>="" ...     "">>>="" ..."
so_58346204_block_2,before,METHOD_BODY,"ParseException: Parse exception in file '/Users/chaiyong/Downloads/do_not_delete/so-edit-additional-prs/before-after/work/pmd/inputs/METHOD_BODY/before/so_58346204_block_2.java' at line 64, column 5: Encountered ""for"". Was expecting one of:     "";"" ...     ""="" ...     ""++"" ...     ""--"" ...     ""+="" ...     ""-="" ...     ""*="" ...     ""/="" ...     ""&="" ...     ""|="" ...     ""^="" ...     ""%="" ...     ""<<="" ...     "">>="" ...     "">>>="" ..."
so_58617321_block_2,before,METHOD_BODY,"ParseException: Parse exception in file '/Users/chaiyong/Downloads/do_not_delete/so-edit-additional-prs/before-after/work/pmd/inputs/METHOD_BODY/before/so_58617321_block_2.java' at line 3, column 46: Encountered <IDENTIFIER: ""width"">. Was expecting one of:     ""["" ...     ""."" ...     ""@"" ...     ""::"" ..."
so_59239733_block_4,before,METHOD_BODY,"ParseException: Parse exception in file '/Users/chaiyong/Downloads/do_not_delete/so-edit-additional-prs/before-after/work/pmd/inputs/METHOD_BODY/before/so_59239733_block_4.java' at line 3, column 22: Encountered <IDENTIFIER: ""Exception"">. Was expecting one of:     ""class"" ...     ""interface"" ..."
so_59394165_block_2,before,METHOD_BODY,"ParseException: Parse exception in file '/Users/chaiyong/Downloads/do_not_delete/so-edit-additional-prs/before-after/work/pmd/inputs/METHOD_BODY/before/so_59394165_block_2.java' at line 3, column 13: Encountered ""void"". Was expecting one of:     ""class"" ...     ""interface"" ..."
so_59664498_block_2,before,METHOD_BODY,"ParseException: Parse exception in file '/Users/chaiyong/Downloads/do_not_delete/so-edit-additional-prs/before-after/work/pmd/inputs/METHOD_BODY/before/so_59664498_block_2.java' at line 3, column 17: Encountered <IDENTIFIER: ""Server"">. Was expecting one of:     ""class"" ...     ""interface"" ..."
so_59823215_block_2,before,METHOD_BODY,"ParseException: Parse exception in file '/Users/chaiyong/Downloads/do_not_delete/so-edit-additional-prs/before-after/work/pmd/inputs/METHOD_BODY/before/so_59823215_block_2.java' at line 3, column 19: Encountered ""void"". Was expecting one of:     ""class"" ...     ""interface"" ..."
so_60123437_block_2,before,METHOD_BODY,"ParseException: Parse exception in file '/Users/chaiyong/Downloads/do_not_delete/so-edit-additional-prs/before-after/work/pmd/inputs/METHOD_BODY/before/so_60123437_block_2.java' at line 11, column 6: Encountered ""}"". Was expecting one of:     "";"" ...     ""="" ...     ""++"" ...     ""--"" ...     ""+="" ...     ""-="" ...     ""*="" ...     ""/="" ...     ""&="" ...     ""|="" ...     ""^="" ...     ""%="" ...     ""<<="" ...     "">>="" ...     "">>>="" ..."
so_60266789_block_2,before,METHOD_BODY,"ParseException: Parse exception in file '/Users/chaiyong/Downloads/do_not_delete/so-edit-additional-prs/before-after/work/pmd/inputs/METHOD_BODY/before/so_60266789_block_2.java' at line 3, column 19: Encountered <IDENTIFIER: ""String"">. Was expecting one of:     ""class"" ...     ""interface"" ..."
so_60565131_block_4,before,METHOD_BODY,"ParseException: Parse exception in file '/Users/chaiyong/Downloads/do_not_delete/so-edit-additional-prs/before-after/work/pmd/inputs/METHOD_BODY/before/so_60565131_block_4.java' at line 3, column 12: Encountered <IDENTIFIER: ""DHParameterSpec"">. Was expecting one of:     ""class"" ...     ""interface"" ..."
so_60816572_block_6,before,METHOD_BODY,"ParseException: Parse exception in file '/Users/chaiyong/Downloads/do_not_delete/so-edit-additional-prs/before-after/work/pmd/inputs/METHOD_BODY/before/so_60816572_block_6.java' at line 4, column 1: Encountered ""public"". Was expecting one of:     "";"" ...     ""="" ...     ""++"" ...     ""--"" ...     ""+="" ...     ""-="" ...     ""*="" ...     ""/="" ...     ""&="" ...     ""|="" ...     ""^="" ...     ""%="" ...     ""<<="" ...     "">>="" ...     "">>>="" ..."
so_61006461_block_2,before,METHOD_BODY,"ParseException: Parse exception in file '/Users/chaiyong/Downloads/do_not_delete/so-edit-additional-prs/before-after/work/pmd/inputs/METHOD_BODY/before/so_61006461_block_2.java' at line 3, column 2: Encountered ""<"". Was expecting:     ""}"" ..."
so_61391737_block_2,before,METHOD_BODY,"ParseException: Parse exception in file '/Users/chaiyong/Downloads/do_not_delete/so-edit-additional-prs/before-after/work/pmd/inputs/METHOD_BODY/before/so_61391737_block_2.java' at line 3, column 20: Encountered <IDENTIFIER: ""List"">. Was expecting one of:     ""class"" ...     ""interface"" ..."
so_61780137_block_2,before,METHOD_BODY,"ParseException: Parse exception in file '/Users/chaiyong/Downloads/do_not_delete/so-edit-additional-prs/before-after/work/pmd/inputs/METHOD_BODY/before/so_61780137_block_2.java' at line 5, column 1: Encountered ""public"". Was expecting one of:     "";"" ...     ""="" ...     ""++"" ...     ""--"" ...     ""+="" ...     ""-="" ...     ""*="" ...     ""/="" ...     ""&="" ...     ""|="" ...     ""^="" ...     ""%="" ...     ""<<="" ...     "">>="" ...     "">>>="" ..."
so_6236324_block_2,before,METHOD_BODY,"ParseException: Parse exception in file '/Users/chaiyong/Downloads/do_not_delete/so-edit-additional-prs/before-after/work/pmd/inputs/METHOD_BODY/before/so_6236324_block_2.java' at line 33, column 5: Encountered ""import"". Was expecting:     ""}"" ..."
so_62722315_block_2,before,METHOD_BODY,"ParseException: Parse exception in file '/Users/chaiyong/Downloads/do_not_delete/so-edit-additional-prs/before-after/work/pmd/inputs/METHOD_BODY/before/so_62722315_block_2.java' at line 231, column 2: Encountered ""-"". Was expecting:     ""}"" ..."
so_64938483_block_2,before,METHOD_BODY,"ParseException: Parse exception in file '/Users/chaiyong/Downloads/do_not_delete/so-edit-additional-prs/before-after/work/pmd/inputs/METHOD_BODY/before/so_64938483_block_2.java' at line 3, column 1: Encountered ""package"". Was expecting:     ""}"" ..."
so_65112087_block_2,before,METHOD_BODY,"ParseException: Parse exception in file '/Users/chaiyong/Downloads/do_not_delete/so-edit-additional-prs/before-after/work/pmd/inputs/METHOD_BODY/before/so_65112087_block_2.java' at line 3, column 57: Encountered ""..."". Was expecting:     "")"" ..."
so_6788456_block_2,before,METHOD_BODY,"ParseException: Parse exception in file '/Users/chaiyong/Downloads/do_not_delete/so-edit-additional-prs/before-after/work/pmd/inputs/METHOD_BODY/before/so_6788456_block_2.java' at line 3, column 20: Encountered ""byte"". Was expecting one of:     ""class"" ...     ""interface"" ..."
so_7649183_block_2,before,METHOD_BODY,"ParseException: Parse exception in file '/Users/chaiyong/Downloads/do_not_delete/so-edit-additional-prs/before-after/work/pmd/inputs/METHOD_BODY/before/so_7649183_block_2.java' at line 3, column 12: Encountered <IDENTIFIER: ""MyEditText"">. Was expecting one of:     ""class"" ...     ""interface"" ..."
so_7901334_block_2,before,METHOD_BODY,"ParseException: Parse exception in file '/Users/chaiyong/Downloads/do_not_delete/so-edit-additional-prs/before-after/work/pmd/inputs/METHOD_BODY/before/so_7901334_block_2.java' at line 3, column 41: Encountered ""&"". Was expecting one of:     ""extends"" ...     ""implements"" ...     ""{"" ...     ""<"" ..."
so_9293885_block_2,before,METHOD_BODY,"ParseException: Parse exception in file '/Users/chaiyong/Downloads/do_not_delete/so-edit-additional-prs/before-after/work/pmd/inputs/METHOD_BODY/before/so_9293885_block_2.java' at line 3, column 12: Encountered ""void"". Was expecting one of:     ""class"" ...     ""interface"" ..."
so_9709606_block_2,before,METHOD_BODY,"ParseException: Parse exception in file '/Users/chaiyong/Downloads/do_not_delete/so-edit-additional-prs/before-after/work/pmd/inputs/METHOD_BODY/before/so_9709606_block_2.java' at line 3, column 5: Encountered ""["". Was expecting:     ""}"" ..."
so_10195366_block_2,after,METHOD_BODY,"ParseException: Parse exception in file '/Users/chaiyong/Downloads/do_not_delete/so-edit-additional-prs/before-after/work/pmd/inputs/METHOD_BODY/after/so_10195366_block_2.java' at line 4, column 27: Encountered ""("". Was expecting one of:     ""["" ...     "";"" ...     "","" ...     ""@"" ...     ""="" ..."
so_10599247_block_2,after,METHOD_BODY,"ParseException: Parse exception in file '/Users/chaiyong/Downloads/do_not_delete/so-edit-additional-prs/before-after/work/pmd/inputs/METHOD_BODY/after/so_10599247_block_2.java' at line 3, column 19: Encountered ""void"". Was expecting one of:     ""class"" ...     ""interface"" ..."
so_10967469_block_2,after,METHOD_BODY,"ParseException: Parse exception in file '/Users/chaiyong/Downloads/do_not_delete/so-edit-additional-prs/before-after/work/pmd/inputs/METHOD_BODY/after/so_10967469_block_2.java' at line 3, column 16: Encountered ""boolean"". Was expecting one of:     ""class"" ...     ""interface"" ..."
so_11838438_block_2,after,METHOD_BODY,"ParseException: Parse exception in file '/Users/chaiyong/Downloads/do_not_delete/so-edit-additional-prs/before-after/work/pmd/inputs/METHOD_BODY/after/so_11838438_block_2.java' at line 3, column 5: Encountered ""import"". Was expecting:     ""}"" ..."
so_12738229_block_2,after,METHOD_BODY,"ParseException: Parse exception in file '/Users/chaiyong/Downloads/do_not_delete/so-edit-additional-prs/before-after/work/pmd/inputs/METHOD_BODY/after/so_12738229_block_2.java' at line 3, column 5: Encountered ""import"". Was expecting:     ""}"" ..."
so_13462440_block_6,after,METHOD_BODY,"ParseException: Parse exception in file '/Users/chaiyong/Downloads/do_not_delete/so-edit-additional-prs/before-after/work/pmd/inputs/METHOD_BODY/after/so_13462440_block_6.java' at line 3, column 5: Encountered ""import"". Was expecting:     ""}"" ..."
so_13956092_block_2,after,METHOD_BODY,"ParseException: Parse exception in file '/Users/chaiyong/Downloads/do_not_delete/so-edit-additional-prs/before-after/work/pmd/inputs/METHOD_BODY/after/so_13956092_block_2.java' at line 4, column 15: Encountered . Was expecting one of:     "
so_14676464_block_2,after,METHOD_BODY,"ParseException: Parse exception in file '/Users/chaiyong/Downloads/do_not_delete/so-edit-additional-prs/before-after/work/pmd/inputs/METHOD_BODY/after/so_14676464_block_2.java' at line 3, column 12: Encountered ""void"". Was expecting one of:     ""class"" ...     ""interface"" ..."
so_15160629_block_2,after,METHOD_BODY,"ParseException: Parse exception in file '/Users/chaiyong/Downloads/do_not_delete/so-edit-additional-prs/before-after/work/pmd/inputs/METHOD_BODY/after/so_15160629_block_2.java' at line 3, column 5: Encountered ""import"". Was expecting:     ""}"" ..."
so_16114563_block_2,after,METHOD_BODY,"ParseException: Parse exception in file '/Users/chaiyong/Downloads/do_not_delete/so-edit-additional-prs/before-after/work/pmd/inputs/METHOD_BODY/after/so_16114563_block_2.java' at line 5, column 12: Encountered . Was expecting one of:     "
so_16799135_block_10,after,METHOD_BODY,"ParseException: Parse exception in file '/Users/chaiyong/Downloads/do_not_delete/so-edit-additional-prs/before-after/work/pmd/inputs/METHOD_BODY/after/so_16799135_block_10.java' at line 3, column 13: Encountered ""void"". Was expecting one of:     ""class"" ...     ""interface"" ..."
so_189739_block_2,after,METHOD_BODY,"ParseException: Parse exception in file '/Users/chaiyong/Downloads/do_not_delete/so-edit-additional-prs/before-after/work/pmd/inputs/METHOD_BODY/after/so_189739_block_2.java' at line 3, column 19: Encountered ""void"". Was expecting one of:     ""class"" ...     ""interface"" ..."
so_19340685_block_2,after,METHOD_BODY,"ParseException: Parse exception in file '/Users/chaiyong/Downloads/do_not_delete/so-edit-additional-prs/before-after/work/pmd/inputs/METHOD_BODY/after/so_19340685_block_2.java' at line 3, column 20: Encountered ""("". Was expecting one of:     ""["" ...     "";"" ...     "","" ...     ""@"" ...     ""="" ..."
so_20274776_block_2,after,METHOD_BODY,"ParseException: Parse exception in file '/Users/chaiyong/Downloads/do_not_delete/so-edit-additional-prs/before-after/work/pmd/inputs/METHOD_BODY/after/so_20274776_block_2.java' at line 3, column 19: Encountered <IDENTIFIER: ""CountDownLatch"">. Was expecting one of:     ""class"" ...     ""interface"" ..."
so_20276324_block_2,after,METHOD_BODY,"ParseException: Parse exception in file '/Users/chaiyong/Downloads/do_not_delete/so-edit-additional-prs/before-after/work/pmd/inputs/METHOD_BODY/after/so_20276324_block_2.java' at line 4, column 34: Encountered ""("". Was expecting one of:     ""["" ...     "";"" ...     "","" ...     ""@"" ...     ""="" ..."
so_20765715_block_2,after,METHOD_BODY,"ParseException: Parse exception in file '/Users/chaiyong/Downloads/do_not_delete/so-edit-additional-prs/before-after/work/pmd/inputs/METHOD_BODY/after/so_20765715_block_2.java' at line 3, column 12: Encountered ""<"". Was expecting one of:     ""class"" ...     ""interface"" ..."
so_2086792_block_2,after,METHOD_BODY,"ParseException: Parse exception in file '/Users/chaiyong/Downloads/do_not_delete/so-edit-additional-prs/before-after/work/pmd/inputs/METHOD_BODY/after/so_2086792_block_2.java' at line 3, column 13: Encountered ""boolean"". Was expecting one of:     ""class"" ...     ""interface"" ..."
so_21178275_block_2,after,METHOD_BODY,"ParseException: Parse exception in file '/Users/chaiyong/Downloads/do_not_delete/so-edit-additional-prs/before-after/work/pmd/inputs/METHOD_BODY/after/so_21178275_block_2.java' at line 3, column 13: Encountered ""void"". Was expecting one of:     ""class"" ...     ""interface"" ..."
so_2180534_block_2,after,METHOD_BODY,"ParseException: Parse exception in file '/Users/chaiyong/Downloads/do_not_delete/so-edit-additional-prs/before-after/work/pmd/inputs/METHOD_BODY/after/so_2180534_block_2.java' at line 53, column 12: Encountered <IDENTIFIER: ""Future"">. Was expecting one of:     ""class"" ...     ""interface"" ..."
so_2275596_block_2,after,METHOD_BODY,"ParseException: Parse exception in file '/Users/chaiyong/Downloads/do_not_delete/so-edit-additional-prs/before-after/work/pmd/inputs/METHOD_BODY/after/so_2275596_block_2.java' at line 3, column 5: Encountered ""package"". Was expecting:     ""}"" ..."
so_2325407_block_2,after,METHOD_BODY,"ParseException: Parse exception in file '/Users/chaiyong/Downloads/do_not_delete/so-edit-additional-prs/before-after/work/pmd/inputs/METHOD_BODY/after/so_2325407_block_2.java' at line 3, column 19: Encountered ""void"". Was expecting one of:     ""class"" ...     ""interface"" ..."
so_23916259_block_2,after,METHOD_BODY,"ParseException: Parse exception in file '/Users/chaiyong/Downloads/do_not_delete/so-edit-additional-prs/before-after/work/pmd/inputs/METHOD_BODY/after/so_23916259_block_2.java' at line 5, column 17: Encountered <IDENTIFIER: ""x"">. Was expecting one of:     ""["" ...     ""."" ...     ""@"" ...     ""::"" ..."
so_25985720_block_14,after,METHOD_BODY,"ParseException: Parse exception in file '/Users/chaiyong/Downloads/do_not_delete/so-edit-additional-prs/before-after/work/pmd/inputs/METHOD_BODY/after/so_25985720_block_14.java' at line 3, column 19: Encountered ""void"". Was expecting one of:     ""class"" ...     ""interface"" ..."
so_27436796_block_2,after,METHOD_BODY,"ParseException: Parse exception in file '/Users/chaiyong/Downloads/do_not_delete/so-edit-additional-prs/before-after/work/pmd/inputs/METHOD_BODY/after/so_27436796_block_2.java' at line 3, column 19: Encountered ""void"". Was expecting one of:     ""class"" ...     ""interface"" ..."
so_28329032_block_6,after,METHOD_BODY,"ParseException: Parse exception in file '/Users/chaiyong/Downloads/do_not_delete/so-edit-additional-prs/before-after/work/pmd/inputs/METHOD_BODY/after/so_28329032_block_6.java' at line 6, column 5: Encountered ""..."". Was expecting:     ""}"" ..."
so_28458368_block_4,after,METHOD_BODY,"ParseException: Parse exception in file '/Users/chaiyong/Downloads/do_not_delete/so-edit-additional-prs/before-after/work/pmd/inputs/METHOD_BODY/after/so_28458368_block_4.java' at line 3, column 9: Encountered ""import"". Was expecting:     ""}"" ..."
so_29226591_block_2,after,METHOD_BODY,"ParseException: Parse exception in file '/Users/chaiyong/Downloads/do_not_delete/so-edit-additional-prs/before-after/work/pmd/inputs/METHOD_BODY/after/so_29226591_block_2.java' at line 7, column 35: Encountered ""("". Was expecting one of:     ""["" ...     "";"" ...     "","" ...     ""@"" ...     ""="" ..."
so_29230939_block_4,after,METHOD_BODY,"ParseException: Parse exception in file '/Users/chaiyong/Downloads/do_not_delete/so-edit-additional-prs/before-after/work/pmd/inputs/METHOD_BODY/after/so_29230939_block_4.java' at line 4, column 18: Encountered . Was expecting one of:     "
so_29330741_block_6,after,METHOD_BODY,"ParseException: Parse exception in file '/Users/chaiyong/Downloads/do_not_delete/so-edit-additional-prs/before-after/work/pmd/inputs/METHOD_BODY/after/so_29330741_block_6.java' at line 3, column 20: Encountered <IDENTIFIER: ""BigDecimal"">. Was expecting one of:     ""class"" ...     ""interface"" ..."
so_29548090_block_4,after,METHOD_BODY,"ParseException: Parse exception in file '/Users/chaiyong/Downloads/do_not_delete/so-edit-additional-prs/before-after/work/pmd/inputs/METHOD_BODY/after/so_29548090_block_4.java' at line 3, column 36: Encountered <IDENTIFIER: ""implementsMap"">. Was expecting one of:     ""extends"" ...     ""implements"" ...     ""{"" ..."
so_29575747_block_2,after,METHOD_BODY,"ParseException: Parse exception in file '/Users/chaiyong/Downloads/do_not_delete/so-edit-additional-prs/before-after/work/pmd/inputs/METHOD_BODY/after/so_29575747_block_2.java' at line 3, column 5: Encountered ""package"". Was expecting:     ""}"" ..."
so_29866762_block_2,after,METHOD_BODY,"ParseException: Parse exception in file '/Users/chaiyong/Downloads/do_not_delete/so-edit-additional-prs/before-after/work/pmd/inputs/METHOD_BODY/after/so_29866762_block_2.java' at line 3, column 12: Encountered ""<"". Was expecting one of:     ""class"" ...     ""interface"" ..."
so_30952083_block_2,after,METHOD_BODY,"ParseException: Parse exception in file '/Users/chaiyong/Downloads/do_not_delete/so-edit-additional-prs/before-after/work/pmd/inputs/METHOD_BODY/after/so_30952083_block_2.java' at line 32, column 1: Encountered ""}"". Was expecting one of:     <EOF>      "";"" ..."
so_31868761_block_4,after,METHOD_BODY,"ParseException: Parse exception in file '/Users/chaiyong/Downloads/do_not_delete/so-edit-additional-prs/before-after/work/pmd/inputs/METHOD_BODY/after/so_31868761_block_4.java' at line 3, column 12: Encountered <IDENTIFIER: ""Connection"">. Was expecting one of:     ""class"" ...     ""interface"" ..."
so_32164598_block_8,after,METHOD_BODY,"ParseException: Parse exception in file '/Users/chaiyong/Downloads/do_not_delete/so-edit-additional-prs/before-after/work/pmd/inputs/METHOD_BODY/after/so_32164598_block_8.java' at line 4, column 12: Encountered . Was expecting one of:     "
so_32855556_block_4,after,METHOD_BODY,"ParseException: Parse exception in file '/Users/chaiyong/Downloads/do_not_delete/so-edit-additional-prs/before-after/work/pmd/inputs/METHOD_BODY/after/so_32855556_block_4.java' at line 3, column 13: Encountered ""void"". Was expecting one of:     ""class"" ...     ""interface"" ..."
so_33085670_block_2,after,METHOD_BODY,"ParseException: Parse exception in file '/Users/chaiyong/Downloads/do_not_delete/so-edit-additional-prs/before-after/work/pmd/inputs/METHOD_BODY/after/so_33085670_block_2.java' at line 3, column 5: Encountered ""import"". Was expecting:     ""}"" ..."
so_33561612_block_2,after,METHOD_BODY,"ParseException: Parse exception in file '/Users/chaiyong/Downloads/do_not_delete/so-edit-additional-prs/before-after/work/pmd/inputs/METHOD_BODY/after/so_33561612_block_2.java' at line 26, column 7: Encountered ""catch"". Was expecting:     ""}"" ..."
so_33943576_block_2,after,METHOD_BODY,"ParseException: Parse exception in file '/Users/chaiyong/Downloads/do_not_delete/so-edit-additional-prs/before-after/work/pmd/inputs/METHOD_BODY/after/so_33943576_block_2.java' at line 15, column 1: Encountered ""}"". Was expecting one of:     <EOF>      "";"" ..."
so_34174309_block_2,after,METHOD_BODY,"ParseException: Parse exception in file '/Users/chaiyong/Downloads/do_not_delete/so-edit-additional-prs/before-after/work/pmd/inputs/METHOD_BODY/after/so_34174309_block_2.java' at line 3, column 5: Encountered ""import"". Was expecting:     ""}"" ..."
so_35094888_block_2,after,METHOD_BODY,"ParseException: Parse exception in file '/Users/chaiyong/Downloads/do_not_delete/so-edit-additional-prs/before-after/work/pmd/inputs/METHOD_BODY/after/so_35094888_block_2.java' at line 3, column 13: Encountered <IDENTIFIER: ""ServerSocket"">. Was expecting one of:     ""class"" ...     ""interface"" ..."
so_3519182_block_2,after,METHOD_BODY,"ParseException: Parse exception in file '/Users/chaiyong/Downloads/do_not_delete/so-edit-additional-prs/before-after/work/pmd/inputs/METHOD_BODY/after/so_3519182_block_2.java' at line 3, column 5: Encountered ""import"". Was expecting:     ""}"" ..."
so_359634_block_2,after,METHOD_BODY,"ParseException: Parse exception in file '/Users/chaiyong/Downloads/do_not_delete/so-edit-additional-prs/before-after/work/pmd/inputs/METHOD_BODY/after/so_359634_block_2.java' at line 3, column 12: Encountered ""boolean"". Was expecting one of:     ""class"" ...     ""interface"" ..."
so_36805363_block_2,after,METHOD_BODY,"ParseException: Parse exception in file '/Users/chaiyong/Downloads/do_not_delete/so-edit-additional-prs/before-after/work/pmd/inputs/METHOD_BODY/after/so_36805363_block_2.java' at line 3, column 2: Encountered ""import"". Was expecting:     ""}"" ..."
so_36950444_block_6,after,METHOD_BODY,"ParseException: Parse exception in file '/Users/chaiyong/Downloads/do_not_delete/so-edit-additional-prs/before-after/work/pmd/inputs/METHOD_BODY/after/so_36950444_block_6.java' at line 3, column 19: Encountered ""int"". Was expecting one of:     ""class"" ...     ""interface"" ..."
so_3775893_block_6,after,METHOD_BODY,"ParseException: Parse exception in file '/Users/chaiyong/Downloads/do_not_delete/so-edit-additional-prs/before-after/work/pmd/inputs/METHOD_BODY/after/so_3775893_block_6.java' at line 3, column 19: Encountered ""void"". Was expecting one of:     ""class"" ...     ""interface"" ..."
so_37957745_block_2,after,METHOD_BODY,"ParseException: Parse exception in file '/Users/chaiyong/Downloads/do_not_delete/so-edit-additional-prs/before-after/work/pmd/inputs/METHOD_BODY/after/so_37957745_block_2.java' at line 3, column 5: Encountered ""import"". Was expecting:     ""}"" ..."
so_38367701_block_2,after,METHOD_BODY,"ParseException: Parse exception in file '/Users/chaiyong/Downloads/do_not_delete/so-edit-additional-prs/before-after/work/pmd/inputs/METHOD_BODY/after/so_38367701_block_2.java' at line 3, column 2: Encountered ""import"". Was expecting:     ""}"" ..."
so_40056844_block_2,after,METHOD_BODY,"ParseException: Parse exception in file '/Users/chaiyong/Downloads/do_not_delete/so-edit-additional-prs/before-after/work/pmd/inputs/METHOD_BODY/after/so_40056844_block_2.java' at line 3, column 19: Encountered ""boolean"". Was expecting one of:     ""class"" ...     ""interface"" ..."
so_40317313_block_6,after,METHOD_BODY,"ParseException: Parse exception in file '/Users/chaiyong/Downloads/do_not_delete/so-edit-additional-prs/before-after/work/pmd/inputs/METHOD_BODY/after/so_40317313_block_6.java' at line 3, column 5: Encountered ""import"". Was expecting:     ""}"" ..."
so_41251473_block_6,after,METHOD_BODY,"ParseException: Parse exception in file '/Users/chaiyong/Downloads/do_not_delete/so-edit-additional-prs/before-after/work/pmd/inputs/METHOD_BODY/after/so_41251473_block_6.java' at line 3, column 19: Encountered <IDENTIFIER: ""RequestBody"">. Was expecting one of:     ""class"" ...     ""interface"" ..."
so_41471859_block_4,after,METHOD_BODY,"ParseException: Parse exception in file '/Users/chaiyong/Downloads/do_not_delete/so-edit-additional-prs/before-after/work/pmd/inputs/METHOD_BODY/after/so_41471859_block_4.java' at line 4, column 5: Encountered ""}"". Was expecting one of:     "";"" ...     ""="" ...     ""++"" ...     ""--"" ...     ""+="" ...     ""-="" ...     ""*="" ...     ""/="" ...     ""&="" ...     ""|="" ...     ""^="" ...     ""%="" ...     ""<<="" ...     "">>="" ...     "">>>="" ..."
so_41588054_block_2,after,METHOD_BODY,"ParseException: Parse exception in file '/Users/chaiyong/Downloads/do_not_delete/so-edit-additional-prs/before-after/work/pmd/inputs/METHOD_BODY/after/so_41588054_block_2.java' at line 3, column 16: Encountered ""void"". Was expecting one of:     ""class"" ...     ""interface"" ..."
so_41751396_block_8,after,METHOD_BODY,"ParseException: Parse exception in file '/Users/chaiyong/Downloads/do_not_delete/so-edit-additional-prs/before-after/work/pmd/inputs/METHOD_BODY/after/so_41751396_block_8.java' at line 116, column 36: Encountered ""["". Was expecting:     ""{"" ..."
so_41800354_block_2,after,METHOD_BODY,"ParseException: Parse exception in file '/Users/chaiyong/Downloads/do_not_delete/so-edit-additional-prs/before-after/work/pmd/inputs/METHOD_BODY/after/so_41800354_block_2.java' at line 3, column 30: Encountered <IDENTIFIER: ""BoolToStringPref"">. Was expecting one of:     ""class"" ...     ""interface"" ..."
so_42681543_block_4,after,METHOD_BODY,"ParseException: Parse exception in file '/Users/chaiyong/Downloads/do_not_delete/so-edit-additional-prs/before-after/work/pmd/inputs/METHOD_BODY/after/so_42681543_block_4.java' at line 3, column 5: Encountered ""import"". Was expecting:     ""}"" ..."
so_4429257_block_2,after,METHOD_BODY,"ParseException: Parse exception in file '/Users/chaiyong/Downloads/do_not_delete/so-edit-additional-prs/before-after/work/pmd/inputs/METHOD_BODY/after/so_4429257_block_2.java' at line 31, column 5: Encountered ""}"". Was expecting one of:     <EOF>      "";"" ..."
so_453067_block_2,after,METHOD_BODY,"ParseException: Parse exception in file '/Users/chaiyong/Downloads/do_not_delete/so-edit-additional-prs/before-after/work/pmd/inputs/METHOD_BODY/after/so_453067_block_2.java' at line 3, column 19: Encountered ""int"". Was expecting one of:     ""class"" ...     ""interface"" ..."
so_46830988_block_4,after,METHOD_BODY,"ParseException: Parse exception in file '/Users/chaiyong/Downloads/do_not_delete/so-edit-additional-prs/before-after/work/pmd/inputs/METHOD_BODY/after/so_46830988_block_4.java' at line 3, column 12: Encountered ""boolean"". Was expecting one of:     ""class"" ...     ""interface"" ..."
so_47622507_block_4,after,METHOD_BODY,"ParseException: Parse exception in file '/Users/chaiyong/Downloads/do_not_delete/so-edit-additional-prs/before-after/work/pmd/inputs/METHOD_BODY/after/so_47622507_block_4.java' at line 12, column 25: Encountered ""boolean"". Was expecting one of:     ""class"" ...     ""interface"" ..."
so_50578162_block_2,after,METHOD_BODY,"ParseException: Parse exception in file '/Users/chaiyong/Downloads/do_not_delete/so-edit-additional-prs/before-after/work/pmd/inputs/METHOD_BODY/after/so_50578162_block_2.java' at line 3, column 27: Encountered <IDENTIFIER: ""cap"">. Was expecting one of:     ""["" ...     ""."" ...     ""@"" ...     ""::"" ..."
so_51608517_block_2,after,METHOD_BODY,"ParseException: Parse exception in file '/Users/chaiyong/Downloads/do_not_delete/so-edit-additional-prs/before-after/work/pmd/inputs/METHOD_BODY/after/so_51608517_block_2.java' at line 3, column 16: Encountered <IDENTIFIER: ""Test"">. Was expecting one of:     ""class"" ...     ""interface"" ..."
so_53110509_block_2,after,METHOD_BODY,"ParseException: Parse exception in file '/Users/chaiyong/Downloads/do_not_delete/so-edit-additional-prs/before-after/work/pmd/inputs/METHOD_BODY/after/so_53110509_block_2.java' at line 3, column 13: Encountered ""int"". Was expecting one of:     ""class"" ...     ""interface"" ..."
so_53360610_block_4,after,METHOD_BODY,"ParseException: Parse exception in file '/Users/chaiyong/Downloads/do_not_delete/so-edit-additional-prs/before-after/work/pmd/inputs/METHOD_BODY/after/so_53360610_block_4.java' at line 6, column 38: Encountered "")"". Was expecting one of:     <IDENTIFIER> ...     ""<"" ...     ""|"" ..."
so_54119640_block_4,after,METHOD_BODY,"ParseException: Parse exception in file '/Users/chaiyong/Downloads/do_not_delete/so-edit-additional-prs/before-after/work/pmd/inputs/METHOD_BODY/after/so_54119640_block_4.java' at line 3, column 5: Encountered ""import"". Was expecting:     ""}"" ..."
so_54298032_block_2,after,METHOD_BODY,"ParseException: Parse exception in file '/Users/chaiyong/Downloads/do_not_delete/so-edit-additional-prs/before-after/work/pmd/inputs/METHOD_BODY/after/so_54298032_block_2.java' at line 3, column 5: Encountered ""import"". Was expecting:     ""}"" ..."
so_54349072_block_2,after,METHOD_BODY,"ParseException: Parse exception in file '/Users/chaiyong/Downloads/do_not_delete/so-edit-additional-prs/before-after/work/pmd/inputs/METHOD_BODY/after/so_54349072_block_2.java' at line 3, column 5: Encountered ""package"". Was expecting:     ""}"" ..."
so_55728841_block_2,after,METHOD_BODY,"ParseException: Parse exception in file '/Users/chaiyong/Downloads/do_not_delete/so-edit-additional-prs/before-after/work/pmd/inputs/METHOD_BODY/after/so_55728841_block_2.java' at line 3, column 19: Encountered ""void"". Was expecting one of:     ""class"" ...     ""interface"" ..."
so_55986044_block_2,after,METHOD_BODY,"ParseException: Parse exception in file '/Users/chaiyong/Downloads/do_not_delete/so-edit-additional-prs/before-after/work/pmd/inputs/METHOD_BODY/after/so_55986044_block_2.java' at line 3, column 1: Encountered ""import"". Was expecting:     ""}"" ..."
so_56259221_block_5,after,METHOD_BODY,"ParseException: Parse exception in file '/Users/chaiyong/Downloads/do_not_delete/so-edit-additional-prs/before-after/work/pmd/inputs/METHOD_BODY/after/so_56259221_block_5.java' at line 3, column 5: Encountered ""import"". Was expecting:     ""}"" ..."
so_56611483_block_2,after,METHOD_BODY,"ParseException: Parse exception in file '/Users/chaiyong/Downloads/do_not_delete/so-edit-additional-prs/before-after/work/pmd/inputs/METHOD_BODY/after/so_56611483_block_2.java' at line 3, column 9: Encountered ""void"". Was expecting one of:     ""class"" ...     ""interface"" ..."
so_56815_block_2,after,METHOD_BODY,"ParseException: Parse exception in file '/Users/chaiyong/Downloads/do_not_delete/so-edit-additional-prs/before-after/work/pmd/inputs/METHOD_BODY/after/so_56815_block_2.java' at line 3, column 26: Encountered <IDENTIFIER: ""ThreadLocal"">. Was expecting one of:     ""class"" ...     ""interface"" ..."
so_57398454_block_2,after,METHOD_BODY,"ParseException: Parse exception in file '/Users/chaiyong/Downloads/do_not_delete/so-edit-additional-prs/before-after/work/pmd/inputs/METHOD_BODY/after/so_57398454_block_2.java' at line 9, column 16: Encountered <IDENTIFIER: ""List"">. Was expecting one of:     ""class"" ...     ""interface"" ..."
so_57560955_block_2,after,METHOD_BODY,"ParseException: Parse exception in file '/Users/chaiyong/Downloads/do_not_delete/so-edit-additional-prs/before-after/work/pmd/inputs/METHOD_BODY/after/so_57560955_block_2.java' at line 4, column 10: Encountered <IDENTIFIER: ""printInorder"">. Was expecting:     ""."" ..."
so_57713309_block_2,after,METHOD_BODY,"ParseException: Parse exception in file '/Users/chaiyong/Downloads/do_not_delete/so-edit-additional-prs/before-after/work/pmd/inputs/METHOD_BODY/after/so_57713309_block_2.java' at line 3, column 19: Encountered <IDENTIFIER: ""String"">. Was expecting one of:     ""class"" ...     ""interface"" ..."
so_57997601_block_2,after,METHOD_BODY,"ParseException: Parse exception in file '/Users/chaiyong/Downloads/do_not_delete/so-edit-additional-prs/before-after/work/pmd/inputs/METHOD_BODY/after/so_57997601_block_2.java' at line 4, column 1: Encountered ""private"". Was expecting one of:     "";"" ...     ""="" ...     ""++"" ...     ""--"" ...     ""+="" ...     ""-="" ...     ""*="" ...     ""/="" ...     ""&="" ...     ""|="" ...     ""^="" ...     ""%="" ...     ""<<="" ...     "">>="" ...     "">>>="" ..."
so_58346204_block_2,after,METHOD_BODY,"ParseException: Parse exception in file '/Users/chaiyong/Downloads/do_not_delete/so-edit-additional-prs/before-after/work/pmd/inputs/METHOD_BODY/after/so_58346204_block_2.java' at line 64, column 5: Encountered ""for"". Was expecting one of:     "";"" ...     ""="" ...     ""++"" ...     ""--"" ...     ""+="" ...     ""-="" ...     ""*="" ...     ""/="" ...     ""&="" ...     ""|="" ...     ""^="" ...     ""%="" ...     ""<<="" ...     "">>="" ...     "">>>="" ..."
so_58370217_block_2,after,METHOD_BODY,"ParseException: Parse exception in file '/Users/chaiyong/Downloads/do_not_delete/so-edit-additional-prs/before-after/work/pmd/inputs/METHOD_BODY/after/so_58370217_block_2.java' at line 17, column 3: Encountered ""--"". Was expecting one of:     ""boolean"" ...     ""byte"" ...     ""char"" ...     ""double"" ...     ""false"" ...     ""float"" ...     ""int"" ...     ""long"" ...     ""new"" ...     ""null"" ...     ""short"" ...     ""super"" ...     ""this"" ...     ""true"" ...     ""void"" ...     <INTEGER_LITERAL> ...     <FLOATING_POINT_LITERAL> ...     <CHARACTER_LITERAL> ...     <STRING_LITERAL> ...     ""\""\""\"""" ...     <IDENTIFIER> ...     ""("" ..."
so_58617321_block_2,after,METHOD_BODY,"ParseException: Parse exception in file '/Users/chaiyong/Downloads/do_not_delete/so-edit-additional-prs/before-after/work/pmd/inputs/METHOD_BODY/after/so_58617321_block_2.java' at line 3, column 49: Encountered <IDENTIFIER: ""width"">. Was expecting one of:     ""["" ...     ""."" ...     ""@"" ...     ""::"" ..."
so_58993471_block_2,after,METHOD_BODY,"ParseException: Parse exception in file '/Users/chaiyong/Downloads/do_not_delete/so-edit-additional-prs/before-after/work/pmd/inputs/METHOD_BODY/after/so_58993471_block_2.java' at line 3, column 1: Encountered ""import"". Was expecting:     ""}"" ..."
so_59239733_block_4,after,METHOD_BODY,"ParseException: Parse exception in file '/Users/chaiyong/Downloads/do_not_delete/so-edit-additional-prs/before-after/work/pmd/inputs/METHOD_BODY/after/so_59239733_block_4.java' at line 3, column 22: Encountered <IDENTIFIER: ""Exception"">. Was expecting one of:     ""class"" ...     ""interface"" ..."
so_59394165_block_2,after,METHOD_BODY,"ParseException: Parse exception in file '/Users/chaiyong/Downloads/do_not_delete/so-edit-additional-prs/before-after/work/pmd/inputs/METHOD_BODY/after/so_59394165_block_2.java' at line 3, column 13: Encountered ""void"". Was expecting one of:     ""class"" ...     ""interface"" ..."
so_59664498_block_2,after,METHOD_BODY,"LexException: Lexical error in file '/Users/chaiyong/Downloads/do_not_delete/so-edit-additional-prs/before-after/work/pmd/inputs/METHOD_BODY/after/so_59664498_block_2.java' at line 3, column 1: ""`"" (96), after : """" (in lexical state DEFAULT)"
so_59823215_block_2,after,METHOD_BODY,"ParseException: Parse exception in file '/Users/chaiyong/Downloads/do_not_delete/so-edit-additional-prs/before-after/work/pmd/inputs/METHOD_BODY/after/so_59823215_block_2.java' at line 3, column 19: Encountered ""void"". Was expecting one of:     ""class"" ...     ""interface"" ..."
so_60123437_block_2,after,METHOD_BODY,"ParseException: Parse exception in file '/Users/chaiyong/Downloads/do_not_delete/so-edit-additional-prs/before-after/work/pmd/inputs/METHOD_BODY/after/so_60123437_block_2.java' at line 12, column 6: Encountered ""}"". Was expecting one of:     "";"" ...     ""="" ...     ""++"" ...     ""--"" ...     ""+="" ...     ""-="" ...     ""*="" ...     ""/="" ...     ""&="" ...     ""|="" ...     ""^="" ...     ""%="" ...     ""<<="" ...     "">>="" ...     "">>>="" ..."
so_60266789_block_2,after,METHOD_BODY,"ParseException: Parse exception in file '/Users/chaiyong/Downloads/do_not_delete/so-edit-additional-prs/before-after/work/pmd/inputs/METHOD_BODY/after/so_60266789_block_2.java' at line 3, column 26: Encountered ""char"". Was expecting one of:     ""class"" ...     ""interface"" ..."
so_60565131_block_4,after,METHOD_BODY,"ParseException: Parse exception in file '/Users/chaiyong/Downloads/do_not_delete/so-edit-additional-prs/before-after/work/pmd/inputs/METHOD_BODY/after/so_60565131_block_4.java' at line 3, column 12: Encountered <IDENTIFIER: ""DHParameterSpec"">. Was expecting one of:     ""class"" ...     ""interface"" ..."
so_60816572_block_6,after,METHOD_BODY,"ParseException: Parse exception in file '/Users/chaiyong/Downloads/do_not_delete/so-edit-additional-prs/before-after/work/pmd/inputs/METHOD_BODY/after/so_60816572_block_6.java' at line 4, column 1: Encountered ""public"". Was expecting one of:     "";"" ...     ""="" ...     ""++"" ...     ""--"" ...     ""+="" ...     ""-="" ...     ""*="" ...     ""/="" ...     ""&="" ...     ""|="" ...     ""^="" ...     ""%="" ...     ""<<="" ...     "">>="" ...     "">>>="" ..."
so_61006461_block_2,after,METHOD_BODY,"ParseException: Parse exception in file '/Users/chaiyong/Downloads/do_not_delete/so-edit-additional-prs/before-after/work/pmd/inputs/METHOD_BODY/after/so_61006461_block_2.java' at line 3, column 2: Encountered ""<"". Was expecting:     ""}"" ..."
so_61391737_block_2,after,METHOD_BODY,"ParseException: Parse exception in file '/Users/chaiyong/Downloads/do_not_delete/so-edit-additional-prs/before-after/work/pmd/inputs/METHOD_BODY/after/so_61391737_block_2.java' at line 3, column 19: Encountered <IDENTIFIER: ""List"">. Was expecting one of:     ""class"" ...     ""interface"" ..."
so_61780137_block_2,after,METHOD_BODY,"ParseException: Parse exception in file '/Users/chaiyong/Downloads/do_not_delete/so-edit-additional-prs/before-after/work/pmd/inputs/METHOD_BODY/after/so_61780137_block_2.java' at line 5, column 1: Encountered ""public"". Was expecting one of:     "";"" ...     ""="" ...     ""++"" ...     ""--"" ...     ""+="" ...     ""-="" ...     ""*="" ...     ""/="" ...     ""&="" ...     ""|="" ...     ""^="" ...     ""%="" ...     ""<<="" ...     "">>="" ...     "">>>="" ..."
so_6236324_block_2,after,METHOD_BODY,"ParseException: Parse exception in file '/Users/chaiyong/Downloads/do_not_delete/so-edit-additional-prs/before-after/work/pmd/inputs/METHOD_BODY/after/so_6236324_block_2.java' at line 3, column 6: Encountered ""*"". Was expecting:     ""}"" ..."
so_62722315_block_2,after,METHOD_BODY,"ParseException: Parse exception in file '/Users/chaiyong/Downloads/do_not_delete/so-edit-additional-prs/before-after/work/pmd/inputs/METHOD_BODY/after/so_62722315_block_2.java' at line 3, column 1: Encountered ""import"". Was expecting:     ""}"" ..."
so_64938483_block_2,after,METHOD_BODY,"ParseException: Parse exception in file '/Users/chaiyong/Downloads/do_not_delete/so-edit-additional-prs/before-after/work/pmd/inputs/METHOD_BODY/after/so_64938483_block_2.java' at line 4, column 12: Encountered . Was expecting one of:     "
so_6788456_block_2,after,METHOD_BODY,"ParseException: Parse exception in file '/Users/chaiyong/Downloads/do_not_delete/so-edit-additional-prs/before-after/work/pmd/inputs/METHOD_BODY/after/so_6788456_block_2.java' at line 3, column 20: Encountered ""byte"". Was expecting one of:     ""class"" ...     ""interface"" ..."
so_7901334_block_2,after,METHOD_BODY,"ParseException: Parse exception in file '/Users/chaiyong/Downloads/do_not_delete/so-edit-additional-prs/before-after/work/pmd/inputs/METHOD_BODY/after/so_7901334_block_2.java' at line 3, column 41: Encountered ""&"". Was expecting one of:     ""extends"" ...     ""implements"" ...     ""{"" ...     ""<"" ..."
so_9109728_block_6,after,METHOD_BODY,"ParseException: Parse exception in file '/Users/chaiyong/Downloads/do_not_delete/so-edit-additional-prs/before-after/work/pmd/inputs/METHOD_BODY/after/so_9109728_block_6.java' at line 3, column 5: Encountered ""import"". Was expecting:     ""}"" ..."
so_9293885_block_2,after,METHOD_BODY,"ParseException: Parse exception in file '/Users/chaiyong/Downloads/do_not_delete/so-edit-additional-prs/before-after/work/pmd/inputs/METHOD_BODY/after/so_9293885_block_2.java' at line 3, column 19: Encountered ""void"". Was expecting one of:     ""class"" ...     ""interface"" ..."
so_9709606_block_2,after,METHOD_BODY,"ParseException: Parse exception in file '/Users/chaiyong/Downloads/do_not_delete/so-edit-additional-prs/before-after/work/pmd/inputs/METHOD_BODY/after/so_9709606_block_2.java' at line 3, column 5: Encountered ""["". Was expecting:     ""}"" ..."
