/root/2_github_projects_for_search/1024-lab/smart-admin/smart-admin-api/sa-common/src/main/java/net/lab1024/sa/common/config/CorsFilterConfig.java_corsFilter#30#44,/root/3_stackoverflow_snippets_for_index/58370217/58370217_2_recent.java_method#1#45
/root/2_github_projects_for_search/abfab3d/abfab3d/src/java/abfab3d/shapejs/Project.java_extractZip#872#923,/root/3_stackoverflow_snippets_for_index/21178275/21178275_2_recent.java_method#1#55
/root/2_github_projects_for_search/actframework/actframework/src/main/java/act/conf/AppConfig.java_newBundle#3878#3910,/root/3_stackoverflow_snippets_for_index/4429257/4429257_2_9347476.java_newBundle#2#32
/root/2_github_projects_for_search/actiontech/dble/src/main/java/com/actiontech/dble/util/HexFormatUtil.java_bytesToHexString#19#27,/root/3_stackoverflow_snippets_for_index/60266789/60266789_2_recent.java_method#1#13
/root/2_github_projects_for_search/addstarmc/minigames/Minigames/src/main/java/au/com/mineauz/minigames/managers/message/UTF8Control.java_newBundle#23#51,/root/3_stackoverflow_snippets_for_index/4429257/4429257_2_9347476.java_newBundle#2#32
/root/2_github_projects_for_search/adoptopenjdk/icedtea-web/core/src/main/java/net/sourceforge/jnlp/util/docprovider/TextsProvider.java_copy#515#527,/root/3_stackoverflow_snippets_for_index/54298032/54298032_2_recent.java_copy#58#72
/root/2_github_projects_for_search/agreementmaker/agreementmaker/projects/ui/src/main/java/am/ui/controlpanel/table/MatchersTablePanel.java_main#243#251,/root/3_stackoverflow_snippets_for_index/6702420/6702420_2_89518975.java_main#9#18
/root/2_github_projects_for_search/aicis/fresco/suite/spdz/src/test/java/dk/alexandra/fresco/suite/spdz/storage/InitializeStorage.java_deleteFileOrFolder#49#79,/root/3_stackoverflow_snippets_for_index/3775893/3775893_6_recent.java_method#1#25
/root/2_github_projects_for_search/aicis/fresco/suite/tinytables/src/test/java/dk/alexandra/fresco/suite/tinytables/TestTinyTables.java_deleteFileOrFolder#110#139,/root/3_stackoverflow_snippets_for_index/3775893/3775893_6_recent.java_method#1#25
/root/2_github_projects_for_search/aionnetwork/aion/modPrecompiled/src/org/aion/precompiled/util/HexConvert.java_bytesToHexString#7#15,/root/3_stackoverflow_snippets_for_index/60266789/60266789_2_recent.java_method#1#13
/root/2_github_projects_for_search/aionnetwork/aion/modUtil/src/main/java/org/aion/util/map/HashMap.java_putMapEntries#380#398,/root/3_stackoverflow_snippets_for_index/46830988/46830988_4_158689916.java_method#1#19
/root/2_github_projects_for_search/aionnetwork/aion/modUtil/src/main/java/org/aion/util/types/HexConvert.java_bytesToHexString#7#15,/root/3_stackoverflow_snippets_for_index/60266789/60266789_2_recent.java_method#1#13
/root/2_github_projects_for_search/airlift/airlift/jaxrs/src/main/java/io/airlift/jaxrs/JsonMapper.java_HTMLCharacterEscapes#154#166,/root/3_stackoverflow_snippets_for_index/30316055/30316055_2_recent.java_method#1#42
/root/2_github_projects_for_search/alchitry/alchitry-labs/src/com/alchitry/labs/parsers/BigFunctions.java_ln#232#259,/root/3_stackoverflow_snippets_for_index/745987/745987_2_recent.java_method#1#148
/root/2_github_projects_for_search/algorithm004-01/algorithm004-01/Week 08/id_081/MaximalRectangle.java_largestRectangleArea#28#61,/root/3_stackoverflow_snippets_for_index/62802127/62802127_2_recent.java_method#1#39
/root/2_github_projects_for_search/alibaba/spring-cloud-alibaba/spring-cloud-alibaba-examples/integrated-example/integrated-gateway/src/main/java/com/alibaba/cloud/integration/gateway/config/GatewayConfig.java_corsFilter#103#114,/root/3_stackoverflow_snippets_for_index/58370217/58370217_2_recent.java_method#1#45
/root/2_github_projects_for_search/alibaba/compileflow-idea-designer/src/main/java/com/alibaba/compileflow/idea/graph/nodeview/component/ActionPanel.java_main#405#412,/root/3_stackoverflow_snippets_for_index/35360983/35360983_2_recent.java_Example#18#45
/root/2_github_projects_for_search/alibaba/compileflow-idea-designer/src/main/java/com/alibaba/compileflow/idea/graph/nodeview/component/ScriptTaskParamsPanel.java_main#84#91,/root/3_stackoverflow_snippets_for_index/35360983/35360983_2_recent.java_Example#18#45
/root/2_github_projects_for_search/alibaba/compileflow-idea-designer/src/main/java/com/alibaba/compileflow/idea/graph/nodeview/component/SubBpmCodeParamsPanel.java_main#105#113,/root/3_stackoverflow_snippets_for_index/35360983/35360983_2_recent.java_Example#18#45
/root/2_github_projects_for_search/alibaba/mdrill/trunk/adhoc-solr/src/main/java/org/apache/solr/request/mdrill/QuickHashMap.java_HashIterator#666#673,/root/3_stackoverflow_snippets_for_index/3870210/3870210_4_recent.java_method#1#29
/root/2_github_projects_for_search/alibaba/mdrill/trunk/adhoc-internal/src/main/java/weka/core/NormalizableDistance.java_distance#397#464,/root/3_stackoverflow_snippets_for_index/10774468/10774468_2_recent.java_method#1#95
/root/2_github_projects_for_search/alibaba/dragonwell8/jdk/src/share/demo/jfc/SwingApplet/SwingApplet.java_init#74#91,/root/3_stackoverflow_snippets_for_index/13462440/13462440_6_32050882.java_init#30#44
/root/2_github_projects_for_search/alibaba/dragonwell8/jdk/src/share/classes/sun/security/tools/keytool/Main.java_toHexString#3371#3381,/root/3_stackoverflow_snippets_for_index/58993471/58993471_2_recent.java_method#1#363
/root/2_github_projects_for_search/alibaba/dragonwell8/jdk/src/share/classes/java/util/ComparableTimSort.java_sort#179#224,/root/3_stackoverflow_snippets_for_index/29866762/29866762_2_89013107.java_method#1#40
/root/2_github_projects_for_search/alibaba/dragonwell8/jdk/src/share/classes/java/util/TimSort.java_sort#210#256,/root/3_stackoverflow_snippets_for_index/29866762/29866762_2_89013107.java_method#1#40
/root/2_github_projects_for_search/alibaba/dragonwell8/jdk/src/share/classes/java/util/HashMap.java_putMapEntries#501#519,/root/3_stackoverflow_snippets_for_index/46830988/46830988_4_158689916.java_method#1#19
/root/2_github_projects_for_search/alibaba/dragonwell8/jdk/src/share/classes/java/util/Timer.java_sched#386#412,/root/3_stackoverflow_snippets_for_index/16799135/16799135_10_41317480.java_method#1#23
/root/2_github_projects_for_search/alibaba/dragonwell8/jdk/src/share/classes/java/math/BigDecimal.java_divide#5291#5303,/root/3_stackoverflow_snippets_for_index/29330741/29330741_6_86929181.java_method#1#13
/root/2_github_projects_for_search/alibaba/dragonwell8/jdk/src/share/classes/java/math/BigDecimal.java_divide#5305#5317,/root/3_stackoverflow_snippets_for_index/29330741/29330741_6_86929181.java_method#1#13
/root/2_github_projects_for_search/alibaba/dragonwell8/jdk/src/share/classes/javax/swing/plaf/metal/MetalTabbedPaneUI.java_update#719#725,/root/3_stackoverflow_snippets_for_index/45774144/45774144_4_recent.java_method#1#21
/root/2_github_projects_for_search/alibaba/dragonwell8/jdk/src/share/classes/javax/swing/plaf/basic/BasicTableHeaderUI.java_mouseClicked#99#116,/root/3_stackoverflow_snippets_for_index/54119640/54119640_4_189259651.java_mouseClicked#10#26
/root/2_github_projects_for_search/alibaba/dragonwell8/jdk/test/sun/security/pkcs11/tls/TestLeadingZeroesP11.java_toHexString#124#136,/root/3_stackoverflow_snippets_for_index/58993471/58993471_2_recent.java_method#1#363
/root/2_github_projects_for_search/alibaba/dragonwell8/jdk/test/sun/security/x509/X500Name/DerValueConstructor.java_toHexString#119#131,/root/3_stackoverflow_snippets_for_index/58993471/58993471_2_recent.java_method#1#363
/root/2_github_projects_for_search/alibaba/dragonwell8/jdk/test/jdk/jfr/jcmd/TestJcmdStartWithSettings.java_run#167#176,/root/3_stackoverflow_snippets_for_index/64938483/64938483_2_recent.java_method#1#68
/root/2_github_projects_for_search/alibaba/dragonwell8/jdk/test/java/awt/im/6396526/IMLookAndFeel.java_main#68#76,/root/3_stackoverflow_snippets_for_index/6702420/6702420_2_89518975.java_main#9#18
/root/2_github_projects_for_search/alibaba/dragonwell8/jdk/test/com/sun/crypto/provider/KeyAgreement/DHKeyAgreement2.java_toHexString#271#283,/root/3_stackoverflow_snippets_for_index/58993471/58993471_2_recent.java_method#1#363
/root/2_github_projects_for_search/alibaba/dragonwell8/jdk/test/com/sun/crypto/provider/KeyAgreement/DHKeyAgreement3.java_toHexString#178#190,/root/3_stackoverflow_snippets_for_index/58993471/58993471_2_recent.java_method#1#363
/root/2_github_projects_for_search/alibaba/dragonwell8/jdk/test/com/sun/crypto/provider/Cipher/Blowfish/BlowfishTestVector.java_toHexString#133#145,/root/3_stackoverflow_snippets_for_index/58993471/58993471_2_recent.java_method#1#363
/root/2_github_projects_for_search/alibaba/dragonwell8/jdk/test/com/sun/crypto/provider/TLS/TestLeadingZeroes.java_toHexString#130#142,/root/3_stackoverflow_snippets_for_index/58993471/58993471_2_recent.java_method#1#363
/root/2_github_projects_for_search/alibaba/dragonwell8/jdk/test/javax/imageio/plugins/bmp/BMPSubsamplingTest.java_create3ByteImage#329#342,/root/3_stackoverflow_snippets_for_index/58617321/58617321_2_recent.java_method#1#17
/root/2_github_projects_for_search/alibaba/nacos/console/src/main/java/com/alibaba/nacos/console/config/ConsoleConfig.java_corsFilter#60#71,/root/3_stackoverflow_snippets_for_index/58370217/58370217_2_recent.java_method#1#45
/root/2_github_projects_for_search/alibaba/atlas/atlas-gradle-plugin/dexpatch/src/main/java/com/taobao/android/tpatch/utils/PathUtils.java_decode#634#649,/root/3_stackoverflow_snippets_for_index/41842039/41842039_2_recent.java_method#1#43
/root/2_github_projects_for_search/alibaba/druid/core/src/test/java/com/alibaba/druid/test/util/OracleUtilsTest.java_invoke#32#39,/root/3_stackoverflow_snippets_for_index/19440217/19440217_2_recent.java_method#1#18
/root/2_github_projects_for_search/alibaba/fastjson/src/main/java/com/alibaba/fastjson/util/AntiCollisionHashMap.java_HashIterator#704#711,/root/3_stackoverflow_snippets_for_index/3870210/3870210_4_recent.java_method#1#29
/root/2_github_projects_for_search/alibaba/alink/core/src/main/java/com/alibaba/alink/common/annotation/UTF8Control.java_newBundle#21#50,/root/3_stackoverflow_snippets_for_index/4429257/4429257_2_9347476.java_newBundle#2#32
/root/2_github_projects_for_search/aliview/aliview/src/main/java/aliview/test/CreateColorChooserDialog.java_main#44#59,/root/3_stackoverflow_snippets_for_index/6702420/6702420_2_89518975.java_main#9#18
/root/2_github_projects_for_search/aliyun/aliyun-odps-java-sdk/odps-sdk/odps-sdk-commons/src/main/java/com/aliyun/odps/utils/StringUtils.java_humanReadableInt#111#128,/root/3_stackoverflow_snippets_for_index/801987/801987_2_recent.java_method#1#26
/root/2_github_projects_for_search/allwefantasy/serviceframework/serviceframework-web/src/main/java/net/csdn/modules/http/HttpServer.java_close#227#233,/root/3_stackoverflow_snippets_for_index/59664498/59664498_2_recent.java_method#1#68
/root/2_github_projects_for_search/alphaautoleak/zelix-injection/src/main/java/zelix/otherhacks/net/wurstclient/forge/utils/MathUtils.java_isInteger#5#13,/root/3_stackoverflow_snippets_for_index/25985720/25985720_14_recent.java_method#1#21
/root/2_github_projects_for_search/ambiverse-nlu/ambiverse-nlu/src/main/java/de/mpg/mpi_inf/ambiversenlu/nlu/ner/util/Util.java_postVisitDirectory#25#31,/root/3_stackoverflow_snippets_for_index/18454342/18454342_2_recent.java_method#1#29
/root/2_github_projects_for_search/ant-media/ant-media-server/src/main/java/org/red5/server/ClientList.java_remove#63#76,/root/3_stackoverflow_snippets_for_index/7901334/7901334_2_recent.java_method#1#124
/root/2_github_projects_for_search/ant-media/ant-media-server/src/main/java/org/red5/server/ClientList.java_removeReleased#101#107,/root/3_stackoverflow_snippets_for_index/7901334/7901334_2_recent.java_method#1#124
/root/2_github_projects_for_search/antonkast/lightzone/lightcrafts/src/com/lightcrafts/image/metadata/values/DoubleMetaValue.java_isLegalValue#147#155,/root/3_stackoverflow_snippets_for_index/359634/359634_2_recent.java_method#1#46
/root/2_github_projects_for_search/anuj-kumar-sharma/ds-algo/trees/Tree.java_inOrder#39#45,/root/3_stackoverflow_snippets_for_index/31386664/31386664_4_95005617.java_method#1#22
/root/2_github_projects_for_search/anuj-kumar-sharma/ds-algo/trees/Tree.java_postOrder#54#60,/root/3_stackoverflow_snippets_for_index/31386664/31386664_4_95005617.java_method#1#22
/root/2_github_projects_for_search/anuken/arc/arc-core/src/arc/util/Strings.java_formatMillis#606#619,/root/3_stackoverflow_snippets_for_index/6711693/6711693_2_recent.java_method#1#20
/root/2_github_projects_for_search/anuken/arc/arc-core/src/arc/struct/TimSort.java_sort#134#179,/root/3_stackoverflow_snippets_for_index/29866762/29866762_2_89013107.java_method#1#40
/root/2_github_projects_for_search/apache/netbeans/enterprise/j2ee.ddloaders/src/org/netbeans/modules/j2ee/ddloaders/web/multiview/PagesMultiViewElement.java_run#80#86,/root/3_stackoverflow_snippets_for_index/6702420/6702420_2_89518975.java_main#9#18
/root/2_github_projects_for_search/apache/netbeans/enterprise/j2ee.ddloaders/src/org/netbeans/modules/j2ee/ddloaders/web/multiview/ServletsMultiViewElement.java_run#84#90,/root/3_stackoverflow_snippets_for_index/6702420/6702420_2_89518975.java_main#9#18
/root/2_github_projects_for_search/apache/netbeans/enterprise/j2ee.ddloaders/src/org/netbeans/modules/j2ee/ddloaders/web/multiview/OverviewMultiViewElement.java_run#76#82,/root/3_stackoverflow_snippets_for_index/6702420/6702420_2_89518975.java_main#9#18
/root/2_github_projects_for_search/apache/netbeans/enterprise/j2ee.ddloaders/src/org/netbeans/modules/j2ee/ddloaders/web/multiview/ReferencesMultiViewElement.java_run#82#88,/root/3_stackoverflow_snippets_for_index/6702420/6702420_2_89518975.java_main#9#18
/root/2_github_projects_for_search/apache/netbeans/enterprise/j2ee.ddloaders/src/org/netbeans/modules/j2ee/ddloaders/web/multiview/SecurityMultiViewElement.java_run#107#113,/root/3_stackoverflow_snippets_for_index/6702420/6702420_2_89518975.java_main#9#18
/root/2_github_projects_for_search/apache/netbeans/enterprise/j2ee.ddloaders/src/org/netbeans/modules/j2ee/ddloaders/web/multiview/FiltersMultiViewElement.java_run#82#88,/root/3_stackoverflow_snippets_for_index/6702420/6702420_2_89518975.java_main#9#18
/root/2_github_projects_for_search/apache/netbeans/javafx/javafx2.samples/ChartAdvancedStockLine/src/chartadvancedstockline/ChartAdvancedStockLine.java_init#56#72,/root/3_stackoverflow_snippets_for_index/28901180/28901180_2_recent.java_AnimatedChart#13#37
/root/2_github_projects_for_search/apache/netbeans/java/form/test/qa-functional/src/org/netbeans/qa/form/VisualDevelopmentUtil.java_copy#38#50,/root/3_stackoverflow_snippets_for_index/9293885/9293885_2_recent.java_method#1#18
/root/2_github_projects_for_search/apache/incubator-hugegraph-toolchain/hugegraph-hubble/hubble-be/src/main/java/org/apache/hugegraph/config/GlobalCorsConfig.java_corsFilter#30#44,/root/3_stackoverflow_snippets_for_index/58370217/58370217_2_recent.java_method#1#45
/root/2_github_projects_for_search/apache/rocketmq/proxy/src/main/java/org/apache/rocketmq/proxy/remoting/protocol/http2proxy/Http2ProxyBackendHandler.java_channelRead#43#55,/root/3_stackoverflow_snippets_for_index/42681543/42681543_4_recent.java_method#1#166
/root/2_github_projects_for_search/apache/rocketmq/proxy/src/main/java/org/apache/rocketmq/proxy/remoting/protocol/http2proxy/Http2ProxyFrontendHandler.java_channelRead#40#55,/root/3_stackoverflow_snippets_for_index/42681543/42681543_4_recent.java_method#1#166
/root/2_github_projects_for_search/apache/iotdb/consensus/src/main/java/org/apache/iotdb/consensus/common/Utils.java_visitFile#50#57,/root/3_stackoverflow_snippets_for_index/18454342/18454342_2_recent.java_method#1#29
/root/2_github_projects_for_search/apache/pulsar/pulsar-broker/src/test/java/org/apache/pulsar/broker/auth/PortForwarder.java_channelRead#129#144,/root/3_stackoverflow_snippets_for_index/42681543/42681543_4_recent.java_method#1#166
/root/2_github_projects_for_search/apache/pulsar/pulsar-broker/src/test/java/org/apache/pulsar/broker/auth/PortForwarder.java_channelRead#173#185,/root/3_stackoverflow_snippets_for_index/42681543/42681543_4_recent.java_method#1#166
/root/2_github_projects_for_search/apna-college/alpha/10_Backtracking/Classroom.java_printSudoku#62#69,/root/3_stackoverflow_snippets_for_index/46193578/46193578_2_recent.java_method#1#62
/root/2_github_projects_for_search/aragozin/jvm-tools/bstub/src/test/java/org/gridkit/jvmtool/bstub/DummyWorker.java_run#5#13,/root/3_stackoverflow_snippets_for_index/61780137/61780137_2_recent.java_method#1#50
/root/2_github_projects_for_search/arduino/arduino/arduino-core/src/processing/app/legacy/PApplet.java_split#105#134,/root/3_stackoverflow_snippets_for_index/58346204/58346204_2_recent.java_method#1#103
/root/2_github_projects_for_search/arduino/arduino/arduino-core/src/processing/app/legacy/PApplet.java_parseInt#183#193,/root/3_stackoverflow_snippets_for_index/58346204/58346204_2_recent.java_method#1#103
/root/2_github_projects_for_search/artisynth/artisynth_core/src/artisynth/core/moviemaker/MakeMovieFromData.java_doIt#77#168,/root/3_stackoverflow_snippets_for_index/6236324/6236324_2_recent.java_method#1#521
/root/2_github_projects_for_search/artisynth/artisynth_core/src/artisynth/core/moviemaker/MakeMovieFromData.java_createDataSink#174#195,/root/3_stackoverflow_snippets_for_index/6236324/6236324_2_recent.java_method#1#521
/root/2_github_projects_for_search/artisynth/artisynth_core/src/artisynth/core/moviemaker/MakeMovieFromData.java_dataSinkUpdate#261#275,/root/3_stackoverflow_snippets_for_index/6236324/6236324_2_recent.java_method#1#521
/root/2_github_projects_for_search/artisynth/artisynth_core/src/artisynth/core/moviemaker/MakeMovieFromData.java_createMediaLocator#282#301,/root/3_stackoverflow_snippets_for_index/6236324/6236324_2_recent.java_method#1#521
/root/2_github_projects_for_search/artisynth/artisynth_core/src/artisynth/core/moviemaker/MakeMovieFromData.java_read#412#459,/root/3_stackoverflow_snippets_for_index/6236324/6236324_2_recent.java_method#1#521
/root/2_github_projects_for_search/artisynth/artisynth_core/src/artisynth/core/moviemaker/MakeMovieFromData.java_ImageSourceStream#389#399,/root/3_stackoverflow_snippets_for_index/6236324/6236324_2_recent.java_method#1#521
/root/2_github_projects_for_search/asolarlez/sketch-frontend/src/main/java/sketch/compiler/solvers/parallel/WilcoxonStrategy.java_shuffleArray#55#64,/root/3_stackoverflow_snippets_for_index/1520212/1520212_2_recent.java_shuffleArray#19#31
/root/2_github_projects_for_search/asystat/final-android-resizer/src/FinalResizer.java_main#31#39,/root/3_stackoverflow_snippets_for_index/6702420/6702420_2_89518975.java_main#9#18
/root/2_github_projects_for_search/atilika/kuromoji/kuromoji-benchmark/src/main/java/com/atilika/kuromoji/benchmark/UserDictionaryConverter.java_escape#77#83,/root/3_stackoverflow_snippets_for_index/35057638/35057638_2_109493925.java_method#1#16
/root/2_github_projects_for_search/atjiu/pybbs/src/main/java/co/yiiu/pybbs/util/bcrypt/BCryptPasswordEncoder.java_encode#63#75,/root/3_stackoverflow_snippets_for_index/41471859/41471859_4_135239059.java_method#1#15
/root/2_github_projects_for_search/aws/amazon-redshift-jdbc-driver/src/main/java/com/amazon/redshift/util/JdbcBlackHole.java_close#14#22,/root/3_stackoverflow_snippets_for_index/32855556/32855556_4_100737457.java_method#1#12
/root/2_github_projects_for_search/azure/azure-sdk-for-java/sdk/cosmos/azure-cosmos/src/main/java/com/azure/cosmos/implementation/guava25/base/Splitter.java_computeNext#533#597,/root/3_stackoverflow_snippets_for_index/30942772/30942772_4_recent.java_method#1#62
/root/2_github_projects_for_search/azure/azure-sdk-for-java/sdk/cosmos/azure-cosmos/src/test/java/com/azure/cosmos/implementation/directconnectivity/ConsistencyWriterTest.java_run#184#191,/root/3_stackoverflow_snippets_for_index/32365355/32365355_2_recent.java_main#8#71
/root/2_github_projects_for_search/azure/azure-sdk-for-java/sdk/cosmos/azure-cosmos/src/test/java/com/azure/cosmos/implementation/directconnectivity/StoreReaderTest.java_run#80#87,/root/3_stackoverflow_snippets_for_index/32365355/32365355_2_recent.java_main#8#71
/root/2_github_projects_for_search/ballerina-platform/ballerina-lang/cli/ballerina-cli/src/main/java/io/ballerina/cli/launcher/util/BFileUtil.java_visitFile#94#100,/root/3_stackoverflow_snippets_for_index/18454342/18454342_2_recent.java_method#1#29
/root/2_github_projects_for_search/ballerina-platform/ballerina-lang/tests/ballerina-test-utils/src/main/java/org/ballerinalang/test/util/BFileUtil.java_visitFile#101#107,/root/3_stackoverflow_snippets_for_index/18454342/18454342_2_recent.java_method#1#29
/root/2_github_projects_for_search/barchart/barchart-udt/barchart-udt-reference-jdk6/src/main/java/sun/security/tools/KeyTool.java_toHexString#2383#2393,/root/3_stackoverflow_snippets_for_index/58993471/58993471_2_recent.java_method#1#363
/root/2_github_projects_for_search/bazelbuild/bazel/src/tools/android/java/com/google/devtools/build/android/desugar/io/HeaderClassLoader.java_visit#94#104,/root/3_stackoverflow_snippets_for_index/63342907/63342907_2_recent.java_method#1#43
/root/2_github_projects_for_search/bazelbuild/bazel/src/main/java/com/google/devtools/build/lib/vfs/FileSystemUtils.java_copyLargeBuffer#413#425,/root/3_stackoverflow_snippets_for_index/54298032/54298032_2_190009745.java_copy#52#65
/root/2_github_projects_for_search/bcgit/bc-java/core/src/test/java/org/bouncycastle/asn1/test/OCSPTest.java_isSameAs#75#93,/root/3_stackoverflow_snippets_for_index/40056844/40056844_2_recent.java_method#1#17
/root/2_github_projects_for_search/bcgit/bc-java/core/src/test/java/org/bouncycastle/crypto/test/PKCS12Test.java_isEqual#25#43,/root/3_stackoverflow_snippets_for_index/40056844/40056844_2_recent.java_method#1#17
/root/2_github_projects_for_search/bcgit/bc-java/util/src/test/java/org/bouncycastle/asn1/smime/test/SMIMETest.java_isSameAs#25#43,/root/3_stackoverflow_snippets_for_index/40056844/40056844_2_recent.java_method#1#17
/root/2_github_projects_for_search/bcgit/bc-java/util/src/test/java/org/bouncycastle/asn1/cms/test/CMSTest.java_isSameAs#125#143,/root/3_stackoverflow_snippets_for_index/40056844/40056844_2_recent.java_method#1#17
/root/2_github_projects_for_search/bcgit/bc-java/prov/src/test/jdk1.3/org/bouncycastle/jce/provider/test/PSSTest.java_arrayEquals#41#59,/root/3_stackoverflow_snippets_for_index/40056844/40056844_2_recent.java_method#1#17
/root/2_github_projects_for_search/bcgit/bc-java/prov/src/test/java/org/bouncycastle/jce/provider/test/PSSTest.java_arrayEquals#50#68,/root/3_stackoverflow_snippets_for_index/40056844/40056844_2_recent.java_method#1#17
/root/2_github_projects_for_search/bcgit/bc-java/prov/src/test/java/org/bouncycastle/jce/provider/test/FIPSDESTest.java_equalArray#57#75,/root/3_stackoverflow_snippets_for_index/40056844/40056844_2_recent.java_method#1#17
/root/2_github_projects_for_search/bcgit/bc-java/prov/src/test/java/org/bouncycastle/jce/provider/test/DESedeTest.java_equalArray#82#100,/root/3_stackoverflow_snippets_for_index/40056844/40056844_2_recent.java_method#1#17
/root/2_github_projects_for_search/bcgit/bc-java/prov/src/test/jdk1.1/org/bouncycastle/jce/provider/test/RSATest.java_arrayEquals#53#71,/root/3_stackoverflow_snippets_for_index/40056844/40056844_2_recent.java_method#1#17
/root/2_github_projects_for_search/bcgit/bc-java/prov/src/test/jdk1.4/org/bouncycastle/jce/provider/test/ECIESTest.java_sameAs#39#57,/root/3_stackoverflow_snippets_for_index/40056844/40056844_2_recent.java_method#1#17
/root/2_github_projects_for_search/bcgit/bc-java/prov/src/test/jdk1.4/org/bouncycastle/jce/provider/test/DHTest.java_arrayEquals#478#496,/root/3_stackoverflow_snippets_for_index/40056844/40056844_2_recent.java_method#1#17
/root/2_github_projects_for_search/bcgit/bc-java/prov/src/test/jdk1.4/org/bouncycastle/jce/provider/test/PSSTest.java_arrayEquals#44#62,/root/3_stackoverflow_snippets_for_index/40056844/40056844_2_recent.java_method#1#17
/root/2_github_projects_for_search/bluesoft-rnd/aperte-workflow-core/core/editor/src/main/java/org/aperteworkflow/editor/actioneditor/EncodingFilter.java_doFilter#23#40,/root/3_stackoverflow_snippets_for_index/138950/138950_6_recent.java_doFilter#15#28
/root/2_github_projects_for_search/boecker-lab/sirius/sirius_cli/src/main/java/de/unijena/bioinf/ms/frontend/core/PasswordCrypter.java_encrypt#58#64,/root/3_stackoverflow_snippets_for_index/12981202/12981202_2_recent.java_method#1#186
/root/2_github_projects_for_search/boecker-lab/sirius/sirius_cli/src/main/java/de/unijena/bioinf/ms/frontend/core/PasswordCrypter.java_decrypt#70#76,/root/3_stackoverflow_snippets_for_index/12981202/12981202_2_recent.java_method#1#186
/root/2_github_projects_for_search/bookdash/bookdash-android-app/app/src/main/java/org/bookdash/android/data/utils/ZipManager.java_copy#80#93,/root/3_stackoverflow_snippets_for_index/54298032/54298032_2_recent.java_copy#58#72
/root/2_github_projects_for_search/bramp/ffmpeg-cli-wrapper/src/main/java/net/bramp/commons/lang3/math/gson/FractionAdapter.java_write#66#73,/root/3_stackoverflow_snippets_for_index/31764338/31764338_6_96458495.java_write#15#24
/root/2_github_projects_for_search/breznak/opends-oss/src/eu/opends/settingsController/ConnectionHandler.java_loadXMLFromString#79#85,/root/3_stackoverflow_snippets_for_index/16540679/16540679_1_64924359.java_method#1#26
/root/2_github_projects_for_search/bumptech/glide/instrumentation/src/androidTest/java/com/bumptech/glide/CachingTest.java_run#339#346,/root/3_stackoverflow_snippets_for_index/33561612/33561612_2_recent.java_method#1#33
/root/2_github_projects_for_search/bwssytems/ha-bridge/src/main/java/com/bwssystems/HABridge/BridgeSecurity.java_encrypt#404#410,/root/3_stackoverflow_snippets_for_index/12981202/12981202_2_recent.java_method#1#186
/root/2_github_projects_for_search/bwssytems/ha-bridge/src/main/java/com/bwssystems/HABridge/BridgeSecurity.java_decrypt#416#422,/root/3_stackoverflow_snippets_for_index/12981202/12981202_2_recent.java_method#1#186
/root/2_github_projects_for_search/camunda-community-hub/camunda-8-lowcode-ui-template/src/main/java/org/example/camunda/process/solution/ProcessApplication.java_swaggerOpenAPI#22#33,/root/3_stackoverflow_snippets_for_index/59430454/59430454_2_recent.java_method#1#72
/root/2_github_projects_for_search/camunda-consulting/camunda-7-code-examples/snippets/camunda-migration-examples/src/test/java/org/camunda/ProcessScenarioTest.java_testHappyPath#49#68,/root/3_stackoverflow_snippets_for_index/15160629/15160629_2_recent.java_method#1#25
/root/2_github_projects_for_search/camunda-consulting/camunda-7-code-examples/snippets/auto-tenant-generator/dynamo/src/test/java/com/camunda/poc/demo/ProcessUnitTest.java_testHappyPath#50#77,/root/3_stackoverflow_snippets_for_index/15160629/15160629_2_recent.java_method#1#25
/root/2_github_projects_for_search/camunda-consulting/camunda-7-code-examples/snippets/auto-tenant-generator/dynamo/src/test/java/com/camunda/poc/demo/ProcessScenarioTest.java_testHappyPath#44#63,/root/3_stackoverflow_snippets_for_index/15160629/15160629_2_recent.java_method#1#25
/root/2_github_projects_for_search/camunda-consulting/camunda-7-code-examples/snippets/test-delegate-createinstances/src/test/java/org/camunda/bpm/ProcessScenarioTest.java_testHappyPath#49#68,/root/3_stackoverflow_snippets_for_index/15160629/15160629_2_recent.java_method#1#25
/root/2_github_projects_for_search/camunda-consulting/camunda-7-code-examples/one-time-examples/fitnesse-dmn/camunda-dmn-fitnesse-fixture/src/main/java/com/camunda/demo/dmntraining/taskrouting/fitnesse/SysoutClasspath.java_main#8#18,/root/3_stackoverflow_snippets_for_index/56259221/56259221_5_recent.java_method#1#13
/root/2_github_projects_for_search/camunda-consulting/code/snippets/camunda-migration-examples/src/test/java/org/camunda/ProcessScenarioTest.java_testHappyPath#49#68,/root/3_stackoverflow_snippets_for_index/15160629/15160629_2_recent.java_method#1#25
/root/2_github_projects_for_search/camunda-consulting/code/snippets/auto-tenant-generator/dynamo/src/test/java/com/camunda/poc/demo/ProcessUnitTest.java_testHappyPath#50#77,/root/3_stackoverflow_snippets_for_index/15160629/15160629_2_recent.java_method#1#25
/root/2_github_projects_for_search/camunda-consulting/code/snippets/auto-tenant-generator/dynamo/src/test/java/com/camunda/poc/demo/ProcessScenarioTest.java_testHappyPath#44#63,/root/3_stackoverflow_snippets_for_index/15160629/15160629_2_recent.java_method#1#25
/root/2_github_projects_for_search/camunda-consulting/code/snippets/test-delegate-createinstances/src/test/java/org/camunda/bpm/ProcessScenarioTest.java_testHappyPath#49#68,/root/3_stackoverflow_snippets_for_index/15160629/15160629_2_recent.java_method#1#25
/root/2_github_projects_for_search/camunda-consulting/code/one-time-examples/fitnesse-dmn/camunda-dmn-fitnesse-fixture/src/main/java/com/camunda/demo/dmntraining/taskrouting/fitnesse/SysoutClasspath.java_main#8#18,/root/3_stackoverflow_snippets_for_index/56259221/56259221_5_recent.java_method#1#13
/root/2_github_projects_for_search/carlspring/s3fs-nio/src/test/java/org/carlspring/cloud/storage/s3fs/util/S3ClientMock.java_postVisitDirectory#158#169,/root/3_stackoverflow_snippets_for_index/18454342/18454342_2_recent.java_method#1#29
/root/2_github_projects_for_search/ccrama/slide/app/src/main/java/me/ccrama/redditslide/util/DrawableUtil.java_drawCanvas#44#50,/root/3_stackoverflow_snippets_for_index/27436796/27436796_2_recent.java_method#1#69
/root/2_github_projects_for_search/changmingxie/tcc-transaction/tcc-transaction-dashboard/src/main/java/org/mengyun/tcctransaction/dashboard/security/SecurityConfig.java_corsFilter#90#101,/root/3_stackoverflow_snippets_for_index/58370217/58370217_2_recent.java_method#1#45
/root/2_github_projects_for_search/chatty/chatty/src/chatty/util/commands/Calc.java_eval#89#206,/root/3_stackoverflow_snippets_for_index/45262825/45262825_4_recent.java_method#1#124
/root/2_github_projects_for_search/chatty/chatty/src/chatty/util/commands/Calc.java_parseFactor#155#204,/root/3_stackoverflow_snippets_for_index/45262825/45262825_4_recent.java_method#1#124
/root/2_github_projects_for_search/chrislacy/tweetlanes/android/app/src/main/java/com/tweetlanes/android/core/view/ImageViewActivity.java_copy#184#196,/root/3_stackoverflow_snippets_for_index/9293885/9293885_2_recent.java_method#1#18
/root/2_github_projects_for_search/ciallo-dev/zelix-injection/src/main/java/zelix/otherhacks/net/wurstclient/forge/utils/MathUtils.java_isInteger#5#13,/root/3_stackoverflow_snippets_for_index/25985720/25985720_14_recent.java_method#1#21
/root/2_github_projects_for_search/citybench/benchmark/src/org/insight_centre/aceis/utils/MapUtils.java_sortByValue2#51#65,/root/3_stackoverflow_snippets_for_index/12738229/12738229_2_30063703.java_sortByValue#5#21
/root/2_github_projects_for_search/cityzenapp/androidapp/CityZenApp/app/src/main/java/com/cityzen/cityzen/Models/DeviceLocationData.java_writeToParcel#47#53,/root/3_stackoverflow_snippets_for_index/60128473/60128473_8_recent.java_method#1#122
/root/2_github_projects_for_search/clouway/oauth2-server/oauth2-example-app/src/main/java/com/clouway/oauth2/app/AppServer.java_run#44#51,/root/3_stackoverflow_snippets_for_index/59664498/59664498_2_recent.java_method#1#68
/root/2_github_projects_for_search/code4craft/jsoup-learning/src/main/java/org/jsoup/helper/HttpConnection.java_data#115#126,/root/3_stackoverflow_snippets_for_index/31868761/31868761_4_96856276.java_method#1#12
/root/2_github_projects_for_search/controlsfx/controlsfx/controlsfx-samples/src/main/java/org/controlsfx/samples/tablefilter/TableFilterMemoryTest.java_start#68#74,/root/3_stackoverflow_snippets_for_index/54491401/54491401_2_190812542.java_start#21#65
/root/2_github_projects_for_search/controlsystemstudio/phoebus/app/logbook/olog/ui/src/main/java/org/phoebus/logbook/olog/ui/write/LogPropertiesEditorController.java_startEdit#376#382,/root/3_stackoverflow_snippets_for_index/32164598/32164598_8_recent.java_method#1#15
/root/2_github_projects_for_search/conventions/core/src/main/java/org/conventionsframework/util/ResourceBundle.java_newBundle#93#124,/root/3_stackoverflow_snippets_for_index/4429257/4429257_2_9347476.java_newBundle#2#32
/root/2_github_projects_for_search/convertapi/convertapi-java/src/main/java/com/convertapi/client/RequestBodyStream.java_writeTo#31#40,/root/3_stackoverflow_snippets_for_index/41251473/41251473_6_recent.java_method#1#20
/root/2_github_projects_for_search/corretto/corretto-8/jdk/src/share/demo/jfc/SwingApplet/SwingApplet.java_init#74#91,/root/3_stackoverflow_snippets_for_index/13462440/13462440_6_32050882.java_init#30#44
/root/2_github_projects_for_search/corretto/corretto-8/jdk/src/share/classes/sun/security/tools/keytool/Main.java_toHexString#3371#3381,/root/3_stackoverflow_snippets_for_index/58993471/58993471_2_recent.java_method#1#363
/root/2_github_projects_for_search/corretto/corretto-8/jdk/src/share/classes/java/util/ComparableTimSort.java_sort#179#224,/root/3_stackoverflow_snippets_for_index/29866762/29866762_2_89013107.java_method#1#40
/root/2_github_projects_for_search/corretto/corretto-8/jdk/src/share/classes/java/util/TimSort.java_sort#210#256,/root/3_stackoverflow_snippets_for_index/29866762/29866762_2_89013107.java_method#1#40
/root/2_github_projects_for_search/corretto/corretto-8/jdk/src/share/classes/java/util/HashMap.java_putMapEntries#501#519,/root/3_stackoverflow_snippets_for_index/46830988/46830988_4_158689916.java_method#1#19
/root/2_github_projects_for_search/corretto/corretto-8/jdk/src/share/classes/java/util/Timer.java_sched#386#412,/root/3_stackoverflow_snippets_for_index/16799135/16799135_10_41317480.java_method#1#23
/root/2_github_projects_for_search/corretto/corretto-8/jdk/src/share/classes/java/math/BigDecimal.java_divide#5291#5303,/root/3_stackoverflow_snippets_for_index/29330741/29330741_6_86929181.java_method#1#13
/root/2_github_projects_for_search/corretto/corretto-8/jdk/src/share/classes/java/math/BigDecimal.java_divide#5305#5317,/root/3_stackoverflow_snippets_for_index/29330741/29330741_6_86929181.java_method#1#13
/root/2_github_projects_for_search/corretto/corretto-8/jdk/src/share/classes/javax/swing/plaf/metal/MetalTabbedPaneUI.java_update#719#725,/root/3_stackoverflow_snippets_for_index/45774144/45774144_4_recent.java_method#1#21
/root/2_github_projects_for_search/corretto/corretto-8/jdk/src/share/classes/javax/swing/plaf/basic/BasicTableHeaderUI.java_mouseClicked#99#116,/root/3_stackoverflow_snippets_for_index/54119640/54119640_4_189259651.java_mouseClicked#10#26
/root/2_github_projects_for_search/corretto/corretto-8/jdk/test/sun/security/pkcs11/tls/TestLeadingZeroesP11.java_toHexString#124#136,/root/3_stackoverflow_snippets_for_index/58993471/58993471_2_recent.java_method#1#363
/root/2_github_projects_for_search/corretto/corretto-8/jdk/test/sun/security/x509/X500Name/DerValueConstructor.java_toHexString#119#131,/root/3_stackoverflow_snippets_for_index/58993471/58993471_2_recent.java_method#1#363
/root/2_github_projects_for_search/corretto/corretto-8/jdk/test/jdk/jfr/jcmd/TestJcmdStartWithSettings.java_run#167#176,/root/3_stackoverflow_snippets_for_index/64938483/64938483_2_recent.java_method#1#68
/root/2_github_projects_for_search/corretto/corretto-8/jdk/test/java/awt/im/6396526/IMLookAndFeel.java_main#68#76,/root/3_stackoverflow_snippets_for_index/6702420/6702420_2_89518975.java_main#9#18
/root/2_github_projects_for_search/corretto/corretto-8/jdk/test/com/sun/crypto/provider/KeyAgreement/DHKeyAgreement2.java_toHexString#271#283,/root/3_stackoverflow_snippets_for_index/58993471/58993471_2_recent.java_method#1#363
/root/2_github_projects_for_search/corretto/corretto-8/jdk/test/com/sun/crypto/provider/KeyAgreement/DHKeyAgreement3.java_toHexString#178#190,/root/3_stackoverflow_snippets_for_index/58993471/58993471_2_recent.java_method#1#363
/root/2_github_projects_for_search/corretto/corretto-8/jdk/test/com/sun/crypto/provider/Cipher/Blowfish/BlowfishTestVector.java_toHexString#133#145,/root/3_stackoverflow_snippets_for_index/58993471/58993471_2_recent.java_method#1#363
/root/2_github_projects_for_search/corretto/corretto-8/jdk/test/com/sun/crypto/provider/TLS/TestLeadingZeroes.java_toHexString#130#142,/root/3_stackoverflow_snippets_for_index/58993471/58993471_2_recent.java_method#1#363
/root/2_github_projects_for_search/corretto/corretto-8/jdk/test/javax/imageio/plugins/bmp/BMPSubsamplingTest.java_create3ByteImage#329#342,/root/3_stackoverflow_snippets_for_index/58617321/58617321_2_recent.java_method#1#17
/root/2_github_projects_for_search/corretto/corretto-11/src/java.desktop/share/classes/javax/swing/plaf/metal/MetalTabbedPaneUI.java_update#809#815,/root/3_stackoverflow_snippets_for_index/45774144/45774144_4_recent.java_method#1#21
/root/2_github_projects_for_search/corretto/corretto-11/src/java.base/share/classes/sun/security/tools/keytool/Main.java_toHexString#3720#3730,/root/3_stackoverflow_snippets_for_index/58993471/58993471_2_recent.java_method#1#363
/root/2_github_projects_for_search/corretto/corretto-11/src/java.base/share/classes/java/util/ComparableTimSort.java_sort#179#224,/root/3_stackoverflow_snippets_for_index/29866762/29866762_2_89013107.java_method#1#40
/root/2_github_projects_for_search/corretto/corretto-11/src/java.base/share/classes/java/util/TimSort.java_sort#210#256,/root/3_stackoverflow_snippets_for_index/29866762/29866762_2_89013107.java_method#1#40
/root/2_github_projects_for_search/corretto/corretto-11/src/java.base/share/classes/java/util/HashMap.java_putMapEntries#496#514,/root/3_stackoverflow_snippets_for_index/46830988/46830988_4_158689916.java_method#1#19
/root/2_github_projects_for_search/corretto/corretto-11/src/java.base/share/classes/java/util/Random.java_seedUniquifier#108#117,/root/3_stackoverflow_snippets_for_index/62919983/62919983_2_recent.java_method#1#17
/root/2_github_projects_for_search/corretto/corretto-11/src/java.base/share/classes/java/util/Timer.java_sched#387#413,/root/3_stackoverflow_snippets_for_index/16799135/16799135_10_41317480.java_method#1#23
/root/2_github_projects_for_search/corretto/corretto-11/src/java.base/share/classes/java/math/BigDecimal.java_divide#5731#5743,/root/3_stackoverflow_snippets_for_index/29330741/29330741_6_86929181.java_method#1#13
/root/2_github_projects_for_search/corretto/corretto-11/src/java.base/share/classes/java/math/BigDecimal.java_divide#5745#5757,/root/3_stackoverflow_snippets_for_index/29330741/29330741_6_86929181.java_method#1#13
/root/2_github_projects_for_search/corretto/corretto-11/test/jdk/sun/security/pkcs11/PKCS11Test.java_byte2hex#126#133,/root/3_stackoverflow_snippets_for_index/58993471/58993471_2_recent.java_method#1#363
/root/2_github_projects_for_search/corretto/corretto-11/test/jdk/sun/security/pkcs11/PKCS11Test.java_toHexString#134#146,/root/3_stackoverflow_snippets_for_index/58993471/58993471_2_recent.java_method#1#363
/root/2_github_projects_for_search/corretto/corretto-11/test/jdk/sun/security/x509/X500Name/DerValueConstructor.java_toHexString#121#133,/root/3_stackoverflow_snippets_for_index/58993471/58993471_2_recent.java_method#1#363
/root/2_github_projects_for_search/corretto/corretto-11/test/jdk/jdk/jfr/jcmd/TestJcmdStartWithSettings.java_run#167#176,/root/3_stackoverflow_snippets_for_index/64938483/64938483_2_recent.java_method#1#68
/root/2_github_projects_for_search/corretto/corretto-11/test/jdk/java/awt/im/6396526/IMLookAndFeel.java_main#69#77,/root/3_stackoverflow_snippets_for_index/6702420/6702420_2_89518975.java_main#9#18
/root/2_github_projects_for_search/corretto/corretto-11/test/jdk/com/sun/crypto/provider/KeyAgreement/DHKeyAgreementPadding.java_toHexString#89#99,/root/3_stackoverflow_snippets_for_index/58993471/58993471_2_recent.java_method#1#363
/root/2_github_projects_for_search/corretto/corretto-11/test/jdk/com/sun/crypto/provider/KeyAgreement/DHKeyAgreement2.java_toHexString#268#280,/root/3_stackoverflow_snippets_for_index/58993471/58993471_2_recent.java_method#1#363
/root/2_github_projects_for_search/corretto/corretto-11/test/jdk/com/sun/crypto/provider/KeyAgreement/DHKeyAgreement3.java_toHexString#173#185,/root/3_stackoverflow_snippets_for_index/58993471/58993471_2_recent.java_method#1#363
/root/2_github_projects_for_search/corretto/corretto-11/test/jdk/com/sun/crypto/provider/Cipher/Blowfish/BlowfishTestVector.java_toHexString#131#143,/root/3_stackoverflow_snippets_for_index/58993471/58993471_2_recent.java_method#1#363
/root/2_github_projects_for_search/corretto/corretto-11/test/jdk/com/sun/crypto/provider/TLS/TestLeadingZeroes.java_toHexString#125#137,/root/3_stackoverflow_snippets_for_index/58993471/58993471_2_recent.java_method#1#363
/root/2_github_projects_for_search/corretto/corretto-11/test/jdk/javax/net/ssl/DTLS/DTLSSequenceNumberTest.java_shuffleArray#177#185,/root/3_stackoverflow_snippets_for_index/1520212/1520212_2_recent.java_shuffleArray#19#31
/root/2_github_projects_for_search/corretto/corretto-11/test/jdk/javax/imageio/plugins/bmp/BMPSubsamplingTest.java_create3ByteImage#329#342,/root/3_stackoverflow_snippets_for_index/58617321/58617321_2_recent.java_method#1#17
/root/2_github_projects_for_search/cplutte/bts/org.bbaw.bts.ui.main/src/org/bbaw/bts/ui/main/wizards/newProject/ProjectCollectionPage.java_createTableViewerColumn#204#213,/root/3_stackoverflow_snippets_for_index/13329885/13329885_2_recent.java_method#1#154
/root/2_github_projects_for_search/crazyhitty/munch/mindb/src/main/java/com/crazyhitty/chdev/ks/mindb/DatabaseHelper.java_copyDataBase#56#68,/root/3_stackoverflow_snippets_for_index/9109728/9109728_6_recent.java_copyDataBase#43#54
/root/2_github_projects_for_search/crazyhitty/munch/mindb/src/main/java/com/crazyhitty/chdev/ks/mindb/DatabaseAdapter.java_createDatabase#24#32,/root/3_stackoverflow_snippets_for_index/9109728/9109728_8_133022768.java_createDatabase#18#30
/root/2_github_projects_for_search/cruxframework/crux/crux-dev/src/main/java/org/cruxframework/crux/core/declarativeui/ViewProcessor.java_resolveEntity#257#268,/root/3_stackoverflow_snippets_for_index/41225553/41225553_2_recent.java_method#1#34
/root/2_github_projects_for_search/cryptoguardoss/cryptoguard/src/main/java/util/Utils.java_listf#1209#1222,/root/3_stackoverflow_snippets_for_index/30952083/30952083_2_93280714.java_method#1#31
/root/2_github_projects_for_search/ctripcorp/x-pipe/redis/redis-core/src/test/java/com/ctrip/xpipe/redis/core/client/AsyncNettyClientTest.java_run#133#140,/root/3_stackoverflow_snippets_for_index/59664498/59664498_2_recent.java_method#1#68
/root/2_github_projects_for_search/cymcsg/ultimateandroid/deprecated/UltimateAndroidGradle/demoofui/src/main/java/com/marshalchen/common/demoofui/jsoup/UtilsDemoActivity.java_doInBackground#42#53,/root/3_stackoverflow_snippets_for_index/20276324/20276324_2_recent.java_method#1#12
/root/2_github_projects_for_search/cyriux/mpcmaid/MpcMaid/src/com/mpcmaid/gui/Utils.java_copy#94#106,/root/3_stackoverflow_snippets_for_index/9293885/9293885_2_recent.java_method#1#18
/root/2_github_projects_for_search/daliyan/mykeep/app/src/main/java/akiyama/mykeep/util/AESUtils.java_encrypt#44#50,/root/3_stackoverflow_snippets_for_index/6788456/6788456_2_209269621.java_method#1#15
/root/2_github_projects_for_search/daliyan/mykeep/app/src/main/java/akiyama/mykeep/util/AESUtils.java_decrypt#52#59,/root/3_stackoverflow_snippets_for_index/6788456/6788456_2_209269621.java_method#1#15
/root/2_github_projects_for_search/datastax/dsbulk/tests/src/main/java/com/datastax/oss/dsbulk/tests/utils/FileUtils.java_postVisitDirectory#101#112,/root/3_stackoverflow_snippets_for_index/18454342/18454342_2_recent.java_method#1#29
/root/2_github_projects_for_search/davidwhitlock/portlandstatejava/projects-parent/projects/src/main/java/edu/pdx/cs410J/AbstractLRUMap.java_putAll#62#74,/root/3_stackoverflow_snippets_for_index/29548090/29548090_4_recent.java_method#1#78
/root/2_github_projects_for_search/daxiak/mydiary/app/src/main/java/com/kiminonawa/mydiary/shared/FileManager.java_copy#268#280,/root/3_stackoverflow_snippets_for_index/9293885/9293885_2_recent.java_method#1#18
/root/2_github_projects_for_search/daxiak/mydiary/app/src/main/java/com/kiminonawa/mydiary/entries/DiaryActivity.java_initGoogleAPi#194#202,/root/3_stackoverflow_snippets_for_index/30321780/30321780_2_recent.java_method#1#19
/root/2_github_projects_for_search/deeplearning4j/deeplearning4j/deeplearning4j/deeplearning4j-modelimport/src/main/java/org/deeplearning4j/nn/modelimport/keras/preprocessing/text/KerasTokenizer.java_reverseSortByValues#227#241,/root/3_stackoverflow_snippets_for_index/12738229/12738229_2_30063703.java_sortByValue#5#21
/root/2_github_projects_for_search/deeplearning4j/deeplearning4j/nd4j/nd4j-common/src/main/java/org/nd4j/common/util/InputStreamUtil.java_countLines#36#56,/root/3_stackoverflow_snippets_for_index/453067/453067_2_recent.java_method#1#20
/root/2_github_projects_for_search/dengsinkiang/sk-admin/sk-system/src/main/java/com/dxj/config/ConfigurerAdapter.java_corsFilter#29#39,/root/3_stackoverflow_snippets_for_index/58370217/58370217_2_recent.java_method#1#45
/root/2_github_projects_for_search/denzilferreira/aware-client/aware-core/src/main/java/com/aware/utils/Encrypter.java_encrypt#235#241,/root/3_stackoverflow_snippets_for_index/6788456/6788456_2_209269621.java_method#1#15
/root/2_github_projects_for_search/denzilferreira/aware-client/aware-core/src/main/java/com/aware/utils/Encrypter.java_decrypt#243#249,/root/3_stackoverflow_snippets_for_index/6788456/6788456_2_209269621.java_method#1#15
/root/2_github_projects_for_search/devil-chen/dvmediaselector/library/src/main/java/com/devil/library/camera/util/FileUtil.java_isExternalStorageWritable#63#69,/root/3_stackoverflow_snippets_for_index/52144662/52144662_2_181397043.java_method#1#97
/root/2_github_projects_for_search/devs-immortal/the-aether/src/main/java/net/id/paradiselost/util/UncheckedWriter.java_close#16#23,/root/3_stackoverflow_snippets_for_index/65112087/65112087_2_236114933.java_method#1#14
/root/2_github_projects_for_search/dietzm/gcodeinfo/GCodeInfo/src/de/dietzm/gcodesim/GcodeSimulator.java_openWebpage#655#664,/root/3_stackoverflow_snippets_for_index/10967469/10967469_2_recent.java_method#1#20
/root/2_github_projects_for_search/dnmilne/wikipediaminer/wikipedia-miner-web/src/main/java/org/wikipedia/miner/web/util/CharsetFilter.java_doFilter#22#38,/root/3_stackoverflow_snippets_for_index/138950/138950_6_recent.java_doFilter#15#28
/root/2_github_projects_for_search/dockstore/dockstore/dockstore-webservice/src/main/java/io/dockstore/webservice/resources/rss/RSSWriter.java_createNode#71#82,/root/3_stackoverflow_snippets_for_index/61006461/61006461_2_recent.java_method#1#96
/root/2_github_projects_for_search/dougkeen/bartrunnerandroid/app/src/main/java/com/dougkeen/util/WakeLocker.java_acquire#11#21,/root/3_stackoverflow_snippets_for_index/27287511/27287511_2_79053914.java_method#1#18
/root/2_github_projects_for_search/douglascraigschmidt/livelessons/Folders/ParallelStreams/src/main/resources/works/LiveLessons/Java8/ex25/src/utils/ExceptionUtils.java_rethrowRunnable#57#65,/root/3_stackoverflow_snippets_for_index/27644392/27644392_4_103987644.java_method#1#67
/root/2_github_projects_for_search/douglascraigschmidt/livelessons/Java8/ex25/src/main/java/utils/ExceptionUtils.java_rethrowRunnable#57#65,/root/3_stackoverflow_snippets_for_index/27644392/27644392_4_103987644.java_method#1#67
/root/2_github_projects_for_search/dragome/dragome-sdk/dragome-js-jre/src/main/java/java/util/ComparableTimSort.java_sort#149#193,/root/3_stackoverflow_snippets_for_index/29866762/29866762_2_89013107.java_method#1#40
/root/2_github_projects_for_search/dragome/dragome-sdk/dragome-js-jre/src/main/java/java/util/TimSort.java_sort#176#225,/root/3_stackoverflow_snippets_for_index/29866762/29866762_2_89013107.java_method#1#40
/root/2_github_projects_for_search/dragome/dragome-sdk/dragome-js-jre/src/main/java/java/util/Timer.java_sched#396#424,/root/3_stackoverflow_snippets_for_index/16799135/16799135_10_41317480.java_method#1#23
/root/2_github_projects_for_search/dragome/dragome-sdk/dragome-js-jre/src/main/java/java/io/PrintStream.java_write#80#90,/root/3_stackoverflow_snippets_for_index/55728841/55728841_2_recent.java_method#1#37
/root/2_github_projects_for_search/dragon66/icafe/src/com/icafe4j/test/TestMetadata.java_printMetadata#282#291,/root/3_stackoverflow_snippets_for_index/28458368/28458368_4_recent.java_method#1#35
/root/2_github_projects_for_search/drjia/androidlogcollector/LogCollector/src/com/qihoo/linker/logcollector/utils/LogCollectorUtility.java_isSDcardExsit#71#77,/root/3_stackoverflow_snippets_for_index/52144662/52144662_2_181397043.java_method#1#97
/root/2_github_projects_for_search/dromara/hodor/hodor-common/src/main/java/org/dromara/hodor/common/utils/BytesUtil.java_toHex#148#159,/root/3_stackoverflow_snippets_for_index/60266789/60266789_2_recent.java_method#1#13
/root/2_github_projects_for_search/dsibournemouth/autoweka/weka-3.7.7/src/main/java/weka/core/NormalizableDistance.java_distance#396#463,/root/3_stackoverflow_snippets_for_index/10774468/10774468_2_recent.java_method#1#95
/root/2_github_projects_for_search/dunwu/spring-tutorial/codes/integration/mq/spring-boot-mq-kafka/src/test/java/io/github/dunwu/springboot/SpringKafkaTest.java_createTemplate#82#88,/root/3_stackoverflow_snippets_for_index/58496526/58496526_2_207696359.java_method#1#19
/root/2_github_projects_for_search/ebay/yidb/cms-core/web/src/test/java/com/ebay/cloud/cms/web/RunTestServer.java_run#180#187,/root/3_stackoverflow_snippets_for_index/13731858/13731858_2_recent.java_method#1#19
/root/2_github_projects_for_search/eclipse-cognicrypt/cognicrypt/plugins/de.cognicrypt.staticanalyzer/src/de/cognicrypt/staticanalyzer/view/StatisticsView.java_createTableViewerColumn#219#227,/root/3_stackoverflow_snippets_for_index/13329885/13329885_2_recent.java_method#1#154
/root/2_github_projects_for_search/eclipse-ee4j/yasson/src/main/java/org/eclipse/yasson/internal/properties/Messages.java_newBundle#73#101,/root/3_stackoverflow_snippets_for_index/4429257/4429257_2_9347476.java_newBundle#2#32
/root/2_github_projects_for_search/eclipse-ee4j/jersey/containers/simple-http/src/test/java/org/glassfish/jersey/simple/ParallelTest.java_sleep#65#71,/root/3_stackoverflow_snippets_for_index/12646338/12646338_8_recent.java_run#27#41
/root/2_github_projects_for_search/eclipse-ee4j/jersey/core-server/src/main/java/org/glassfish/jersey/server/filter/RolesAllowedDynamicFeature.java_filter#111#126,/root/3_stackoverflow_snippets_for_index/32484638/32484638_2_recent.java_method#1#63
/root/2_github_projects_for_search/eclipse-ee4j/jersey/connectors/grizzly-connector/src/test/java/org/glassfish/jersey/grizzly/connector/ParallelTest.java_sleep#70#76,/root/3_stackoverflow_snippets_for_index/12646338/12646338_8_recent.java_run#27#41
/root/2_github_projects_for_search/eclipse-ee4j/jersey/connectors/helidon-connector/src/test/java/org/glassfish/jersey/helidon/connector/ParallelTest.java_sleep#69#75,/root/3_stackoverflow_snippets_for_index/12646338/12646338_8_recent.java_run#27#41
/root/2_github_projects_for_search/eclipse-ee4j/jersey/connectors/netty-connector/src/test/java/org/glassfish/jersey/netty/connector/ParallelTest.java_sleep#69#75,/root/3_stackoverflow_snippets_for_index/12646338/12646338_8_recent.java_run#27#41
/root/2_github_projects_for_search/eclipse-jdt/eclipse.jdt.core/org.eclipse.jdt.core.tests.model/workspace/Formatter/test086/A_out.java_isZero#3#13,/root/3_stackoverflow_snippets_for_index/19648723/19648723_1_recent.java_method#1#20
/root/2_github_projects_for_search/eclipse-platform/eclipse.platform.swt/examples/org.eclipse.swt.snippets/src/org/eclipse/swt/snippets/Snippet230.java_main#35#89,/root/3_stackoverflow_snippets_for_index/41588054/41588054_2_recent.java_method#1#64
/root/2_github_projects_for_search/eclipse-platform/eclipse.platform.swt/tests/org.eclipse.swt.tests.gtk/ManualTests/org/eclipse/swt/tests/gtk/snippets/Bug299045_TableLines.java_main#24#102,/root/3_stackoverflow_snippets_for_index/41588054/41588054_2_135725905.java_method#1#65
/root/2_github_projects_for_search/eclipse-platform/eclipse.platform.swt/tests/org.eclipse.swt.tests.gtk/ManualTests/org/eclipse/swt/tests/gtk/snippets/Bug528691_StyledTextNull.java_main#32#51,/root/3_stackoverflow_snippets_for_index/56297618/56297618_2_recent.java_main#6#49
/root/2_github_projects_for_search/eclipse/deeplearning4j/deeplearning4j/deeplearning4j-modelimport/src/main/java/org/deeplearning4j/nn/modelimport/keras/preprocessing/text/KerasTokenizer.java_reverseSortByValues#227#241,/root/3_stackoverflow_snippets_for_index/12738229/12738229_2_30063703.java_sortByValue#5#21
/root/2_github_projects_for_search/eclipse/deeplearning4j/nd4j/nd4j-common/src/main/java/org/nd4j/common/util/InputStreamUtil.java_countLines#36#56,/root/3_stackoverflow_snippets_for_index/453067/453067_2_recent.java_method#1#20
/root/2_github_projects_for_search/eclipse/packagedrone/testing/server-test/src/test/java/org/eclipse/packagedrone/testing/server/TestSuite.java_stopClient#129#136,/root/3_stackoverflow_snippets_for_index/59664498/59664498_2_recent.java_method#1#68
/root/2_github_projects_for_search/elastic/elasticsearch/server/src/test/java/org/elasticsearch/cluster/service/TaskExecutorTests.java_run#193#200,/root/3_stackoverflow_snippets_for_index/33561612/33561612_2_recent.java_method#1#33
/root/2_github_projects_for_search/elunez/eladmin/eladmin-system/src/main/java/me/zhengjie/config/ConfigurerAdapter.java_corsFilter#52#62,/root/3_stackoverflow_snippets_for_index/58370217/58370217_2_recent.java_method#1#45
/root/2_github_projects_for_search/emmanuelbernard/hibernate-core-ogm/hibernate-core/src/matrix/java/org/hibernate/test/mappingexception/MappingExceptionTest.java_copy#245#256,/root/3_stackoverflow_snippets_for_index/9293885/9293885_2_recent.java_method#1#18
/root/2_github_projects_for_search/encryptedsystems/clusion/src/main/java/org/crypto/sse/TextProc.java_listf#86#98,/root/3_stackoverflow_snippets_for_index/14676464/14676464_2_recent.java_method#1#15
/root/2_github_projects_for_search/essexuniversitymcts/gvgai/clients/GVGAI-JavaClient/src/utils/com/google/gson/Gson.java_read#279#285,/root/3_stackoverflow_snippets_for_index/24127188/24127188_2_recent.java_method#1#32
/root/2_github_projects_for_search/essexuniversitymcts/gvgai/clients/GVGAI-JavaClient/src/utils/com/google/gson/Gson.java_read#335#341,/root/3_stackoverflow_snippets_for_index/24127188/24127188_2_recent.java_method#1#32
/root/2_github_projects_for_search/essexuniversitymcts/gvgai/clients/GVGAI-JavaClient/src/utils/com/google/gson/internal/bind/TypeAdapters.java_read#330#337,/root/3_stackoverflow_snippets_for_index/24127188/24127188_2_recent.java_method#1#32
/root/2_github_projects_for_search/essexuniversitymcts/gvgai/clients/GVGAI-JavaClient/src/utils/com/google/gson/internal/bind/TypeAdapters.java_read#794#800,/root/3_stackoverflow_snippets_for_index/24127188/24127188_2_recent.java_method#1#32
/root/2_github_projects_for_search/essexuniversitymcts/gvgai/src/tools/com/google/gson/Gson.java_read#279#285,/root/3_stackoverflow_snippets_for_index/24127188/24127188_2_recent.java_method#1#32
/root/2_github_projects_for_search/essexuniversitymcts/gvgai/src/tools/com/google/gson/Gson.java_read#335#341,/root/3_stackoverflow_snippets_for_index/24127188/24127188_2_recent.java_method#1#32
/root/2_github_projects_for_search/essexuniversitymcts/gvgai/src/tools/com/google/gson/internal/bind/TypeAdapters.java_read#330#337,/root/3_stackoverflow_snippets_for_index/24127188/24127188_2_recent.java_method#1#32
/root/2_github_projects_for_search/essexuniversitymcts/gvgai/src/tools/com/google/gson/internal/bind/TypeAdapters.java_read#794#800,/root/3_stackoverflow_snippets_for_index/24127188/24127188_2_recent.java_method#1#32
/root/2_github_projects_for_search/eternita/frontcache/frontcache-console/src/main/java/org/frontcache/console/config/WebMVCConfig.java_viewResolver#88#96,/root/3_stackoverflow_snippets_for_index/52148106/52148106_4_181012547.java_method#1#13
/root/2_github_projects_for_search/eternita/frontcache/examples/frontcache-spring/src/main/java/org/frontcache/example/WebConfig.java_viewResolver#27#33,/root/3_stackoverflow_snippets_for_index/52148106/52148106_4_181012547.java_method#1#13
/root/2_github_projects_for_search/eugenp/tutorials/libraries-server/src/main/java/com/baeldung/netty/NettyServer.java_run#30#48,/root/3_stackoverflow_snippets_for_index/34717151/34717151_6_recent.java_method#1#60
/root/2_github_projects_for_search/eugenp/tutorials/spring-boot-modules/spring-boot-properties/src/main/java/com/baeldung/properties/spring/PropertySourcesPlaceholderConfig.java_properties#15#22,/root/3_stackoverflow_snippets_for_index/13730854/13730854_2_recent.java_method#1#10
/root/2_github_projects_for_search/eugenp/tutorials/core-java-modules/core-java-nio/src/test/java/com/baeldung/async/AsyncEchoClient.java_start#40#46,/root/3_stackoverflow_snippets_for_index/53360610/53360610_4_186072235.java_method#1#12
/root/2_github_projects_for_search/eugenp/tutorials/core-java-modules/core-java-date-operations-2/src/main/java/com/baeldung/skipweekends/AddSubtractDaysSkippingWeekendsUtils.java_addDaysSkippingWeekends#8#18,/root/3_stackoverflow_snippets_for_index/33943576/33943576_2_175039647.java_method#1#15
/root/2_github_projects_for_search/eugenp/tutorials/core-java-modules/core-java-security-2/src/main/java/com/baeldung/passwordhashing/SHA512Hasher.java_hash#13#29,/root/3_stackoverflow_snippets_for_index/33085670/33085670_2_recent.java_method#1#20
/root/2_github_projects_for_search/eugenp/tutorials/core-java-modules/core-java-9-streams/src/main/java/com/baeldung/streams/breakforeach/CustomSpliterator.java_tryAdvance#20#30,/root/3_stackoverflow_snippets_for_index/20765715/20765715_2_recent.java_method#1#22
/root/2_github_projects_for_search/eugenp/tutorials/spring-4/src/test/java/com/baeldung/spring43/attributeannotations/AttributeAnnotationConfiguration.java_viewResolver#17#23,/root/3_stackoverflow_snippets_for_index/52148106/52148106_4_181012547.java_method#1#13
/root/2_github_projects_for_search/eugenp/tutorials/spring-4/src/test/java/com/baeldung/spring43/scopeannotations/ScopeAnnotationsConfiguration.java_viewResolver#15#21,/root/3_stackoverflow_snippets_for_index/52148106/52148106_4_181012547.java_method#1#13
/root/2_github_projects_for_search/eugenp/tutorials/spring-4/src/test/java/com/baeldung/spring43/composedmapping/ComposedMappingConfiguration.java_viewResolver#24#30,/root/3_stackoverflow_snippets_for_index/52148106/52148106_4_181012547.java_method#1#13
/root/2_github_projects_for_search/evgenyzinoviev/gravitydefied/src/org/happysanta/gd/Storage/LevelsManager.java_isExternalStorageWritable#422#428,/root/3_stackoverflow_snippets_for_index/52144662/52144662_2_181397043.java_method#1#97
/root/2_github_projects_for_search/evgenyzinoviev/gravitydefied/src/org/happysanta/gd/Storage/LevelsManager.java_copy#456#468,/root/3_stackoverflow_snippets_for_index/9293885/9293885_2_recent.java_method#1#18
/root/2_github_projects_for_search/evosuite/evosuite/master/src/test/java/com/examples/with/different/packagename/staticfield/StaticBlockCoverage.java_coverMe#24#30,/root/3_stackoverflow_snippets_for_index/19648723/19648723_1_recent.java_method#1#20
/root/2_github_projects_for_search/evosuite/evosuite/plugins/maven-test/projects/CoverageModule/src/main/java/org/maven_test_project/cm/SimpleClass.java_isPositive#24#30,/root/3_stackoverflow_snippets_for_index/19648723/19648723_1_recent.java_method#1#20
/root/2_github_projects_for_search/evosuite/evosuite/plugins/maven-test/projects/SimpleModule/src/main/java/org/maven_test_project/sm/SimpleClass.java_isPositive#24#30,/root/3_stackoverflow_snippets_for_index/19648723/19648723_1_recent.java_method#1#20
/root/2_github_projects_for_search/evosuite/evosuite/plugins/maven-test/projects/ModuleWithOneDependency/src/main/java/org/maven_test_project/mwod/OneDependencyClass.java_isPositive#28#34,/root/3_stackoverflow_snippets_for_index/19648723/19648723_1_recent.java_method#1#20
/root/2_github_projects_for_search/evosuite/evosuite/plugins/gradle/gradle-test-projects/SimpleProject/src/main/java/org/gradle_test_project/sm/SimpleClass.java_isPositive#24#30,/root/3_stackoverflow_snippets_for_index/19648723/19648723_1_recent.java_method#1#20
/root/2_github_projects_for_search/f117-sercet/qztc-mall/Mall/Mall-admin/src/main/java/com/dsc/mall/config/GlobalCorsConfig.java_corsFilter#20#34,/root/3_stackoverflow_snippets_for_index/58370217/58370217_2_recent.java_method#1#45
/root/2_github_projects_for_search/facebook/fresco/fbcore/src/main/java/com/facebook/common/internal/ByteStreams.java_copy#53#67,/root/3_stackoverflow_snippets_for_index/54298032/54298032_2_190009745.java_copy#52#65
/root/2_github_projects_for_search/fanhongtao/jdk/src/java/util/ComparableTimSort.java_sort#149#193,/root/3_stackoverflow_snippets_for_index/29866762/29866762_2_89013107.java_method#1#40
/root/2_github_projects_for_search/fanhongtao/jdk/src/java/util/TimSort.java_sort#176#225,/root/3_stackoverflow_snippets_for_index/29866762/29866762_2_89013107.java_method#1#40
/root/2_github_projects_for_search/fanhongtao/jdk/src/java/util/HashMap.java_HashIterator#911#918,/root/3_stackoverflow_snippets_for_index/3870210/3870210_4_recent.java_method#1#29
/root/2_github_projects_for_search/fanhongtao/jdk/src/java/util/Timer.java_sched#386#412,/root/3_stackoverflow_snippets_for_index/16799135/16799135_10_41317480.java_method#1#23
/root/2_github_projects_for_search/fanhongtao/jdk/src/java/nio/DirectByteBuffer.java_DirectByteBuffer#117#144,/root/3_stackoverflow_snippets_for_index/50578162/50578162_2_recent.java_method#1#22
/root/2_github_projects_for_search/fanhongtao/jdk/src/javax/swing/plaf/metal/MetalTabbedPaneUI.java_update#719#725,/root/3_stackoverflow_snippets_for_index/45774144/45774144_4_recent.java_method#1#21
/root/2_github_projects_for_search/fanhongtao/jdk/src/javax/swing/plaf/basic/BasicTableHeaderUI.java_mouseClicked#99#116,/root/3_stackoverflow_snippets_for_index/54119640/54119640_4_189259651.java_mouseClicked#10#26
/root/2_github_projects_for_search/fesch/canze/app/src/main/java/lu/fisch/canze/widgets/Label.java_Label#39#45,/root/3_stackoverflow_snippets_for_index/9709606/9709606_2_recent.java_method#1#19
/root/2_github_projects_for_search/fesch/canze/app/src/main/java/lu/fisch/awt/Rectangle.java_Rectangle#32#38,/root/3_stackoverflow_snippets_for_index/9709606/9709606_2_recent.java_method#1#19
/root/2_github_projects_for_search/firebase/snippets-android/firestore/app/src/main/java/com/google/example/firestore/DocSnippets.java_addAdaLovelace#147#171,/root/3_stackoverflow_snippets_for_index/59394165/59394165_2_211463641.java_method#1#26
/root/2_github_projects_for_search/flyve-mdm/android-mdm-agent/app/src/main/java/org/flyve/mdm/agent/utils/StorageFolder.java_isExternalStorageReadable#208#215,/root/3_stackoverflow_snippets_for_index/52144662/52144662_2_181397043.java_method#1#97
/root/2_github_projects_for_search/foxinmy/weixin4j/weixin4j-base/src/main/java/com/foxinmy/weixin4j/http/support/okhttp/OkHttpClient2.java_writeTo#134#143,/root/3_stackoverflow_snippets_for_index/41251473/41251473_6_recent.java_method#1#20
/root/2_github_projects_for_search/freedomotic/freedomotic/framework/freedomotic-core/src/main/java/com/freedomotic/i18n/I18nImpl.java_newBundle#184#217,/root/3_stackoverflow_snippets_for_index/4429257/4429257_2_9347476.java_newBundle#2#32
/root/2_github_projects_for_search/freedomotic/freedomotic/plugins/legacy/bluetooth-id/src/main/java/com/freedomotic/plugins/devices/bluetooth_id/BluetoothID.java_saveImage#91#105,/root/3_stackoverflow_snippets_for_index/59823215/59823215_2_recent.java_method#1#17
/root/2_github_projects_for_search/freeplane/freeplane/freeplane_plugin_script/src/main/java/org/freeplane/plugin/script/PrecompiledClasses.java_createNode#115#133,/root/3_stackoverflow_snippets_for_index/61006461/61006461_2_recent.java_method#1#96
/root/2_github_projects_for_search/funwayguy/betterquesting/src/main/java/betterquesting/api2/client/gui/misc/GuiRectangle.java_GuiRectangle#15#22,/root/3_stackoverflow_snippets_for_index/63631995/63631995_6_recent.java_method#1#110
/root/2_github_projects_for_search/geoodk/collect/app/src/main/java/com/geoodk/collect/android/widgets/AutoCompleteWidget.java_publishResults#290#301,/root/3_stackoverflow_snippets_for_index/19876516/19876516_2_recent.java_method#1#33
/root/2_github_projects_for_search/geoodk/collect/app/src/main/java/com/geoodk/collect/android/preferences/AggregatePreferencesActivity.java_filter#155#163,/root/3_stackoverflow_snippets_for_index/55003173/55003173_2_recent.java_method#1#12
/root/2_github_projects_for_search/getodk/collect/collect_app/src/main/java/org/odk/collect/android/preferences/filters/WhitespaceFilter.java_filter#10#18,/root/3_stackoverflow_snippets_for_index/55003173/55003173_2_recent.java_method#1#12
/root/2_github_projects_for_search/giginet/ccsocialshare/CCSocialShare/android/java/src/org/kawaz/socialshare/SocialShare.java_copyFile#91#102,/root/3_stackoverflow_snippets_for_index/9293885/9293885_2_recent.java_method#1#18
/root/2_github_projects_for_search/giloutho/logfly5/src/main/java/littlewins/winAirDraw.java_startEdit#257#266,/root/3_stackoverflow_snippets_for_index/32164598/32164598_8_recent.java_method#1#15
/root/2_github_projects_for_search/gitlab4j/gitlab4j-api/src/main/java/org/gitlab4j/api/utils/JacksonJson.java_serialize#305#317,/root/3_stackoverflow_snippets_for_index/22918204/22918204_2_62450522.java_serialize#3#14
/root/2_github_projects_for_search/gluufederation/oxtrust/server/src/main/java/org/gluu/oxtrust/util/RecaptchaUtil.java_isCaptchaValid#69#87,/root/3_stackoverflow_snippets_for_index/47622507/47622507_4_196832552.java_method#1#29
/root/2_github_projects_for_search/gmu-swe/phosphor/Phosphor/src/main/java/edu/columbia/cs/psl/phosphor/struct/harmony/util/ConcurrentHashMap.java_put#419#448,/root/3_stackoverflow_snippets_for_index/19340685/19340685_2_49198640.java_method#1#30
/root/2_github_projects_for_search/google/wycheproof/java/com/google/security/wycheproof/testcases/DhiesTest.java_ike2048#61#78,/root/3_stackoverflow_snippets_for_index/60565131/60565131_4_recent.java_method#1#18
/root/2_github_projects_for_search/google/data-transfer-project/extensions/data-transfer/portability-data-transfer-koofr/src/main/java/org/datatransferproject/transfer/koofr/common/InputStreamRequestBody.java_writeTo#34#45,/root/3_stackoverflow_snippets_for_index/41251473/41251473_6_134298162.java_method#1#20
/root/2_github_projects_for_search/google/j2objc/jre_emul/openjdk/src/share/classes/java/math/BigDecimal.java_divide#5196#5208,/root/3_stackoverflow_snippets_for_index/29330741/29330741_6_86929181.java_method#1#13
/root/2_github_projects_for_search/google/j2objc/jre_emul/openjdk/src/share/classes/java/math/BigDecimal.java_divide#5210#5222,/root/3_stackoverflow_snippets_for_index/29330741/29330741_6_86929181.java_method#1#13
/root/2_github_projects_for_search/google/j2objc/jre_emul/android/platform/libcore/ojluni/src/main/java/java/util/ComparableTimSort.java_sort#179#224,/root/3_stackoverflow_snippets_for_index/29866762/29866762_2_89013107.java_method#1#40
/root/2_github_projects_for_search/google/j2objc/jre_emul/android/platform/libcore/ojluni/src/main/java/java/util/TimSort.java_sort#210#256,/root/3_stackoverflow_snippets_for_index/29866762/29866762_2_89013107.java_method#1#40
/root/2_github_projects_for_search/google/j2objc/jre_emul/android/platform/libcore/ojluni/src/main/java/java/util/HashMap.java_putMapEntries#505#523,/root/3_stackoverflow_snippets_for_index/46830988/46830988_4_158689916.java_method#1#19
/root/2_github_projects_for_search/google/j2objc/jre_emul/android/platform/libcore/ojluni/src/main/java/java/util/Timer.java_sched#388#414,/root/3_stackoverflow_snippets_for_index/16799135/16799135_10_41317480.java_method#1#23
/root/2_github_projects_for_search/google/j2objc/jre_emul/android/platform/libcore/ojluni/src/main/java/java/util/stream/ReferencePipeline.java_flatMap#252#277,/root/3_stackoverflow_snippets_for_index/29230939/29230939_4_201996375.java_method#1#25
/root/2_github_projects_for_search/google/j2objc/jre_emul/android/platform/libcore/ojluni/src/main/java/java/util/stream/ReferencePipeline.java_opWrapSink#258#275,/root/3_stackoverflow_snippets_for_index/29230939/29230939_4_201996375.java_method#1#25
/root/2_github_projects_for_search/google/gson/gson/src/main/java/com/google/gson/Gson.java_read#403#409,/root/3_stackoverflow_snippets_for_index/24127188/24127188_2_recent.java_method#1#32
/root/2_github_projects_for_search/google/gson/gson/src/main/java/com/google/gson/Gson.java_read#462#468,/root/3_stackoverflow_snippets_for_index/24127188/24127188_2_recent.java_method#1#32
/root/2_github_projects_for_search/google/gson/gson/src/main/java/com/google/gson/internal/bind/TypeAdapters.java_read#369#376,/root/3_stackoverflow_snippets_for_index/24127188/24127188_2_recent.java_method#1#32
/root/2_github_projects_for_search/google/cdep/cdep/src/main/java/io/cdep/cdep/utils/ArchiveUtils.java_visitFile#83#89,/root/3_stackoverflow_snippets_for_index/57997601/57997601_2_recent.java_method#1#22
/root/2_github_projects_for_search/google/guava/android/guava/src/com/google/common/base/Splitter.java_computeNext#555#620,/root/3_stackoverflow_snippets_for_index/30942772/30942772_4_recent.java_method#1#62
/root/2_github_projects_for_search/google/guava/guava/src/com/google/common/base/Splitter.java_computeNext#572#637,/root/3_stackoverflow_snippets_for_index/30942772/30942772_4_recent.java_method#1#62
/root/2_github_projects_for_search/googleapis/google-http-java-client/google-http-client/src/main/java/com/google/api/client/util/ByteStreams.java_copy#42#56,/root/3_stackoverflow_snippets_for_index/54298032/54298032_2_190009745.java_copy#52#65
/root/2_github_projects_for_search/googlecreativelab/landmarker/app/src/main/java/com/androidexperiments/landmarker/MainActivity.java_buildGoogleApiClient#131#137,/root/3_stackoverflow_snippets_for_index/28039909/28039909_2_recent.java_method#1#13
/root/2_github_projects_for_search/googlesamples/io2015-codelabs/geofence/GeoFenceCodeLab/app/src/main/java/com/lmoroney/geofencecodelab/MainActivity.java_buildGoogleApiClient#59#65,/root/3_stackoverflow_snippets_for_index/28039909/28039909_2_recent.java_method#1#13
/root/2_github_projects_for_search/grahamar/cron-parser/cron-parser-core/src/main/java/net/redhogs/cronparser/I18nMessages.java_newBundle#35#62,/root/3_stackoverflow_snippets_for_index/4429257/4429257_2_9347476.java_newBundle#2#32
/root/2_github_projects_for_search/grakic/jfreesteel/eidviewer/src/main/java/net/devbase/jfreesteel/viewer/EidViewer.java_main#134#140,/root/3_stackoverflow_snippets_for_index/6702420/6702420_2_89518975.java_main#9#18
/root/2_github_projects_for_search/graxcode/jbytemod-beta/src/main/java/me/grax/jbytemod/ui/dialogue/ClassDialogue.java_insertString#785#793,/root/3_stackoverflow_snippets_for_index/3519182/3519182_2_7342658.java_method#1#17
/root/2_github_projects_for_search/grpc-nebula/grpc-nebula-java/core/src/main/java/io/grpc/internal/IoUtils.java_copy#40#55,/root/3_stackoverflow_snippets_for_index/54298032/54298032_2_190009745.java_copy#52#65
/root/2_github_projects_for_search/grpc-nebula/grpc-nebula-java/services/src/main/java/io/grpc/services/BinaryLogProvider.java_copy#177#192,/root/3_stackoverflow_snippets_for_index/54298032/54298032_2_190009745.java_copy#52#65
/root/2_github_projects_for_search/grpc-nebula/grpc-nebula-java/protobuf-nano/src/main/java/io/grpc/protobuf/nano/NanoUtils.java_copy#84#98,/root/3_stackoverflow_snippets_for_index/54298032/54298032_2_190009745.java_copy#52#65
/root/2_github_projects_for_search/grpc-nebula/grpc-nebula-java/protobuf-lite/src/main/java/io/grpc/protobuf/lite/ProtoLiteUtils.java_copy#98#113,/root/3_stackoverflow_snippets_for_index/54298032/54298032_2_190009745.java_copy#52#65
/root/2_github_projects_for_search/grpc/grpc-java/gcp-observability/src/test/java/io/grpc/gcp/observability/interceptors/LogHelperTest.java_copy#782#797,/root/3_stackoverflow_snippets_for_index/54298032/54298032_2_190009745.java_copy#52#65
/root/2_github_projects_for_search/grpc/grpc-java/services/src/main/java/io/grpc/protobuf/services/BinaryLogProvider.java_copy#177#192,/root/3_stackoverflow_snippets_for_index/54298032/54298032_2_190009745.java_copy#52#65
/root/2_github_projects_for_search/h-mdm/hmdm-server/common/src/main/java/com/hmdm/util/ResourceBundleUTF8Control.java_newBundle#47#75,/root/3_stackoverflow_snippets_for_index/4429257/4429257_2_9347476.java_newBundle#2#32
/root/2_github_projects_for_search/h819/spring-boot/spring-boot-webapp/src/main/java/com/base/spring/utils/Test.java_copyBeanProperties#89#98,/root/3_stackoverflow_snippets_for_index/5079864/5079864_2_136918794.java_method#1#13
/root/2_github_projects_for_search/hak5/usbrubberducky-payloads/payloads/library/remote_access/duckNet/Encoder/src/Encoder_GUI.java_main#47#55,/root/3_stackoverflow_snippets_for_index/6702420/6702420_2_89518975.java_main#9#18
/root/2_github_projects_for_search/hantsy/quarkus-sample/post-service/src/main/java/com/example/web/StreamBodyWriter.java_writeTo#35#50,/root/3_stackoverflow_snippets_for_index/29226591/29226591_2_recent.java_method#1#30
/root/2_github_projects_for_search/hapjs-platform/hapjs/core/runtime/android/widgets/src/main/java/org/hapjs/widgets/input/Edit.java_publishResults#1037#1045,/root/3_stackoverflow_snippets_for_index/19876516/19876516_2_recent.java_method#1#33
/root/2_github_projects_for_search/hapjs-platform/hapjs/core/runtime/android/runtime/src/main/java/org/hapjs/common/utils/MediaUtils.java_isExternalStorageWritable#142#148,/root/3_stackoverflow_snippets_for_index/52144662/52144662_2_181397043.java_method#1#97
/root/2_github_projects_for_search/haptic-apps/slide/app/src/main/java/me/ccrama/redditslide/util/DrawableUtil.java_drawCanvas#44#50,/root/3_stackoverflow_snippets_for_index/27436796/27436796_2_recent.java_method#1#69
/root/2_github_projects_for_search/haulmont/jmix-core/jmix-reports/reports/src/main/java/io/jmix/reports/util/ReportsUtils.java_truncateToTime#95#102,/root/3_stackoverflow_snippets_for_index/36494384/36494384_1_174279059.java_method#1#14
/root/2_github_projects_for_search/hidroh/materialistic/app/src/main/java/io/github/hidroh/materialistic/Preferences.java_migrate#97#111,/root/3_stackoverflow_snippets_for_index/41800354/41800354_2_recent.java_method#1#82
/root/2_github_projects_for_search/hiwepy/spring-boot-starter-samples/spring-boot-sample-pf4j/src/main/java/ro/fortsoft/pf4j/spring/boot/Pf4jApplication.java_run#32#57,/root/3_stackoverflow_snippets_for_index/60123437/60123437_2_recent.java_method#1#12
/root/2_github_projects_for_search/hmkcode/android/android-get-last-location-fused-api/src/com/hmkcode/locations/MainActivity.java_buildGoogleApiClient#66#72,/root/3_stackoverflow_snippets_for_index/28039909/28039909_2_recent.java_method#1#13
/root/2_github_projects_for_search/huanghongxun/hmcl/HMCL/src/main/java/org/jackhuang/hmcl/util/i18n/UTF8Control.java_newBundle#37#65,/root/3_stackoverflow_snippets_for_index/4429257/4429257_2_9347476.java_newBundle#2#32
/root/2_github_projects_for_search/huawei-hadoop/hindex/src/test/java/org/apache/hadoop/hbase/procedure/TestZKProcedure.java_answer#292#299,/root/3_stackoverflow_snippets_for_index/59239733/59239733_4_210806800.java_method#1#16
/root/2_github_projects_for_search/hudson/hudson-2.x/hudson-remoting/src/main/java/hudson/remoting/ProxyOutputStream.java_run#264#270,/root/3_stackoverflow_snippets_for_index/50738131/50738131_2_recent.java_run#3#30
/root/2_github_projects_for_search/hugegraph/hugegraph-loader/hugegraph-hubble/hubble-be/src/main/java/org/apache/hugegraph/config/GlobalCorsConfig.java_corsFilter#30#44,/root/3_stackoverflow_snippets_for_index/58370217/58370217_2_recent.java_method#1#45
/root/2_github_projects_for_search/ibmruntimes/openj9-openjdk-jdk8/jdk/src/share/demo/jfc/SwingApplet/SwingApplet.java_init#74#91,/root/3_stackoverflow_snippets_for_index/13462440/13462440_6_32050882.java_init#30#44
/root/2_github_projects_for_search/ibmruntimes/openj9-openjdk-jdk8/jdk/src/share/classes/sun/security/tools/keytool/Main.java_toHexString#3371#3381,/root/3_stackoverflow_snippets_for_index/58993471/58993471_2_recent.java_method#1#363
/root/2_github_projects_for_search/ibmruntimes/openj9-openjdk-jdk8/jdk/src/share/classes/java/util/ComparableTimSort.java_sort#179#224,/root/3_stackoverflow_snippets_for_index/29866762/29866762_2_89013107.java_method#1#40
/root/2_github_projects_for_search/ibmruntimes/openj9-openjdk-jdk8/jdk/src/share/classes/java/util/TimSort.java_sort#210#256,/root/3_stackoverflow_snippets_for_index/29866762/29866762_2_89013107.java_method#1#40
/root/2_github_projects_for_search/ibmruntimes/openj9-openjdk-jdk8/jdk/src/share/classes/java/util/HashMap.java_putMapEntries#501#519,/root/3_stackoverflow_snippets_for_index/46830988/46830988_4_158689916.java_method#1#19
/root/2_github_projects_for_search/ibmruntimes/openj9-openjdk-jdk8/jdk/src/share/classes/java/util/Timer.java_sched#386#412,/root/3_stackoverflow_snippets_for_index/16799135/16799135_10_41317480.java_method#1#23
/root/2_github_projects_for_search/ibmruntimes/openj9-openjdk-jdk8/jdk/src/share/classes/java/math/BigDecimal.java_divide#5291#5303,/root/3_stackoverflow_snippets_for_index/29330741/29330741_6_86929181.java_method#1#13
/root/2_github_projects_for_search/ibmruntimes/openj9-openjdk-jdk8/jdk/src/share/classes/java/math/BigDecimal.java_divide#5305#5317,/root/3_stackoverflow_snippets_for_index/29330741/29330741_6_86929181.java_method#1#13
/root/2_github_projects_for_search/ibmruntimes/openj9-openjdk-jdk8/jdk/src/share/classes/javax/swing/plaf/metal/MetalTabbedPaneUI.java_update#719#725,/root/3_stackoverflow_snippets_for_index/45774144/45774144_4_recent.java_method#1#21
/root/2_github_projects_for_search/ibmruntimes/openj9-openjdk-jdk8/jdk/src/share/classes/javax/swing/plaf/basic/BasicTableHeaderUI.java_mouseClicked#99#116,/root/3_stackoverflow_snippets_for_index/54119640/54119640_4_189259651.java_mouseClicked#10#26
/root/2_github_projects_for_search/ibmruntimes/openj9-openjdk-jdk8/jdk/test/sun/security/pkcs11/tls/TestLeadingZeroesP11.java_toHexString#124#136,/root/3_stackoverflow_snippets_for_index/58993471/58993471_2_recent.java_method#1#363
/root/2_github_projects_for_search/ibmruntimes/openj9-openjdk-jdk8/jdk/test/sun/security/x509/X500Name/DerValueConstructor.java_toHexString#119#131,/root/3_stackoverflow_snippets_for_index/58993471/58993471_2_recent.java_method#1#363
/root/2_github_projects_for_search/ibmruntimes/openj9-openjdk-jdk8/jdk/test/jdk/jfr/jcmd/TestJcmdStartWithSettings.java_run#167#176,/root/3_stackoverflow_snippets_for_index/64938483/64938483_2_recent.java_method#1#68
/root/2_github_projects_for_search/ibmruntimes/openj9-openjdk-jdk8/jdk/test/java/awt/im/6396526/IMLookAndFeel.java_main#68#76,/root/3_stackoverflow_snippets_for_index/6702420/6702420_2_89518975.java_main#9#18
/root/2_github_projects_for_search/ibmruntimes/openj9-openjdk-jdk8/jdk/test/com/sun/crypto/provider/KeyAgreement/DHKeyAgreement2.java_toHexString#271#283,/root/3_stackoverflow_snippets_for_index/58993471/58993471_2_recent.java_method#1#363
/root/2_github_projects_for_search/ibmruntimes/openj9-openjdk-jdk8/jdk/test/com/sun/crypto/provider/KeyAgreement/DHKeyAgreement3.java_toHexString#178#190,/root/3_stackoverflow_snippets_for_index/58993471/58993471_2_recent.java_method#1#363
/root/2_github_projects_for_search/ibmruntimes/openj9-openjdk-jdk8/jdk/test/com/sun/crypto/provider/Cipher/Blowfish/BlowfishTestVector.java_toHexString#133#145,/root/3_stackoverflow_snippets_for_index/58993471/58993471_2_recent.java_method#1#363
/root/2_github_projects_for_search/ibmruntimes/openj9-openjdk-jdk8/jdk/test/com/sun/crypto/provider/TLS/TestLeadingZeroes.java_toHexString#130#142,/root/3_stackoverflow_snippets_for_index/58993471/58993471_2_recent.java_method#1#363
/root/2_github_projects_for_search/ibmruntimes/openj9-openjdk-jdk8/jdk/test/javax/imageio/plugins/bmp/BMPSubsamplingTest.java_create3ByteImage#329#342,/root/3_stackoverflow_snippets_for_index/58617321/58617321_2_recent.java_method#1#17
/root/2_github_projects_for_search/ibmruntimes/openj9-openjdk-jdk11/src/java.desktop/share/classes/javax/swing/plaf/metal/MetalTabbedPaneUI.java_update#809#815,/root/3_stackoverflow_snippets_for_index/45774144/45774144_4_recent.java_method#1#21
/root/2_github_projects_for_search/ibmruntimes/openj9-openjdk-jdk11/src/java.base/share/classes/sun/security/tools/keytool/Main.java_toHexString#3720#3730,/root/3_stackoverflow_snippets_for_index/58993471/58993471_2_recent.java_method#1#363
/root/2_github_projects_for_search/ibmruntimes/openj9-openjdk-jdk11/src/java.base/share/classes/java/util/ComparableTimSort.java_sort#179#224,/root/3_stackoverflow_snippets_for_index/29866762/29866762_2_89013107.java_method#1#40
/root/2_github_projects_for_search/ibmruntimes/openj9-openjdk-jdk11/src/java.base/share/classes/java/util/TimSort.java_sort#210#256,/root/3_stackoverflow_snippets_for_index/29866762/29866762_2_89013107.java_method#1#40
/root/2_github_projects_for_search/ibmruntimes/openj9-openjdk-jdk11/src/java.base/share/classes/java/util/HashMap.java_putMapEntries#496#514,/root/3_stackoverflow_snippets_for_index/46830988/46830988_4_158689916.java_method#1#19
/root/2_github_projects_for_search/ibmruntimes/openj9-openjdk-jdk11/src/java.base/share/classes/java/util/Random.java_seedUniquifier#108#117,/root/3_stackoverflow_snippets_for_index/62919983/62919983_2_recent.java_method#1#17
/root/2_github_projects_for_search/ibmruntimes/openj9-openjdk-jdk11/src/java.base/share/classes/java/util/Timer.java_sched#421#447,/root/3_stackoverflow_snippets_for_index/16799135/16799135_10_41317480.java_method#1#23
/root/2_github_projects_for_search/ibmruntimes/openj9-openjdk-jdk11/src/java.base/share/classes/java/math/BigDecimal.java_divide#5731#5743,/root/3_stackoverflow_snippets_for_index/29330741/29330741_6_86929181.java_method#1#13
/root/2_github_projects_for_search/ibmruntimes/openj9-openjdk-jdk11/src/java.base/share/classes/java/math/BigDecimal.java_divide#5745#5757,/root/3_stackoverflow_snippets_for_index/29330741/29330741_6_86929181.java_method#1#13
/root/2_github_projects_for_search/ibmruntimes/openj9-openjdk-jdk11/test/jdk/sun/security/pkcs11/PKCS11Test.java_byte2hex#126#133,/root/3_stackoverflow_snippets_for_index/58993471/58993471_2_recent.java_method#1#363
/root/2_github_projects_for_search/ibmruntimes/openj9-openjdk-jdk11/test/jdk/sun/security/pkcs11/PKCS11Test.java_toHexString#134#146,/root/3_stackoverflow_snippets_for_index/58993471/58993471_2_recent.java_method#1#363
/root/2_github_projects_for_search/ibmruntimes/openj9-openjdk-jdk11/test/jdk/sun/security/x509/X500Name/DerValueConstructor.java_toHexString#121#133,/root/3_stackoverflow_snippets_for_index/58993471/58993471_2_recent.java_method#1#363
/root/2_github_projects_for_search/ibmruntimes/openj9-openjdk-jdk11/test/jdk/jdk/jfr/jcmd/TestJcmdStartWithSettings.java_run#167#176,/root/3_stackoverflow_snippets_for_index/64938483/64938483_2_recent.java_method#1#68
/root/2_github_projects_for_search/ibmruntimes/openj9-openjdk-jdk11/test/jdk/java/awt/im/6396526/IMLookAndFeel.java_main#69#77,/root/3_stackoverflow_snippets_for_index/6702420/6702420_2_89518975.java_main#9#18
/root/2_github_projects_for_search/ibmruntimes/openj9-openjdk-jdk11/test/jdk/com/sun/crypto/provider/KeyAgreement/DHKeyAgreementPadding.java_toHexString#89#99,/root/3_stackoverflow_snippets_for_index/58993471/58993471_2_recent.java_method#1#363
/root/2_github_projects_for_search/ibmruntimes/openj9-openjdk-jdk11/test/jdk/com/sun/crypto/provider/KeyAgreement/DHKeyAgreement2.java_toHexString#268#280,/root/3_stackoverflow_snippets_for_index/58993471/58993471_2_recent.java_method#1#363
/root/2_github_projects_for_search/ibmruntimes/openj9-openjdk-jdk11/test/jdk/com/sun/crypto/provider/KeyAgreement/DHKeyAgreement3.java_toHexString#173#185,/root/3_stackoverflow_snippets_for_index/58993471/58993471_2_recent.java_method#1#363
/root/2_github_projects_for_search/ibmruntimes/openj9-openjdk-jdk11/test/jdk/com/sun/crypto/provider/Cipher/Blowfish/BlowfishTestVector.java_toHexString#131#143,/root/3_stackoverflow_snippets_for_index/58993471/58993471_2_recent.java_method#1#363
/root/2_github_projects_for_search/ibmruntimes/openj9-openjdk-jdk11/test/jdk/com/sun/crypto/provider/TLS/TestLeadingZeroes.java_toHexString#125#137,/root/3_stackoverflow_snippets_for_index/58993471/58993471_2_recent.java_method#1#363
/root/2_github_projects_for_search/ibmruntimes/openj9-openjdk-jdk11/test/jdk/javax/net/ssl/DTLS/DTLSSequenceNumberTest.java_shuffleArray#177#185,/root/3_stackoverflow_snippets_for_index/1520212/1520212_2_recent.java_shuffleArray#19#31
/root/2_github_projects_for_search/ibmruntimes/openj9-openjdk-jdk11/test/jdk/javax/imageio/plugins/bmp/BMPSubsamplingTest.java_create3ByteImage#329#342,/root/3_stackoverflow_snippets_for_index/58617321/58617321_2_recent.java_method#1#17
/root/2_github_projects_for_search/icecooly/fasthttpclient/src/main/java/io/itit/itf/okhttp/OkHttpRequest.java_writeTo#117#126,/root/3_stackoverflow_snippets_for_index/41251473/41251473_6_recent.java_method#1#20
/root/2_github_projects_for_search/icyphy/ptii/ptolemy/verification/kernel/maude/RTMExpTranslator.java__GCD#385#391,/root/3_stackoverflow_snippets_for_index/25890405/25890405_4_73691184.java_method#1#18
/root/2_github_projects_for_search/icyphy/ptii/edu/umich/eecs/april/jmat/LinAlg.java_clear#1844#1850,/root/3_stackoverflow_snippets_for_index/60816572/60816572_6_recent.java_method#1#29
/root/2_github_projects_for_search/iiitv/algos/binary_search_tree/Mirror_of_Binary_Search_Tree.java_inorder#41#48,/root/3_stackoverflow_snippets_for_index/31386664/31386664_4_95005617.java_method#1#22
/root/2_github_projects_for_search/iipc/openwayback/wayback-core/src/main/java/org/archive/wayback/core/UTF8Control.java_newBundle#27#56,/root/3_stackoverflow_snippets_for_index/4429257/4429257_2_9347476.java_newBundle#2#32
/root/2_github_projects_for_search/ilmila/j2eescan/src/main/java/burp/j2ee/passive/strutstoken/ReplayRandom.java_next#17#25,/root/3_stackoverflow_snippets_for_index/18531276/18531276_2_recent.java_method#1#59
/root/2_github_projects_for_search/intuit/benten/benten-core/src/main/java/com/intuit/benten/channel/slack/SlackHelper.java_extractUserFromMessage#60#68,/root/3_stackoverflow_snippets_for_index/49348068/49348068_2_recent.java_method#1#18
/root/2_github_projects_for_search/iotoasis/si/si-modules/LWM2M_IPE_Server/leshan-server-core/src/main/java/org/eclipse/leshan/server/client/Client.java_isNumber#215#222,/root/3_stackoverflow_snippets_for_index/25985720/25985720_14_recent.java_method#1#21
/root/2_github_projects_for_search/iotoasis/si/si-modules/DM_Web_Server/src/main/java/net/herit/business/HomeController.java_home#33#45,/root/3_stackoverflow_snippets_for_index/10195366/10195366_2_recent.java_method#1#21
/root/2_github_projects_for_search/iqss/dataverse/src/main/java/edu/harvard/iq/dataverse/mydata/Pager.java_showClasspaths#326#334,/root/3_stackoverflow_snippets_for_index/56259221/56259221_5_recent.java_method#1#13
/root/2_github_projects_for_search/jaamsim/jaamsim/src/main/java/com/jaamsim/ui/GUIFrame.java_invokeRedo#3671#3678,/root/3_stackoverflow_snippets_for_index/22968559/22968559_2_recent.java_method#1#16
/root/2_github_projects_for_search/jackkolokasis/teraheap/jdk8u345/jdk/src/share/demo/jfc/SwingApplet/SwingApplet.java_init#74#91,/root/3_stackoverflow_snippets_for_index/13462440/13462440_6_32050882.java_init#30#44
/root/2_github_projects_for_search/jackkolokasis/teraheap/jdk8u345/jdk/src/share/classes/sun/security/tools/keytool/Main.java_toHexString#3371#3381,/root/3_stackoverflow_snippets_for_index/58993471/58993471_2_recent.java_method#1#363
/root/2_github_projects_for_search/jackkolokasis/teraheap/jdk8u345/jdk/src/share/classes/java/util/ComparableTimSort.java_sort#179#224,/root/3_stackoverflow_snippets_for_index/29866762/29866762_2_89013107.java_method#1#40
/root/2_github_projects_for_search/jackkolokasis/teraheap/jdk8u345/jdk/src/share/classes/java/util/TimSort.java_sort#210#256,/root/3_stackoverflow_snippets_for_index/29866762/29866762_2_89013107.java_method#1#40
/root/2_github_projects_for_search/jackkolokasis/teraheap/jdk8u345/jdk/src/share/classes/java/util/HashMap.java_putMapEntries#501#519,/root/3_stackoverflow_snippets_for_index/46830988/46830988_4_158689916.java_method#1#19
/root/2_github_projects_for_search/jackkolokasis/teraheap/jdk8u345/jdk/src/share/classes/java/util/Timer.java_sched#386#412,/root/3_stackoverflow_snippets_for_index/16799135/16799135_10_41317480.java_method#1#23
/root/2_github_projects_for_search/jackkolokasis/teraheap/jdk8u345/jdk/src/share/classes/java/math/BigDecimal.java_divide#5257#5269,/root/3_stackoverflow_snippets_for_index/29330741/29330741_6_86929181.java_method#1#13
/root/2_github_projects_for_search/jackkolokasis/teraheap/jdk8u345/jdk/src/share/classes/java/math/BigDecimal.java_divide#5271#5283,/root/3_stackoverflow_snippets_for_index/29330741/29330741_6_86929181.java_method#1#13
/root/2_github_projects_for_search/jackkolokasis/teraheap/jdk8u345/jdk/src/share/classes/javax/swing/plaf/metal/MetalTabbedPaneUI.java_update#719#725,/root/3_stackoverflow_snippets_for_index/45774144/45774144_4_recent.java_method#1#21
/root/2_github_projects_for_search/jackkolokasis/teraheap/jdk8u345/jdk/src/share/classes/javax/swing/plaf/basic/BasicTableHeaderUI.java_mouseClicked#99#116,/root/3_stackoverflow_snippets_for_index/54119640/54119640_4_189259651.java_mouseClicked#10#26
/root/2_github_projects_for_search/jackkolokasis/teraheap/jdk8u345/jdk/test/sun/security/pkcs11/tls/TestLeadingZeroesP11.java_toHexString#124#136,/root/3_stackoverflow_snippets_for_index/58993471/58993471_2_recent.java_method#1#363
/root/2_github_projects_for_search/jackkolokasis/teraheap/jdk8u345/jdk/test/sun/security/x509/X500Name/DerValueConstructor.java_toHexString#119#131,/root/3_stackoverflow_snippets_for_index/58993471/58993471_2_recent.java_method#1#363
/root/2_github_projects_for_search/jackkolokasis/teraheap/jdk8u345/jdk/test/jdk/jfr/jcmd/TestJcmdStartWithSettings.java_run#167#176,/root/3_stackoverflow_snippets_for_index/64938483/64938483_2_recent.java_method#1#68
/root/2_github_projects_for_search/jackkolokasis/teraheap/jdk8u345/jdk/test/java/awt/im/6396526/IMLookAndFeel.java_main#68#76,/root/3_stackoverflow_snippets_for_index/6702420/6702420_2_89518975.java_main#9#18
/root/2_github_projects_for_search/jackkolokasis/teraheap/jdk8u345/jdk/test/com/sun/crypto/provider/KeyAgreement/DHKeyAgreement2.java_toHexString#271#283,/root/3_stackoverflow_snippets_for_index/58993471/58993471_2_recent.java_method#1#363
/root/2_github_projects_for_search/jackkolokasis/teraheap/jdk8u345/jdk/test/com/sun/crypto/provider/KeyAgreement/DHKeyAgreement3.java_toHexString#178#190,/root/3_stackoverflow_snippets_for_index/58993471/58993471_2_recent.java_method#1#363
/root/2_github_projects_for_search/jackkolokasis/teraheap/jdk8u345/jdk/test/com/sun/crypto/provider/Cipher/Blowfish/BlowfishTestVector.java_toHexString#133#145,/root/3_stackoverflow_snippets_for_index/58993471/58993471_2_recent.java_method#1#363
/root/2_github_projects_for_search/jackkolokasis/teraheap/jdk8u345/jdk/test/com/sun/crypto/provider/TLS/TestLeadingZeroes.java_toHexString#130#142,/root/3_stackoverflow_snippets_for_index/58993471/58993471_2_recent.java_method#1#363
/root/2_github_projects_for_search/jackkolokasis/teraheap/jdk8u345/jdk/test/javax/imageio/plugins/bmp/BMPSubsamplingTest.java_create3ByteImage#329#342,/root/3_stackoverflow_snippets_for_index/58617321/58617321_2_recent.java_method#1#17
/root/2_github_projects_for_search/jankotek/mapdb/src/main/java/org/mapdb/store/legacy/LongConcurrentHashMap.java_put#369#398,/root/3_stackoverflow_snippets_for_index/19340685/19340685_2_49198640.java_method#1#30
/root/2_github_projects_for_search/java-aid/hackerrank-solutions/HackerRankDashboard/CoreCS/DataStructures/src/main/java/com/javaaid/hackerrank/solutions/datastructures/trees/PreorderTraversal.java_preOrder#22#29,/root/3_stackoverflow_snippets_for_index/31386664/31386664_4_95005617.java_method#1#22
/root/2_github_projects_for_search/jcodec/jcodec/src/main/java/org/jcodec/common/io/IOUtils.java_closeQuietly#27#34,/root/3_stackoverflow_snippets_for_index/2699270/2699270_2_recent.java_method#1#18
/root/2_github_projects_for_search/jetbrains/jediterm/JediTerm/src/main/java/com/jediterm/ui/JTextFieldLimit.java_insertString#18#24,/root/3_stackoverflow_snippets_for_index/3519182/3519182_2_7342658.java_method#1#17
/root/2_github_projects_for_search/jfxtras/jfxtras/jfxtras-icalendarfx/src/main/java/jfxtras/icalendarfx/utilities/ICalendarUtilities.java_tryAdvance#240#252,/root/3_stackoverflow_snippets_for_index/20765715/20765715_2_recent.java_method#1#22
/root/2_github_projects_for_search/jfxtras/jfxtras/jfxtras-icalendarfx/src/main/java/jfxtras/icalendarfx/properties/component/recurrence/rrule/RecurrenceRuleValue.java_tryAdvance#464#476,/root/3_stackoverflow_snippets_for_index/20765715/20765715_2_recent.java_method#1#22
/root/2_github_projects_for_search/jhy/jsoup/src/main/java/org/jsoup/helper/HttpConnection.java_data#281#292,/root/3_stackoverflow_snippets_for_index/31868761/31868761_4_96856276.java_method#1#12
/root/2_github_projects_for_search/jonathangerbaud/klyph/Klyph/src/com/abewy/android/apps/klyph/gcm/WakeLocker.java_acquire#10#18,/root/3_stackoverflow_snippets_for_index/27287511/27287511_2_79053914.java_method#1#18
/root/2_github_projects_for_search/jonathangerbaud/klyph/Klyph/src/com/abewy/android/apps/klyph/gcm/WakeLocker.java_release#20#26,/root/3_stackoverflow_snippets_for_index/27287511/27287511_2_79053914.java_method#1#18
/root/2_github_projects_for_search/jorensix/tarsosdsp/jvm/src/main/java/be/tarsos/dsp/ui/layers/TooltipLayer.java_sleep#47#53,/root/3_stackoverflow_snippets_for_index/19689932/19689932_6_147013208.java_method#1#16
/root/2_github_projects_for_search/journaldev/journaldev/Android/EfficientSearch/app/src/main/java/com/journaldev/efficientsearch/ListViewAdapter.java_publishResults#144#151,/root/3_stackoverflow_snippets_for_index/39717275/39717275_2_recent.java_method#1#34
/root/2_github_projects_for_search/journaldev/journaldev/Spring/Spring-Controller/src/main/java/com/journaldev/spring/controller/HomeController.java_home#14#21,/root/3_stackoverflow_snippets_for_index/10195366/10195366_2_recent.java_method#1#21
/root/2_github_projects_for_search/journaldev/journaldev/Spring/SpringMVCSecurity/src/main/java/com/journaldev/spring/controller/HomeController.java_home#22#33,/root/3_stackoverflow_snippets_for_index/10195366/10195366_2_recent.java_method#1#21
/root/2_github_projects_for_search/journaldev/journaldev/Spring/SpringMVCExample/src/main/java/com/journaldev/spring/HomeController.java_home#26#38,/root/3_stackoverflow_snippets_for_index/10195366/10195366_2_recent.java_method#1#21
/root/2_github_projects_for_search/kartaview/android/app/src/main/java/com/telenav/osv/ui/custom/RoundedCornerLayout.java_createMask#71#84,/root/3_stackoverflow_snippets_for_index/54349072/54349072_2_190220971.java_createMask#59#72
/root/2_github_projects_for_search/kickflip/kickflip-android-sdk/sdk/src/main/java/io/kickflip/sdk/FileUtils.java_copy#152#164,/root/3_stackoverflow_snippets_for_index/9293885/9293885_2_recent.java_method#1#18
/root/2_github_projects_for_search/kiegroup/kie-tools/packages/dashbuilder/kie-soup-dataset/kie-soup-dataset-core/src/main/java/org/dashbuilder/dataset/UUIDGeneratorImpl.java_uuidToBase64#39#45,/root/3_stackoverflow_snippets_for_index/36214665/36214665_2_114074670.java_method#1#19
/root/2_github_projects_for_search/kiegroup/kogito-tooling/packages/dashbuilder/kie-soup-dataset/kie-soup-dataset-core/src/main/java/org/dashbuilder/dataset/UUIDGeneratorImpl.java_uuidToBase64#39#45,/root/3_stackoverflow_snippets_for_index/36214665/36214665_2_114074670.java_method#1#19
/root/2_github_projects_for_search/klinker24/talon-for-twitter-android/app/src/main/java/com/klinker/android/twitter_l/activities/compose/Compose.java_buildGoogleApiClient#243#251,/root/3_stackoverflow_snippets_for_index/28039909/28039909_2_recent.java_method#1#13
/root/2_github_projects_for_search/knowagelabs/knowage-server/knowage-api/src/main/java/it/eng/knowage/knowageapi/utils/messages/UTF8Control.java_newBundle#32#63,/root/3_stackoverflow_snippets_for_index/4429257/4429257_2_9347476.java_newBundle#2#32
/root/2_github_projects_for_search/knowagelabs/knowage-server/knowage-core/src/main/java/it/eng/spagobi/sdk/documents/impl/DocumentsServiceImpl.java_accept#1322#1328,/root/3_stackoverflow_snippets_for_index/20680556/20680556_2_recent.java_accept#5#17
/root/2_github_projects_for_search/knowagelabs/knowage-server/knowage-core/src/main/java/it/eng/spagobi/sdk/documents/impl/DocumentsServiceImpl.java_accept#1336#1342,/root/3_stackoverflow_snippets_for_index/56611483/56611483_2_recent.java_method#1#66
/root/2_github_projects_for_search/knowagelabs/knowage-server/knowageutils/src/main/java/it/eng/spagobi/utilities/messages/UTF8Control.java_newBundle#32#63,/root/3_stackoverflow_snippets_for_index/4429257/4429257_2_9347476.java_newBundle#2#32
/root/2_github_projects_for_search/knowagelabs/knowage-server/knowageutils/src/main/java/it/eng/spagobi/utilities/scripting/SpagoBIScriptManager.java_printInfo#294#311,/root/3_stackoverflow_snippets_for_index/11838438/11838438_2_recent.java_main#6#31
/root/2_github_projects_for_search/knowagelabs/knowage-server/knowage-spring-boot-api-common/src/main/java/it/eng/knowage/boot/utils/UTF8Control.java_newBundle#32#63,/root/3_stackoverflow_snippets_for_index/4429257/4429257_2_9347476.java_newBundle#2#32
/root/2_github_projects_for_search/knowm/xchart/xchart-demo/src/main/java/org/knowm/xchart/demo/XChartStyleDemo.java_main#51#64,/root/3_stackoverflow_snippets_for_index/6702420/6702420_2_89518975.java_main#9#18
/root/2_github_projects_for_search/knowm/xchart/xchart-demo/src/main/java/org/knowm/xchart/demo/XChartDemo.java_main#165#178,/root/3_stackoverflow_snippets_for_index/6702420/6702420_2_89518975.java_main#9#18
/root/2_github_projects_for_search/knowm/xchart/xchart-demo/src/main/java/org/knowm/xchart/standalone/SwingDemo.java_main#35#48,/root/3_stackoverflow_snippets_for_index/6702420/6702420_2_89518975.java_main#9#18
/root/2_github_projects_for_search/kontalk/desktopclient-java/src/main/java/org/kontalk/view/ComponentUtils.java_insertString#959#967,/root/3_stackoverflow_snippets_for_index/3519182/3519182_2_7342658.java_method#1#17
/root/2_github_projects_for_search/kruize/autotune/src/main/java/com/autotune/analyzer/utils/GsonUTCDateAdapter.java_deserialize#45#52,/root/3_stackoverflow_snippets_for_index/26046107/26046107_2_124698665.java_method#1#21
/root/2_github_projects_for_search/kubabar1/carrental/CarRental/src/main/java/com/carrental/config/SecurityConfiguration.java_authProvider#31#37,/root/3_stackoverflow_snippets_for_index/30868562/30868562_6_92947534.java_method#1#11
/root/2_github_projects_for_search/ldoublem/loadingview/loadingviewlib/src/main/java/com/ldoublem/loadingviewlib/view/LVCircularZoom.java_initPaint#76#83,/root/3_stackoverflow_snippets_for_index/34590765/34590765_2_recent.java_init#28#65
/root/2_github_projects_for_search/ldoublem/loadingview/loadingviewlib/src/main/java/com/ldoublem/loadingviewlib/view/LVCircularJump.java_initPaint#76#83,/root/3_stackoverflow_snippets_for_index/34590765/34590765_2_recent.java_init#28#65
/root/2_github_projects_for_search/ldoublem/loadingview/loadingviewlib/src/main/java/com/ldoublem/loadingviewlib/view/LVWifi.java_initPaint#37#44,/root/3_stackoverflow_snippets_for_index/34590765/34590765_2_recent.java_init#28#65
/root/2_github_projects_for_search/ldoublem/loadingview/loadingviewlib/src/main/java/com/ldoublem/loadingviewlib/LVSunSetView.java_initPaint#158#165,/root/3_stackoverflow_snippets_for_index/34590765/34590765_2_recent.java_init#28#65
/root/2_github_projects_for_search/leapcode/bitmask_android/app/src/main/java/de/blinkt/openvpn/views/SeekBarTicks.java_SeekBarTicks#31#39,/root/3_stackoverflow_snippets_for_index/7649183/7649183_2_57377731.java_method#1#10
/root/2_github_projects_for_search/leapframework/framework/base/core/src/main/java/leap/core/security/crypto/bcrypt/BCryptPasswordEncoder.java_encode#62#76,/root/3_stackoverflow_snippets_for_index/41471859/41471859_4_135239059.java_method#1#15
/root/2_github_projects_for_search/leapframework/framework/base/lang/src/main/java/leap/lang/jsoup/helper/HttpConnection.java_data#122#133,/root/3_stackoverflow_snippets_for_index/31868761/31868761_4_96856276.java_method#1#12
/root/2_github_projects_for_search/lecturestudio/lecturestudio/lect-media/src/main/java/org/lecturestudio/media/playback/FileEventExecutor.java_await#314#326,/root/3_stackoverflow_snippets_for_index/61780137/61780137_2_recent.java_method#1#50
/root/2_github_projects_for_search/lenve/javaeetest/Test18-SpringMVC3/src/main/java/org/sang/MVCConfig.java_viewResolver#17#24,/root/3_stackoverflow_snippets_for_index/52148106/52148106_4_181012547.java_method#1#13
/root/2_github_projects_for_search/lenve/javaeetest/MyBlog/src/main/java/org/sang/config/MyMVCConfig.java_viewResolver#30#37,/root/3_stackoverflow_snippets_for_index/52148106/52148106_4_181012547.java_method#1#13
/root/2_github_projects_for_search/lenve/javaeetest/Test18-SpringMVC1/src/main/java/org/sang/MyMVCConfig.java_viewResolver#17#26,/root/3_stackoverflow_snippets_for_index/52148106/52148106_4_181012547.java_method#1#13
/root/2_github_projects_for_search/lenve/javaeetest/Test18-SpringMVC2/src/main/java/org/sang/MVCConfig.java_viewResolver#17#24,/root/3_stackoverflow_snippets_for_index/52148106/52148106_4_181012547.java_method#1#13
/root/2_github_projects_for_search/lenve/javaeetest/Test18-FileUpload/src/main/java/org/sang/MVCConfig.java_viewResolver#21#28,/root/3_stackoverflow_snippets_for_index/52148106/52148106_4_181012547.java_method#1#13
/root/2_github_projects_for_search/linkedin/rest.li/pegasus-common/src/main/java/com/linkedin/common/callback/FutureCallback.java_isCancelled#45#51,/root/3_stackoverflow_snippets_for_index/2180534/2180534_2_recent.java_method#1#58
/root/2_github_projects_for_search/linlinjava/litemall/litemall-core/src/main/java/org/linlinjava/litemall/core/util/bcrypt/BCryptPasswordEncoder.java_encode#62#74,/root/3_stackoverflow_snippets_for_index/41471859/41471859_4_135239059.java_method#1#15
/root/2_github_projects_for_search/liquibase/liquibase/liquibase-core/src/main/java/liquibase/resource/AbstractPathResourceAccessor.java_visitFile#97#104,/root/3_stackoverflow_snippets_for_index/18454342/18454342_2_recent.java_method#1#29
/root/2_github_projects_for_search/longjuncai/deepdriver/src/deepDriver/dl/aml/math/MathUtilBase.java_reset2zero#116#122,/root/3_stackoverflow_snippets_for_index/33612373/33612373_2_103731026.java_method#1#13
/root/2_github_projects_for_search/luohuayu/catserver/src/fmllauncher/java/com/google/gson/internal/bind/TypeAdapters$EnumTypeAdapter.java_read#35#41,/root/3_stackoverflow_snippets_for_index/24127188/24127188_2_recent.java_method#1#32
/root/2_github_projects_for_search/mabe02/lanterna/src/main/java/com/googlecode/lanterna/bundle/BundleLocator.java_newBundle#81#111,/root/3_stackoverflow_snippets_for_index/4429257/4429257_2_9347476.java_newBundle#2#32
/root/2_github_projects_for_search/macrozheng/mall-learning/mall-tiny-oss/src/main/java/com/macro/mall/tiny/config/GlobalCorsConfig.java_corsFilter#19#33,/root/3_stackoverflow_snippets_for_index/58370217/58370217_2_recent.java_method#1#45
/root/2_github_projects_for_search/macrozheng/mall-learning/mall-tiny-redis/src/main/java/com/macro/mall/tiny/config/GlobalCorsConfig.java_corsFilter#19#33,/root/3_stackoverflow_snippets_for_index/58370217/58370217_2_recent.java_method#1#45
/root/2_github_projects_for_search/macrozheng/mall-learning/mall-tiny/src/main/java/com/macro/mall/tiny/config/GlobalCorsConfig.java_corsFilter#19#33,/root/3_stackoverflow_snippets_for_index/58370217/58370217_2_recent.java_method#1#45
/root/2_github_projects_for_search/macrozheng/mall-tiny/src/main/java/com/macro/mall/tiny/config/GlobalCorsConfig.java_corsFilter#19#35,/root/3_stackoverflow_snippets_for_index/58370217/58370217_2_recent.java_method#1#45
/root/2_github_projects_for_search/macrozheng/mall/mall-admin/src/main/java/com/macro/mall/config/GlobalCorsConfig.java_corsFilter#19#33,/root/3_stackoverflow_snippets_for_index/58370217/58370217_2_recent.java_method#1#45
/root/2_github_projects_for_search/macrozheng/mall/mall-portal/src/main/java/com/macro/mall/portal/config/GlobalCorsConfig.java_corsFilter#19#33,/root/3_stackoverflow_snippets_for_index/58370217/58370217_2_recent.java_method#1#45
/root/2_github_projects_for_search/marlinski/rumble/app/src/main/java/org/disrupted/rumble/util/FileUtil.java_isExternalStorageWritable#70#76,/root/3_stackoverflow_snippets_for_index/52144662/52144662_2_181397043.java_method#1#97
/root/2_github_projects_for_search/massivecraft/massivecore/src/com/massivecraft/massivecore/adapter/AdapterModdedEnumType.java_read#60#66,/root/3_stackoverflow_snippets_for_index/24127188/24127188_2_recent.java_method#1#32
/root/2_github_projects_for_search/matsim-org/matsim-libs/contribs/pseudosimulation/src/main/java/org/matsim/contrib/pseudosimulation/distributed/io/SimpleFileServer.java_main#16#49,/root/3_stackoverflow_snippets_for_index/29575747/29575747_2_recent.java_main#21#60
/root/2_github_projects_for_search/matsim-org/matsim-libs/matsim/src/main/java/org/matsim/pt/counts/SimpleWriter.java_close#90#97,/root/3_stackoverflow_snippets_for_index/65112087/65112087_2_236114933.java_method#1#14
/root/2_github_projects_for_search/matsim-org/matsim-libs/matsim/src/main/java/org/matsim/pt/counts/SimpleWriter.java_flush#99#106,/root/3_stackoverflow_snippets_for_index/65112087/65112087_2_recent.java_method#1#14
/root/2_github_projects_for_search/meituan-dianping/zebra/zebra-client/src/main/java/com/dianping/zebra/util/StringUtils.java_md5#185#194,/root/3_stackoverflow_snippets_for_index/37957745/37957745_2_recent.java_method#1#27
/root/2_github_projects_for_search/mercyblitz/geekbang-lessons/projects/stage-1/user-platform/servlet-web/src/main/java/org/geektimes/projects/servlet/filter/EncodingFilter.java_doFilter#38#45,/root/3_stackoverflow_snippets_for_index/45590884/45590884_2_recent.java_method#1#25
/root/2_github_projects_for_search/mesquiteproject/mesquitecore/Source/mesquite/lib/MesquiteFile.java_copy#311#323,/root/3_stackoverflow_snippets_for_index/9293885/9293885_2_recent.java_method#1#18
/root/2_github_projects_for_search/micromata/projectforge/projectforge-business/src/main/java/org/projectforge/business/teamcal/servlet/TeamCalResponseServlet.java_init#81#88,/root/3_stackoverflow_snippets_for_index/23839705/23839705_2_65821537.java_method#1#15
/root/2_github_projects_for_search/minecraftmoddevelopment/mmdbot/src/painter/java/com/mcmoddev/mmdbot/painter/util/ImageUtils.java_generateMask#64#80,/root/3_stackoverflow_snippets_for_index/51608517/51608517_2_recent.java_method#1#149
/root/2_github_projects_for_search/minecraftmoddevelopment/mmdbot/src/painter/java/com/mcmoddev/mmdbot/painter/util/ImageUtils.java_generatePaintMask#82#98,/root/3_stackoverflow_snippets_for_index/51608517/51608517_2_recent.java_method#1#149
/root/2_github_projects_for_search/mirakelx/mirakel-android/new_ui/src/main/java/de/azapps/mirakel/new_ui/views/ProgressDoneView.java_drawableToBitmap#226#237,/root/3_stackoverflow_snippets_for_index/27436796/27436796_2_recent.java_method#1#69
/root/2_github_projects_for_search/mitchtabian/android-instagram-clone/app/src/main/java/tabian/com/instagramclone2/Utils/FirebaseMethods.java_addNewUser#592#617,/root/3_stackoverflow_snippets_for_index/50930455/50930455_6_recent.java_method#1#16
/root/2_github_projects_for_search/miyabayt/spring-boot-doma2-sample/sample-web-base/src/main/java/com/bigtreetc/sample/web/base/filter/ClearMDCFilter.java_doFilterInternal#16#26,/root/3_stackoverflow_snippets_for_index/13956092/13956092_2_recent.java_method#1#25
/root/2_github_projects_for_search/mkl-public/testarea-itext5/src/main/java/mkl/testarea/itext5/content/SimpleTextRemover.java_remove#78#90,/root/3_stackoverflow_snippets_for_index/57398454/57398454_2_recent.java_method#1#289
/root/2_github_projects_for_search/mkl-public/testarea-itext5/src/main/java/mkl/testarea/itext5/content/SimpleTextRemover.java_process#130#143,/root/3_stackoverflow_snippets_for_index/57398454/57398454_2_recent.java_method#1#289
/root/2_github_projects_for_search/mkl-public/testarea-itext5/src/main/java/mkl/testarea/itext5/content/SimpleTextRemover.java_processTextShowingOp#154#205,/root/3_stackoverflow_snippets_for_index/57398454/57398454_2_recent.java_method#1#289
/root/2_github_projects_for_search/mkl-public/testarea-itext5/src/main/java/mkl/testarea/itext5/content/SimpleTextRemover.java_countStrings#211#221,/root/3_stackoverflow_snippets_for_index/57398454/57398454_2_recent.java_method#1#289
/root/2_github_projects_for_search/mkl-public/testarea-itext5/src/main/java/mkl/testarea/itext5/content/SimpleTextRemover.java_renderText#254#270,/root/3_stackoverflow_snippets_for_index/57398454/57398454_2_recent.java_method#1#289
/root/2_github_projects_for_search/mkl-public/testarea-itext5/src/main/java/mkl/testarea/itext5/content/SimpleTextRemover.java_reduceToPartialMatch#277#290,/root/3_stackoverflow_snippets_for_index/57398454/57398454_2_recent.java_method#1#289
/root/2_github_projects_for_search/mkl-public/testarea-itext5/src/test/java/mkl/testarea/itext5/extract/ExtractPaths.java_renderPath#63#123,/root/3_stackoverflow_snippets_for_index/41751396/41751396_8_136432238.java_method#1#123
/root/2_github_projects_for_search/mkl-public/testarea-itext5/src/test/java/mkl/testarea/itext5/extract/ExtractPaths.java_transform#130#141,/root/3_stackoverflow_snippets_for_index/41751396/41751396_8_136432238.java_method#1#123
/root/2_github_projects_for_search/mkl-public/testarea-itext5/src/test/java/mkl/testarea/itext5/extract/ExtractPaths.java_expandRectangleCoordinates#143#153,/root/3_stackoverflow_snippets_for_index/41751396/41751396_8_136432238.java_method#1#123
/root/2_github_projects_for_search/mpue/blackboard/src/org/pmedv/core/gui/controller/ApplicationLoginController.java_keyPressed#188#195,/root/3_stackoverflow_snippets_for_index/62722315/62722315_2_recent.java_method#1#292
/root/2_github_projects_for_search/mrcrayfish/modelcreator/src/main/java/com/mrcrayfish/modelcreator/Exporter.java_space#64#73,/root/3_stackoverflow_snippets_for_index/36950444/36950444_6_116982498.java_method#1#38
/root/2_github_projects_for_search/mucommander/mucommander/mucommander-viewer-image/src/main/java/com/mucommander/viewer/image/ImageViewer.java_mouseDragged#173#189,/root/3_stackoverflow_snippets_for_index/36805363/36805363_2_recent.java_method#1#87
/root/2_github_projects_for_search/mycatapache/mycat2/common/src/main/java/io/mycat/util/HexFormatUtil.java_bytesToHexString#33#41,/root/3_stackoverflow_snippets_for_index/60266789/60266789_2_recent.java_method#1#13
/root/2_github_projects_for_search/mycatapache/mycat-server/src/main/java/io/mycat/util/HexFormatUtil.java_bytesToHexString#33#41,/root/3_stackoverflow_snippets_for_index/60266789/60266789_2_recent.java_method#1#13
/root/2_github_projects_for_search/nasaworldwind/worldwindjava/src/gov/nasa/worldwindx/examples/SimpleShapeDragging.java_run#80#86,/root/3_stackoverflow_snippets_for_index/13542540/13542540_2_recent.java_run#12#21
/root/2_github_projects_for_search/nasaworldwind/worldwindjava/src/gov/nasa/worldwindx/examples/SimplestPossibleExample.java_run#55#61,/root/3_stackoverflow_snippets_for_index/13542540/13542540_2_recent.java_run#12#21
/root/2_github_projects_for_search/nationalsecurityagency/ghidra/Ghidra/Framework/Docking/src/main/java/docking/widgets/filechooser/DirectoryList.java_keyPressed#151#157,/root/3_stackoverflow_snippets_for_index/62722315/62722315_2_recent.java_method#1#292
/root/2_github_projects_for_search/nativejdb/nativejdb/src/test/data/Hellosources/java/util/ComparableTimSort.java_sort#179#224,/root/3_stackoverflow_snippets_for_index/29866762/29866762_2_89013107.java_method#1#40
/root/2_github_projects_for_search/nativejdb/nativejdb/src/test/data/Hellosources/java/util/TimSort.java_sort#210#256,/root/3_stackoverflow_snippets_for_index/29866762/29866762_2_89013107.java_method#1#40
/root/2_github_projects_for_search/nativejdb/nativejdb/src/test/data/Hellosources/java/util/HashMap.java_putMapEntries#496#514,/root/3_stackoverflow_snippets_for_index/46830988/46830988_4_158689916.java_method#1#19
/root/2_github_projects_for_search/nativejdb/nativejdb/src/test/data/Hellosources/java/util/Random.java_seedUniquifier#108#117,/root/3_stackoverflow_snippets_for_index/62919983/62919983_2_recent.java_method#1#17
/root/2_github_projects_for_search/nativejdb/nativejdb/src/test/data/Hellosources/java/nio/DirectByteBuffer.java_DirectByteBuffer#112#140,/root/3_stackoverflow_snippets_for_index/50578162/50578162_2_recent.java_method#1#22
/root/2_github_projects_for_search/nativejdb/nativejdb/src/test/data/Hellosources/java/math/BigDecimal.java_divide#5699#5711,/root/3_stackoverflow_snippets_for_index/29330741/29330741_6_86929181.java_method#1#13
/root/2_github_projects_for_search/nativejdb/nativejdb/src/test/data/Hellosources/java/math/BigDecimal.java_divide#5713#5725,/root/3_stackoverflow_snippets_for_index/29330741/29330741_6_86929181.java_method#1#13
/root/2_github_projects_for_search/neo4j/graph-data-science/io/csv/src/main/java/org/neo4j/gds/core/io/file/csv/UserInfoVisitor.java_close#53#61,/root/3_stackoverflow_snippets_for_index/65112087/65112087_2_236114933.java_method#1#14
/root/2_github_projects_for_search/nervenetwork/nerve/common/nuls-core/src/main/java/io/nuls/core/crypto/ByteStreams.java_copy#47#62,/root/3_stackoverflow_snippets_for_index/54298032/54298032_2_190009745.java_copy#52#65
/root/2_github_projects_for_search/netty/netty/common/src/test/java/io/netty/util/internal/ObjectCleanerTest.java_run#42#49,/root/3_stackoverflow_snippets_for_index/20274776/20274776_2_recent.java_method#1#29
/root/2_github_projects_for_search/netty/netty/common/src/test/java/io/netty/util/internal/ObjectCleanerTest.java_run#79#86,/root/3_stackoverflow_snippets_for_index/20274776/20274776_2_recent.java_method#1#29
/root/2_github_projects_for_search/netty/netty/example/src/main/java/io/netty/example/proxy/HexDumpProxyBackendHandler.java_channelRead#37#49,/root/3_stackoverflow_snippets_for_index/42681543/42681543_4_recent.java_method#1#166
/root/2_github_projects_for_search/netty/netty/example/src/main/java/io/netty/example/proxy/HexDumpProxyFrontendHandler.java_channelActive#41#65,/root/3_stackoverflow_snippets_for_index/42681543/42681543_4_recent.java_method#1#166
/root/2_github_projects_for_search/netty/netty/example/src/main/java/io/netty/example/proxy/HexDumpProxyFrontendHandler.java_channelRead#67#82,/root/3_stackoverflow_snippets_for_index/42681543/42681543_4_recent.java_method#1#166
/root/2_github_projects_for_search/neuroph/neuroph/neuroph-2.9/Samples/src/main/java/org/neuroph/samples/mnist/master/FuNet1.java_updateCanvas#60#79,/root/3_stackoverflow_snippets_for_index/6133827/6133827_2_recent.java_updateCanvas#19#34
/root/2_github_projects_for_search/neuroph/neuroph/NeurophStudio/NeurophClassificationSample/src/org/neuroph/netbeans/classificationsample/SelectInputsDialog.java_main#171#211,/root/3_stackoverflow_snippets_for_index/38367701/38367701_2_recent.java_method#1#132
/root/2_github_projects_for_search/nextgenhealthcare/connect/client/src/com/mirth/connect/client/ui/FindRplDialog.java_keyPressed#81#87,/root/3_stackoverflow_snippets_for_index/62722315/62722315_2_recent.java_method#1#292
/root/2_github_projects_for_search/nightscoutfoundation/xdrip/wear/src/main/java/com/eveningoutpost/dexdrip/ListenerService.java_pickBestNodeId#2567#2577,/root/3_stackoverflow_snippets_for_index/32061893/32061893_2_recent.java_method#1#23
/root/2_github_projects_for_search/nightscoutfoundation/xdrip/app/src/main/java/com/eveningoutpost/dexdrip/wearintegration/WatchUpdaterService.java_pickBestNodeId#1071#1081,/root/3_stackoverflow_snippets_for_index/32061893/32061893_2_recent.java_method#1#23
/root/2_github_projects_for_search/novskey/pallettown/src/pallettown/PalletTown.java_newLineExists#131#143,/root/3_stackoverflow_snippets_for_index/28797486/28797486_2_recent.java_method#1#33
/root/2_github_projects_for_search/nuls-io/nuls-v2/common/nuls-core/src/main/java/io/nuls/core/crypto/ByteStreams.java_copy#47#62,/root/3_stackoverflow_snippets_for_index/54298032/54298032_2_190009745.java_copy#52#65
/root/2_github_projects_for_search/nvv/far-on-droid/farondroid/src/main/java/com/github/junrar/MVTest.java_main#18#55,/root/3_stackoverflow_snippets_for_index/4305365/4305365_2_recent.java_main#6#43
/root/2_github_projects_for_search/nvv/far-on-droid/farondroid/src/main/java/com/openfarmanager/android/filesystem/FileSystemScanner.java_addFilesRecursively#67#75,/root/3_stackoverflow_snippets_for_index/189739/189739_2_recent.java_method#1#14
/root/2_github_projects_for_search/oauth-apis/apis/apis-example-client-app/src/main/java/org/surfnet/oaaas/config/SpringConfiguration.java_viewResolver#47#53,/root/3_stackoverflow_snippets_for_index/52148106/52148106_4_181012547.java_method#1#13
/root/2_github_projects_for_search/odoo-mobile/framework/app/src/main/java/com/google/gson/Gson.java_read#254#260,/root/3_stackoverflow_snippets_for_index/24127188/24127188_2_recent.java_method#1#32
/root/2_github_projects_for_search/odoo-mobile/framework/app/src/main/java/com/google/gson/Gson.java_read#310#316,/root/3_stackoverflow_snippets_for_index/24127188/24127188_2_recent.java_method#1#32
/root/2_github_projects_for_search/odoo-mobile/framework/app/src/main/java/com/google/gson/internal/bind/TypeAdapters.java_read#288#295,/root/3_stackoverflow_snippets_for_index/24127188/24127188_2_recent.java_method#1#32
/root/2_github_projects_for_search/odoo-mobile/framework/app/src/main/java/com/google/gson/internal/bind/TypeAdapters.java_read#736#742,/root/3_stackoverflow_snippets_for_index/24127188/24127188_2_recent.java_method#1#32
/root/2_github_projects_for_search/open-hand/choerodon-starters/choerodon-gitlab4j-api/src/main/java/org/gitlab4j/api/utils/JacksonJson.java_serialize#206#218,/root/3_stackoverflow_snippets_for_index/22918204/22918204_2_62450522.java_serialize#3#14
/root/2_github_projects_for_search/openclinica/openclinica/core/src/main/java/org/akaza/openclinica/logic/expressionTree/ArithmeticOpNode.java_isDouble#164#171,/root/3_stackoverflow_snippets_for_index/359634/359634_2_recent.java_method#1#46
/root/2_github_projects_for_search/openda-association/openda/core/java/src/org/openda/utils/io/FileSupport.java_recursive_list#138#152,/root/3_stackoverflow_snippets_for_index/14676464/14676464_2_recent.java_method#1#15
/root/2_github_projects_for_search/openda-association/openda/application/java/src/org/openda/application/gui/TreeDemo.java_main#267#275,/root/3_stackoverflow_snippets_for_index/6702420/6702420_2_89518975.java_main#9#18
/root/2_github_projects_for_search/openequella/openequella/Source/Plugins/Applet/com.tle.web.filemanager.applet/appletsrc/src/main/java/com/tle/web/filemanager/applet/actions/DesktopApi.java_browseDESKTOP#74#94,/root/3_stackoverflow_snippets_for_index/18004334/18004334_4_recent.java_browseDESKTOP#68#89
/root/2_github_projects_for_search/openintents/sensorsimulator/SensorSimulator/src/org/openintents/tools/simulator/util/JTextFieldLimit.java_insertString#70#80,/root/3_stackoverflow_snippets_for_index/3519182/3519182_2_7342658.java_method#1#17
/root/2_github_projects_for_search/openjdk-mirror/jdk7u-jdk/src/share/demo/jfc/SwingApplet/SwingApplet.java_init#74#91,/root/3_stackoverflow_snippets_for_index/13462440/13462440_6_32050882.java_init#30#44
/root/2_github_projects_for_search/openjdk-mirror/jdk7u-jdk/src/share/classes/sun/security/tools/KeyTool.java_toHexString#3055#3065,/root/3_stackoverflow_snippets_for_index/58993471/58993471_2_recent.java_method#1#363
/root/2_github_projects_for_search/openjdk-mirror/jdk7u-jdk/src/share/classes/java/util/ComparableTimSort.java_sort#149#193,/root/3_stackoverflow_snippets_for_index/29866762/29866762_2_89013107.java_method#1#40
/root/2_github_projects_for_search/openjdk-mirror/jdk7u-jdk/src/share/classes/java/util/TimSort.java_sort#176#225,/root/3_stackoverflow_snippets_for_index/29866762/29866762_2_89013107.java_method#1#40
/root/2_github_projects_for_search/openjdk-mirror/jdk7u-jdk/src/share/classes/java/util/HashMap.java_HashIterator#791#798,/root/3_stackoverflow_snippets_for_index/3870210/3870210_4_recent.java_method#1#29
/root/2_github_projects_for_search/openjdk-mirror/jdk7u-jdk/src/share/classes/java/util/Timer.java_sched#386#412,/root/3_stackoverflow_snippets_for_index/16799135/16799135_10_41317480.java_method#1#23
/root/2_github_projects_for_search/openjdk-mirror/jdk7u-jdk/src/share/classes/javax/swing/plaf/metal/MetalTabbedPaneUI.java_update#719#725,/root/3_stackoverflow_snippets_for_index/45774144/45774144_4_recent.java_method#1#21
/root/2_github_projects_for_search/openjdk-mirror/jdk7u-jdk/src/share/classes/javax/swing/plaf/basic/BasicTableHeaderUI.java_mouseClicked#99#116,/root/3_stackoverflow_snippets_for_index/54119640/54119640_4_189259651.java_mouseClicked#10#26
/root/2_github_projects_for_search/openjdk-mirror/jdk7u-jdk/test/sun/security/x509/X500Name/DerValueConstructor.java_toHexString#119#131,/root/3_stackoverflow_snippets_for_index/58993471/58993471_2_recent.java_method#1#363
/root/2_github_projects_for_search/openjdk-mirror/jdk7u-jdk/test/java/awt/im/6396526/IMLookAndFeel.java_main#68#76,/root/3_stackoverflow_snippets_for_index/6702420/6702420_2_89518975.java_main#9#18
/root/2_github_projects_for_search/openjdk-mirror/jdk7u-jdk/test/com/sun/crypto/provider/KeyAgreement/DHKeyAgreement2.java_toHexString#270#282,/root/3_stackoverflow_snippets_for_index/58993471/58993471_2_recent.java_method#1#363
/root/2_github_projects_for_search/openjdk-mirror/jdk7u-jdk/test/com/sun/crypto/provider/KeyAgreement/DHKeyAgreement3.java_toHexString#178#190,/root/3_stackoverflow_snippets_for_index/58993471/58993471_2_recent.java_method#1#363
/root/2_github_projects_for_search/openjdk-mirror/jdk7u-jdk/test/com/sun/crypto/provider/Cipher/Blowfish/BlowfishTestVector.java_toHexString#133#145,/root/3_stackoverflow_snippets_for_index/58993471/58993471_2_recent.java_method#1#363
/root/2_github_projects_for_search/openjdk-mirror/jdk7u-jdk/test/javax/imageio/plugins/bmp/BMPSubsamplingTest.java_create3ByteImage#329#342,/root/3_stackoverflow_snippets_for_index/58617321/58617321_2_recent.java_method#1#17
/root/2_github_projects_for_search/openliberty/open-liberty/dev/com.ibm.ws.security.fat.common.backchannelLogout/test-applications/backchannelLogoutTestApp/src/com/ibm/ws/security/fat/backChannelLogoutTestApps/BackChannelLogout_logJSessionId_Servlet.java_doPost#40#47,/root/3_stackoverflow_snippets_for_index/44379671/44379671_6_recent.java_method#1#15
/root/2_github_projects_for_search/openliberty/open-liberty/dev/com.ibm.ws.jdbc_fat_krb5/fat/src/com/ibm/ws/jdbc/fat/krb5/containers/KerberosPlatformRule.java_apply#38#48,/root/3_stackoverflow_snippets_for_index/40317313/40317313_6_130395681.java_apply#15#27
/root/2_github_projects_for_search/openliberty/open-liberty/dev/com.ibm.ws.jdbc_fat_krb5/fat/src/com/ibm/ws/jdbc/fat/krb5/OracleKerberosTest.java_apply#143#153,/root/3_stackoverflow_snippets_for_index/40317313/40317313_6_130395681.java_apply#15#27
/root/2_github_projects_for_search/openpnp/openpnp/src/main/java/org/openpnp/Translations.java_newBundle#26#53,/root/3_stackoverflow_snippets_for_index/4429257/4429257_2_9347476.java_newBundle#2#32
/root/2_github_projects_for_search/opensearch-project/opensearch/server/src/test/java/org/opensearch/cluster/service/TaskExecutorTests.java_run#223#230,/root/3_stackoverflow_snippets_for_index/33561612/33561612_2_recent.java_method#1#33
/root/2_github_projects_for_search/orcid/orcid-source/orcid-core/src/main/java/org/orcid/core/utils/UTF8Control.java_newBundle#14#44,/root/3_stackoverflow_snippets_for_index/4429257/4429257_2_9347476.java_newBundle#2#32
/root/2_github_projects_for_search/osgi/osgi/org.osgi.test.cases.cm/src/org/osgi/test/cases/cm/junit/CMCoordinationTestCase.java_sleep#135#141,/root/3_stackoverflow_snippets_for_index/19689932/19689932_6_147013208.java_method#1#16
/root/2_github_projects_for_search/osgi/osgi/org.osgi.test.cases.rest/src/org/osgi/test/cases/rest/junit/RestServiceXMLTestCase.java_printDocument#1040#1058,/root/3_stackoverflow_snippets_for_index/2325407/2325407_2_recent.java_method#1#12
/root/2_github_projects_for_search/overturetool/overture/core/combinatorialtesting/ctruntime/src/main/java/org/overture/ct/ctruntime/server/common/Utils.java_isInt#42#52,/root/3_stackoverflow_snippets_for_index/25985720/25985720_14_recent.java_method#1#21
/root/2_github_projects_for_search/overturetool/overture/ide/plugins/combinatorialtesting/src/main/java/org/overture/combinatorialtesting/vdmj/server/common/Utils.java_isInt#46#56,/root/3_stackoverflow_snippets_for_index/25985720/25985720_14_recent.java_method#1#21
/root/2_github_projects_for_search/owasp/mastg-hacking-playground/Android/MSTG-Android-Java-App/app/src/main/java/sg/vp/owasp_mobile/OMTG_Android/OMTG_DATAST_001_ExternalStorage.java_isExternalStorageReadable#60#67,/root/3_stackoverflow_snippets_for_index/52144662/52144662_2_181397043.java_method#1#97
/root/2_github_projects_for_search/p2abcengine/p2abcengine/Code/core-abce/abce-components/src/main/java/eu/abc4trust/util/StorageUtil.java_copy#256#268,/root/3_stackoverflow_snippets_for_index/9293885/9293885_2_recent.java_method#1#18
/root/2_github_projects_for_search/pamguard/pamguard/src/soundtrap/BCLReader.java_close#71#80,/root/3_stackoverflow_snippets_for_index/28137956/28137956_4_recent.java_method#1#79
/root/2_github_projects_for_search/pamguard/pamguard/src/difar/display/SonobuoyManagerPanel.java_resizeColumnWidth#192#203,/root/3_stackoverflow_snippets_for_index/17627497/17627497_2_recent.java_method#1#14
/root/2_github_projects_for_search/pebbletemplates/pebble/pebble/src/main/java/io/pebbletemplates/pebble/extension/i18n/UTF8Control.java_newBundle#15#45,/root/3_stackoverflow_snippets_for_index/4429257/4429257_2_9347476.java_newBundle#2#32
/root/2_github_projects_for_search/peergos/peergos/src/peergos/server/storage/S3AdminRequests.java_initialValue#57#64,/root/3_stackoverflow_snippets_for_index/56815/56815_2_recent.java_method#1#15
/root/2_github_projects_for_search/penguinsquad/harvest-festival/src/main/java/uk/joshiejack/harvestcore/world/mine/dimension/floors/RoomGeneratorTemplate.java_rotate#142#150,/root/3_stackoverflow_snippets_for_index/53110509/53110509_2_185004841.java_method#1#10
/root/2_github_projects_for_search/pentaho/pentaho-platform/extensions/src/main/java/org/pentaho/platform/web/http/api/resources/utils/EscapeUtils.java_HTMLCharacterEscapes#36#48,/root/3_stackoverflow_snippets_for_index/30316055/30316055_2_recent.java_method#1#42
/root/2_github_projects_for_search/pgmdev/pgm/util/src/main/java/tc/oc/pgm/util/text/UTF8Control.java_newBundle#24#53,/root/3_stackoverflow_snippets_for_index/4429257/4429257_2_9347476.java_newBundle#2#32
/root/2_github_projects_for_search/phoenixctms/ctsms/web/src/main/java/org/phoenixctms/ctsms/web/jersey/provider/CORSFilter.java_filter#12#22,/root/3_stackoverflow_snippets_for_index/50241292/50241292_2_173099365.java_filter#2#14
/root/2_github_projects_for_search/pig-mesh/pig/pig-register/src/main/java/com/alibaba/nacos/config/ConsoleConfig.java_corsFilter#60#72,/root/3_stackoverflow_snippets_for_index/58370217/58370217_2_recent.java_method#1#45
/root/2_github_projects_for_search/pippokill/tri/src/main/java/di/uniba/it/tri/changepoint/v2/ComputeCPTTaylor.java_shuffleArray#36#45,/root/3_stackoverflow_snippets_for_index/1520212/1520212_2_recent.java_shuffleArray#19#31
/root/2_github_projects_for_search/piwigo/piwigo-android/app/src/main/java/org/piwigo/data/repository/ImageRepository.java_isExternalStorageWritable#352#358,/root/3_stackoverflow_snippets_for_index/52144662/52144662_2_181397043.java_method#1#97
/root/2_github_projects_for_search/pixelmaid/dresscode_v0.5/src/com/pixelmaid/dresscode/app/CodeField.java_insertUpdate#243#251,/root/3_stackoverflow_snippets_for_index/54704257/54704257_2_recent.java_method#1#12
/root/2_github_projects_for_search/pkainulainen/spring-data-jpa-examples/tutorial-part-eight/src/main/java/net/petrikainulainen/spring/datajpa/config/ApplicationContext.java_viewResolver#111#120,/root/3_stackoverflow_snippets_for_index/52148106/52148106_4_181012547.java_method#1#13
/root/2_github_projects_for_search/pkainulainen/spring-data-jpa-examples/tutorial-part-seven/src/main/java/net/petrikainulainen/spring/datajpa/config/ApplicationContext.java_viewResolver#111#120,/root/3_stackoverflow_snippets_for_index/52148106/52148106_4_181012547.java_method#1#13
/root/2_github_projects_for_search/pkainulainen/spring-data-solr-examples/query-methods-pagination/src/main/java/net/petrikainulainen/spring/datasolr/config/ExampleApplicationContext.java_viewResolver#80#89,/root/3_stackoverflow_snippets_for_index/52148106/52148106_4_181012547.java_method#1#13
/root/2_github_projects_for_search/pkainulainen/spring-data-solr-examples/query-methods/src/main/java/net/petrikainulainen/spring/datasolr/config/ExampleApplicationContext.java_viewResolver#69#78,/root/3_stackoverflow_snippets_for_index/52148106/52148106_4_181012547.java_method#1#13
/root/2_github_projects_for_search/pkainulainen/spring-data-solr-examples/criteria-pagination/src/main/java/net/petrikainulainen/spring/datasolr/config/ExampleApplicationContext.java_viewResolver#80#89,/root/3_stackoverflow_snippets_for_index/52148106/52148106_4_181012547.java_method#1#13
/root/2_github_projects_for_search/pkainulainen/spring-data-solr-examples/custom-repository-all/src/main/java/net/petrikainulainen/spring/datasolr/config/ExampleApplicationContext.java_viewResolver#80#89,/root/3_stackoverflow_snippets_for_index/52148106/52148106_4_181012547.java_method#1#13
/root/2_github_projects_for_search/pkainulainen/spring-data-solr-examples/criteria/src/main/java/net/petrikainulainen/spring/datasolr/config/ExampleApplicationContext.java_viewResolver#69#78,/root/3_stackoverflow_snippets_for_index/52148106/52148106_4_181012547.java_method#1#13
/root/2_github_projects_for_search/playframework/play1/samples-and-tests/just-test-cases/test/Chunked2Test.java_sleep#37#43,/root/3_stackoverflow_snippets_for_index/46887834/46887834_2_recent.java_method#1#14
/root/2_github_projects_for_search/plutext/jaxb-2_2_5_1/samples/src/processor/util/Util.java_copy#57#69,/root/3_stackoverflow_snippets_for_index/9293885/9293885_2_recent.java_method#1#18
/root/2_github_projects_for_search/pokefenn/chisel/src/main/java/info/jbcs/minecraft/chisel/client/gui/GuiElement.java_GuiElement#18#24,/root/3_stackoverflow_snippets_for_index/63631995/63631995_6_recent.java_method#1#110
/root/2_github_projects_for_search/polypheny/polypheny-db/webui/src/main/java/org/polypheny/db/webui/models/DbColumn.java_handleInteger#176#183,/root/3_stackoverflow_snippets_for_index/34511731/34511731_2_recent.java_read#2#14
/root/2_github_projects_for_search/polystat/j2eo/src/test/resources/test_candidates/ch_10_arrays/sec_10_4_array_access/DisplayMatrixSquare.java_main#2#17,/root/3_stackoverflow_snippets_for_index/5061920/5061920_1_recent.java_method#1#11
/root/2_github_projects_for_search/polystat/j2eo/src/test/resources/test_candidates/ch_10_arrays/sec_10_4_array_access/DisplayMatrixNoSquare.java_main#2#16,/root/3_stackoverflow_snippets_for_index/5061920/5061920_1_recent.java_method#1#11
/root/2_github_projects_for_search/powernukkitx/powernukkitx/src/main/java/cn/nukkit/utils/Utils.java_visitFile#415#421,/root/3_stackoverflow_snippets_for_index/57997601/57997601_2_recent.java_method#1#22
/root/2_github_projects_for_search/processing/processing4/java/src/processing/mode/java/CompletionPanel.java_mouseClicked#122#128,/root/3_stackoverflow_snippets_for_index/60929154/60929154_2_218030952.java_createSuggestionList#48#66
/root/2_github_projects_for_search/processing/processing/core/src/processing/core/PApplet.java_parseInt#9668#9678,/root/3_stackoverflow_snippets_for_index/58346204/58346204_2_recent.java_method#1#103
/root/2_github_projects_for_search/processing/processing/app/src/processing/app/ui/Welcome2.java_itemStateChanged#242#248,/root/3_stackoverflow_snippets_for_index/7607044/7607044_2_recent.java_getTableCellEditorComponent#11#57
/root/2_github_projects_for_search/processing/processing/java/src/processing/mode/java/pdex/CompletionPanel.java_mouseClicked#142#148,/root/3_stackoverflow_snippets_for_index/60929154/60929154_2_218030952.java_createSuggestionList#48#66
/root/2_github_projects_for_search/projectbuendia/client/third_party/odkcollect/src/main/java/org/odk/collect/android/widgets/AutoCompleteWidget.java_publishResults#288#299,/root/3_stackoverflow_snippets_for_index/19876516/19876516_2_recent.java_method#1#33
/root/2_github_projects_for_search/projectbuendia/client/third_party/odkcollect/src/main/java/org/odk/collect/android/preferences/AggregatePreferencesActivity.java_filter#155#163,/root/3_stackoverflow_snippets_for_index/55003173/55003173_2_recent.java_method#1#12
/root/2_github_projects_for_search/prometheus/client_java/integration_tests/it_common/src/test/java/io/prometheus/client/it/common/Volume.java_visitFile#68#74,/root/3_stackoverflow_snippets_for_index/18454342/18454342_2_recent.java_method#1#29
/root/2_github_projects_for_search/proofpoint/platform/jaxrs/src/main/java/com/proofpoint/jaxrs/JsonMapper.java_HTMLCharacterEscapes#253#265,/root/3_stackoverflow_snippets_for_index/30316055/30316055_2_recent.java_method#1#42
/root/2_github_projects_for_search/punchthrough/bean-sdk-android/sdk/src/main/java/com/punchthrough/bean/sdk/internal/utility/Convert.java_bytesToHexString#19#27,/root/3_stackoverflow_snippets_for_index/60266789/60266789_2_recent.java_method#1#13
/root/2_github_projects_for_search/puniverse/quasar/quasar-core/src/main/java/co/paralleluniverse/fibers/instrument/QuasarInstrumentor.java_copy#315#328,/root/3_stackoverflow_snippets_for_index/54298032/54298032_2_recent.java_copy#58#72
/root/2_github_projects_for_search/pylersm/xinstaller/src/com/pyler/xinstaller/Utils.java_copyFile#142#153,/root/3_stackoverflow_snippets_for_index/9293885/9293885_2_recent.java_method#1#18
/root/2_github_projects_for_search/qalingo/qalingo-engine/apis/api-core/api-core-common/src/main/java/org/hoteia/qalingo/core/web/util/BeanUtilsBean.java_copyNotNullProperties#17#24,/root/3_stackoverflow_snippets_for_index/5079864/5079864_2_136918794.java_method#1#13
/root/2_github_projects_for_search/qiurunze123/threadandjuc/src/main/java/com/geekagain/jmm/FieldVisibility.java_run#25#33,/root/3_stackoverflow_snippets_for_index/55986044/55986044_2_recent.java_method#1#107
/root/2_github_projects_for_search/qiurunze123/threadandjuc/thread-interview/src/main/java/com/apollo/threadinterview/threadjmm/ThreadJmm3.java_run#40#49,/root/3_stackoverflow_snippets_for_index/55986044/55986044_2_recent.java_method#1#107
/root/2_github_projects_for_search/qiurunze123/threadandjuc/thread-interview/src/main/java/com/apollo/threadinterview/threadjmm/FieldVisibilityMind.java_run#33#41,/root/3_stackoverflow_snippets_for_index/55986044/55986044_2_recent.java_method#1#107
/root/2_github_projects_for_search/qiurunze123/threadandjuc/thread-interview/src/main/java/com/apollo/threadinterview/threadjmm/ThreadJmm4.java_run#30#38,/root/3_stackoverflow_snippets_for_index/55986044/55986044_2_recent.java_method#1#107
/root/2_github_projects_for_search/raj-m01/android-chat-app/app/src/main/java/com/example/chatapp/AESUtils.java_encrypt#35#41,/root/3_stackoverflow_snippets_for_index/6788456/6788456_2_209269621.java_method#1#15
/root/2_github_projects_for_search/raj-m01/android-chat-app/app/src/main/java/com/example/chatapp/AESUtils.java_decrypt#43#50,/root/3_stackoverflow_snippets_for_index/6788456/6788456_2_209269621.java_method#1#15
/root/2_github_projects_for_search/ralphite/j7cc/Chap1/Chap1_13.java_run#48#55,/root/3_stackoverflow_snippets_for_index/64804977/64804977_4_recent.java_method#1#20
/root/2_github_projects_for_search/ramack/activitydiary/app/src/main/java/de/rampro/activitydiary/helpers/GraphicsHelper.java_isExternalStorageWritable#54#60,/root/3_stackoverflow_snippets_for_index/52144662/52144662_2_181397043.java_method#1#97
/root/2_github_projects_for_search/red5/red5-server/common/src/main/java/org/red5/server/ClientList.java_remove#52#65,/root/3_stackoverflow_snippets_for_index/7901334/7901334_2_recent.java_method#1#124
/root/2_github_projects_for_search/red5/red5-server/common/src/main/java/org/red5/server/ClientList.java_removeReleased#90#96,/root/3_stackoverflow_snippets_for_index/7901334/7901334_2_recent.java_method#1#124
/root/2_github_projects_for_search/refactoringguru/design-patterns-java/src/refactoring_guru/visitor/example/shapes/Rectangle.java_Rectangle#12#18,/root/3_stackoverflow_snippets_for_index/9709606/9709606_2_recent.java_method#1#19
/root/2_github_projects_for_search/reneargento/algorithms-sedgewick-wayne/src/chapter4/section2/Exercise55_StrongComponents.java_sleep#149#155,/root/3_stackoverflow_snippets_for_index/46887834/46887834_2_recent.java_method#1#14
/root/2_github_projects_for_search/reneargento/algorithms-sedgewick-wayne/src/chapter4/section1/Exercise50_ConnectedComponents.java_sleep#147#153,/root/3_stackoverflow_snippets_for_index/46887834/46887834_2_recent.java_method#1#14
/root/2_github_projects_for_search/renrenio/renren-security/renren-admin/src/main/java/io/renren/modules/security/password/BCryptPasswordEncoder.java_encode#51#66,/root/3_stackoverflow_snippets_for_index/41471859/41471859_4_135239059.java_method#1#15
/root/2_github_projects_for_search/repast/repast.simphony/repast.simphony.gui/src/repast/simphony/ui/widget/MovieMaker.java_dataSinkUpdate#240#252,/root/3_stackoverflow_snippets_for_index/6236324/6236324_2_recent.java_method#1#521
/root/2_github_projects_for_search/restlet/restlet-framework-java/modules/org.restlet.ext.gae/src/main/java/org/restlet/ext/gae/GaeAuthenticator.java_authenticate#101#126,/root/3_stackoverflow_snippets_for_index/28943344/28943344_6_85432010.java_method#1#30
/root/2_github_projects_for_search/ripmeapp/ripme/src/main/java/com/rarchives/ripme/utils/UTF8Control.java_newBundle#15#45,/root/3_stackoverflow_snippets_for_index/4429257/4429257_2_9347476.java_newBundle#2#32
/root/2_github_projects_for_search/robolectric/robolectric/robolectric/src/test/java/org/robolectric/shadows/ShadowPausedLooperTest.java_run#571#577,/root/3_stackoverflow_snippets_for_index/20274776/20274776_2_recent.java_method#1#29
/root/2_github_projects_for_search/robotmedia/droid-comic-viewer/src/com/github/junrar/MVTest.java_main#18#55,/root/3_stackoverflow_snippets_for_index/4305365/4305365_2_recent.java_main#6#43
/root/2_github_projects_for_search/ronancpl/heavenms/tools/MapleCashDropFetcher/src/maplecashdropfetcher/MapleCashDropFetcher.java_listFiles#224#236,/root/3_stackoverflow_snippets_for_index/14676464/14676464_2_recent.java_method#1#15
/root/2_github_projects_for_search/ronancpl/heavenms/tools/MapleMapFieldLimitChecker/src/maplemapfieldlimitchecker/MapleMapFieldLimitChecker.java_listFiles#108#120,/root/3_stackoverflow_snippets_for_index/14676464/14676464_2_recent.java_method#1#15
/root/2_github_projects_for_search/ronancpl/heavenms/tools/MapleIdRetriever/src/mapleidretriever/MapleIdRetriever.java_listFiles#70#82,/root/3_stackoverflow_snippets_for_index/14676464/14676464_2_recent.java_method#1#15
/root/2_github_projects_for_search/ronancpl/heavenms/tools/MapleCashCosmeticsChecker/src/maplecashcosmeticschecker/MapleCashCosmeticsChecker.java_listFiles#199#211,/root/3_stackoverflow_snippets_for_index/14676464/14676464_2_recent.java_method#1#15
/root/2_github_projects_for_search/ronancpl/heavenms/tools/MapleEmptyItemWzChecker/src/mapleemptyitemwzchecker/MapleEmptyItemWzChecker.java_listFiles#108#120,/root/3_stackoverflow_snippets_for_index/14676464/14676464_2_recent.java_method#1#15
/root/2_github_projects_for_search/ronancpl/heavenms/tools/MapleCashCosmeticsFetcher/src/maplecashcosmeticsfetcher/MapleCashCosmeticsFetcher.java_listFiles#56#68,/root/3_stackoverflow_snippets_for_index/14676464/14676464_2_recent.java_method#1#15
/root/2_github_projects_for_search/ronancpl/heavenms/src/net/server/handlers/login/LoginPasswordHandler.java_disposeSql#166#178,/root/3_stackoverflow_snippets_for_index/32855556/32855556_4_100737457.java_method#1#12
/root/2_github_projects_for_search/ronancpl/heavenms/src/server/MapleSkillbookInformationProvider.java_listFiles#192#204,/root/3_stackoverflow_snippets_for_index/14676464/14676464_2_recent.java_method#1#15
/root/2_github_projects_for_search/rosemoe/codeeditor/editor-lsp/src/main/java/io/github/rosemoe/sora/lsp/client/connection/SocketStreamConnectionProvider.java_close#75#82,/root/3_stackoverflow_snippets_for_index/35094888/35094888_2_recent.java_method#1#61
/root/2_github_projects_for_search/rptools/maptool/src/main/java/net/rptools/maptool/util/ExtractImagesFromPDF.java_close#143#151,/root/3_stackoverflow_snippets_for_index/32650814/32650814_2_recent.java_method#1#197
/root/2_github_projects_for_search/rptools/maptool/src/main/java/net/rptools/maptool/client/ui/token/dialog/edit/EditTokenDialog.java_keyPressed#1583#1589,/root/3_stackoverflow_snippets_for_index/62722315/62722315_2_recent.java_method#1#292
/root/2_github_projects_for_search/rptools/maptool/src/main/java/net/rptools/maptool/client/ui/token/dialog/edit/EditTokenDialog.java_keyPressed#1617#1623,/root/3_stackoverflow_snippets_for_index/62722315/62722315_2_recent.java_method#1#292
/root/2_github_projects_for_search/rstudio/rstudio/src/gwt/src/org/rstudio/core/client/Rectangle.java_Rectangle#19#25,/root/3_stackoverflow_snippets_for_index/9709606/9709606_2_recent.java_method#1#19
/root/2_github_projects_for_search/rubenlagus/telegrambotsexample/src/main/java/org/telegram/services/LocalisationService.java_newBundle#184#211,/root/3_stackoverflow_snippets_for_index/4429257/4429257_2_9347476.java_newBundle#2#32
/root/2_github_projects_for_search/rythmengine/rythmengine/src/main/java/org/rythmengine/conf/RythmConfiguration.java_newBundle#581#609,/root/3_stackoverflow_snippets_for_index/4429257/4429257_2_9347476.java_newBundle#2#32
/root/2_github_projects_for_search/safetysystemtechnology/location-tracker-background/location-tracker-background/src/main/java/br/com/safety/locationlistenerhelper/core/LocationService.java_buildGoogleApiClient#81#89,/root/3_stackoverflow_snippets_for_index/28039909/28039909_2_recent.java_method#1#13
/root/2_github_projects_for_search/samczsun/skype4j/src/main/java/com/samczsun/skype4j/internal/Utils.java_copy#157#169,/root/3_stackoverflow_snippets_for_index/54298032/54298032_2_recent.java_copy#58#72
/root/2_github_projects_for_search/scada-lts/scada-lts/src/br/org/scadabr/db/configuration/ConfigurationDB.java_copy#14#25,/root/3_stackoverflow_snippets_for_index/9293885/9293885_2_recent.java_method#1#18
/root/2_github_projects_for_search/sci2sugr/keel/src/keel/Algorithms/UnsupervisedLearning/AssociationRules/Visualization/keelassotiationrulesbarchart/ResultsProccessor.java_sortByValues#399#417,/root/3_stackoverflow_snippets_for_index/12738229/12738229_2_30063703.java_sortByValue#5#21
/root/2_github_projects_for_search/sci2sugr/keel/src/keel/Algorithms/UnsupervisedLearning/AssociationRules/Visualization/KeelToPMML/KeelToPMMLProcessor.java_sortByValues#464#482,/root/3_stackoverflow_snippets_for_index/12738229/12738229_2_30063703.java_sortByValue#5#21
/root/2_github_projects_for_search/sci2sugr/keel/src/keel/Algorithms/UnsupervisedLearning/AssociationRules/Visualization/KeelToPMML/KeelToPMMLFuzzyProcessor.java_sortByValues#543#561,/root/3_stackoverflow_snippets_for_index/12738229/12738229_2_30063703.java_sortByValue#5#21
/root/2_github_projects_for_search/sci2sugr/keel/src/keel/Algorithms/UnsupervisedLearning/AssociationRules/Visualization/keellatextables/ResultsProccessor.java_sortByValues#374#392,/root/3_stackoverflow_snippets_for_index/12738229/12738229_2_30063703.java_sortByValue#5#21
/root/2_github_projects_for_search/seleniumhq/selenium/java/src/org/openqa/selenium/support/pagefactory/DefaultFieldDecorator.java_decorate#50#69,/root/3_stackoverflow_snippets_for_index/36004572/36004572_4_recent.java_method#1#24
/root/2_github_projects_for_search/seleniumhq/selenium/java/src/org/openqa/selenium/firefox/AddHasExtensions.java_visitFile#106#112,/root/3_stackoverflow_snippets_for_index/57997601/57997601_2_recent.java_method#1#22
/root/2_github_projects_for_search/sendowlorganization/sendowl/src/main/java/com/example/sendowl/config/OpenApiConfig.java_customOpenAPI#14#20,/root/3_stackoverflow_snippets_for_index/59430454/59430454_2_recent.java_method#1#72
/root/2_github_projects_for_search/sepinf-inc/iped/iped-api/src/main/java/iped/localization/Messages.java_newBundle#55#84,/root/3_stackoverflow_snippets_for_index/4429257/4429257_2_9347476.java_newBundle#2#32
/root/2_github_projects_for_search/sergueik/selenium_java/swet_javafx/src/main/java/com/github/sergueik/swet_javafx/TableViewExtendedEx.java_startEdit#318#327,/root/3_stackoverflow_snippets_for_index/32164598/32164598_8_recent.java_method#1#15
/root/2_github_projects_for_search/ses-fortiss/smartgridcosimulation/examples/extendedExamples/src/main/java/smartMeterExample/M2MDisplay.java_run#25#31,/root/3_stackoverflow_snippets_for_index/59664498/59664498_2_recent.java_method#1#68
/root/2_github_projects_for_search/ses-fortiss/smartgridcosimulation/examples/memap/src/main/java/memap/external/M2MDisplay.java_run#25#31,/root/3_stackoverflow_snippets_for_index/59664498/59664498_2_recent.java_method#1#68
/root/2_github_projects_for_search/ses-fortiss/smartgridcosimulation/examples/exampleMemapScenario/src/main/java/exampleScenario/external/M2MDisplay.java_run#25#31,/root/3_stackoverflow_snippets_for_index/59664498/59664498_2_recent.java_method#1#68
/root/2_github_projects_for_search/ses-fortiss/smartgridcosimulation/examples/exampleMemapScenario/src/main/java/exampleScenario/external/M2MDisplay.java_stop#37#43,/root/3_stackoverflow_snippets_for_index/59664498/59664498_2_recent.java_method#1#68
/root/2_github_projects_for_search/ses-fortiss/smartgridcosimulation/projects/memapCore/src/main/java/memap/external/M2MDisplay.java_run#25#31,/root/3_stackoverflow_snippets_for_index/59664498/59664498_2_recent.java_method#1#68
/root/2_github_projects_for_search/ses-fortiss/smartgridcosimulation/projects/previousProjects/memapLinProgDenisThesisArchive/src/main/java/linprogMPC/external/M2MDisplay.java_run#25#31,/root/3_stackoverflow_snippets_for_index/59664498/59664498_2_recent.java_method#1#68
/root/2_github_projects_for_search/ses-fortiss/smartgridcosimulation/projects/previousProjects/memapLinProgDenisPlayground/src/main/java/linprogMPC/external/M2MDisplay.java_run#25#31,/root/3_stackoverflow_snippets_for_index/59664498/59664498_2_recent.java_method#1#68
/root/2_github_projects_for_search/ses-fortiss/smartgridcosimulation/projects/previousProjects/memapLinProgHDN/src/main/java/linprogMPC/external/M2MDisplay.java_run#25#31,/root/3_stackoverflow_snippets_for_index/59664498/59664498_2_recent.java_method#1#68
/root/2_github_projects_for_search/ses-fortiss/smartgridcosimulation/projects/previousProjects/memapLinProgDenisThesis_2Houses/src/main/java/linprogMPC/external/M2MDisplay.java_run#25#31,/root/3_stackoverflow_snippets_for_index/59664498/59664498_2_recent.java_method#1#68
/root/2_github_projects_for_search/ses-fortiss/smartgridcosimulation/projects/previousProjects/memapLinProgDenisThesis/src/main/java/linprogMPC/external/M2MDisplay.java_run#25#31,/root/3_stackoverflow_snippets_for_index/59664498/59664498_2_recent.java_method#1#68
/root/2_github_projects_for_search/sevenex/bitrade-parent/exchange/src/main/java/cn/ztuo/bitrade/config/CorsConfig.java_corsFilter#12#22,/root/3_stackoverflow_snippets_for_index/58370217/58370217_2_recent.java_method#1#45
/root/2_github_projects_for_search/sevenex/bitrade-parent/open-api/src/main/java/cn/ztuo/bitrade/config/ApplicationConfig.java_corsFilter#22#32,/root/3_stackoverflow_snippets_for_index/58370217/58370217_2_recent.java_method#1#45
/root/2_github_projects_for_search/sevenex/bitrade-parent/market/src/main/java/cn/ztuo/bitrade/config/ContextConfig.java_corsFilter#12#22,/root/3_stackoverflow_snippets_for_index/58370217/58370217_2_recent.java_method#1#45
/root/2_github_projects_for_search/sevenex/bitrade-parent/ucenter-api/src/main/java/cn/ztuo/bitrade/config/ApplicationConfig.java_corsFilter#69#80,/root/3_stackoverflow_snippets_for_index/58370217/58370217_2_recent.java_method#1#45
/root/2_github_projects_for_search/sevenex/bitrade-parent/otc-api/src/main/java/cn/ztuo/bitrade/config/ApplicationConfig.java_corsFilter#23#33,/root/3_stackoverflow_snippets_for_index/58370217/58370217_2_recent.java_method#1#45
/root/2_github_projects_for_search/sevenex/bitrade-parent/admin/src/main/java/cn/ztuo/bitrade/config/ApplicationConfig.java_corsFilter#38#48,/root/3_stackoverflow_snippets_for_index/58370217/58370217_2_recent.java_method#1#45
/root/2_github_projects_for_search/sevenex/bitrade-parent/exchange-api/src/main/java/cn/ztuo/bitrade/config/ApplicationConfig.java_corsFilter#20#30,/root/3_stackoverflow_snippets_for_index/58370217/58370217_2_recent.java_method#1#45
/root/2_github_projects_for_search/sfplayer1/matcher/src/matcher/Util.java_closeSilently#128#136,/root/3_stackoverflow_snippets_for_index/2699270/2699270_2_recent.java_method#1#18
/root/2_github_projects_for_search/sharispe/slib/slib-dsm/src/main/java/com/github/sharispe/slib/dsm/utils/Utils.java_countLines#332#351,/root/3_stackoverflow_snippets_for_index/453067/453067_2_recent.java_method#1#20
/root/2_github_projects_for_search/shevchik/autosaveworld/src/autosaveworld/zlibs/com/google/api/client/util/ByteStreams.java_copy#45#59,/root/3_stackoverflow_snippets_for_index/54298032/54298032_2_190009745.java_copy#52#65
/root/2_github_projects_for_search/shradha-khapra/apnacollege-alpha/10_Backtracking/Classroom.java_printSudoku#62#69,/root/3_stackoverflow_snippets_for_index/46193578/46193578_2_recent.java_method#1#62
/root/2_github_projects_for_search/shulietech/linkagent/instrument-modules/user-modules/module-pradar-register/src/main/java/com/shulie/instrument/module/register/zk/impl/ZipCompressionProvider.java_copy#73#85,/root/3_stackoverflow_snippets_for_index/54298032/54298032_2_recent.java_copy#58#72
/root/2_github_projects_for_search/shulietech/linkagent/instrument-modules/user-modules/module-pradar-core/src/main/java/com/pamirs/pradar/common/ByteUtils.java_byte2hex#137#144,/root/3_stackoverflow_snippets_for_index/58993471/58993471_2_recent.java_method#1#363
/root/2_github_projects_for_search/siaorg/sia-gateway/sia-gateway-admin/src/test/java/com/creditease/gateway/test/pressuretest/ConcurrentTest.java_run#89#101,/root/3_stackoverflow_snippets_for_index/27469652/27469652_4_recent.java_method#1#15
/root/2_github_projects_for_search/sikuli/sikuli-slides/src/main/java/org/sikuli/slides/driver/DefaultFieldDecorator.java_decorate#25#42,/root/3_stackoverflow_snippets_for_index/36004572/36004572_4_recent.java_method#1#24
/root/2_github_projects_for_search/skriptlang/skript/src/main/java/ch/njol/util/EnumTypeAdapter.java_read#69#75,/root/3_stackoverflow_snippets_for_index/24127188/24127188_2_recent.java_method#1#32
/root/2_github_projects_for_search/snowblossomcoin/snowblossom/lib/src/OverlayMap.java_put#84#92,/root/3_stackoverflow_snippets_for_index/29548090/29548090_4_recent.java_method#1#78
/root/2_github_projects_for_search/sofastack/sofa-jraft/jraft-core/src/main/java/com/alipay/sofa/jraft/util/BytesUtil.java_toHex#150#161,/root/3_stackoverflow_snippets_for_index/60266789/60266789_2_recent.java_method#1#13
/root/2_github_projects_for_search/spoonlabs/astor/examples/librepair-experiments-jhy-jsoup-285353482-20171009-062400_bugonly_with_package_info/src/main/java/org/jsoup/helper/HttpConnection.java_data#212#223,/root/3_stackoverflow_snippets_for_index/31868761/31868761_4_96856276.java_method#1#12
/root/2_github_projects_for_search/spoonlabs/astor/examples/jsoup31be24/src/main/java/org/jsoup/helper/HttpConnection.java_data#156#167,/root/3_stackoverflow_snippets_for_index/31868761/31868761_4_96856276.java_method#1#12
/root/2_github_projects_for_search/spoonlabs/astor/examples/librepair-experiments-jhy-jsoup-285353482-20171009-062400_bugonly/src/main/java/org/jsoup/helper/HttpConnection.java_data#212#223,/root/3_stackoverflow_snippets_for_index/31868761/31868761_4_96856276.java_method#1#12
/root/2_github_projects_for_search/spring-projects/spring-integration/spring-integration-file/src/main/java/org/springframework/integration/file/splitter/FileSplitter.java_addHeaders#267#284,/root/3_stackoverflow_snippets_for_index/33270545/33270545_2_102375019.java_addHeaders#25#45
/root/2_github_projects_for_search/spring-projects/spring-integration/spring-integration-zip/src/main/java/org/springframework/integration/zip/transformer/SpringZipUtils.java_isValid#123#135,/root/3_stackoverflow_snippets_for_index/2086792/2086792_2_recent.java_method#1#17
/root/2_github_projects_for_search/spring-projects/spring-kafka/spring-kafka-docs/src/main/java/org/springframework/kafka/jdocs/started/noboot/Config.java_senderProps#91#99,/root/3_stackoverflow_snippets_for_index/58496526/58496526_2_207696359.java_method#1#19
/root/2_github_projects_for_search/spring-projects/spring-boot/spring-boot-tests/spring-boot-smoke-tests/spring-boot-smoke-test-traditional/src/main/java/smoketest/traditional/config/WebConfig.java_viewResolver#39#45,/root/3_stackoverflow_snippets_for_index/52148106/52148106_4_181012547.java_method#1#13
/root/2_github_projects_for_search/spring-projects/sts4/headless-services/spring-boot-language-server/src/test/resources/test-projects/test-xml-validations/src/main/java/u/t/r/HomeController.java_home#25#37,/root/3_stackoverflow_snippets_for_index/10195366/10195366_2_recent.java_method#1#21
/root/2_github_projects_for_search/spring-projects/sts4/headless-services/spring-boot-language-server/src/test/resources/test-projects/test-xml-hyperlinks/src/main/java/u/t/r/HomeController.java_home#25#37,/root/3_stackoverflow_snippets_for_index/10195366/10195366_2_recent.java_method#1#21
/root/2_github_projects_for_search/springdoc/springdoc-openapi/springdoc-openapi-webmvc-core/src/test/java/test/org/springdoc/api/v30/app76/SpringDocApp76Test.java_openAPI#40#51,/root/3_stackoverflow_snippets_for_index/59430454/59430454_2_recent.java_method#1#72
/root/2_github_projects_for_search/springdoc/springdoc-openapi/springdoc-openapi-javadoc/src/test/java/test/org/springdoc/api/app76/SpringDocApp76Test.java_openAPI#47#58,/root/3_stackoverflow_snippets_for_index/59430454/59430454_2_recent.java_method#1#72
/root/2_github_projects_for_search/sromku/android-storage/storage/src/main/java/com/snatik/storage/Storage.java_isExternalWritable#71#77,/root/3_stackoverflow_snippets_for_index/52144662/52144662_2_181397043.java_method#1#97
/root/2_github_projects_for_search/stanford-futuredata/macrobase/legacy/src/test/java/macrobase/pipeline/BasePipelineTest.java_countLines#19#38,/root/3_stackoverflow_snippets_for_index/453067/453067_2_recent.java_method#1#20
/root/2_github_projects_for_search/stanfordnlp/corenlp/src/edu/stanford/nlp/util/ConfusionMatrix.java_mouseMoved#360#370,/root/3_stackoverflow_snippets_for_index/15422801/15422801_2_102469581.java_mouseMoved#48#68
/root/2_github_projects_for_search/stanfordnlp/corenlp/src/edu/stanford/nlp/util/ConfusionMatrix.java_Grid#356#373,/root/3_stackoverflow_snippets_for_index/15422801/15422801_2_recent.java_TestPane#44#68
/root/2_github_projects_for_search/starexec/starexec/src/org/starexec/command/CommandValidator.java_isValidZip#840#855,/root/3_stackoverflow_snippets_for_index/2086792/2086792_2_recent.java_method#1#17
/root/2_github_projects_for_search/strapdata/elassandra/server/src/test/java/org/elasticsearch/cluster/service/TaskExecutorTests.java_run#207#214,/root/3_stackoverflow_snippets_for_index/33561612/33561612_2_recent.java_method#1#33
/root/2_github_projects_for_search/subhra74/snowflake/muon-jediterm/src/main/java/com/jediterm/terminal/util/JTextFieldLimit.java_insertString#18#24,/root/3_stackoverflow_snippets_for_index/3519182/3519182_2_7342658.java_method#1#17
/root/2_github_projects_for_search/sukritishah15/ds-algo-point/Java/Algorithms/inorder.java_printInorder#28#41,/root/3_stackoverflow_snippets_for_index/57560955/57560955_2_recent.java_method#1#17
/root/2_github_projects_for_search/svn2github/icepdf/core/core-awt/src/main/java/org/icepdf/core/pobjects/acroform/signature/certificates/CertificateVerifier.java_verifyCertificate#126#155,/root/3_stackoverflow_snippets_for_index/42527750/42527750_2_recent.java_method#1#35
/root/2_github_projects_for_search/svn2github/icepdf/viewer/viewer-awt/src/main/java/org/icepdf/ri/common/views/annotations/signatures/CertificatePropertiesDialog.java_toHexString#242#252,/root/3_stackoverflow_snippets_for_index/58993471/58993471_2_recent.java_method#1#363
/root/2_github_projects_for_search/swati4star/images-to-pdf/app/src/main/java/swati4star/createpdf/util/InvertPdf.java_invertPage#108#122,/root/3_stackoverflow_snippets_for_index/16877278/16877278_2_recent.java_method#1#31
/root/2_github_projects_for_search/swellrt/swellrt/wave/src/main/java/com/google/wave/api/oauth/impl/OpenSocialHttpClient.java_copy#164#176,/root/3_stackoverflow_snippets_for_index/54298032/54298032_2_recent.java_copy#58#72
/root/2_github_projects_for_search/szhnet/kcp-netty/kcp-netty/src/main/java/io/jpower/kcp/netty/internal/ReItrHashMap.java_HashIterator#721#728,/root/3_stackoverflow_snippets_for_index/3870210/3870210_4_recent.java_method#1#29
/root/2_github_projects_for_search/tapdata/tapdata/tapdata-cli/src/main/java/io/tapdata/pdk/cli/services/UploadFileService.java_writeTo#221#230,/root/3_stackoverflow_snippets_for_index/41251473/41251473_6_recent.java_method#1#20
/root/2_github_projects_for_search/teamapps-org/teamapps/teamapps-ux/src/main/java/org/teamapps/ux/i18n/TeamAppsResourceBundleControl.java_newBundle#47#75,/root/3_stackoverflow_snippets_for_index/4429257/4429257_2_9347476.java_newBundle#2#32
/root/2_github_projects_for_search/technicpack/launcherv3/src/main/java/net/technicpack/launchercore/install/verifiers/ValidZipFileVerifier.java_isFileValid#28#46,/root/3_stackoverflow_snippets_for_index/2086792/2086792_2_recent.java_method#1#17
/root/2_github_projects_for_search/tencent/tencentkona-8/jdk/src/share/demo/jfc/SwingApplet/SwingApplet.java_init#74#91,/root/3_stackoverflow_snippets_for_index/13462440/13462440_6_32050882.java_init#30#44
/root/2_github_projects_for_search/tencent/tencentkona-8/jdk/src/share/classes/sun/security/tools/keytool/Main.java_toHexString#3371#3381,/root/3_stackoverflow_snippets_for_index/58993471/58993471_2_recent.java_method#1#363
/root/2_github_projects_for_search/tencent/tencentkona-8/jdk/src/share/classes/java/util/ComparableTimSort.java_sort#179#224,/root/3_stackoverflow_snippets_for_index/29866762/29866762_2_89013107.java_method#1#40
/root/2_github_projects_for_search/tencent/tencentkona-8/jdk/src/share/classes/java/util/TimSort.java_sort#210#256,/root/3_stackoverflow_snippets_for_index/29866762/29866762_2_89013107.java_method#1#40
/root/2_github_projects_for_search/tencent/tencentkona-8/jdk/src/share/classes/java/util/HashMap.java_putMapEntries#501#519,/root/3_stackoverflow_snippets_for_index/46830988/46830988_4_158689916.java_method#1#19
/root/2_github_projects_for_search/tencent/tencentkona-8/jdk/src/share/classes/java/util/Timer.java_sched#386#412,/root/3_stackoverflow_snippets_for_index/16799135/16799135_10_41317480.java_method#1#23
/root/2_github_projects_for_search/tencent/tencentkona-8/jdk/src/share/classes/java/math/BigDecimal.java_divide#5291#5303,/root/3_stackoverflow_snippets_for_index/29330741/29330741_6_86929181.java_method#1#13
/root/2_github_projects_for_search/tencent/tencentkona-8/jdk/src/share/classes/java/math/BigDecimal.java_divide#5305#5317,/root/3_stackoverflow_snippets_for_index/29330741/29330741_6_86929181.java_method#1#13
/root/2_github_projects_for_search/tencent/tencentkona-8/jdk/src/share/classes/javax/swing/plaf/metal/MetalTabbedPaneUI.java_update#719#725,/root/3_stackoverflow_snippets_for_index/45774144/45774144_4_recent.java_method#1#21
/root/2_github_projects_for_search/tencent/tencentkona-8/jdk/src/share/classes/javax/swing/plaf/basic/BasicTableHeaderUI.java_mouseClicked#99#116,/root/3_stackoverflow_snippets_for_index/54119640/54119640_4_189259651.java_mouseClicked#10#26
/root/2_github_projects_for_search/tencent/tencentkona-8/jdk/test/sun/security/pkcs11/tls/TestLeadingZeroesP11.java_toHexString#124#136,/root/3_stackoverflow_snippets_for_index/58993471/58993471_2_recent.java_method#1#363
/root/2_github_projects_for_search/tencent/tencentkona-8/jdk/test/sun/security/x509/X500Name/DerValueConstructor.java_toHexString#119#131,/root/3_stackoverflow_snippets_for_index/58993471/58993471_2_recent.java_method#1#363
/root/2_github_projects_for_search/tencent/tencentkona-8/jdk/test/jdk/jfr/jcmd/TestJcmdStartWithSettings.java_run#167#176,/root/3_stackoverflow_snippets_for_index/64938483/64938483_2_recent.java_method#1#68
/root/2_github_projects_for_search/tencent/tencentkona-8/jdk/test/java/awt/im/6396526/IMLookAndFeel.java_main#68#76,/root/3_stackoverflow_snippets_for_index/6702420/6702420_2_89518975.java_main#9#18
/root/2_github_projects_for_search/tencent/tencentkona-8/jdk/test/com/sun/crypto/provider/KeyAgreement/DHKeyAgreement2.java_toHexString#271#283,/root/3_stackoverflow_snippets_for_index/58993471/58993471_2_recent.java_method#1#363
/root/2_github_projects_for_search/tencent/tencentkona-8/jdk/test/com/sun/crypto/provider/KeyAgreement/DHKeyAgreement3.java_toHexString#178#190,/root/3_stackoverflow_snippets_for_index/58993471/58993471_2_recent.java_method#1#363
/root/2_github_projects_for_search/tencent/tencentkona-8/jdk/test/com/sun/crypto/provider/Cipher/Blowfish/BlowfishTestVector.java_toHexString#133#145,/root/3_stackoverflow_snippets_for_index/58993471/58993471_2_recent.java_method#1#363
/root/2_github_projects_for_search/tencent/tencentkona-8/jdk/test/com/sun/crypto/provider/TLS/TestLeadingZeroes.java_toHexString#130#142,/root/3_stackoverflow_snippets_for_index/58993471/58993471_2_recent.java_method#1#363
/root/2_github_projects_for_search/tencent/tencentkona-8/jdk/test/javax/imageio/plugins/bmp/BMPSubsamplingTest.java_create3ByteImage#329#342,/root/3_stackoverflow_snippets_for_index/58617321/58617321_2_recent.java_method#1#17
/root/2_github_projects_for_search/thealgorithms/java/src/main/java/com/thealgorithms/sorts/BitonicSort.java_printArray#63#69,/root/3_stackoverflow_snippets_for_index/64124615/64124615_2_recent.java_method#1#140
/root/2_github_projects_for_search/thealgorithms/java/src/main/java/com/thealgorithms/others/LowestBasePalindrome.java_reverse#100#106,/root/3_stackoverflow_snippets_for_index/57713309/57713309_2_recent.java_method#1#11
/root/2_github_projects_for_search/thingsboard/thingsboard/rule-engine/rule-engine-components/src/main/java/org/thingsboard/rule/engine/credentials/CertPemCredentials.java_der#285#298,/root/3_stackoverflow_snippets_for_index/19435226/19435226_1_recent.java_method#1#78
/root/2_github_projects_for_search/thingsboard/thingsboard/rule-engine/rule-engine-components/src/main/java/org/thingsboard/rule/engine/credentials/CertPemCredentials.java_decodeRSAPrivatePKCS1#300#313,/root/3_stackoverflow_snippets_for_index/19435226/19435226_1_recent.java_method#1#78
/root/2_github_projects_for_search/threerings/getdown/core/src/main/java/com/threerings/getdown/util/Rectangle.java_Rectangle#18#24,/root/3_stackoverflow_snippets_for_index/9709606/9709606_2_recent.java_method#1#19
/root/2_github_projects_for_search/tibcosoftware/jaspersoft-studio-ce/com.jaspersoft.studio/src/com/jaspersoft/studio/editor/gef/parts/band/NotMovablePartDragTracker.java_comparePath#285#307,/root/3_stackoverflow_snippets_for_index/6702029/6702029_1_117495632.java_method#1#31
/root/2_github_projects_for_search/timothymiko/narrate-android/app/src/main/java/com/datonicgroup/narrate/app/util/NetworkUtil.java_hasInternet#19#33,/root/3_stackoverflow_snippets_for_index/16114563/16114563_2_recent.java_method#1#40
/root/2_github_projects_for_search/togglz/togglz/core/src/main/java/org/togglz/core/util/IOUtils.java_copy#41#55,/root/3_stackoverflow_snippets_for_index/54298032/54298032_2_190009745.java_copy#52#65
/root/2_github_projects_for_search/tomoya92/pybbs/src/main/java/co/yiiu/pybbs/util/bcrypt/BCryptPasswordEncoder.java_encode#63#75,/root/3_stackoverflow_snippets_for_index/41471859/41471859_4_135239059.java_method#1#15
/root/2_github_projects_for_search/tonikelope/megabasterd/src/main/java/com/tonikelope/megabasterd/BoundedExecutor.java_submitTask#30#50,/root/3_stackoverflow_snippets_for_index/2001205/2001205_2_recent.java_submitTask#10#27
/root/2_github_projects_for_search/tony19/logback-android/logback-android/src/test/java/ch/qos/logback/core/rolling/helper/CompressTest.java_copy#130#140,/root/3_stackoverflow_snippets_for_index/9293885/9293885_2_recent.java_method#1#18
/root/2_github_projects_for_search/top-q/difido-reports/server/difido-server/src/main/java/il/co/topq/report/business/elastic/ESController.java_cvtToGmt#500#517,/root/3_stackoverflow_snippets_for_index/10599247/10599247_2_recent.java_method#1#22
/root/2_github_projects_for_search/tranleduy2000/pascalnide/app/src/main/java/com/duy/pascal/ui/common/utils/SysUtils.java_isExternalStorageReadable#174#181,/root/3_stackoverflow_snippets_for_index/52144662/52144662_2_181397043.java_method#1#97
/root/2_github_projects_for_search/tranleduy2000/pascalnide/app/src/main/java/com/duy/pascal/ui/activities/SplashScreenActivity.java_gotoSystemSetting#103#109,/root/3_stackoverflow_snippets_for_index/59372145/59372145_2_recent.java_method#1#18
/root/2_github_projects_for_search/tranleduy2000/ncalc/app/src/main/java/com/duy/ncalc/utils/FileUtils.java_isExternalStorageWritable#53#59,/root/3_stackoverflow_snippets_for_index/52144662/52144662_2_181397043.java_method#1#97
/root/2_github_projects_for_search/triggerreactor/triggerreactor/core/src/main/java/io/github/wysohn/gsoncopy/Gson.java_read#291#298,/root/3_stackoverflow_snippets_for_index/24127188/24127188_2_recent.java_method#1#32
/root/2_github_projects_for_search/triggerreactor/triggerreactor/core/src/main/java/io/github/wysohn/gsoncopy/Gson.java_read#399#406,/root/3_stackoverflow_snippets_for_index/24127188/24127188_2_recent.java_method#1#32
/root/2_github_projects_for_search/triggerreactor/triggerreactor/core/src/main/java/io/github/wysohn/gsoncopy/internal/bind/TypeAdapters.java_read#310#317,/root/3_stackoverflow_snippets_for_index/24127188/24127188_2_recent.java_method#1#32
/root/2_github_projects_for_search/triggerreactor/triggerreactor/core/src/main/java/io/github/wysohn/gsoncopy/internal/bind/TypeAdapters.java_read#897#904,/root/3_stackoverflow_snippets_for_index/24127188/24127188_2_recent.java_method#1#32
/root/2_github_projects_for_search/tsiemens/pathfinder-toolkit/pathfinder-toolkit/src/main/com/lateensoft/pathfinder/toolkit/util/FileUtils.java_isExternalStorageWritable#52#58,/root/3_stackoverflow_snippets_for_index/52144662/52144662_2_181397043.java_method#1#97
/root/2_github_projects_for_search/tyron12233/codeassist/build-tools/build-logic/src/main/java/com/tyron/builder/compiler/aab/AabTask.java_zipFolder#251#262,/root/3_stackoverflow_snippets_for_index/57997601/57997601_2_recent.java_method#1#22
/root/2_github_projects_for_search/uavorg/uavstack/com.creditease.uav.fastjson/src/main/java/com/alibaba/fastjson/util/AntiCollisionHashMap.java_HashIterator#705#712,/root/3_stackoverflow_snippets_for_index/3870210/3870210_4_recent.java_method#1#29
/root/2_github_projects_for_search/ukwa/webarchive-discovery/digipres-tika/src/main/java/uk/bl/wa/tika/CallableTest.java_main#40#53,/root/3_stackoverflow_snippets_for_index/2275596/2275596_2_recent.java_main#11#25
/root/2_github_projects_for_search/unidata/idv/src/ucar/unidata/ui/JpegImagesToMovie.java_createDataSink#162#184,/root/3_stackoverflow_snippets_for_index/6236324/6236324_2_recent.java_method#1#521
/root/2_github_projects_for_search/unidata/idv/src/ucar/unidata/ui/JpegImagesToMovie.java_dataSinkUpdate#269#283,/root/3_stackoverflow_snippets_for_index/6236324/6236324_2_recent.java_method#1#521
/root/2_github_projects_for_search/unidata/rosetta/src/test/java/edu/ucar/unidata/rosetta/config/WebAppContext.java_jspViewResolver#30#38,/root/3_stackoverflow_snippets_for_index/52148106/52148106_4_181012547.java_method#1#13
/root/2_github_projects_for_search/us-cbp/gtas/gtas-parent/gtas-webapp/src/main/java/gov/gtas/controller/HomeController.java_home#29#36,/root/3_stackoverflow_snippets_for_index/10195366/10195366_2_recent.java_method#1#21
/root/2_github_projects_for_search/vaadin/framework/compatibility-server/src/test/java/com/vaadin/v7/data/util/BeanItemContainerGenerator.java_next#41#49,/root/3_stackoverflow_snippets_for_index/18531276/18531276_2_recent.java_method#1#59
/root/2_github_projects_for_search/vaadin/framework/uitest/src/main/java/com/vaadin/tests/util/PortableRandom.java_next#38#46,/root/3_stackoverflow_snippets_for_index/18531276/18531276_2_recent.java_method#1#59
/root/2_github_projects_for_search/vespa-engine/vespa/jdisc_core/src/main/java/com/yahoo/jdisc/client/AbstractClientApplication.java_run#31#38,/root/3_stackoverflow_snippets_for_index/36789749/36789749_6_116354184.java_method#1#22
/root/2_github_projects_for_search/vipshop/pallas/pallas-core/src/test/java/com/vip/pallas/thread/ExtendableThreadPoolExecutorTest.java_run#30#37,/root/3_stackoverflow_snippets_for_index/64804977/64804977_4_recent.java_method#1#20
/root/2_github_projects_for_search/vishesh/sealnote/Sealnote/src/main/java/com/twistedplane/sealnote/storage/BackupUtils.java_isExternalStorageWritable#21#27,/root/3_stackoverflow_snippets_for_index/52144662/52144662_2_181397043.java_method#1#97
/root/2_github_projects_for_search/vishesh/sealnote/Sealnote/src/main/java/com/twistedplane/sealnote/storage/BackupUtils.java_copy#42#54,/root/3_stackoverflow_snippets_for_index/9293885/9293885_2_recent.java_method#1#18
/root/2_github_projects_for_search/vmware/singleton/g11n-ws/modules/md-data-initdb/src/main/java/com/vmware/vip/initdb/utils/BundleProductUtils.java_accept#28#35,/root/3_stackoverflow_snippets_for_index/20680556/20680556_2_recent.java_accept#5#17
/root/2_github_projects_for_search/vmware/singleton/g11n-ws/modules/md-data-initdb/src/main/java/com/vmware/vip/initdb/utils/BundleProductUtils.java_accept#118#125,/root/3_stackoverflow_snippets_for_index/20680556/20680556_2_recent.java_accept#5#17
/root/2_github_projects_for_search/vmware/singleton/g11n-ws/modules/md-data-initdb/src/main/java/com/vmware/vip/initdb/utils/BundleProductUtils.java_accept#135#142,/root/3_stackoverflow_snippets_for_index/20680556/20680556_2_recent.java_accept#5#17
/root/2_github_projects_for_search/w3c/epubcheck/src/main/java/com/adobe/epubcheck/messages/LocalizedMessages.java_newBundle#176#221,/root/3_stackoverflow_snippets_for_index/4429257/4429257_2_9347476.java_newBundle#2#32
/root/2_github_projects_for_search/w3c/epubcheck/src/main/java/com/adobe/epubcheck/util/Messages.java_newBundle#154#199,/root/3_stackoverflow_snippets_for_index/4429257/4429257_2_9347476.java_newBundle#2#32
/root/2_github_projects_for_search/waikato/moa/moa/src/main/java/moa/classifiers/lazy/neighboursearch/NormalizableDistance.java_distance#294#359,/root/3_stackoverflow_snippets_for_index/10774468/10774468_2_recent.java_method#1#95
/root/2_github_projects_for_search/waikato/weka-trunk/weka/src/main/java/weka/core/NormalizableDistance.java_distance#410#477,/root/3_stackoverflow_snippets_for_index/10774468/10774468_2_recent.java_method#1#95
/root/2_github_projects_for_search/waikato/weka-3.8/weka/src/main/java/weka/core/NormalizableDistance.java_distance#410#477,/root/3_stackoverflow_snippets_for_index/10774468/10774468_2_recent.java_method#1#95
/root/2_github_projects_for_search/walmartlabs/concord/client/src/main/java/com/walmartlabs/concord/client/ClientUtils.java_writeTo#240#249,/root/3_stackoverflow_snippets_for_index/41251473/41251473_6_recent.java_method#1#20
/root/2_github_projects_for_search/waylau/netty-4-user-guide-demos/netty4-demos/src/main/java/com/waylau/netty/demo/time/TimeServer.java_run#26#52,/root/3_stackoverflow_snippets_for_index/34717151/34717151_6_recent.java_method#1#60
/root/2_github_projects_for_search/waylau/netty-4-user-guide-demos/netty4-demos/src/main/java/com/waylau/netty/demo/discard/DiscardServer.java_run#28#58,/root/3_stackoverflow_snippets_for_index/34717151/34717151_6_recent.java_method#1#60
/root/2_github_projects_for_search/waylau/netty-4-user-guide-demos/netty4-demos/src/main/java/com/waylau/netty/demo/pojo/TimeServer.java_run#23#50,/root/3_stackoverflow_snippets_for_index/34717151/34717151_6_recent.java_method#1#60
/root/2_github_projects_for_search/webjournal/journaldev/Android/EfficientSearch/app/src/main/java/com/journaldev/efficientsearch/ListViewAdapter.java_publishResults#144#151,/root/3_stackoverflow_snippets_for_index/39717275/39717275_2_recent.java_method#1#34
/root/2_github_projects_for_search/webjournal/journaldev/Spring/Spring-Controller/src/main/java/com/journaldev/spring/controller/HomeController.java_home#14#21,/root/3_stackoverflow_snippets_for_index/10195366/10195366_2_recent.java_method#1#21
/root/2_github_projects_for_search/webjournal/journaldev/Spring/SpringMVCSecurity/src/main/java/com/journaldev/spring/controller/HomeController.java_home#22#33,/root/3_stackoverflow_snippets_for_index/10195366/10195366_2_recent.java_method#1#21
/root/2_github_projects_for_search/webjournal/journaldev/Spring/SpringMVCExample/src/main/java/com/journaldev/spring/HomeController.java_home#26#38,/root/3_stackoverflow_snippets_for_index/10195366/10195366_2_recent.java_method#1#21
/root/2_github_projects_for_search/whamtet/chunkmapper/src/com/chunkmapper/OpenURL.java_openWebpage#27#36,/root/3_stackoverflow_snippets_for_index/10967469/10967469_2_recent.java_method#1#20
/root/2_github_projects_for_search/wrensecurity/wrends/opendj-server-legacy/src/test/java/org/opends/server/controls/PersistentSearchControlTest.java_run#539#545,/root/3_stackoverflow_snippets_for_index/28329032/28329032_6_147347267.java_method#1#10
/root/2_github_projects_for_search/wso2/product-apim/modules/integration/tests-integration/tests-backend/src/test/java/org/wso2/am/integration/tests/ui/APIMANAGERUIIntegrationTestRunner.java_output#59#72,/root/3_stackoverflow_snippets_for_index/34303187/34303187_6_106529352.java_output#8#21
/root/2_github_projects_for_search/wupeixuan/jdksourcecode1.8/src/java/util/ComparableTimSort.java_sort#179#224,/root/3_stackoverflow_snippets_for_index/29866762/29866762_2_89013107.java_method#1#40
/root/2_github_projects_for_search/wupeixuan/jdksourcecode1.8/src/java/util/TimSort.java_sort#210#256,/root/3_stackoverflow_snippets_for_index/29866762/29866762_2_89013107.java_method#1#40
/root/2_github_projects_for_search/wupeixuan/jdksourcecode1.8/src/java/util/HashMap.java_putMapEntries#273#298,/root/3_stackoverflow_snippets_for_index/46830988/46830988_4_158689916.java_method#1#19
/root/2_github_projects_for_search/wupeixuan/jdksourcecode1.8/src/java/util/Timer.java_sched#386#412,/root/3_stackoverflow_snippets_for_index/16799135/16799135_10_41317480.java_method#1#23
/root/2_github_projects_for_search/wupeixuan/jdksourcecode1.8/src/java/util/stream/ReferencePipeline.java_flatMap#251#276,/root/3_stackoverflow_snippets_for_index/29230939/29230939_4_201996375.java_method#1#25
/root/2_github_projects_for_search/wupeixuan/jdksourcecode1.8/src/java/util/stream/ReferencePipeline.java_opWrapSink#257#274,/root/3_stackoverflow_snippets_for_index/29230939/29230939_4_201996375.java_method#1#25
/root/2_github_projects_for_search/wupeixuan/jdksourcecode1.8/src/java/nio/DirectByteBuffer.java_DirectByteBuffer#117#144,/root/3_stackoverflow_snippets_for_index/50578162/50578162_2_recent.java_method#1#22
/root/2_github_projects_for_search/wupeixuan/jdksourcecode1.8/src/java/math/BigDecimal.java_divide#5229#5241,/root/3_stackoverflow_snippets_for_index/29330741/29330741_6_86929181.java_method#1#13
/root/2_github_projects_for_search/wupeixuan/jdksourcecode1.8/src/java/math/BigDecimal.java_divide#5243#5255,/root/3_stackoverflow_snippets_for_index/29330741/29330741_6_86929181.java_method#1#13
/root/2_github_projects_for_search/wupeixuan/jdksourcecode1.8/src/javax/swing/plaf/metal/MetalTabbedPaneUI.java_update#719#725,/root/3_stackoverflow_snippets_for_index/45774144/45774144_4_recent.java_method#1#21
/root/2_github_projects_for_search/wupeixuan/jdksourcecode1.8/src/javax/swing/plaf/basic/BasicTableHeaderUI.java_mouseClicked#99#116,/root/3_stackoverflow_snippets_for_index/54119640/54119640_4_189259651.java_mouseClicked#10#26
/root/2_github_projects_for_search/xdev-software/xapi/src/main/java/xdev/ui/XdevScrollPane.java_addImpl#947#957,/root/3_stackoverflow_snippets_for_index/27437289/27437289_16_106782972.java_method#1#13
/root/2_github_projects_for_search/xnnyygn/xraft/xraft-kvstore/src/main/java/in/xnnyygn/xraft/kvstore/server/ServerLauncher.java_stopServer#165#171,/root/3_stackoverflow_snippets_for_index/59664498/59664498_2_recent.java_method#1#68
/root/2_github_projects_for_search/xuzhijvn/ifcs/src/test/java/ims/Test.java_run#18#28,/root/3_stackoverflow_snippets_for_index/13558161/13558161_6_32316591.java_run#82#99
/root/2_github_projects_for_search/xwjie/plmcodetemplate/javasource-springboot/src/main/java/cn/xiaowenjie/codetemplate/controllers/HomeController.java_home#29#42,/root/3_stackoverflow_snippets_for_index/10195366/10195366_2_recent.java_method#1#21
/root/2_github_projects_for_search/xwjie/plmcodetemplate/source/src/main/java/plm/controllers/HomeController.java_home#36#49,/root/3_stackoverflow_snippets_for_index/10195366/10195366_2_recent.java_method#1#21
/root/2_github_projects_for_search/yahoo/elide/elide-model-config/src/test/java/com/yahoo/elide/modelconfig/verify/DynamicConfigVerifierTest.java_sign#117#123,/root/3_stackoverflow_snippets_for_index/64741139/64741139_2_recent.java_method#1#110
/root/2_github_projects_for_search/yahoo/elide/elide-model-config/src/test/java/com/yahoo/elide/modelconfig/verify/DynamicConfigVerifierTest.java_addFileToTarGz#138#156,/root/3_stackoverflow_snippets_for_index/34174309/34174309_2_recent.java_addFileToTar#87#115
/root/2_github_projects_for_search/yalcin-ata/godot-plugin-firebase/src/org/godotengine/godot/Utils.java_isExternalStorageWritable#271#278,/root/3_stackoverflow_snippets_for_index/52144662/52144662_2_181397043.java_method#1#97
/root/2_github_projects_for_search/yangchong211/ycapptool/CommonLib/AppEncryptLib/src/main/java/com/yc/appencryptlib/AesEncryptUtils.java_decrypt#100#106,/root/3_stackoverflow_snippets_for_index/6788456/6788456_2_209269621.java_method#1#15
/root/2_github_projects_for_search/yangchong211/lifehelper/CommonLib/AppEncryptLib/src/main/java/com/yc/appencryptlib/AesEncryptUtils.java_decrypt#100#106,/root/3_stackoverflow_snippets_for_index/6788456/6788456_2_209269621.java_method#1#15
/root/2_github_projects_for_search/yangziwen/web-monitor/src/main/java/io/github/yangziwen/webmonitor/command/ImportDataCommand.java_blockMainThread#307#313,/root/3_stackoverflow_snippets_for_index/20274776/20274776_2_recent.java_method#1#29
/root/2_github_projects_for_search/yangzongzhuan/ruoyi-vue/ruoyi-framework/src/main/java/com/ruoyi/framework/config/ResourcesConfig.java_corsFilter#54#72,/root/3_stackoverflow_snippets_for_index/58370217/58370217_2_recent.java_method#1#45
/root/2_github_projects_for_search/yassirh/digitalocean-swimmer/DigitalOceanSwimmer/src/main/java/android/support/v4/preference/PreferenceFragment.java_handleMessage#54#62,/root/3_stackoverflow_snippets_for_index/49393023/49393023_1_recent.java_handleMessage#20#41
/root/2_github_projects_for_search/yyon/grapplemod/src/main/java/com/yyon/grapplinghook/utils/Vec.java_Vec#13#19,/root/3_stackoverflow_snippets_for_index/23916259/23916259_2_recent.java_method#1#25
/root/2_github_projects_for_search/zelgimi/supersolarpanels/src/main/java/com/denfop/items/book/GUIBook.java_splitEqually#79#87,/root/3_stackoverflow_snippets_for_index/61391737/61391737_2_recent.java_method#1#20
/root/2_github_projects_for_search/zfdang/asm-android-client-for-newsmth/src/com/athena/asm/util/SimpleCrypto.java_encrypt#58#64,/root/3_stackoverflow_snippets_for_index/6788456/6788456_2_209269621.java_method#1#15
/root/2_github_projects_for_search/zfdang/asm-android-client-for-newsmth/src/com/athena/asm/util/SimpleCrypto.java_decrypt#66#72,/root/3_stackoverflow_snippets_for_index/6788456/6788456_2_209269621.java_method#1#15
/root/2_github_projects_for_search/zhangkaitao/spring4-showcase/spring4-annotation/src/main/java/com/sishuok/spring4/MvcConfiguration.java_viewResolver#74#80,/root/3_stackoverflow_snippets_for_index/52148106/52148106_4_181012547.java_method#1#13
/root/2_github_projects_for_search/zhangkaitao/spring4-showcase/spring-mvc-test/src/main/java/com/sishuok/config/MvcConfig.java_viewResolver#26#32,/root/3_stackoverflow_snippets_for_index/52148106/52148106_4_181012547.java_method#1#13
/root/2_github_projects_for_search/zhaokaiqiang/jiandan/app/src/main/java/com/socks/jiandan/ui/ImageDetailActivity.java_img_has_loaded#235#242,/root/3_stackoverflow_snippets_for_index/47481521/47481521_1_recent.java_method#1#29
/root/2_github_projects_for_search/zhou-you/rxeasyhttp/rxeasyhttp/src/main/java/com/zhouyou/http/body/RequestBodyUtils.java_writeTo#55#64,/root/3_stackoverflow_snippets_for_index/41251473/41251473_6_recent.java_method#1#20
/root/2_github_projects_for_search/ziliang001/etl-kettle-web/etl-kettle-admin/src/main/java/com/caixin/data/middle/etl/kettle/admin/config/GlobalCorsConfig.java_corsFilter#19#33,/root/3_stackoverflow_snippets_for_index/58370217/58370217_2_recent.java_method#1#45
/root/2_github_projects_for_search/zitmen/thunderstorm/src/main/java/cz/cuni/lf1/lge/ThunderSTORM/colocalization/CBC.java_eqCoords#140#150,/root/3_stackoverflow_snippets_for_index/40056844/40056844_2_recent.java_method#1#17
/root/2_github_projects_for_search/zitmen/thunderstorm/src/main/java/cz/cuni/lf1/lge/ThunderSTORM/ImportExport/XMLImportExport.java_createNode#238#253,/root/3_stackoverflow_snippets_for_index/61006461/61006461_2_recent.java_method#1#96
