snippet_id,version,mode,check,severity,line,column,message,source
so_10967469_block_2,before,RAW,FileTabCharacter,warning,1,1,Line contains a tab character.,com.puppycrawl.tools.checkstyle.checks.whitespace.FileTabCharacterCheck
so_10967469_block_2,before,RAW,FileTabCharacter,warning,2,1,Line contains a tab character.,com.puppycrawl.tools.checkstyle.checks.whitespace.FileTabCharacterCheck
so_10967469_block_2,before,RAW,FileTabCharacter,warning,3,1,Line contains a tab character.,com.puppycrawl.tools.checkstyle.checks.whitespace.FileTabCharacterCheck
so_10967469_block_2,before,RAW,FileTabCharacter,warning,4,1,Line contains a tab character.,com.puppycrawl.tools.checkstyle.checks.whitespace.FileTabCharacterCheck
so_10967469_block_2,before,RAW,FileTabCharacter,warning,5,1,Line contains a tab character.,com.puppycrawl.tools.checkstyle.checks.whitespace.FileTabCharacterCheck
so_10967469_block_2,before,RAW,FileTabCharacter,warning,6,1,Line contains a tab character.,com.puppycrawl.tools.checkstyle.checks.whitespace.FileTabCharacterCheck
so_10967469_block_2,before,RAW,FileTabCharacter,warning,7,1,Line contains a tab character.,com.puppycrawl.tools.checkstyle.checks.whitespace.FileTabCharacterCheck
so_10967469_block_2,before,RAW,FileTabCharacter,warning,8,1,Line contains a tab character.,com.puppycrawl.tools.checkstyle.checks.whitespace.FileTabCharacterCheck
so_10967469_block_2,before,RAW,FileTabCharacter,warning,9,1,Line contains a tab character.,com.puppycrawl.tools.checkstyle.checks.whitespace.FileTabCharacterCheck
so_10967469_block_2,before,RAW,FileTabCharacter,warning,10,1,Line contains a tab character.,com.puppycrawl.tools.checkstyle.checks.whitespace.FileTabCharacterCheck
so_10967469_block_2,before,RAW,FileTabCharacter,warning,11,1,Line contains a tab character.,com.puppycrawl.tools.checkstyle.checks.whitespace.FileTabCharacterCheck
so_10967469_block_2,before,RAW,FileTabCharacter,warning,12,1,Line contains a tab character.,com.puppycrawl.tools.checkstyle.checks.whitespace.FileTabCharacterCheck
so_10967469_block_2,before,RAW,FileTabCharacter,warning,13,1,Line contains a tab character.,com.puppycrawl.tools.checkstyle.checks.whitespace.FileTabCharacterCheck
so_10967469_block_2,before,RAW,FileTabCharacter,warning,14,1,Line contains a tab character.,com.puppycrawl.tools.checkstyle.checks.whitespace.FileTabCharacterCheck
so_10967469_block_2,before,RAW,FileTabCharacter,warning,15,1,Line contains a tab character.,com.puppycrawl.tools.checkstyle.checks.whitespace.FileTabCharacterCheck
so_10967469_block_2,before,RAW,FileTabCharacter,warning,16,1,Line contains a tab character.,com.puppycrawl.tools.checkstyle.checks.whitespace.FileTabCharacterCheck
so_10967469_block_2,before,RAW,FileTabCharacter,warning,17,1,Line contains a tab character.,com.puppycrawl.tools.checkstyle.checks.whitespace.FileTabCharacterCheck
so_13558161_block_6,before,RAW,MultipleVariableDeclarations,warning,10,9,Each variable declaration must be in its own statement.,com.puppycrawl.tools.checkstyle.checks.coding.MultipleVariableDeclarationsCheck
so_13558161_block_6,before,RAW,MultipleVariableDeclarations,warning,15,9,Each variable declaration must be in its own statement.,com.puppycrawl.tools.checkstyle.checks.coding.MultipleVariableDeclarationsCheck
so_13558161_block_6,before,RAW,LineLength,warning,52,0,Line is longer than 120 characters (found 160).,com.puppycrawl.tools.checkstyle.checks.sizes.LineLengthCheck
so_13558161_block_6,before,RAW,MultipleVariableDeclarations,warning,114,13,Each variable declaration must be in its own statement.,com.puppycrawl.tools.checkstyle.checks.coding.MultipleVariableDeclarationsCheck
so_16799135_block_10,before,RAW,NeedBraces,warning,2,9,'if' construct must use '{}'s.,com.puppycrawl.tools.checkstyle.checks.blocks.NeedBracesCheck
so_16799135_block_10,before,RAW,NeedBraces,warning,6,9,'if' construct must use '{}'s.,com.puppycrawl.tools.checkstyle.checks.blocks.NeedBracesCheck
so_16799135_block_10,before,RAW,NeedBraces,warning,9,13,'if' construct must use '{}'s.,com.puppycrawl.tools.checkstyle.checks.blocks.NeedBracesCheck
so_16799135_block_10,before,RAW,NeedBraces,warning,12,17,'if' construct must use '{}'s.,com.puppycrawl.tools.checkstyle.checks.blocks.NeedBracesCheck
so_16799135_block_10,before,RAW,NeedBraces,warning,20,13,'if' construct must use '{}'s.,com.puppycrawl.tools.checkstyle.checks.blocks.NeedBracesCheck
so_19340685_block_2,before,RAW,NeedBraces,warning,5,21,'if' construct must use '{}'s.,com.puppycrawl.tools.checkstyle.checks.blocks.NeedBracesCheck
so_19340685_block_2,before,RAW,NeedBraces,warning,11,21,'while' construct must use '{}'s.,com.puppycrawl.tools.checkstyle.checks.blocks.NeedBracesCheck
so_19340685_block_2,before,RAW,NeedBraces,warning,17,25,'if' construct must use '{}'s.,com.puppycrawl.tools.checkstyle.checks.blocks.NeedBracesCheck
so_20274776_block_2,before,RAW,EmptyBlock,warning,9,41,Must have at least one statement.,com.puppycrawl.tools.checkstyle.checks.blocks.EmptyBlockCheck
so_2086792_block_2,before,RAW,FileTabCharacter,warning,2,1,Line contains a tab character.,com.puppycrawl.tools.checkstyle.checks.whitespace.FileTabCharacterCheck
so_2086792_block_2,before,RAW,FileTabCharacter,warning,3,1,Line contains a tab character.,com.puppycrawl.tools.checkstyle.checks.whitespace.FileTabCharacterCheck
so_2086792_block_2,before,RAW,FileTabCharacter,warning,4,1,Line contains a tab character.,com.puppycrawl.tools.checkstyle.checks.whitespace.FileTabCharacterCheck
so_2086792_block_2,before,RAW,FileTabCharacter,warning,5,1,Line contains a tab character.,com.puppycrawl.tools.checkstyle.checks.whitespace.FileTabCharacterCheck
so_2086792_block_2,before,RAW,FileTabCharacter,warning,6,1,Line contains a tab character.,com.puppycrawl.tools.checkstyle.checks.whitespace.FileTabCharacterCheck
so_2086792_block_2,before,RAW,FileTabCharacter,warning,7,1,Line contains a tab character.,com.puppycrawl.tools.checkstyle.checks.whitespace.FileTabCharacterCheck
so_2086792_block_2,before,RAW,FileTabCharacter,warning,8,1,Line contains a tab character.,com.puppycrawl.tools.checkstyle.checks.whitespace.FileTabCharacterCheck
so_2086792_block_2,before,RAW,FileTabCharacter,warning,9,1,Line contains a tab character.,com.puppycrawl.tools.checkstyle.checks.whitespace.FileTabCharacterCheck
so_2086792_block_2,before,RAW,FileTabCharacter,warning,10,1,Line contains a tab character.,com.puppycrawl.tools.checkstyle.checks.whitespace.FileTabCharacterCheck
so_2086792_block_2,before,RAW,FileTabCharacter,warning,11,1,Line contains a tab character.,com.puppycrawl.tools.checkstyle.checks.whitespace.FileTabCharacterCheck
so_2086792_block_2,before,RAW,FileTabCharacter,warning,12,1,Line contains a tab character.,com.puppycrawl.tools.checkstyle.checks.whitespace.FileTabCharacterCheck
so_2086792_block_2,before,RAW,FileTabCharacter,warning,13,1,Line contains a tab character.,com.puppycrawl.tools.checkstyle.checks.whitespace.FileTabCharacterCheck
so_2086792_block_2,before,RAW,FileTabCharacter,warning,14,1,Line contains a tab character.,com.puppycrawl.tools.checkstyle.checks.whitespace.FileTabCharacterCheck
so_2086792_block_2,before,RAW,FileTabCharacter,warning,15,1,Line contains a tab character.,com.puppycrawl.tools.checkstyle.checks.whitespace.FileTabCharacterCheck
so_2086792_block_2,before,RAW,FileTabCharacter,warning,16,1,Line contains a tab character.,com.puppycrawl.tools.checkstyle.checks.whitespace.FileTabCharacterCheck
so_2086792_block_2,before,RAW,FileTabCharacter,warning,17,1,Line contains a tab character.,com.puppycrawl.tools.checkstyle.checks.whitespace.FileTabCharacterCheck
so_2086792_block_2,before,RAW,FileTabCharacter,warning,18,1,Line contains a tab character.,com.puppycrawl.tools.checkstyle.checks.whitespace.FileTabCharacterCheck
so_2086792_block_2,before,RAW,FileTabCharacter,warning,19,1,Line contains a tab character.,com.puppycrawl.tools.checkstyle.checks.whitespace.FileTabCharacterCheck
so_21178275_block_2,before,RAW,FileTabCharacter,warning,3,9,Line contains a tab character.,com.puppycrawl.tools.checkstyle.checks.whitespace.FileTabCharacterCheck
so_21178275_block_2,before,RAW,FileTabCharacter,warning,4,9,Line contains a tab character.,com.puppycrawl.tools.checkstyle.checks.whitespace.FileTabCharacterCheck
so_21178275_block_2,before,RAW,FileTabCharacter,warning,5,9,Line contains a tab character.,com.puppycrawl.tools.checkstyle.checks.whitespace.FileTabCharacterCheck
so_21178275_block_2,before,RAW,FileTabCharacter,warning,6,9,Line contains a tab character.,com.puppycrawl.tools.checkstyle.checks.whitespace.FileTabCharacterCheck
so_21178275_block_2,before,RAW,FileTabCharacter,warning,8,9,Line contains a tab character.,com.puppycrawl.tools.checkstyle.checks.whitespace.FileTabCharacterCheck
so_21178275_block_2,before,RAW,FileTabCharacter,warning,9,9,Line contains a tab character.,com.puppycrawl.tools.checkstyle.checks.whitespace.FileTabCharacterCheck
so_21178275_block_2,before,RAW,FileTabCharacter,warning,11,9,Line contains a tab character.,com.puppycrawl.tools.checkstyle.checks.whitespace.FileTabCharacterCheck
so_21178275_block_2,before,RAW,FileTabCharacter,warning,12,9,Line contains a tab character.,com.puppycrawl.tools.checkstyle.checks.whitespace.FileTabCharacterCheck
so_21178275_block_2,before,RAW,FileTabCharacter,warning,14,9,Line contains a tab character.,com.puppycrawl.tools.checkstyle.checks.whitespace.FileTabCharacterCheck
so_21178275_block_2,before,RAW,FileTabCharacter,warning,15,9,Line contains a tab character.,com.puppycrawl.tools.checkstyle.checks.whitespace.FileTabCharacterCheck
so_21178275_block_2,before,RAW,FileTabCharacter,warning,16,9,Line contains a tab character.,com.puppycrawl.tools.checkstyle.checks.whitespace.FileTabCharacterCheck
so_21178275_block_2,before,RAW,FileTabCharacter,warning,18,9,Line contains a tab character.,com.puppycrawl.tools.checkstyle.checks.whitespace.FileTabCharacterCheck
so_21178275_block_2,before,RAW,FileTabCharacter,warning,19,9,Line contains a tab character.,com.puppycrawl.tools.checkstyle.checks.whitespace.FileTabCharacterCheck
so_21178275_block_2,before,RAW,FileTabCharacter,warning,21,9,Line contains a tab character.,com.puppycrawl.tools.checkstyle.checks.whitespace.FileTabCharacterCheck
so_21178275_block_2,before,RAW,FileTabCharacter,warning,22,9,Line contains a tab character.,com.puppycrawl.tools.checkstyle.checks.whitespace.FileTabCharacterCheck
so_21178275_block_2,before,RAW,FileTabCharacter,warning,23,9,Line contains a tab character.,com.puppycrawl.tools.checkstyle.checks.whitespace.FileTabCharacterCheck
so_21178275_block_2,before,RAW,FileTabCharacter,warning,24,9,Line contains a tab character.,com.puppycrawl.tools.checkstyle.checks.whitespace.FileTabCharacterCheck
so_21178275_block_2,before,RAW,FileTabCharacter,warning,26,9,Line contains a tab character.,com.puppycrawl.tools.checkstyle.checks.whitespace.FileTabCharacterCheck
so_21178275_block_2,before,RAW,FileTabCharacter,warning,27,9,Line contains a tab character.,com.puppycrawl.tools.checkstyle.checks.whitespace.FileTabCharacterCheck
so_21178275_block_2,before,RAW,FileTabCharacter,warning,29,9,Line contains a tab character.,com.puppycrawl.tools.checkstyle.checks.whitespace.FileTabCharacterCheck
so_21178275_block_2,before,RAW,FileTabCharacter,warning,30,9,Line contains a tab character.,com.puppycrawl.tools.checkstyle.checks.whitespace.FileTabCharacterCheck
so_21178275_block_2,before,RAW,FileTabCharacter,warning,31,9,Line contains a tab character.,com.puppycrawl.tools.checkstyle.checks.whitespace.FileTabCharacterCheck
so_21178275_block_2,before,RAW,FileTabCharacter,warning,32,9,Line contains a tab character.,com.puppycrawl.tools.checkstyle.checks.whitespace.FileTabCharacterCheck
so_21178275_block_2,before,RAW,FileTabCharacter,warning,33,9,Line contains a tab character.,com.puppycrawl.tools.checkstyle.checks.whitespace.FileTabCharacterCheck
so_21178275_block_2,before,RAW,FileTabCharacter,warning,34,9,Line contains a tab character.,com.puppycrawl.tools.checkstyle.checks.whitespace.FileTabCharacterCheck
so_21178275_block_2,before,RAW,FileTabCharacter,warning,36,9,Line contains a tab character.,com.puppycrawl.tools.checkstyle.checks.whitespace.FileTabCharacterCheck
so_21178275_block_2,before,RAW,FileTabCharacter,warning,37,9,Line contains a tab character.,com.puppycrawl.tools.checkstyle.checks.whitespace.FileTabCharacterCheck
so_21178275_block_2,before,RAW,FileTabCharacter,warning,38,9,Line contains a tab character.,com.puppycrawl.tools.checkstyle.checks.whitespace.FileTabCharacterCheck
so_21178275_block_2,before,RAW,FileTabCharacter,warning,39,9,Line contains a tab character.,com.puppycrawl.tools.checkstyle.checks.whitespace.FileTabCharacterCheck
so_21178275_block_2,before,RAW,FileTabCharacter,warning,41,9,Line contains a tab character.,com.puppycrawl.tools.checkstyle.checks.whitespace.FileTabCharacterCheck
so_21178275_block_2,before,RAW,FileTabCharacter,warning,42,9,Line contains a tab character.,com.puppycrawl.tools.checkstyle.checks.whitespace.FileTabCharacterCheck
so_21178275_block_2,before,RAW,FileTabCharacter,warning,43,9,Line contains a tab character.,com.puppycrawl.tools.checkstyle.checks.whitespace.FileTabCharacterCheck
so_21178275_block_2,before,RAW,FileTabCharacter,warning,44,9,Line contains a tab character.,com.puppycrawl.tools.checkstyle.checks.whitespace.FileTabCharacterCheck
so_21178275_block_2,before,RAW,FileTabCharacter,warning,45,9,Line contains a tab character.,com.puppycrawl.tools.checkstyle.checks.whitespace.FileTabCharacterCheck
so_21178275_block_2,before,RAW,FileTabCharacter,warning,46,9,Line contains a tab character.,com.puppycrawl.tools.checkstyle.checks.whitespace.FileTabCharacterCheck
so_21178275_block_2,before,RAW,FileTabCharacter,warning,47,9,Line contains a tab character.,com.puppycrawl.tools.checkstyle.checks.whitespace.FileTabCharacterCheck
so_21178275_block_2,before,RAW,FileTabCharacter,warning,48,9,Line contains a tab character.,com.puppycrawl.tools.checkstyle.checks.whitespace.FileTabCharacterCheck
so_21178275_block_2,before,RAW,FileTabCharacter,warning,50,9,Line contains a tab character.,com.puppycrawl.tools.checkstyle.checks.whitespace.FileTabCharacterCheck
so_21178275_block_2,before,RAW,FileTabCharacter,warning,51,9,Line contains a tab character.,com.puppycrawl.tools.checkstyle.checks.whitespace.FileTabCharacterCheck
so_21178275_block_2,before,RAW,FileTabCharacter,warning,52,9,Line contains a tab character.,com.puppycrawl.tools.checkstyle.checks.whitespace.FileTabCharacterCheck
so_21178275_block_2,before,RAW,FileTabCharacter,warning,53,9,Line contains a tab character.,com.puppycrawl.tools.checkstyle.checks.whitespace.FileTabCharacterCheck
so_21178275_block_2,before,RAW,FileTabCharacter,warning,55,9,Line contains a tab character.,com.puppycrawl.tools.checkstyle.checks.whitespace.FileTabCharacterCheck
so_2180534_block_2,before,RAW,OneStatementPerLine,warning,5,43,Only one statement per line allowed.,com.puppycrawl.tools.checkstyle.checks.coding.OneStatementPerLineCheck
so_29230939_block_4,before,RAW,LineLength,warning,17,0,Line is longer than 120 characters (found 129).,com.puppycrawl.tools.checkstyle.checks.sizes.LineLengthCheck
so_29230939_block_4,before,RAW,NeedBraces,warning,18,29,'if' construct must use '{}'s.,com.puppycrawl.tools.checkstyle.checks.blocks.NeedBracesCheck
so_29330741_block_6,before,RAW,LineLength,warning,1,0,Line is longer than 120 characters (found 145).,com.puppycrawl.tools.checkstyle.checks.sizes.LineLengthCheck
so_29575747_block_2,before,RAW,FileTabCharacter,warning,18,5,Line contains a tab character.,com.puppycrawl.tools.checkstyle.checks.whitespace.FileTabCharacterCheck
so_29575747_block_2,before,RAW,FileTabCharacter,warning,19,5,Line contains a tab character.,com.puppycrawl.tools.checkstyle.checks.whitespace.FileTabCharacterCheck
so_29575747_block_2,before,RAW,FileTabCharacter,warning,21,5,Line contains a tab character.,com.puppycrawl.tools.checkstyle.checks.whitespace.FileTabCharacterCheck
so_29575747_block_2,before,RAW,FileTabCharacter,warning,22,5,Line contains a tab character.,com.puppycrawl.tools.checkstyle.checks.whitespace.FileTabCharacterCheck
so_29575747_block_2,before,RAW,FileTabCharacter,warning,23,5,Line contains a tab character.,com.puppycrawl.tools.checkstyle.checks.whitespace.FileTabCharacterCheck
so_29575747_block_2,before,RAW,FileTabCharacter,warning,24,5,Line contains a tab character.,com.puppycrawl.tools.checkstyle.checks.whitespace.FileTabCharacterCheck
so_29575747_block_2,before,RAW,FileTabCharacter,warning,25,5,Line contains a tab character.,com.puppycrawl.tools.checkstyle.checks.whitespace.FileTabCharacterCheck
so_29575747_block_2,before,RAW,FileTabCharacter,warning,26,5,Line contains a tab character.,com.puppycrawl.tools.checkstyle.checks.whitespace.FileTabCharacterCheck
so_29575747_block_2,before,RAW,FileTabCharacter,warning,27,5,Line contains a tab character.,com.puppycrawl.tools.checkstyle.checks.whitespace.FileTabCharacterCheck
so_29575747_block_2,before,RAW,FileTabCharacter,warning,28,5,Line contains a tab character.,com.puppycrawl.tools.checkstyle.checks.whitespace.FileTabCharacterCheck
so_29575747_block_2,before,RAW,FileTabCharacter,warning,29,5,Line contains a tab character.,com.puppycrawl.tools.checkstyle.checks.whitespace.FileTabCharacterCheck
so_29575747_block_2,before,RAW,FileTabCharacter,warning,30,5,Line contains a tab character.,com.puppycrawl.tools.checkstyle.checks.whitespace.FileTabCharacterCheck
so_29575747_block_2,before,RAW,FileTabCharacter,warning,31,5,Line contains a tab character.,com.puppycrawl.tools.checkstyle.checks.whitespace.FileTabCharacterCheck
so_29575747_block_2,before,RAW,FileTabCharacter,warning,32,5,Line contains a tab character.,com.puppycrawl.tools.checkstyle.checks.whitespace.FileTabCharacterCheck
so_29575747_block_2,before,RAW,FileTabCharacter,warning,33,5,Line contains a tab character.,com.puppycrawl.tools.checkstyle.checks.whitespace.FileTabCharacterCheck
so_29575747_block_2,before,RAW,FileTabCharacter,warning,34,5,Line contains a tab character.,com.puppycrawl.tools.checkstyle.checks.whitespace.FileTabCharacterCheck
so_29575747_block_2,before,RAW,FileTabCharacter,warning,35,5,Line contains a tab character.,com.puppycrawl.tools.checkstyle.checks.whitespace.FileTabCharacterCheck
so_29575747_block_2,before,RAW,FileTabCharacter,warning,36,5,Line contains a tab character.,com.puppycrawl.tools.checkstyle.checks.whitespace.FileTabCharacterCheck
so_29575747_block_2,before,RAW,FileTabCharacter,warning,37,5,Line contains a tab character.,com.puppycrawl.tools.checkstyle.checks.whitespace.FileTabCharacterCheck
so_29575747_block_2,before,RAW,FileTabCharacter,warning,38,5,Line contains a tab character.,com.puppycrawl.tools.checkstyle.checks.whitespace.FileTabCharacterCheck
so_29575747_block_2,before,RAW,FileTabCharacter,warning,39,5,Line contains a tab character.,com.puppycrawl.tools.checkstyle.checks.whitespace.FileTabCharacterCheck
so_29575747_block_2,before,RAW,FileTabCharacter,warning,40,5,Line contains a tab character.,com.puppycrawl.tools.checkstyle.checks.whitespace.FileTabCharacterCheck
so_29575747_block_2,before,RAW,FileTabCharacter,warning,41,5,Line contains a tab character.,com.puppycrawl.tools.checkstyle.checks.whitespace.FileTabCharacterCheck
so_29575747_block_2,before,RAW,FileTabCharacter,warning,42,5,Line contains a tab character.,com.puppycrawl.tools.checkstyle.checks.whitespace.FileTabCharacterCheck
so_29575747_block_2,before,RAW,FileTabCharacter,warning,43,5,Line contains a tab character.,com.puppycrawl.tools.checkstyle.checks.whitespace.FileTabCharacterCheck
so_29575747_block_2,before,RAW,FileTabCharacter,warning,44,5,Line contains a tab character.,com.puppycrawl.tools.checkstyle.checks.whitespace.FileTabCharacterCheck
so_29575747_block_2,before,RAW,FileTabCharacter,warning,45,5,Line contains a tab character.,com.puppycrawl.tools.checkstyle.checks.whitespace.FileTabCharacterCheck
so_29575747_block_2,before,RAW,FileTabCharacter,warning,46,5,Line contains a tab character.,com.puppycrawl.tools.checkstyle.checks.whitespace.FileTabCharacterCheck
so_29575747_block_2,before,RAW,FileTabCharacter,warning,47,5,Line contains a tab character.,com.puppycrawl.tools.checkstyle.checks.whitespace.FileTabCharacterCheck
so_29575747_block_2,before,RAW,NeedBraces,warning,47,19,'if' construct must use '{}'s.,com.puppycrawl.tools.checkstyle.checks.blocks.NeedBracesCheck
so_29575747_block_2,before,RAW,FileTabCharacter,warning,48,5,Line contains a tab character.,com.puppycrawl.tools.checkstyle.checks.whitespace.FileTabCharacterCheck
so_29575747_block_2,before,RAW,NeedBraces,warning,48,19,'if' construct must use '{}'s.,com.puppycrawl.tools.checkstyle.checks.blocks.NeedBracesCheck
so_29575747_block_2,before,RAW,FileTabCharacter,warning,49,5,Line contains a tab character.,com.puppycrawl.tools.checkstyle.checks.whitespace.FileTabCharacterCheck
so_29575747_block_2,before,RAW,NeedBraces,warning,49,19,'if' construct must use '{}'s.,com.puppycrawl.tools.checkstyle.checks.blocks.NeedBracesCheck
so_29575747_block_2,before,RAW,FileTabCharacter,warning,50,5,Line contains a tab character.,com.puppycrawl.tools.checkstyle.checks.whitespace.FileTabCharacterCheck
so_29575747_block_2,before,RAW,FileTabCharacter,warning,51,5,Line contains a tab character.,com.puppycrawl.tools.checkstyle.checks.whitespace.FileTabCharacterCheck
so_29575747_block_2,before,RAW,FileTabCharacter,warning,52,5,Line contains a tab character.,com.puppycrawl.tools.checkstyle.checks.whitespace.FileTabCharacterCheck
so_29575747_block_2,before,RAW,FileTabCharacter,warning,53,5,Line contains a tab character.,com.puppycrawl.tools.checkstyle.checks.whitespace.FileTabCharacterCheck
so_29575747_block_2,before,RAW,FileTabCharacter,warning,54,5,Line contains a tab character.,com.puppycrawl.tools.checkstyle.checks.whitespace.FileTabCharacterCheck
so_29575747_block_2,before,RAW,NeedBraces,warning,54,15,'if' construct must use '{}'s.,com.puppycrawl.tools.checkstyle.checks.blocks.NeedBracesCheck
so_29575747_block_2,before,RAW,FileTabCharacter,warning,55,5,Line contains a tab character.,com.puppycrawl.tools.checkstyle.checks.whitespace.FileTabCharacterCheck
so_29575747_block_2,before,RAW,FileTabCharacter,warning,56,5,Line contains a tab character.,com.puppycrawl.tools.checkstyle.checks.whitespace.FileTabCharacterCheck
so_29575747_block_2,before,RAW,FileTabCharacter,warning,57,5,Line contains a tab character.,com.puppycrawl.tools.checkstyle.checks.whitespace.FileTabCharacterCheck
so_29866762_block_2,before,RAW,NeedBraces,warning,5,9,'if' construct must use '{}'s.,com.puppycrawl.tools.checkstyle.checks.blocks.NeedBracesCheck
so_32855556_block_4,before,RAW,FileTabCharacter,warning,2,5,Line contains a tab character.,com.puppycrawl.tools.checkstyle.checks.whitespace.FileTabCharacterCheck
so_32855556_block_4,before,RAW,FileTabCharacter,warning,3,5,Line contains a tab character.,com.puppycrawl.tools.checkstyle.checks.whitespace.FileTabCharacterCheck
so_32855556_block_4,before,RAW,FileTabCharacter,warning,4,4,Line contains a tab character.,com.puppycrawl.tools.checkstyle.checks.whitespace.FileTabCharacterCheck
so_32855556_block_4,before,RAW,FileTabCharacter,warning,5,4,Line contains a tab character.,com.puppycrawl.tools.checkstyle.checks.whitespace.FileTabCharacterCheck
so_32855556_block_4,before,RAW,FileTabCharacter,warning,6,4,Line contains a tab character.,com.puppycrawl.tools.checkstyle.checks.whitespace.FileTabCharacterCheck
so_32855556_block_4,before,RAW,FileTabCharacter,warning,7,4,Line contains a tab character.,com.puppycrawl.tools.checkstyle.checks.whitespace.FileTabCharacterCheck
so_32855556_block_4,before,RAW,FileTabCharacter,warning,8,4,Line contains a tab character.,com.puppycrawl.tools.checkstyle.checks.whitespace.FileTabCharacterCheck
so_32855556_block_4,before,RAW,FileTabCharacter,warning,9,4,Line contains a tab character.,com.puppycrawl.tools.checkstyle.checks.whitespace.FileTabCharacterCheck
so_32855556_block_4,before,RAW,FileTabCharacter,warning,10,4,Line contains a tab character.,com.puppycrawl.tools.checkstyle.checks.whitespace.FileTabCharacterCheck
so_32855556_block_4,before,RAW,FileTabCharacter,warning,11,4,Line contains a tab character.,com.puppycrawl.tools.checkstyle.checks.whitespace.FileTabCharacterCheck
so_33085670_block_2,before,RAW,FileTabCharacter,warning,5,1,Line contains a tab character.,com.puppycrawl.tools.checkstyle.checks.whitespace.FileTabCharacterCheck
so_33085670_block_2,before,RAW,FileTabCharacter,warning,6,1,Line contains a tab character.,com.puppycrawl.tools.checkstyle.checks.whitespace.FileTabCharacterCheck
so_33085670_block_2,before,RAW,FileTabCharacter,warning,7,1,Line contains a tab character.,com.puppycrawl.tools.checkstyle.checks.whitespace.FileTabCharacterCheck
so_33085670_block_2,before,RAW,FileTabCharacter,warning,8,1,Line contains a tab character.,com.puppycrawl.tools.checkstyle.checks.whitespace.FileTabCharacterCheck
so_33085670_block_2,before,RAW,FileTabCharacter,warning,10,1,Line contains a tab character.,com.puppycrawl.tools.checkstyle.checks.whitespace.FileTabCharacterCheck
so_33085670_block_2,before,RAW,FileTabCharacter,warning,11,1,Line contains a tab character.,com.puppycrawl.tools.checkstyle.checks.whitespace.FileTabCharacterCheck
so_33085670_block_2,before,RAW,FileTabCharacter,warning,12,1,Line contains a tab character.,com.puppycrawl.tools.checkstyle.checks.whitespace.FileTabCharacterCheck
so_33085670_block_2,before,RAW,FileTabCharacter,warning,13,1,Line contains a tab character.,com.puppycrawl.tools.checkstyle.checks.whitespace.FileTabCharacterCheck
so_33085670_block_2,before,RAW,FileTabCharacter,warning,14,1,Line contains a tab character.,com.puppycrawl.tools.checkstyle.checks.whitespace.FileTabCharacterCheck
so_33085670_block_2,before,RAW,FileTabCharacter,warning,15,1,Line contains a tab character.,com.puppycrawl.tools.checkstyle.checks.whitespace.FileTabCharacterCheck
so_33085670_block_2,before,RAW,FileTabCharacter,warning,16,1,Line contains a tab character.,com.puppycrawl.tools.checkstyle.checks.whitespace.FileTabCharacterCheck
so_33085670_block_2,before,RAW,FileTabCharacter,warning,17,1,Line contains a tab character.,com.puppycrawl.tools.checkstyle.checks.whitespace.FileTabCharacterCheck
so_33085670_block_2,before,RAW,FileTabCharacter,warning,18,1,Line contains a tab character.,com.puppycrawl.tools.checkstyle.checks.whitespace.FileTabCharacterCheck
so_33085670_block_2,before,RAW,FileTabCharacter,warning,19,1,Line contains a tab character.,com.puppycrawl.tools.checkstyle.checks.whitespace.FileTabCharacterCheck
so_33085670_block_2,before,RAW,FileTabCharacter,warning,20,1,Line contains a tab character.,com.puppycrawl.tools.checkstyle.checks.whitespace.FileTabCharacterCheck
so_33085670_block_2,before,RAW,FileTabCharacter,warning,21,1,Line contains a tab character.,com.puppycrawl.tools.checkstyle.checks.whitespace.FileTabCharacterCheck
so_33085670_block_2,before,RAW,FileTabCharacter,warning,22,1,Line contains a tab character.,com.puppycrawl.tools.checkstyle.checks.whitespace.FileTabCharacterCheck
so_33085670_block_2,before,RAW,FileTabCharacter,warning,23,1,Line contains a tab character.,com.puppycrawl.tools.checkstyle.checks.whitespace.FileTabCharacterCheck
so_33085670_block_2,before,RAW,FileTabCharacter,warning,24,1,Line contains a tab character.,com.puppycrawl.tools.checkstyle.checks.whitespace.FileTabCharacterCheck
so_33085670_block_2,before,RAW,FileTabCharacter,warning,25,1,Line contains a tab character.,com.puppycrawl.tools.checkstyle.checks.whitespace.FileTabCharacterCheck
so_34174309_block_2,before,RAW,FileTabCharacter,warning,16,5,Line contains a tab character.,com.puppycrawl.tools.checkstyle.checks.whitespace.FileTabCharacterCheck
so_34174309_block_2,before,RAW,FileTabCharacter,warning,17,5,Line contains a tab character.,com.puppycrawl.tools.checkstyle.checks.whitespace.FileTabCharacterCheck
so_34174309_block_2,before,RAW,FileTabCharacter,warning,18,5,Line contains a tab character.,com.puppycrawl.tools.checkstyle.checks.whitespace.FileTabCharacterCheck
so_34174309_block_2,before,RAW,FileTabCharacter,warning,19,5,Line contains a tab character.,com.puppycrawl.tools.checkstyle.checks.whitespace.FileTabCharacterCheck
so_34174309_block_2,before,RAW,FileTabCharacter,warning,20,5,Line contains a tab character.,com.puppycrawl.tools.checkstyle.checks.whitespace.FileTabCharacterCheck
so_34174309_block_2,before,RAW,FileTabCharacter,warning,21,5,Line contains a tab character.,com.puppycrawl.tools.checkstyle.checks.whitespace.FileTabCharacterCheck
so_34174309_block_2,before,RAW,FileTabCharacter,warning,22,5,Line contains a tab character.,com.puppycrawl.tools.checkstyle.checks.whitespace.FileTabCharacterCheck
so_34174309_block_2,before,RAW,FileTabCharacter,warning,23,5,Line contains a tab character.,com.puppycrawl.tools.checkstyle.checks.whitespace.FileTabCharacterCheck
so_34174309_block_2,before,RAW,FileTabCharacter,warning,37,5,Line contains a tab character.,com.puppycrawl.tools.checkstyle.checks.whitespace.FileTabCharacterCheck
so_34590765_block_2,before,RAW,NeedBraces,warning,83,13,'if' construct must use '{}'s.,com.puppycrawl.tools.checkstyle.checks.blocks.NeedBracesCheck
so_3519182_block_2,before,RAW,NeedBraces,warning,21,8,'if' construct must use '{}'s.,com.puppycrawl.tools.checkstyle.checks.blocks.NeedBracesCheck
so_3519182_block_2,before,RAW,NeedBraces,warning,24,10,'if' construct must use '{}'s.,com.puppycrawl.tools.checkstyle.checks.blocks.NeedBracesCheck
so_3775893_block_6,before,RAW,NeedBraces,warning,20,11,'if' construct must use '{}'s.,com.puppycrawl.tools.checkstyle.checks.blocks.NeedBracesCheck
so_3870210_block_4,before,RAW,FileTabCharacter,warning,2,25,Line contains a tab character.,com.puppycrawl.tools.checkstyle.checks.whitespace.FileTabCharacterCheck
so_3870210_block_4,before,RAW,FileTabCharacter,warning,3,30,Line contains a tab character.,com.puppycrawl.tools.checkstyle.checks.whitespace.FileTabCharacterCheck
so_3870210_block_4,before,RAW,FileTabCharacter,warning,4,19,Line contains a tab character.,com.puppycrawl.tools.checkstyle.checks.whitespace.FileTabCharacterCheck
so_3870210_block_4,before,RAW,FileTabCharacter,warning,5,28,Line contains a tab character.,com.puppycrawl.tools.checkstyle.checks.whitespace.FileTabCharacterCheck
so_3870210_block_4,before,RAW,NeedBraces,warning,10,17,'while' construct must use '{}'s.,com.puppycrawl.tools.checkstyle.checks.blocks.NeedBracesCheck
so_3870210_block_4,before,RAW,NeedBraces,warning,18,13,'if' construct must use '{}'s.,com.puppycrawl.tools.checkstyle.checks.blocks.NeedBracesCheck
so_3870210_block_4,before,RAW,NeedBraces,warning,21,13,'if' construct must use '{}'s.,com.puppycrawl.tools.checkstyle.checks.blocks.NeedBracesCheck
so_3870210_block_4,before,RAW,NeedBraces,warning,25,17,'while' construct must use '{}'s.,com.puppycrawl.tools.checkstyle.checks.blocks.NeedBracesCheck
so_3870210_block_4,before,RAW,FileTabCharacter,warning,28,1,Line contains a tab character.,com.puppycrawl.tools.checkstyle.checks.whitespace.FileTabCharacterCheck
so_3870210_block_4,before,RAW,NeedBraces,warning,32,13,'if' construct must use '{}'s.,com.puppycrawl.tools.checkstyle.checks.blocks.NeedBracesCheck
so_3870210_block_4,before,RAW,NeedBraces,warning,34,13,'if' construct must use '{}'s.,com.puppycrawl.tools.checkstyle.checks.blocks.NeedBracesCheck
so_40317313_block_6,before,RAW,FileTabCharacter,warning,8,5,Line contains a tab character.,com.puppycrawl.tools.checkstyle.checks.whitespace.FileTabCharacterCheck
so_40317313_block_6,before,RAW,FileTabCharacter,warning,9,5,Line contains a tab character.,com.puppycrawl.tools.checkstyle.checks.whitespace.FileTabCharacterCheck
so_40317313_block_6,before,RAW,FileTabCharacter,warning,10,5,Line contains a tab character.,com.puppycrawl.tools.checkstyle.checks.whitespace.FileTabCharacterCheck
so_40317313_block_6,before,RAW,FileTabCharacter,warning,11,5,Line contains a tab character.,com.puppycrawl.tools.checkstyle.checks.whitespace.FileTabCharacterCheck
so_40317313_block_6,before,RAW,FileTabCharacter,warning,12,5,Line contains a tab character.,com.puppycrawl.tools.checkstyle.checks.whitespace.FileTabCharacterCheck
so_40317313_block_6,before,RAW,FileTabCharacter,warning,13,5,Line contains a tab character.,com.puppycrawl.tools.checkstyle.checks.whitespace.FileTabCharacterCheck
so_40317313_block_6,before,RAW,FileTabCharacter,warning,19,5,Line contains a tab character.,com.puppycrawl.tools.checkstyle.checks.whitespace.FileTabCharacterCheck
so_40317313_block_6,before,RAW,FileTabCharacter,warning,20,5,Line contains a tab character.,com.puppycrawl.tools.checkstyle.checks.whitespace.FileTabCharacterCheck
so_40317313_block_6,before,RAW,FileTabCharacter,warning,21,5,Line contains a tab character.,com.puppycrawl.tools.checkstyle.checks.whitespace.FileTabCharacterCheck
so_40317313_block_6,before,RAW,FileTabCharacter,warning,22,5,Line contains a tab character.,com.puppycrawl.tools.checkstyle.checks.whitespace.FileTabCharacterCheck
so_40317313_block_6,before,RAW,FileTabCharacter,warning,23,5,Line contains a tab character.,com.puppycrawl.tools.checkstyle.checks.whitespace.FileTabCharacterCheck
so_40317313_block_6,before,RAW,FileTabCharacter,warning,24,5,Line contains a tab character.,com.puppycrawl.tools.checkstyle.checks.whitespace.FileTabCharacterCheck
so_40317313_block_6,before,RAW,FileTabCharacter,warning,25,5,Line contains a tab character.,com.puppycrawl.tools.checkstyle.checks.whitespace.FileTabCharacterCheck
so_41251473_block_6,before,RAW,NeedBraces,warning,2,9,'if' construct must use '{}'s.,com.puppycrawl.tools.checkstyle.checks.blocks.NeedBracesCheck
so_41588054_block_2,before,RAW,FileTabCharacter,warning,1,1,Line contains a tab character.,com.puppycrawl.tools.checkstyle.checks.whitespace.FileTabCharacterCheck
so_41588054_block_2,before,RAW,FileTabCharacter,warning,2,1,Line contains a tab character.,com.puppycrawl.tools.checkstyle.checks.whitespace.FileTabCharacterCheck
so_41588054_block_2,before,RAW,FileTabCharacter,warning,3,1,Line contains a tab character.,com.puppycrawl.tools.checkstyle.checks.whitespace.FileTabCharacterCheck
so_41588054_block_2,before,RAW,FileTabCharacter,warning,4,1,Line contains a tab character.,com.puppycrawl.tools.checkstyle.checks.whitespace.FileTabCharacterCheck
so_41588054_block_2,before,RAW,FileTabCharacter,warning,5,1,Line contains a tab character.,com.puppycrawl.tools.checkstyle.checks.whitespace.FileTabCharacterCheck
so_41588054_block_2,before,RAW,FileTabCharacter,warning,6,1,Line contains a tab character.,com.puppycrawl.tools.checkstyle.checks.whitespace.FileTabCharacterCheck
so_41588054_block_2,before,RAW,FileTabCharacter,warning,7,1,Line contains a tab character.,com.puppycrawl.tools.checkstyle.checks.whitespace.FileTabCharacterCheck
so_41588054_block_2,before,RAW,FileTabCharacter,warning,8,1,Line contains a tab character.,com.puppycrawl.tools.checkstyle.checks.whitespace.FileTabCharacterCheck
so_41588054_block_2,before,RAW,FileTabCharacter,warning,9,1,Line contains a tab character.,com.puppycrawl.tools.checkstyle.checks.whitespace.FileTabCharacterCheck
so_41588054_block_2,before,RAW,FileTabCharacter,warning,10,1,Line contains a tab character.,com.puppycrawl.tools.checkstyle.checks.whitespace.FileTabCharacterCheck
so_41588054_block_2,before,RAW,FileTabCharacter,warning,11,1,Line contains a tab character.,com.puppycrawl.tools.checkstyle.checks.whitespace.FileTabCharacterCheck
so_41588054_block_2,before,RAW,FileTabCharacter,warning,12,1,Line contains a tab character.,com.puppycrawl.tools.checkstyle.checks.whitespace.FileTabCharacterCheck
so_41588054_block_2,before,RAW,FileTabCharacter,warning,13,1,Line contains a tab character.,com.puppycrawl.tools.checkstyle.checks.whitespace.FileTabCharacterCheck
so_41588054_block_2,before,RAW,FileTabCharacter,warning,14,1,Line contains a tab character.,com.puppycrawl.tools.checkstyle.checks.whitespace.FileTabCharacterCheck
so_41588054_block_2,before,RAW,FileTabCharacter,warning,15,1,Line contains a tab character.,com.puppycrawl.tools.checkstyle.checks.whitespace.FileTabCharacterCheck
so_41588054_block_2,before,RAW,FileTabCharacter,warning,16,1,Line contains a tab character.,com.puppycrawl.tools.checkstyle.checks.whitespace.FileTabCharacterCheck
so_41588054_block_2,before,RAW,FileTabCharacter,warning,17,1,Line contains a tab character.,com.puppycrawl.tools.checkstyle.checks.whitespace.FileTabCharacterCheck
so_41588054_block_2,before,RAW,FileTabCharacter,warning,18,1,Line contains a tab character.,com.puppycrawl.tools.checkstyle.checks.whitespace.FileTabCharacterCheck
so_41588054_block_2,before,RAW,FileTabCharacter,warning,19,1,Line contains a tab character.,com.puppycrawl.tools.checkstyle.checks.whitespace.FileTabCharacterCheck
so_41588054_block_2,before,RAW,FileTabCharacter,warning,20,1,Line contains a tab character.,com.puppycrawl.tools.checkstyle.checks.whitespace.FileTabCharacterCheck
so_41588054_block_2,before,RAW,FileTabCharacter,warning,21,1,Line contains a tab character.,com.puppycrawl.tools.checkstyle.checks.whitespace.FileTabCharacterCheck
so_41588054_block_2,before,RAW,FileTabCharacter,warning,22,1,Line contains a tab character.,com.puppycrawl.tools.checkstyle.checks.whitespace.FileTabCharacterCheck
so_41588054_block_2,before,RAW,FileTabCharacter,warning,23,1,Line contains a tab character.,com.puppycrawl.tools.checkstyle.checks.whitespace.FileTabCharacterCheck
so_41588054_block_2,before,RAW,FileTabCharacter,warning,24,1,Line contains a tab character.,com.puppycrawl.tools.checkstyle.checks.whitespace.FileTabCharacterCheck
so_41588054_block_2,before,RAW,FileTabCharacter,warning,25,1,Line contains a tab character.,com.puppycrawl.tools.checkstyle.checks.whitespace.FileTabCharacterCheck
so_41588054_block_2,before,RAW,FileTabCharacter,warning,26,1,Line contains a tab character.,com.puppycrawl.tools.checkstyle.checks.whitespace.FileTabCharacterCheck
so_41588054_block_2,before,RAW,FileTabCharacter,warning,27,1,Line contains a tab character.,com.puppycrawl.tools.checkstyle.checks.whitespace.FileTabCharacterCheck
so_41588054_block_2,before,RAW,FileTabCharacter,warning,28,1,Line contains a tab character.,com.puppycrawl.tools.checkstyle.checks.whitespace.FileTabCharacterCheck
so_41588054_block_2,before,RAW,FileTabCharacter,warning,29,1,Line contains a tab character.,com.puppycrawl.tools.checkstyle.checks.whitespace.FileTabCharacterCheck
so_41588054_block_2,before,RAW,FileTabCharacter,warning,30,1,Line contains a tab character.,com.puppycrawl.tools.checkstyle.checks.whitespace.FileTabCharacterCheck
so_41588054_block_2,before,RAW,FileTabCharacter,warning,31,1,Line contains a tab character.,com.puppycrawl.tools.checkstyle.checks.whitespace.FileTabCharacterCheck
so_41588054_block_2,before,RAW,FileTabCharacter,warning,32,1,Line contains a tab character.,com.puppycrawl.tools.checkstyle.checks.whitespace.FileTabCharacterCheck
so_41588054_block_2,before,RAW,FileTabCharacter,warning,33,1,Line contains a tab character.,com.puppycrawl.tools.checkstyle.checks.whitespace.FileTabCharacterCheck
so_41588054_block_2,before,RAW,AvoidNestedBlocks,warning,33,33,Avoid nested blocks.,com.puppycrawl.tools.checkstyle.checks.blocks.AvoidNestedBlocksCheck
so_41588054_block_2,before,RAW,FileTabCharacter,warning,34,1,Line contains a tab character.,com.puppycrawl.tools.checkstyle.checks.whitespace.FileTabCharacterCheck
so_41588054_block_2,before,RAW,FileTabCharacter,warning,35,1,Line contains a tab character.,com.puppycrawl.tools.checkstyle.checks.whitespace.FileTabCharacterCheck
so_41588054_block_2,before,RAW,FileTabCharacter,warning,36,1,Line contains a tab character.,com.puppycrawl.tools.checkstyle.checks.whitespace.FileTabCharacterCheck
so_41588054_block_2,before,RAW,FileTabCharacter,warning,37,1,Line contains a tab character.,com.puppycrawl.tools.checkstyle.checks.whitespace.FileTabCharacterCheck
so_41588054_block_2,before,RAW,FileTabCharacter,warning,38,1,Line contains a tab character.,com.puppycrawl.tools.checkstyle.checks.whitespace.FileTabCharacterCheck
so_41588054_block_2,before,RAW,FileTabCharacter,warning,39,1,Line contains a tab character.,com.puppycrawl.tools.checkstyle.checks.whitespace.FileTabCharacterCheck
so_41588054_block_2,before,RAW,FileTabCharacter,warning,40,1,Line contains a tab character.,com.puppycrawl.tools.checkstyle.checks.whitespace.FileTabCharacterCheck
so_41588054_block_2,before,RAW,AvoidNestedBlocks,warning,40,33,Avoid nested blocks.,com.puppycrawl.tools.checkstyle.checks.blocks.AvoidNestedBlocksCheck
so_41588054_block_2,before,RAW,FileTabCharacter,warning,41,1,Line contains a tab character.,com.puppycrawl.tools.checkstyle.checks.whitespace.FileTabCharacterCheck
so_41588054_block_2,before,RAW,FileTabCharacter,warning,42,1,Line contains a tab character.,com.puppycrawl.tools.checkstyle.checks.whitespace.FileTabCharacterCheck
so_41588054_block_2,before,RAW,FileTabCharacter,warning,43,1,Line contains a tab character.,com.puppycrawl.tools.checkstyle.checks.whitespace.FileTabCharacterCheck
so_41588054_block_2,before,RAW,FileTabCharacter,warning,44,1,Line contains a tab character.,com.puppycrawl.tools.checkstyle.checks.whitespace.FileTabCharacterCheck
so_41588054_block_2,before,RAW,FileTabCharacter,warning,45,1,Line contains a tab character.,com.puppycrawl.tools.checkstyle.checks.whitespace.FileTabCharacterCheck
so_41588054_block_2,before,RAW,FileTabCharacter,warning,46,1,Line contains a tab character.,com.puppycrawl.tools.checkstyle.checks.whitespace.FileTabCharacterCheck
so_41588054_block_2,before,RAW,FileTabCharacter,warning,47,1,Line contains a tab character.,com.puppycrawl.tools.checkstyle.checks.whitespace.FileTabCharacterCheck
so_41588054_block_2,before,RAW,FileTabCharacter,warning,48,1,Line contains a tab character.,com.puppycrawl.tools.checkstyle.checks.whitespace.FileTabCharacterCheck
so_41588054_block_2,before,RAW,FileTabCharacter,warning,49,1,Line contains a tab character.,com.puppycrawl.tools.checkstyle.checks.whitespace.FileTabCharacterCheck
so_41588054_block_2,before,RAW,FileTabCharacter,warning,50,1,Line contains a tab character.,com.puppycrawl.tools.checkstyle.checks.whitespace.FileTabCharacterCheck
so_41588054_block_2,before,RAW,FileTabCharacter,warning,51,1,Line contains a tab character.,com.puppycrawl.tools.checkstyle.checks.whitespace.FileTabCharacterCheck
so_41588054_block_2,before,RAW,FileTabCharacter,warning,52,1,Line contains a tab character.,com.puppycrawl.tools.checkstyle.checks.whitespace.FileTabCharacterCheck
so_41588054_block_2,before,RAW,FileTabCharacter,warning,53,1,Line contains a tab character.,com.puppycrawl.tools.checkstyle.checks.whitespace.FileTabCharacterCheck
so_41588054_block_2,before,RAW,FileTabCharacter,warning,54,1,Line contains a tab character.,com.puppycrawl.tools.checkstyle.checks.whitespace.FileTabCharacterCheck
so_41588054_block_2,before,RAW,FileTabCharacter,warning,55,1,Line contains a tab character.,com.puppycrawl.tools.checkstyle.checks.whitespace.FileTabCharacterCheck
so_41588054_block_2,before,RAW,FileTabCharacter,warning,56,1,Line contains a tab character.,com.puppycrawl.tools.checkstyle.checks.whitespace.FileTabCharacterCheck
so_41588054_block_2,before,RAW,FileTabCharacter,warning,57,1,Line contains a tab character.,com.puppycrawl.tools.checkstyle.checks.whitespace.FileTabCharacterCheck
so_41588054_block_2,before,RAW,FileTabCharacter,warning,58,1,Line contains a tab character.,com.puppycrawl.tools.checkstyle.checks.whitespace.FileTabCharacterCheck
so_41588054_block_2,before,RAW,FileTabCharacter,warning,59,1,Line contains a tab character.,com.puppycrawl.tools.checkstyle.checks.whitespace.FileTabCharacterCheck
so_41588054_block_2,before,RAW,NeedBraces,warning,59,25,'if' construct must use '{}'s.,com.puppycrawl.tools.checkstyle.checks.blocks.NeedBracesCheck
so_41588054_block_2,before,RAW,FileTabCharacter,warning,60,1,Line contains a tab character.,com.puppycrawl.tools.checkstyle.checks.whitespace.FileTabCharacterCheck
so_41588054_block_2,before,RAW,FileTabCharacter,warning,61,1,Line contains a tab character.,com.puppycrawl.tools.checkstyle.checks.whitespace.FileTabCharacterCheck
so_41588054_block_2,before,RAW,NeedBraces,warning,61,17,'if' construct must use '{}'s.,com.puppycrawl.tools.checkstyle.checks.blocks.NeedBracesCheck
so_41588054_block_2,before,RAW,FileTabCharacter,warning,62,1,Line contains a tab character.,com.puppycrawl.tools.checkstyle.checks.whitespace.FileTabCharacterCheck
so_41588054_block_2,before,RAW,FileTabCharacter,warning,63,1,Line contains a tab character.,com.puppycrawl.tools.checkstyle.checks.whitespace.FileTabCharacterCheck
so_46830988_block_4,before,RAW,NeedBraces,warning,8,17,'if' construct must use '{}'s.,com.puppycrawl.tools.checkstyle.checks.blocks.NeedBracesCheck
so_46830988_block_4,before,RAW,NeedBraces,warning,11,18,'if' construct must use '{}'s.,com.puppycrawl.tools.checkstyle.checks.blocks.NeedBracesCheck
so_53110509_block_2,before,RAW,NeedBraces,warning,5,6,'for' construct must use '{}'s.,com.puppycrawl.tools.checkstyle.checks.blocks.NeedBracesCheck
so_53110509_block_2,before,RAW,NeedBraces,warning,6,7,'for' construct must use '{}'s.,com.puppycrawl.tools.checkstyle.checks.blocks.NeedBracesCheck
so_54119640_block_4,before,RAW,NeedBraces,warning,11,17,'if' construct must use '{}'s.,com.puppycrawl.tools.checkstyle.checks.blocks.NeedBracesCheck
so_56259221_block_5,before,RAW,FileTabCharacter,warning,8,13,Line contains a tab character.,com.puppycrawl.tools.checkstyle.checks.whitespace.FileTabCharacterCheck
so_56611483_block_2,before,RAW,LineLength,warning,41,0,Line is longer than 120 characters (found 134).,com.puppycrawl.tools.checkstyle.checks.sizes.LineLengthCheck
so_57560955_block_2,before,RAW,NeedBraces,warning,4,9,'if' construct must use '{}'s.,com.puppycrawl.tools.checkstyle.checks.blocks.NeedBracesCheck
so_57713309_block_2,before,RAW,FileTabCharacter,warning,2,5,Line contains a tab character.,com.puppycrawl.tools.checkstyle.checks.whitespace.FileTabCharacterCheck
so_57713309_block_2,before,RAW,FileTabCharacter,warning,3,5,Line contains a tab character.,com.puppycrawl.tools.checkstyle.checks.whitespace.FileTabCharacterCheck
so_57713309_block_2,before,RAW,FileTabCharacter,warning,4,5,Line contains a tab character.,com.puppycrawl.tools.checkstyle.checks.whitespace.FileTabCharacterCheck
so_57713309_block_2,before,RAW,FileTabCharacter,warning,5,5,Line contains a tab character.,com.puppycrawl.tools.checkstyle.checks.whitespace.FileTabCharacterCheck
so_57713309_block_2,before,RAW,FileTabCharacter,warning,6,5,Line contains a tab character.,com.puppycrawl.tools.checkstyle.checks.whitespace.FileTabCharacterCheck
so_57713309_block_2,before,RAW,FileTabCharacter,warning,7,5,Line contains a tab character.,com.puppycrawl.tools.checkstyle.checks.whitespace.FileTabCharacterCheck
so_57713309_block_2,before,RAW,FileTabCharacter,warning,8,5,Line contains a tab character.,com.puppycrawl.tools.checkstyle.checks.whitespace.FileTabCharacterCheck
so_57713309_block_2,before,RAW,FileTabCharacter,warning,9,5,Line contains a tab character.,com.puppycrawl.tools.checkstyle.checks.whitespace.FileTabCharacterCheck
so_57713309_block_2,before,RAW,FileTabCharacter,warning,10,1,Line contains a tab character.,com.puppycrawl.tools.checkstyle.checks.whitespace.FileTabCharacterCheck
so_59239733_block_4,before,RAW,FileTabCharacter,warning,2,1,Line contains a tab character.,com.puppycrawl.tools.checkstyle.checks.whitespace.FileTabCharacterCheck
so_59239733_block_4,before,RAW,FileTabCharacter,warning,3,1,Line contains a tab character.,com.puppycrawl.tools.checkstyle.checks.whitespace.FileTabCharacterCheck
so_59239733_block_4,before,RAW,FileTabCharacter,warning,4,1,Line contains a tab character.,com.puppycrawl.tools.checkstyle.checks.whitespace.FileTabCharacterCheck
so_59239733_block_4,before,RAW,FileTabCharacter,warning,10,1,Line contains a tab character.,com.puppycrawl.tools.checkstyle.checks.whitespace.FileTabCharacterCheck
so_59239733_block_4,before,RAW,FileTabCharacter,warning,11,1,Line contains a tab character.,com.puppycrawl.tools.checkstyle.checks.whitespace.FileTabCharacterCheck
so_59239733_block_4,before,RAW,FileTabCharacter,warning,12,1,Line contains a tab character.,com.puppycrawl.tools.checkstyle.checks.whitespace.FileTabCharacterCheck
so_59394165_block_2,before,RAW,FileTabCharacter,warning,2,5,Line contains a tab character.,com.puppycrawl.tools.checkstyle.checks.whitespace.FileTabCharacterCheck
so_59394165_block_2,before,RAW,FileTabCharacter,warning,3,5,Line contains a tab character.,com.puppycrawl.tools.checkstyle.checks.whitespace.FileTabCharacterCheck
so_59394165_block_2,before,RAW,VariableDeclarationUsageDistance,warning,3,9,"Distance between variable 'uid' declaration and its first usage is 4, but allowed 3.  Consider making that variable final if you still need to store its value in advance (before method calls that might have side effects on the original value).",com.puppycrawl.tools.checkstyle.checks.coding.VariableDeclarationUsageDistanceCheck
so_59394165_block_2,before,RAW,FileTabCharacter,warning,4,5,Line contains a tab character.,com.puppycrawl.tools.checkstyle.checks.whitespace.FileTabCharacterCheck
so_59394165_block_2,before,RAW,VariableDeclarationUsageDistance,warning,4,9,"Distance between variable 'db' declaration and its first usage is 4, but allowed 3.  Consider making that variable final if you still need to store its value in advance (before method calls that might have side effects on the original value).",com.puppycrawl.tools.checkstyle.checks.coding.VariableDeclarationUsageDistanceCheck
so_59394165_block_2,before,RAW,FileTabCharacter,warning,5,5,Line contains a tab character.,com.puppycrawl.tools.checkstyle.checks.whitespace.FileTabCharacterCheck
so_59394165_block_2,before,RAW,FileTabCharacter,warning,6,5,Line contains a tab character.,com.puppycrawl.tools.checkstyle.checks.whitespace.FileTabCharacterCheck
so_59394165_block_2,before,RAW,FileTabCharacter,warning,7,5,Line contains a tab character.,com.puppycrawl.tools.checkstyle.checks.whitespace.FileTabCharacterCheck
so_59394165_block_2,before,RAW,FileTabCharacter,warning,8,5,Line contains a tab character.,com.puppycrawl.tools.checkstyle.checks.whitespace.FileTabCharacterCheck
so_59394165_block_2,before,RAW,FileTabCharacter,warning,10,5,Line contains a tab character.,com.puppycrawl.tools.checkstyle.checks.whitespace.FileTabCharacterCheck
so_59394165_block_2,before,RAW,FileTabCharacter,warning,11,5,Line contains a tab character.,com.puppycrawl.tools.checkstyle.checks.whitespace.FileTabCharacterCheck
so_59394165_block_2,before,RAW,FileTabCharacter,warning,12,5,Line contains a tab character.,com.puppycrawl.tools.checkstyle.checks.whitespace.FileTabCharacterCheck
so_59394165_block_2,before,RAW,FileTabCharacter,warning,13,5,Line contains a tab character.,com.puppycrawl.tools.checkstyle.checks.whitespace.FileTabCharacterCheck
so_59394165_block_2,before,RAW,FileTabCharacter,warning,14,5,Line contains a tab character.,com.puppycrawl.tools.checkstyle.checks.whitespace.FileTabCharacterCheck
so_59394165_block_2,before,RAW,FileTabCharacter,warning,15,5,Line contains a tab character.,com.puppycrawl.tools.checkstyle.checks.whitespace.FileTabCharacterCheck
so_59394165_block_2,before,RAW,FileTabCharacter,warning,16,5,Line contains a tab character.,com.puppycrawl.tools.checkstyle.checks.whitespace.FileTabCharacterCheck
so_59394165_block_2,before,RAW,FileTabCharacter,warning,17,5,Line contains a tab character.,com.puppycrawl.tools.checkstyle.checks.whitespace.FileTabCharacterCheck
so_59394165_block_2,before,RAW,FileTabCharacter,warning,18,5,Line contains a tab character.,com.puppycrawl.tools.checkstyle.checks.whitespace.FileTabCharacterCheck
so_59394165_block_2,before,RAW,FileTabCharacter,warning,19,5,Line contains a tab character.,com.puppycrawl.tools.checkstyle.checks.whitespace.FileTabCharacterCheck
so_59394165_block_2,before,RAW,FileTabCharacter,warning,20,5,Line contains a tab character.,com.puppycrawl.tools.checkstyle.checks.whitespace.FileTabCharacterCheck
so_59394165_block_2,before,RAW,FileTabCharacter,warning,21,5,Line contains a tab character.,com.puppycrawl.tools.checkstyle.checks.whitespace.FileTabCharacterCheck
so_59394165_block_2,before,RAW,FileTabCharacter,warning,22,5,Line contains a tab character.,com.puppycrawl.tools.checkstyle.checks.whitespace.FileTabCharacterCheck
so_59394165_block_2,before,RAW,FileTabCharacter,warning,23,5,Line contains a tab character.,com.puppycrawl.tools.checkstyle.checks.whitespace.FileTabCharacterCheck
so_59394165_block_2,before,RAW,FileTabCharacter,warning,24,5,Line contains a tab character.,com.puppycrawl.tools.checkstyle.checks.whitespace.FileTabCharacterCheck
so_59394165_block_2,before,RAW,FileTabCharacter,warning,25,5,Line contains a tab character.,com.puppycrawl.tools.checkstyle.checks.whitespace.FileTabCharacterCheck
so_6788456_block_2,before,RAW,FileTabCharacter,warning,2,5,Line contains a tab character.,com.puppycrawl.tools.checkstyle.checks.whitespace.FileTabCharacterCheck
so_6788456_block_2,before,RAW,FileTabCharacter,warning,3,5,Line contains a tab character.,com.puppycrawl.tools.checkstyle.checks.whitespace.FileTabCharacterCheck
so_6788456_block_2,before,RAW,FileTabCharacter,warning,4,5,Line contains a tab character.,com.puppycrawl.tools.checkstyle.checks.whitespace.FileTabCharacterCheck
so_6788456_block_2,before,RAW,FileTabCharacter,warning,5,5,Line contains a tab character.,com.puppycrawl.tools.checkstyle.checks.whitespace.FileTabCharacterCheck
so_6788456_block_2,before,RAW,FileTabCharacter,warning,6,5,Line contains a tab character.,com.puppycrawl.tools.checkstyle.checks.whitespace.FileTabCharacterCheck
so_6788456_block_2,before,RAW,FileTabCharacter,warning,7,5,Line contains a tab character.,com.puppycrawl.tools.checkstyle.checks.whitespace.FileTabCharacterCheck
so_6788456_block_2,before,RAW,FileTabCharacter,warning,9,5,Line contains a tab character.,com.puppycrawl.tools.checkstyle.checks.whitespace.FileTabCharacterCheck
so_6788456_block_2,before,RAW,FileTabCharacter,warning,10,5,Line contains a tab character.,com.puppycrawl.tools.checkstyle.checks.whitespace.FileTabCharacterCheck
so_6788456_block_2,before,RAW,FileTabCharacter,warning,11,5,Line contains a tab character.,com.puppycrawl.tools.checkstyle.checks.whitespace.FileTabCharacterCheck
so_6788456_block_2,before,RAW,FileTabCharacter,warning,12,5,Line contains a tab character.,com.puppycrawl.tools.checkstyle.checks.whitespace.FileTabCharacterCheck
so_6788456_block_2,before,RAW,FileTabCharacter,warning,13,5,Line contains a tab character.,com.puppycrawl.tools.checkstyle.checks.whitespace.FileTabCharacterCheck
so_6788456_block_2,before,RAW,FileTabCharacter,warning,14,5,Line contains a tab character.,com.puppycrawl.tools.checkstyle.checks.whitespace.FileTabCharacterCheck
so_6788456_block_2,before,RAW,FileTabCharacter,warning,15,5,Line contains a tab character.,com.puppycrawl.tools.checkstyle.checks.whitespace.FileTabCharacterCheck
so_9293885_block_2,before,RAW,FileTabCharacter,warning,2,1,Line contains a tab character.,com.puppycrawl.tools.checkstyle.checks.whitespace.FileTabCharacterCheck
so_9293885_block_2,before,RAW,FileTabCharacter,warning,3,1,Line contains a tab character.,com.puppycrawl.tools.checkstyle.checks.whitespace.FileTabCharacterCheck
so_9293885_block_2,before,RAW,FileTabCharacter,warning,4,1,Line contains a tab character.,com.puppycrawl.tools.checkstyle.checks.whitespace.FileTabCharacterCheck
so_9293885_block_2,before,RAW,FileTabCharacter,warning,5,1,Line contains a tab character.,com.puppycrawl.tools.checkstyle.checks.whitespace.FileTabCharacterCheck
so_9293885_block_2,before,RAW,FileTabCharacter,warning,6,1,Line contains a tab character.,com.puppycrawl.tools.checkstyle.checks.whitespace.FileTabCharacterCheck
so_9293885_block_2,before,RAW,FileTabCharacter,warning,7,1,Line contains a tab character.,com.puppycrawl.tools.checkstyle.checks.whitespace.FileTabCharacterCheck
so_9293885_block_2,before,RAW,FileTabCharacter,warning,8,1,Line contains a tab character.,com.puppycrawl.tools.checkstyle.checks.whitespace.FileTabCharacterCheck
so_9293885_block_2,before,RAW,FileTabCharacter,warning,9,1,Line contains a tab character.,com.puppycrawl.tools.checkstyle.checks.whitespace.FileTabCharacterCheck
so_9293885_block_2,before,RAW,FileTabCharacter,warning,10,1,Line contains a tab character.,com.puppycrawl.tools.checkstyle.checks.whitespace.FileTabCharacterCheck
so_9293885_block_2,before,RAW,FileTabCharacter,warning,11,1,Line contains a tab character.,com.puppycrawl.tools.checkstyle.checks.whitespace.FileTabCharacterCheck
so_9293885_block_2,before,RAW,FileTabCharacter,warning,12,1,Line contains a tab character.,com.puppycrawl.tools.checkstyle.checks.whitespace.FileTabCharacterCheck
so_10599247_block_2,after,RAW,FileTabCharacter,warning,2,8,Line contains a tab character.,com.puppycrawl.tools.checkstyle.checks.whitespace.FileTabCharacterCheck
so_10599247_block_2,after,RAW,FileTabCharacter,warning,4,8,Line contains a tab character.,com.puppycrawl.tools.checkstyle.checks.whitespace.FileTabCharacterCheck
so_10599247_block_2,after,RAW,FileTabCharacter,warning,5,8,Line contains a tab character.,com.puppycrawl.tools.checkstyle.checks.whitespace.FileTabCharacterCheck
so_10967469_block_2,after,RAW,FileTabCharacter,warning,1,1,Line contains a tab character.,com.puppycrawl.tools.checkstyle.checks.whitespace.FileTabCharacterCheck
so_10967469_block_2,after,RAW,FileTabCharacter,warning,2,1,Line contains a tab character.,com.puppycrawl.tools.checkstyle.checks.whitespace.FileTabCharacterCheck
so_10967469_block_2,after,RAW,FileTabCharacter,warning,3,1,Line contains a tab character.,com.puppycrawl.tools.checkstyle.checks.whitespace.FileTabCharacterCheck
so_10967469_block_2,after,RAW,FileTabCharacter,warning,4,1,Line contains a tab character.,com.puppycrawl.tools.checkstyle.checks.whitespace.FileTabCharacterCheck
so_10967469_block_2,after,RAW,FileTabCharacter,warning,5,1,Line contains a tab character.,com.puppycrawl.tools.checkstyle.checks.whitespace.FileTabCharacterCheck
so_10967469_block_2,after,RAW,FileTabCharacter,warning,7,1,Line contains a tab character.,com.puppycrawl.tools.checkstyle.checks.whitespace.FileTabCharacterCheck
so_10967469_block_2,after,RAW,FileTabCharacter,warning,8,1,Line contains a tab character.,com.puppycrawl.tools.checkstyle.checks.whitespace.FileTabCharacterCheck
so_10967469_block_2,after,RAW,FileTabCharacter,warning,9,1,Line contains a tab character.,com.puppycrawl.tools.checkstyle.checks.whitespace.FileTabCharacterCheck
so_10967469_block_2,after,RAW,FileTabCharacter,warning,10,1,Line contains a tab character.,com.puppycrawl.tools.checkstyle.checks.whitespace.FileTabCharacterCheck
so_10967469_block_2,after,RAW,FileTabCharacter,warning,12,1,Line contains a tab character.,com.puppycrawl.tools.checkstyle.checks.whitespace.FileTabCharacterCheck
so_10967469_block_2,after,RAW,FileTabCharacter,warning,13,1,Line contains a tab character.,com.puppycrawl.tools.checkstyle.checks.whitespace.FileTabCharacterCheck
so_10967469_block_2,after,RAW,FileTabCharacter,warning,14,1,Line contains a tab character.,com.puppycrawl.tools.checkstyle.checks.whitespace.FileTabCharacterCheck
so_10967469_block_2,after,RAW,FileTabCharacter,warning,15,1,Line contains a tab character.,com.puppycrawl.tools.checkstyle.checks.whitespace.FileTabCharacterCheck
so_10967469_block_2,after,RAW,FileTabCharacter,warning,16,1,Line contains a tab character.,com.puppycrawl.tools.checkstyle.checks.whitespace.FileTabCharacterCheck
so_10967469_block_2,after,RAW,FileTabCharacter,warning,17,1,Line contains a tab character.,com.puppycrawl.tools.checkstyle.checks.whitespace.FileTabCharacterCheck
so_10967469_block_2,after,RAW,FileTabCharacter,warning,18,1,Line contains a tab character.,com.puppycrawl.tools.checkstyle.checks.whitespace.FileTabCharacterCheck
so_10967469_block_2,after,RAW,FileTabCharacter,warning,20,1,Line contains a tab character.,com.puppycrawl.tools.checkstyle.checks.whitespace.FileTabCharacterCheck
so_13558161_block_6,after,RAW,MultipleVariableDeclarations,warning,10,9,Each variable declaration must be in its own statement.,com.puppycrawl.tools.checkstyle.checks.coding.MultipleVariableDeclarationsCheck
so_13558161_block_6,after,RAW,MultipleVariableDeclarations,warning,15,9,Each variable declaration must be in its own statement.,com.puppycrawl.tools.checkstyle.checks.coding.MultipleVariableDeclarationsCheck
so_13558161_block_6,after,RAW,LineLength,warning,52,0,Line is longer than 120 characters (found 160).,com.puppycrawl.tools.checkstyle.checks.sizes.LineLengthCheck
so_13558161_block_6,after,RAW,MultipleVariableDeclarations,warning,114,13,Each variable declaration must be in its own statement.,com.puppycrawl.tools.checkstyle.checks.coding.MultipleVariableDeclarationsCheck
so_16114563_block_2,after,RAW,FileTabCharacter,warning,3,1,Line contains a tab character.,com.puppycrawl.tools.checkstyle.checks.whitespace.FileTabCharacterCheck
so_16114563_block_2,after,RAW,FileTabCharacter,warning,4,1,Line contains a tab character.,com.puppycrawl.tools.checkstyle.checks.whitespace.FileTabCharacterCheck
so_16114563_block_2,after,RAW,NeedBraces,warning,18,25,'if' construct must use '{}'s.,com.puppycrawl.tools.checkstyle.checks.blocks.NeedBracesCheck
so_16114563_block_2,after,RAW,NeedBraces,warning,20,25,'else' construct must use '{}'s.,com.puppycrawl.tools.checkstyle.checks.blocks.NeedBracesCheck
so_16799135_block_10,after,RAW,NeedBraces,warning,2,9,'if' construct must use '{}'s.,com.puppycrawl.tools.checkstyle.checks.blocks.NeedBracesCheck
so_16799135_block_10,after,RAW,NeedBraces,warning,6,9,'if' construct must use '{}'s.,com.puppycrawl.tools.checkstyle.checks.blocks.NeedBracesCheck
so_16799135_block_10,after,RAW,NeedBraces,warning,9,13,'if' construct must use '{}'s.,com.puppycrawl.tools.checkstyle.checks.blocks.NeedBracesCheck
so_16799135_block_10,after,RAW,NeedBraces,warning,12,17,'if' construct must use '{}'s.,com.puppycrawl.tools.checkstyle.checks.blocks.NeedBracesCheck
so_16799135_block_10,after,RAW,NeedBraces,warning,20,13,'if' construct must use '{}'s.,com.puppycrawl.tools.checkstyle.checks.blocks.NeedBracesCheck
so_19340685_block_2,after,RAW,NeedBraces,warning,6,17,'while' construct must use '{}'s.,com.puppycrawl.tools.checkstyle.checks.blocks.NeedBracesCheck
so_20274776_block_2,after,RAW,EmptyBlock,warning,9,41,Must have at least one statement.,com.puppycrawl.tools.checkstyle.checks.blocks.EmptyBlockCheck
so_2086792_block_2,after,RAW,FileTabCharacter,warning,2,1,Line contains a tab character.,com.puppycrawl.tools.checkstyle.checks.whitespace.FileTabCharacterCheck
so_2086792_block_2,after,RAW,FileTabCharacter,warning,3,1,Line contains a tab character.,com.puppycrawl.tools.checkstyle.checks.whitespace.FileTabCharacterCheck
so_2086792_block_2,after,RAW,FileTabCharacter,warning,4,1,Line contains a tab character.,com.puppycrawl.tools.checkstyle.checks.whitespace.FileTabCharacterCheck
so_2086792_block_2,after,RAW,FileTabCharacter,warning,5,1,Line contains a tab character.,com.puppycrawl.tools.checkstyle.checks.whitespace.FileTabCharacterCheck
so_2086792_block_2,after,RAW,FileTabCharacter,warning,6,1,Line contains a tab character.,com.puppycrawl.tools.checkstyle.checks.whitespace.FileTabCharacterCheck
so_2086792_block_2,after,RAW,FileTabCharacter,warning,7,1,Line contains a tab character.,com.puppycrawl.tools.checkstyle.checks.whitespace.FileTabCharacterCheck
so_2086792_block_2,after,RAW,FileTabCharacter,warning,8,1,Line contains a tab character.,com.puppycrawl.tools.checkstyle.checks.whitespace.FileTabCharacterCheck
so_2086792_block_2,after,RAW,FileTabCharacter,warning,9,1,Line contains a tab character.,com.puppycrawl.tools.checkstyle.checks.whitespace.FileTabCharacterCheck
so_2086792_block_2,after,RAW,FileTabCharacter,warning,10,1,Line contains a tab character.,com.puppycrawl.tools.checkstyle.checks.whitespace.FileTabCharacterCheck
so_2086792_block_2,after,RAW,FileTabCharacter,warning,11,1,Line contains a tab character.,com.puppycrawl.tools.checkstyle.checks.whitespace.FileTabCharacterCheck
so_2086792_block_2,after,RAW,FileTabCharacter,warning,12,1,Line contains a tab character.,com.puppycrawl.tools.checkstyle.checks.whitespace.FileTabCharacterCheck
so_2086792_block_2,after,RAW,FileTabCharacter,warning,13,1,Line contains a tab character.,com.puppycrawl.tools.checkstyle.checks.whitespace.FileTabCharacterCheck
so_2086792_block_2,after,RAW,FileTabCharacter,warning,14,1,Line contains a tab character.,com.puppycrawl.tools.checkstyle.checks.whitespace.FileTabCharacterCheck
so_2086792_block_2,after,RAW,FileTabCharacter,warning,15,1,Line contains a tab character.,com.puppycrawl.tools.checkstyle.checks.whitespace.FileTabCharacterCheck
so_2086792_block_2,after,RAW,FileTabCharacter,warning,16,1,Line contains a tab character.,com.puppycrawl.tools.checkstyle.checks.whitespace.FileTabCharacterCheck
so_2086792_block_2,after,RAW,FileTabCharacter,warning,17,1,Line contains a tab character.,com.puppycrawl.tools.checkstyle.checks.whitespace.FileTabCharacterCheck
so_21178275_block_2,after,RAW,FileTabCharacter,warning,3,9,Line contains a tab character.,com.puppycrawl.tools.checkstyle.checks.whitespace.FileTabCharacterCheck
so_21178275_block_2,after,RAW,FileTabCharacter,warning,4,9,Line contains a tab character.,com.puppycrawl.tools.checkstyle.checks.whitespace.FileTabCharacterCheck
so_21178275_block_2,after,RAW,FileTabCharacter,warning,5,9,Line contains a tab character.,com.puppycrawl.tools.checkstyle.checks.whitespace.FileTabCharacterCheck
so_21178275_block_2,after,RAW,FileTabCharacter,warning,6,9,Line contains a tab character.,com.puppycrawl.tools.checkstyle.checks.whitespace.FileTabCharacterCheck
so_21178275_block_2,after,RAW,FileTabCharacter,warning,8,9,Line contains a tab character.,com.puppycrawl.tools.checkstyle.checks.whitespace.FileTabCharacterCheck
so_21178275_block_2,after,RAW,FileTabCharacter,warning,9,9,Line contains a tab character.,com.puppycrawl.tools.checkstyle.checks.whitespace.FileTabCharacterCheck
so_21178275_block_2,after,RAW,FileTabCharacter,warning,11,9,Line contains a tab character.,com.puppycrawl.tools.checkstyle.checks.whitespace.FileTabCharacterCheck
so_21178275_block_2,after,RAW,FileTabCharacter,warning,12,9,Line contains a tab character.,com.puppycrawl.tools.checkstyle.checks.whitespace.FileTabCharacterCheck
so_21178275_block_2,after,RAW,FileTabCharacter,warning,14,9,Line contains a tab character.,com.puppycrawl.tools.checkstyle.checks.whitespace.FileTabCharacterCheck
so_21178275_block_2,after,RAW,FileTabCharacter,warning,15,9,Line contains a tab character.,com.puppycrawl.tools.checkstyle.checks.whitespace.FileTabCharacterCheck
so_21178275_block_2,after,RAW,FileTabCharacter,warning,16,9,Line contains a tab character.,com.puppycrawl.tools.checkstyle.checks.whitespace.FileTabCharacterCheck
so_21178275_block_2,after,RAW,FileTabCharacter,warning,18,9,Line contains a tab character.,com.puppycrawl.tools.checkstyle.checks.whitespace.FileTabCharacterCheck
so_21178275_block_2,after,RAW,FileTabCharacter,warning,19,9,Line contains a tab character.,com.puppycrawl.tools.checkstyle.checks.whitespace.FileTabCharacterCheck
so_21178275_block_2,after,RAW,FileTabCharacter,warning,21,9,Line contains a tab character.,com.puppycrawl.tools.checkstyle.checks.whitespace.FileTabCharacterCheck
so_21178275_block_2,after,RAW,FileTabCharacter,warning,22,9,Line contains a tab character.,com.puppycrawl.tools.checkstyle.checks.whitespace.FileTabCharacterCheck
so_21178275_block_2,after,RAW,FileTabCharacter,warning,23,9,Line contains a tab character.,com.puppycrawl.tools.checkstyle.checks.whitespace.FileTabCharacterCheck
so_21178275_block_2,after,RAW,FileTabCharacter,warning,24,9,Line contains a tab character.,com.puppycrawl.tools.checkstyle.checks.whitespace.FileTabCharacterCheck
so_21178275_block_2,after,RAW,FileTabCharacter,warning,26,9,Line contains a tab character.,com.puppycrawl.tools.checkstyle.checks.whitespace.FileTabCharacterCheck
so_21178275_block_2,after,RAW,FileTabCharacter,warning,27,9,Line contains a tab character.,com.puppycrawl.tools.checkstyle.checks.whitespace.FileTabCharacterCheck
so_21178275_block_2,after,RAW,FileTabCharacter,warning,29,9,Line contains a tab character.,com.puppycrawl.tools.checkstyle.checks.whitespace.FileTabCharacterCheck
so_21178275_block_2,after,RAW,FileTabCharacter,warning,30,9,Line contains a tab character.,com.puppycrawl.tools.checkstyle.checks.whitespace.FileTabCharacterCheck
so_21178275_block_2,after,RAW,FileTabCharacter,warning,31,9,Line contains a tab character.,com.puppycrawl.tools.checkstyle.checks.whitespace.FileTabCharacterCheck
so_21178275_block_2,after,RAW,FileTabCharacter,warning,32,9,Line contains a tab character.,com.puppycrawl.tools.checkstyle.checks.whitespace.FileTabCharacterCheck
so_21178275_block_2,after,RAW,FileTabCharacter,warning,33,9,Line contains a tab character.,com.puppycrawl.tools.checkstyle.checks.whitespace.FileTabCharacterCheck
so_21178275_block_2,after,RAW,FileTabCharacter,warning,34,9,Line contains a tab character.,com.puppycrawl.tools.checkstyle.checks.whitespace.FileTabCharacterCheck
so_21178275_block_2,after,RAW,FileTabCharacter,warning,36,9,Line contains a tab character.,com.puppycrawl.tools.checkstyle.checks.whitespace.FileTabCharacterCheck
so_21178275_block_2,after,RAW,FileTabCharacter,warning,37,9,Line contains a tab character.,com.puppycrawl.tools.checkstyle.checks.whitespace.FileTabCharacterCheck
so_21178275_block_2,after,RAW,FileTabCharacter,warning,38,9,Line contains a tab character.,com.puppycrawl.tools.checkstyle.checks.whitespace.FileTabCharacterCheck
so_21178275_block_2,after,RAW,FileTabCharacter,warning,39,9,Line contains a tab character.,com.puppycrawl.tools.checkstyle.checks.whitespace.FileTabCharacterCheck
so_21178275_block_2,after,RAW,FileTabCharacter,warning,41,9,Line contains a tab character.,com.puppycrawl.tools.checkstyle.checks.whitespace.FileTabCharacterCheck
so_21178275_block_2,after,RAW,FileTabCharacter,warning,42,9,Line contains a tab character.,com.puppycrawl.tools.checkstyle.checks.whitespace.FileTabCharacterCheck
so_21178275_block_2,after,RAW,FileTabCharacter,warning,43,9,Line contains a tab character.,com.puppycrawl.tools.checkstyle.checks.whitespace.FileTabCharacterCheck
so_21178275_block_2,after,RAW,FileTabCharacter,warning,44,9,Line contains a tab character.,com.puppycrawl.tools.checkstyle.checks.whitespace.FileTabCharacterCheck
so_21178275_block_2,after,RAW,FileTabCharacter,warning,45,9,Line contains a tab character.,com.puppycrawl.tools.checkstyle.checks.whitespace.FileTabCharacterCheck
so_21178275_block_2,after,RAW,FileTabCharacter,warning,46,9,Line contains a tab character.,com.puppycrawl.tools.checkstyle.checks.whitespace.FileTabCharacterCheck
so_21178275_block_2,after,RAW,FileTabCharacter,warning,47,9,Line contains a tab character.,com.puppycrawl.tools.checkstyle.checks.whitespace.FileTabCharacterCheck
so_21178275_block_2,after,RAW,FileTabCharacter,warning,48,9,Line contains a tab character.,com.puppycrawl.tools.checkstyle.checks.whitespace.FileTabCharacterCheck
so_21178275_block_2,after,RAW,FileTabCharacter,warning,50,9,Line contains a tab character.,com.puppycrawl.tools.checkstyle.checks.whitespace.FileTabCharacterCheck
so_21178275_block_2,after,RAW,FileTabCharacter,warning,51,9,Line contains a tab character.,com.puppycrawl.tools.checkstyle.checks.whitespace.FileTabCharacterCheck
so_21178275_block_2,after,RAW,FileTabCharacter,warning,52,9,Line contains a tab character.,com.puppycrawl.tools.checkstyle.checks.whitespace.FileTabCharacterCheck
so_21178275_block_2,after,RAW,FileTabCharacter,warning,53,9,Line contains a tab character.,com.puppycrawl.tools.checkstyle.checks.whitespace.FileTabCharacterCheck
so_21178275_block_2,after,RAW,FileTabCharacter,warning,55,9,Line contains a tab character.,com.puppycrawl.tools.checkstyle.checks.whitespace.FileTabCharacterCheck
so_29230939_block_4,after,RAW,LineLength,warning,17,0,Line is longer than 120 characters (found 129).,com.puppycrawl.tools.checkstyle.checks.sizes.LineLengthCheck
so_29230939_block_4,after,RAW,NeedBraces,warning,18,29,'if' construct must use '{}'s.,com.puppycrawl.tools.checkstyle.checks.blocks.NeedBracesCheck
so_29330741_block_6,after,RAW,LineLength,warning,1,0,Line is longer than 120 characters (found 145).,com.puppycrawl.tools.checkstyle.checks.sizes.LineLengthCheck
so_29575747_block_2,after,RAW,NeedBraces,warning,51,15,'if' construct must use '{}'s.,com.puppycrawl.tools.checkstyle.checks.blocks.NeedBracesCheck
so_29575747_block_2,after,RAW,NeedBraces,warning,52,15,'if' construct must use '{}'s.,com.puppycrawl.tools.checkstyle.checks.blocks.NeedBracesCheck
so_29575747_block_2,after,RAW,NeedBraces,warning,53,15,'if' construct must use '{}'s.,com.puppycrawl.tools.checkstyle.checks.blocks.NeedBracesCheck
so_29575747_block_2,after,RAW,NeedBraces,warning,58,11,'if' construct must use '{}'s.,com.puppycrawl.tools.checkstyle.checks.blocks.NeedBracesCheck
so_29575747_block_2,after,RAW,FileTabCharacter,warning,64,9,Line contains a tab character.,com.puppycrawl.tools.checkstyle.checks.whitespace.FileTabCharacterCheck
so_29575747_block_2,after,RAW,FileTabCharacter,warning,66,9,Line contains a tab character.,com.puppycrawl.tools.checkstyle.checks.whitespace.FileTabCharacterCheck
so_29575747_block_2,after,RAW,FileTabCharacter,warning,68,9,Line contains a tab character.,com.puppycrawl.tools.checkstyle.checks.whitespace.FileTabCharacterCheck
so_29575747_block_2,after,RAW,FileTabCharacter,warning,69,9,Line contains a tab character.,com.puppycrawl.tools.checkstyle.checks.whitespace.FileTabCharacterCheck
so_29575747_block_2,after,RAW,FileTabCharacter,warning,70,9,Line contains a tab character.,com.puppycrawl.tools.checkstyle.checks.whitespace.FileTabCharacterCheck
so_29575747_block_2,after,RAW,FileTabCharacter,warning,71,9,Line contains a tab character.,com.puppycrawl.tools.checkstyle.checks.whitespace.FileTabCharacterCheck
so_29575747_block_2,after,RAW,FileTabCharacter,warning,72,9,Line contains a tab character.,com.puppycrawl.tools.checkstyle.checks.whitespace.FileTabCharacterCheck
so_29575747_block_2,after,RAW,FileTabCharacter,warning,74,9,Line contains a tab character.,com.puppycrawl.tools.checkstyle.checks.whitespace.FileTabCharacterCheck
so_29575747_block_2,after,RAW,FileTabCharacter,warning,75,9,Line contains a tab character.,com.puppycrawl.tools.checkstyle.checks.whitespace.FileTabCharacterCheck
so_29575747_block_2,after,RAW,FileTabCharacter,warning,76,9,Line contains a tab character.,com.puppycrawl.tools.checkstyle.checks.whitespace.FileTabCharacterCheck
so_29575747_block_2,after,RAW,FileTabCharacter,warning,77,9,Line contains a tab character.,com.puppycrawl.tools.checkstyle.checks.whitespace.FileTabCharacterCheck
so_29575747_block_2,after,RAW,FileTabCharacter,warning,79,9,Line contains a tab character.,com.puppycrawl.tools.checkstyle.checks.whitespace.FileTabCharacterCheck
so_29575747_block_2,after,RAW,FileTabCharacter,warning,80,9,Line contains a tab character.,com.puppycrawl.tools.checkstyle.checks.whitespace.FileTabCharacterCheck
so_29575747_block_2,after,RAW,FileTabCharacter,warning,81,9,Line contains a tab character.,com.puppycrawl.tools.checkstyle.checks.whitespace.FileTabCharacterCheck
so_29575747_block_2,after,RAW,FileTabCharacter,warning,83,9,Line contains a tab character.,com.puppycrawl.tools.checkstyle.checks.whitespace.FileTabCharacterCheck
so_29575747_block_2,after,RAW,FileTabCharacter,warning,85,9,Line contains a tab character.,com.puppycrawl.tools.checkstyle.checks.whitespace.FileTabCharacterCheck
so_29575747_block_2,after,RAW,FileTabCharacter,warning,86,9,Line contains a tab character.,com.puppycrawl.tools.checkstyle.checks.whitespace.FileTabCharacterCheck
so_29575747_block_2,after,RAW,FileTabCharacter,warning,87,9,Line contains a tab character.,com.puppycrawl.tools.checkstyle.checks.whitespace.FileTabCharacterCheck
so_29866762_block_2,after,RAW,NeedBraces,warning,5,9,'if' construct must use '{}'s.,com.puppycrawl.tools.checkstyle.checks.blocks.NeedBracesCheck
so_32855556_block_4,after,RAW,FileTabCharacter,warning,2,5,Line contains a tab character.,com.puppycrawl.tools.checkstyle.checks.whitespace.FileTabCharacterCheck
so_32855556_block_4,after,RAW,FileTabCharacter,warning,3,5,Line contains a tab character.,com.puppycrawl.tools.checkstyle.checks.whitespace.FileTabCharacterCheck
so_32855556_block_4,after,RAW,FileTabCharacter,warning,4,5,Line contains a tab character.,com.puppycrawl.tools.checkstyle.checks.whitespace.FileTabCharacterCheck
so_32855556_block_4,after,RAW,FileTabCharacter,warning,5,5,Line contains a tab character.,com.puppycrawl.tools.checkstyle.checks.whitespace.FileTabCharacterCheck
so_32855556_block_4,after,RAW,FileTabCharacter,warning,6,5,Line contains a tab character.,com.puppycrawl.tools.checkstyle.checks.whitespace.FileTabCharacterCheck
so_32855556_block_4,after,RAW,FileTabCharacter,warning,7,5,Line contains a tab character.,com.puppycrawl.tools.checkstyle.checks.whitespace.FileTabCharacterCheck
so_33270545_block_2,after,RAW,LineLength,warning,42,0,Line is longer than 120 characters (found 130).,com.puppycrawl.tools.checkstyle.checks.sizes.LineLengthCheck
so_34174309_block_2,after,RAW,FileTabCharacter,warning,16,5,Line contains a tab character.,com.puppycrawl.tools.checkstyle.checks.whitespace.FileTabCharacterCheck
so_34174309_block_2,after,RAW,FileTabCharacter,warning,17,5,Line contains a tab character.,com.puppycrawl.tools.checkstyle.checks.whitespace.FileTabCharacterCheck
so_34174309_block_2,after,RAW,FileTabCharacter,warning,18,5,Line contains a tab character.,com.puppycrawl.tools.checkstyle.checks.whitespace.FileTabCharacterCheck
so_34174309_block_2,after,RAW,FileTabCharacter,warning,19,5,Line contains a tab character.,com.puppycrawl.tools.checkstyle.checks.whitespace.FileTabCharacterCheck
so_34174309_block_2,after,RAW,FileTabCharacter,warning,20,5,Line contains a tab character.,com.puppycrawl.tools.checkstyle.checks.whitespace.FileTabCharacterCheck
so_34174309_block_2,after,RAW,FileTabCharacter,warning,21,5,Line contains a tab character.,com.puppycrawl.tools.checkstyle.checks.whitespace.FileTabCharacterCheck
so_34174309_block_2,after,RAW,FileTabCharacter,warning,22,5,Line contains a tab character.,com.puppycrawl.tools.checkstyle.checks.whitespace.FileTabCharacterCheck
so_34174309_block_2,after,RAW,FileTabCharacter,warning,23,5,Line contains a tab character.,com.puppycrawl.tools.checkstyle.checks.whitespace.FileTabCharacterCheck
so_34174309_block_2,after,RAW,FileTabCharacter,warning,38,5,Line contains a tab character.,com.puppycrawl.tools.checkstyle.checks.whitespace.FileTabCharacterCheck
so_34590765_block_2,after,RAW,LineLength,warning,79,0,Line is longer than 120 characters (found 158).,com.puppycrawl.tools.checkstyle.checks.sizes.LineLengthCheck
so_34590765_block_2,after,RAW,NeedBraces,warning,132,13,'if' construct must use '{}'s.,com.puppycrawl.tools.checkstyle.checks.blocks.NeedBracesCheck
so_3519182_block_2,after,RAW,NeedBraces,warning,13,9,'if' construct must use '{}'s.,com.puppycrawl.tools.checkstyle.checks.blocks.NeedBracesCheck
so_3775893_block_6,after,RAW,NeedBraces,warning,20,11,'if' construct must use '{}'s.,com.puppycrawl.tools.checkstyle.checks.blocks.NeedBracesCheck
so_3870210_block_4,after,RAW,FileTabCharacter,warning,2,25,Line contains a tab character.,com.puppycrawl.tools.checkstyle.checks.whitespace.FileTabCharacterCheck
so_3870210_block_4,after,RAW,FileTabCharacter,warning,3,30,Line contains a tab character.,com.puppycrawl.tools.checkstyle.checks.whitespace.FileTabCharacterCheck
so_3870210_block_4,after,RAW,FileTabCharacter,warning,4,19,Line contains a tab character.,com.puppycrawl.tools.checkstyle.checks.whitespace.FileTabCharacterCheck
so_3870210_block_4,after,RAW,FileTabCharacter,warning,5,28,Line contains a tab character.,com.puppycrawl.tools.checkstyle.checks.whitespace.FileTabCharacterCheck
so_3870210_block_4,after,RAW,NeedBraces,warning,10,17,'while' construct must use '{}'s.,com.puppycrawl.tools.checkstyle.checks.blocks.NeedBracesCheck
so_3870210_block_4,after,RAW,NeedBraces,warning,15,13,'if' construct must use '{}'s.,com.puppycrawl.tools.checkstyle.checks.blocks.NeedBracesCheck
so_3870210_block_4,after,RAW,NeedBraces,warning,18,13,'if' construct must use '{}'s.,com.puppycrawl.tools.checkstyle.checks.blocks.NeedBracesCheck
so_3870210_block_4,after,RAW,NeedBraces,warning,22,17,'while' construct must use '{}'s.,com.puppycrawl.tools.checkstyle.checks.blocks.NeedBracesCheck
so_3870210_block_4,after,RAW,FileTabCharacter,warning,25,1,Line contains a tab character.,com.puppycrawl.tools.checkstyle.checks.whitespace.FileTabCharacterCheck
so_40317313_block_6,after,RAW,FileTabCharacter,warning,8,5,Line contains a tab character.,com.puppycrawl.tools.checkstyle.checks.whitespace.FileTabCharacterCheck
so_40317313_block_6,after,RAW,FileTabCharacter,warning,9,5,Line contains a tab character.,com.puppycrawl.tools.checkstyle.checks.whitespace.FileTabCharacterCheck
so_40317313_block_6,after,RAW,FileTabCharacter,warning,10,1,Line contains a tab character.,com.puppycrawl.tools.checkstyle.checks.whitespace.FileTabCharacterCheck
so_40317313_block_6,after,RAW,FileTabCharacter,warning,11,1,Line contains a tab character.,com.puppycrawl.tools.checkstyle.checks.whitespace.FileTabCharacterCheck
so_40317313_block_6,after,RAW,FileTabCharacter,warning,12,1,Line contains a tab character.,com.puppycrawl.tools.checkstyle.checks.whitespace.FileTabCharacterCheck
so_40317313_block_6,after,RAW,FileTabCharacter,warning,13,1,Line contains a tab character.,com.puppycrawl.tools.checkstyle.checks.whitespace.FileTabCharacterCheck
so_40317313_block_6,after,RAW,FileTabCharacter,warning,14,1,Line contains a tab character.,com.puppycrawl.tools.checkstyle.checks.whitespace.FileTabCharacterCheck
so_40317313_block_6,after,RAW,FileTabCharacter,warning,15,1,Line contains a tab character.,com.puppycrawl.tools.checkstyle.checks.whitespace.FileTabCharacterCheck
so_40317313_block_6,after,RAW,FileTabCharacter,warning,16,1,Line contains a tab character.,com.puppycrawl.tools.checkstyle.checks.whitespace.FileTabCharacterCheck
so_40317313_block_6,after,RAW,FileTabCharacter,warning,17,1,Line contains a tab character.,com.puppycrawl.tools.checkstyle.checks.whitespace.FileTabCharacterCheck
so_40317313_block_6,after,RAW,FileTabCharacter,warning,18,1,Line contains a tab character.,com.puppycrawl.tools.checkstyle.checks.whitespace.FileTabCharacterCheck
so_40317313_block_6,after,RAW,FileTabCharacter,warning,19,1,Line contains a tab character.,com.puppycrawl.tools.checkstyle.checks.whitespace.FileTabCharacterCheck
so_40317313_block_6,after,RAW,FileTabCharacter,warning,20,1,Line contains a tab character.,com.puppycrawl.tools.checkstyle.checks.whitespace.FileTabCharacterCheck
so_40317313_block_6,after,RAW,FileTabCharacter,warning,26,1,Line contains a tab character.,com.puppycrawl.tools.checkstyle.checks.whitespace.FileTabCharacterCheck
so_40317313_block_6,after,RAW,FileTabCharacter,warning,27,1,Line contains a tab character.,com.puppycrawl.tools.checkstyle.checks.whitespace.FileTabCharacterCheck
so_40317313_block_6,after,RAW,FileTabCharacter,warning,28,1,Line contains a tab character.,com.puppycrawl.tools.checkstyle.checks.whitespace.FileTabCharacterCheck
so_40317313_block_6,after,RAW,FileTabCharacter,warning,29,1,Line contains a tab character.,com.puppycrawl.tools.checkstyle.checks.whitespace.FileTabCharacterCheck
so_40317313_block_6,after,RAW,FileTabCharacter,warning,30,1,Line contains a tab character.,com.puppycrawl.tools.checkstyle.checks.whitespace.FileTabCharacterCheck
so_40317313_block_6,after,RAW,FileTabCharacter,warning,31,1,Line contains a tab character.,com.puppycrawl.tools.checkstyle.checks.whitespace.FileTabCharacterCheck
so_40317313_block_6,after,RAW,FileTabCharacter,warning,32,1,Line contains a tab character.,com.puppycrawl.tools.checkstyle.checks.whitespace.FileTabCharacterCheck
so_40317313_block_6,after,RAW,FileTabCharacter,warning,33,1,Line contains a tab character.,com.puppycrawl.tools.checkstyle.checks.whitespace.FileTabCharacterCheck
so_41251473_block_6,after,RAW,NeedBraces,warning,2,9,'if' construct must use '{}'s.,com.puppycrawl.tools.checkstyle.checks.blocks.NeedBracesCheck
so_41588054_block_2,after,RAW,FileTabCharacter,warning,1,1,Line contains a tab character.,com.puppycrawl.tools.checkstyle.checks.whitespace.FileTabCharacterCheck
so_41588054_block_2,after,RAW,FileTabCharacter,warning,2,1,Line contains a tab character.,com.puppycrawl.tools.checkstyle.checks.whitespace.FileTabCharacterCheck
so_41588054_block_2,after,RAW,FileTabCharacter,warning,3,1,Line contains a tab character.,com.puppycrawl.tools.checkstyle.checks.whitespace.FileTabCharacterCheck
so_41588054_block_2,after,RAW,FileTabCharacter,warning,4,1,Line contains a tab character.,com.puppycrawl.tools.checkstyle.checks.whitespace.FileTabCharacterCheck
so_41588054_block_2,after,RAW,FileTabCharacter,warning,5,1,Line contains a tab character.,com.puppycrawl.tools.checkstyle.checks.whitespace.FileTabCharacterCheck
so_41588054_block_2,after,RAW,FileTabCharacter,warning,6,1,Line contains a tab character.,com.puppycrawl.tools.checkstyle.checks.whitespace.FileTabCharacterCheck
so_41588054_block_2,after,RAW,FileTabCharacter,warning,7,1,Line contains a tab character.,com.puppycrawl.tools.checkstyle.checks.whitespace.FileTabCharacterCheck
so_41588054_block_2,after,RAW,FileTabCharacter,warning,8,1,Line contains a tab character.,com.puppycrawl.tools.checkstyle.checks.whitespace.FileTabCharacterCheck
so_41588054_block_2,after,RAW,FileTabCharacter,warning,9,1,Line contains a tab character.,com.puppycrawl.tools.checkstyle.checks.whitespace.FileTabCharacterCheck
so_41588054_block_2,after,RAW,FileTabCharacter,warning,10,1,Line contains a tab character.,com.puppycrawl.tools.checkstyle.checks.whitespace.FileTabCharacterCheck
so_41588054_block_2,after,RAW,FileTabCharacter,warning,11,1,Line contains a tab character.,com.puppycrawl.tools.checkstyle.checks.whitespace.FileTabCharacterCheck
so_41588054_block_2,after,RAW,FileTabCharacter,warning,12,1,Line contains a tab character.,com.puppycrawl.tools.checkstyle.checks.whitespace.FileTabCharacterCheck
so_41588054_block_2,after,RAW,FileTabCharacter,warning,13,1,Line contains a tab character.,com.puppycrawl.tools.checkstyle.checks.whitespace.FileTabCharacterCheck
so_41588054_block_2,after,RAW,FileTabCharacter,warning,14,1,Line contains a tab character.,com.puppycrawl.tools.checkstyle.checks.whitespace.FileTabCharacterCheck
so_41588054_block_2,after,RAW,FileTabCharacter,warning,15,1,Line contains a tab character.,com.puppycrawl.tools.checkstyle.checks.whitespace.FileTabCharacterCheck
so_41588054_block_2,after,RAW,FileTabCharacter,warning,16,1,Line contains a tab character.,com.puppycrawl.tools.checkstyle.checks.whitespace.FileTabCharacterCheck
so_41588054_block_2,after,RAW,FileTabCharacter,warning,17,1,Line contains a tab character.,com.puppycrawl.tools.checkstyle.checks.whitespace.FileTabCharacterCheck
so_41588054_block_2,after,RAW,FileTabCharacter,warning,18,1,Line contains a tab character.,com.puppycrawl.tools.checkstyle.checks.whitespace.FileTabCharacterCheck
so_41588054_block_2,after,RAW,FileTabCharacter,warning,19,1,Line contains a tab character.,com.puppycrawl.tools.checkstyle.checks.whitespace.FileTabCharacterCheck
so_41588054_block_2,after,RAW,FileTabCharacter,warning,20,1,Line contains a tab character.,com.puppycrawl.tools.checkstyle.checks.whitespace.FileTabCharacterCheck
so_41588054_block_2,after,RAW,FileTabCharacter,warning,21,1,Line contains a tab character.,com.puppycrawl.tools.checkstyle.checks.whitespace.FileTabCharacterCheck
so_41588054_block_2,after,RAW,FileTabCharacter,warning,22,1,Line contains a tab character.,com.puppycrawl.tools.checkstyle.checks.whitespace.FileTabCharacterCheck
so_41588054_block_2,after,RAW,FileTabCharacter,warning,23,1,Line contains a tab character.,com.puppycrawl.tools.checkstyle.checks.whitespace.FileTabCharacterCheck
so_41588054_block_2,after,RAW,FileTabCharacter,warning,24,1,Line contains a tab character.,com.puppycrawl.tools.checkstyle.checks.whitespace.FileTabCharacterCheck
so_41588054_block_2,after,RAW,FileTabCharacter,warning,25,1,Line contains a tab character.,com.puppycrawl.tools.checkstyle.checks.whitespace.FileTabCharacterCheck
so_41588054_block_2,after,RAW,FileTabCharacter,warning,26,1,Line contains a tab character.,com.puppycrawl.tools.checkstyle.checks.whitespace.FileTabCharacterCheck
so_41588054_block_2,after,RAW,FileTabCharacter,warning,27,1,Line contains a tab character.,com.puppycrawl.tools.checkstyle.checks.whitespace.FileTabCharacterCheck
so_41588054_block_2,after,RAW,FileTabCharacter,warning,28,1,Line contains a tab character.,com.puppycrawl.tools.checkstyle.checks.whitespace.FileTabCharacterCheck
so_41588054_block_2,after,RAW,FileTabCharacter,warning,29,1,Line contains a tab character.,com.puppycrawl.tools.checkstyle.checks.whitespace.FileTabCharacterCheck
so_41588054_block_2,after,RAW,FileTabCharacter,warning,30,1,Line contains a tab character.,com.puppycrawl.tools.checkstyle.checks.whitespace.FileTabCharacterCheck
so_41588054_block_2,after,RAW,FileTabCharacter,warning,31,1,Line contains a tab character.,com.puppycrawl.tools.checkstyle.checks.whitespace.FileTabCharacterCheck
so_41588054_block_2,after,RAW,FileTabCharacter,warning,32,1,Line contains a tab character.,com.puppycrawl.tools.checkstyle.checks.whitespace.FileTabCharacterCheck
so_41588054_block_2,after,RAW,AvoidNestedBlocks,warning,32,33,Avoid nested blocks.,com.puppycrawl.tools.checkstyle.checks.blocks.AvoidNestedBlocksCheck
so_41588054_block_2,after,RAW,FileTabCharacter,warning,33,1,Line contains a tab character.,com.puppycrawl.tools.checkstyle.checks.whitespace.FileTabCharacterCheck
so_41588054_block_2,after,RAW,FileTabCharacter,warning,34,1,Line contains a tab character.,com.puppycrawl.tools.checkstyle.checks.whitespace.FileTabCharacterCheck
so_41588054_block_2,after,RAW,FileTabCharacter,warning,35,1,Line contains a tab character.,com.puppycrawl.tools.checkstyle.checks.whitespace.FileTabCharacterCheck
so_41588054_block_2,after,RAW,FileTabCharacter,warning,36,1,Line contains a tab character.,com.puppycrawl.tools.checkstyle.checks.whitespace.FileTabCharacterCheck
so_41588054_block_2,after,RAW,FileTabCharacter,warning,37,1,Line contains a tab character.,com.puppycrawl.tools.checkstyle.checks.whitespace.FileTabCharacterCheck
so_41588054_block_2,after,RAW,FileTabCharacter,warning,38,1,Line contains a tab character.,com.puppycrawl.tools.checkstyle.checks.whitespace.FileTabCharacterCheck
so_41588054_block_2,after,RAW,FileTabCharacter,warning,39,1,Line contains a tab character.,com.puppycrawl.tools.checkstyle.checks.whitespace.FileTabCharacterCheck
so_41588054_block_2,after,RAW,AvoidNestedBlocks,warning,39,33,Avoid nested blocks.,com.puppycrawl.tools.checkstyle.checks.blocks.AvoidNestedBlocksCheck
so_41588054_block_2,after,RAW,FileTabCharacter,warning,40,1,Line contains a tab character.,com.puppycrawl.tools.checkstyle.checks.whitespace.FileTabCharacterCheck
so_41588054_block_2,after,RAW,FileTabCharacter,warning,41,1,Line contains a tab character.,com.puppycrawl.tools.checkstyle.checks.whitespace.FileTabCharacterCheck
so_41588054_block_2,after,RAW,FileTabCharacter,warning,42,1,Line contains a tab character.,com.puppycrawl.tools.checkstyle.checks.whitespace.FileTabCharacterCheck
so_41588054_block_2,after,RAW,FileTabCharacter,warning,43,1,Line contains a tab character.,com.puppycrawl.tools.checkstyle.checks.whitespace.FileTabCharacterCheck
so_41588054_block_2,after,RAW,FileTabCharacter,warning,44,1,Line contains a tab character.,com.puppycrawl.tools.checkstyle.checks.whitespace.FileTabCharacterCheck
so_41588054_block_2,after,RAW,FileTabCharacter,warning,45,1,Line contains a tab character.,com.puppycrawl.tools.checkstyle.checks.whitespace.FileTabCharacterCheck
so_41588054_block_2,after,RAW,FileTabCharacter,warning,46,1,Line contains a tab character.,com.puppycrawl.tools.checkstyle.checks.whitespace.FileTabCharacterCheck
so_41588054_block_2,after,RAW,FileTabCharacter,warning,47,1,Line contains a tab character.,com.puppycrawl.tools.checkstyle.checks.whitespace.FileTabCharacterCheck
so_41588054_block_2,after,RAW,FileTabCharacter,warning,48,1,Line contains a tab character.,com.puppycrawl.tools.checkstyle.checks.whitespace.FileTabCharacterCheck
so_41588054_block_2,after,RAW,FileTabCharacter,warning,49,1,Line contains a tab character.,com.puppycrawl.tools.checkstyle.checks.whitespace.FileTabCharacterCheck
so_41588054_block_2,after,RAW,FileTabCharacter,warning,50,1,Line contains a tab character.,com.puppycrawl.tools.checkstyle.checks.whitespace.FileTabCharacterCheck
so_41588054_block_2,after,RAW,FileTabCharacter,warning,51,1,Line contains a tab character.,com.puppycrawl.tools.checkstyle.checks.whitespace.FileTabCharacterCheck
so_41588054_block_2,after,RAW,FileTabCharacter,warning,52,1,Line contains a tab character.,com.puppycrawl.tools.checkstyle.checks.whitespace.FileTabCharacterCheck
so_41588054_block_2,after,RAW,FileTabCharacter,warning,53,1,Line contains a tab character.,com.puppycrawl.tools.checkstyle.checks.whitespace.FileTabCharacterCheck
so_41588054_block_2,after,RAW,FileTabCharacter,warning,54,1,Line contains a tab character.,com.puppycrawl.tools.checkstyle.checks.whitespace.FileTabCharacterCheck
so_41588054_block_2,after,RAW,FileTabCharacter,warning,55,1,Line contains a tab character.,com.puppycrawl.tools.checkstyle.checks.whitespace.FileTabCharacterCheck
so_41588054_block_2,after,RAW,FileTabCharacter,warning,56,1,Line contains a tab character.,com.puppycrawl.tools.checkstyle.checks.whitespace.FileTabCharacterCheck
so_41588054_block_2,after,RAW,FileTabCharacter,warning,57,1,Line contains a tab character.,com.puppycrawl.tools.checkstyle.checks.whitespace.FileTabCharacterCheck
so_41588054_block_2,after,RAW,FileTabCharacter,warning,58,1,Line contains a tab character.,com.puppycrawl.tools.checkstyle.checks.whitespace.FileTabCharacterCheck
so_41588054_block_2,after,RAW,FileTabCharacter,warning,59,1,Line contains a tab character.,com.puppycrawl.tools.checkstyle.checks.whitespace.FileTabCharacterCheck
so_41588054_block_2,after,RAW,FileTabCharacter,warning,60,1,Line contains a tab character.,com.puppycrawl.tools.checkstyle.checks.whitespace.FileTabCharacterCheck
so_41588054_block_2,after,RAW,NeedBraces,warning,60,25,'if' construct must use '{}'s.,com.puppycrawl.tools.checkstyle.checks.blocks.NeedBracesCheck
so_41588054_block_2,after,RAW,FileTabCharacter,warning,61,1,Line contains a tab character.,com.puppycrawl.tools.checkstyle.checks.whitespace.FileTabCharacterCheck
so_41588054_block_2,after,RAW,FileTabCharacter,warning,62,1,Line contains a tab character.,com.puppycrawl.tools.checkstyle.checks.whitespace.FileTabCharacterCheck
so_41588054_block_2,after,RAW,NeedBraces,warning,62,17,'if' construct must use '{}'s.,com.puppycrawl.tools.checkstyle.checks.blocks.NeedBracesCheck
so_41588054_block_2,after,RAW,FileTabCharacter,warning,63,1,Line contains a tab character.,com.puppycrawl.tools.checkstyle.checks.whitespace.FileTabCharacterCheck
so_41588054_block_2,after,RAW,FileTabCharacter,warning,64,1,Line contains a tab character.,com.puppycrawl.tools.checkstyle.checks.whitespace.FileTabCharacterCheck
so_46830988_block_4,after,RAW,NeedBraces,warning,3,9,'for' construct must use '{}'s.,com.puppycrawl.tools.checkstyle.checks.blocks.NeedBracesCheck
so_46830988_block_4,after,RAW,NeedBraces,warning,4,13,'if' construct must use '{}'s.,com.puppycrawl.tools.checkstyle.checks.blocks.NeedBracesCheck
so_47622507_block_4,after,RAW,MultipleVariableDeclarations,warning,12,13,Each variable declaration must be in its own statement.,com.puppycrawl.tools.checkstyle.checks.coding.MultipleVariableDeclarationsCheck
so_47622507_block_4,after,RAW,VariableDeclarationUsageDistance,warning,12,13,"Distance between variable 'params' declaration and its first usage is 4, but allowed 3.  Consider making that variable final if you still need to store its value in advance (before method calls that might have side effects on the original value).",com.puppycrawl.tools.checkstyle.checks.coding.VariableDeclarationUsageDistanceCheck
so_53110509_block_2,after,RAW,NeedBraces,warning,5,6,'for' construct must use '{}'s.,com.puppycrawl.tools.checkstyle.checks.blocks.NeedBracesCheck
so_53110509_block_2,after,RAW,NeedBraces,warning,6,7,'for' construct must use '{}'s.,com.puppycrawl.tools.checkstyle.checks.blocks.NeedBracesCheck
so_54119640_block_4,after,RAW,NeedBraces,warning,8,17,'if' construct must use '{}'s.,com.puppycrawl.tools.checkstyle.checks.blocks.NeedBracesCheck
so_55728841_block_2,after,RAW,OneStatementPerLine,warning,5,94,Only one statement per line allowed.,com.puppycrawl.tools.checkstyle.checks.coding.OneStatementPerLineCheck
so_56259221_block_5,after,RAW,FileTabCharacter,warning,10,13,Line contains a tab character.,com.puppycrawl.tools.checkstyle.checks.whitespace.FileTabCharacterCheck
so_56611483_block_2,after,RAW,LineLength,warning,57,0,Line is longer than 120 characters (found 134).,com.puppycrawl.tools.checkstyle.checks.sizes.LineLengthCheck
so_57560955_block_2,after,RAW,NeedBraces,warning,4,9,'if' construct must use '{}'s.,com.puppycrawl.tools.checkstyle.checks.blocks.NeedBracesCheck
so_57713309_block_2,after,RAW,FileTabCharacter,warning,3,5,Line contains a tab character.,com.puppycrawl.tools.checkstyle.checks.whitespace.FileTabCharacterCheck
so_57713309_block_2,after,RAW,FileTabCharacter,warning,4,5,Line contains a tab character.,com.puppycrawl.tools.checkstyle.checks.whitespace.FileTabCharacterCheck
so_57713309_block_2,after,RAW,FileTabCharacter,warning,5,5,Line contains a tab character.,com.puppycrawl.tools.checkstyle.checks.whitespace.FileTabCharacterCheck
so_57713309_block_2,after,RAW,FileTabCharacter,warning,7,5,Line contains a tab character.,com.puppycrawl.tools.checkstyle.checks.whitespace.FileTabCharacterCheck
so_57713309_block_2,after,RAW,FileTabCharacter,warning,8,5,Line contains a tab character.,com.puppycrawl.tools.checkstyle.checks.whitespace.FileTabCharacterCheck
so_57713309_block_2,after,RAW,FileTabCharacter,warning,9,5,Line contains a tab character.,com.puppycrawl.tools.checkstyle.checks.whitespace.FileTabCharacterCheck
so_57713309_block_2,after,RAW,FileTabCharacter,warning,10,5,Line contains a tab character.,com.puppycrawl.tools.checkstyle.checks.whitespace.FileTabCharacterCheck
so_57713309_block_2,after,RAW,FileTabCharacter,warning,11,1,Line contains a tab character.,com.puppycrawl.tools.checkstyle.checks.whitespace.FileTabCharacterCheck
so_59239733_block_4,after,RAW,FileTabCharacter,warning,2,1,Line contains a tab character.,com.puppycrawl.tools.checkstyle.checks.whitespace.FileTabCharacterCheck
so_59239733_block_4,after,RAW,FileTabCharacter,warning,3,1,Line contains a tab character.,com.puppycrawl.tools.checkstyle.checks.whitespace.FileTabCharacterCheck
so_59239733_block_4,after,RAW,FileTabCharacter,warning,4,1,Line contains a tab character.,com.puppycrawl.tools.checkstyle.checks.whitespace.FileTabCharacterCheck
so_59239733_block_4,after,RAW,FileTabCharacter,warning,12,1,Line contains a tab character.,com.puppycrawl.tools.checkstyle.checks.whitespace.FileTabCharacterCheck
so_59239733_block_4,after,RAW,FileTabCharacter,warning,14,1,Line contains a tab character.,com.puppycrawl.tools.checkstyle.checks.whitespace.FileTabCharacterCheck
so_59239733_block_4,after,RAW,FileTabCharacter,warning,15,1,Line contains a tab character.,com.puppycrawl.tools.checkstyle.checks.whitespace.FileTabCharacterCheck
so_59394165_block_2,after,RAW,FileTabCharacter,warning,2,5,Line contains a tab character.,com.puppycrawl.tools.checkstyle.checks.whitespace.FileTabCharacterCheck
so_59394165_block_2,after,RAW,FileTabCharacter,warning,3,5,Line contains a tab character.,com.puppycrawl.tools.checkstyle.checks.whitespace.FileTabCharacterCheck
so_59394165_block_2,after,RAW,VariableDeclarationUsageDistance,warning,3,9,"Distance between variable 'uid' declaration and its first usage is 4, but allowed 3.  Consider making that variable final if you still need to store its value in advance (before method calls that might have side effects on the original value).",com.puppycrawl.tools.checkstyle.checks.coding.VariableDeclarationUsageDistanceCheck
so_59394165_block_2,after,RAW,FileTabCharacter,warning,4,5,Line contains a tab character.,com.puppycrawl.tools.checkstyle.checks.whitespace.FileTabCharacterCheck
so_59394165_block_2,after,RAW,VariableDeclarationUsageDistance,warning,4,9,"Distance between variable 'db' declaration and its first usage is 4, but allowed 3.  Consider making that variable final if you still need to store its value in advance (before method calls that might have side effects on the original value).",com.puppycrawl.tools.checkstyle.checks.coding.VariableDeclarationUsageDistanceCheck
so_59394165_block_2,after,RAW,FileTabCharacter,warning,5,5,Line contains a tab character.,com.puppycrawl.tools.checkstyle.checks.whitespace.FileTabCharacterCheck
so_59394165_block_2,after,RAW,FileTabCharacter,warning,6,5,Line contains a tab character.,com.puppycrawl.tools.checkstyle.checks.whitespace.FileTabCharacterCheck
so_59394165_block_2,after,RAW,FileTabCharacter,warning,7,5,Line contains a tab character.,com.puppycrawl.tools.checkstyle.checks.whitespace.FileTabCharacterCheck
so_59394165_block_2,after,RAW,FileTabCharacter,warning,8,5,Line contains a tab character.,com.puppycrawl.tools.checkstyle.checks.whitespace.FileTabCharacterCheck
so_59394165_block_2,after,RAW,FileTabCharacter,warning,10,5,Line contains a tab character.,com.puppycrawl.tools.checkstyle.checks.whitespace.FileTabCharacterCheck
so_59394165_block_2,after,RAW,FileTabCharacter,warning,11,5,Line contains a tab character.,com.puppycrawl.tools.checkstyle.checks.whitespace.FileTabCharacterCheck
so_59394165_block_2,after,RAW,FileTabCharacter,warning,12,5,Line contains a tab character.,com.puppycrawl.tools.checkstyle.checks.whitespace.FileTabCharacterCheck
so_59394165_block_2,after,RAW,FileTabCharacter,warning,13,5,Line contains a tab character.,com.puppycrawl.tools.checkstyle.checks.whitespace.FileTabCharacterCheck
so_23916259_block_2,before,CLASS_MEMBER,MultipleVariableDeclarations,warning,1,5,Each variable declaration must be in its own statement.,com.puppycrawl.tools.checkstyle.checks.coding.MultipleVariableDeclarationsCheck
so_23916259_block_2,before,CLASS_MEMBER,NeedBraces,warning,11,9,'if' construct must use '{}'s.,com.puppycrawl.tools.checkstyle.checks.blocks.NeedBracesCheck
so_23916259_block_2,before,CLASS_MEMBER,NeedBraces,warning,13,14,'if' construct must use '{}'s.,com.puppycrawl.tools.checkstyle.checks.blocks.NeedBracesCheck
so_23916259_block_2,before,CLASS_MEMBER,FileTabCharacter,warning,14,9,Line contains a tab character.,com.puppycrawl.tools.checkstyle.checks.whitespace.FileTabCharacterCheck
so_23916259_block_2,before,CLASS_MEMBER,FileTabCharacter,warning,17,5,Line contains a tab character.,com.puppycrawl.tools.checkstyle.checks.whitespace.FileTabCharacterCheck
so_23916259_block_2,before,CLASS_MEMBER,FileTabCharacter,warning,18,5,Line contains a tab character.,com.puppycrawl.tools.checkstyle.checks.whitespace.FileTabCharacterCheck
so_23916259_block_2,before,CLASS_MEMBER,FileTabCharacter,warning,19,5,Line contains a tab character.,com.puppycrawl.tools.checkstyle.checks.whitespace.FileTabCharacterCheck
so_23916259_block_2,before,CLASS_MEMBER,FileTabCharacter,warning,20,5,Line contains a tab character.,com.puppycrawl.tools.checkstyle.checks.whitespace.FileTabCharacterCheck
so_23916259_block_2,before,CLASS_MEMBER,FileTabCharacter,warning,23,5,Line contains a tab character.,com.puppycrawl.tools.checkstyle.checks.whitespace.FileTabCharacterCheck
so_23916259_block_2,before,CLASS_MEMBER,FileTabCharacter,warning,24,5,Line contains a tab character.,com.puppycrawl.tools.checkstyle.checks.whitespace.FileTabCharacterCheck
so_23916259_block_2,before,CLASS_MEMBER,FileTabCharacter,warning,25,5,Line contains a tab character.,com.puppycrawl.tools.checkstyle.checks.whitespace.FileTabCharacterCheck
so_23916259_block_2,before,CLASS_MEMBER,FileTabCharacter,warning,26,5,Line contains a tab character.,com.puppycrawl.tools.checkstyle.checks.whitespace.FileTabCharacterCheck
so_7649183_block_2,before,CLASS_MEMBER,FileTabCharacter,warning,2,1,Line contains a tab character.,com.puppycrawl.tools.checkstyle.checks.whitespace.FileTabCharacterCheck
so_7649183_block_2,before,CLASS_MEMBER,FileTabCharacter,warning,3,1,Line contains a tab character.,com.puppycrawl.tools.checkstyle.checks.whitespace.FileTabCharacterCheck
so_7649183_block_2,before,CLASS_MEMBER,FileTabCharacter,warning,4,1,Line contains a tab character.,com.puppycrawl.tools.checkstyle.checks.whitespace.FileTabCharacterCheck
so_7649183_block_2,before,CLASS_MEMBER,FileTabCharacter,warning,5,1,Line contains a tab character.,com.puppycrawl.tools.checkstyle.checks.whitespace.FileTabCharacterCheck
so_7649183_block_2,before,CLASS_MEMBER,FileTabCharacter,warning,6,1,Line contains a tab character.,com.puppycrawl.tools.checkstyle.checks.whitespace.FileTabCharacterCheck
so_7649183_block_2,before,CLASS_MEMBER,FileTabCharacter,warning,7,1,Line contains a tab character.,com.puppycrawl.tools.checkstyle.checks.whitespace.FileTabCharacterCheck
so_7649183_block_2,before,CLASS_MEMBER,FileTabCharacter,warning,8,1,Line contains a tab character.,com.puppycrawl.tools.checkstyle.checks.whitespace.FileTabCharacterCheck
so_7649183_block_2,before,CLASS_MEMBER,FileTabCharacter,warning,9,1,Line contains a tab character.,com.puppycrawl.tools.checkstyle.checks.whitespace.FileTabCharacterCheck
so_7649183_block_2,before,CLASS_MEMBER,FileTabCharacter,warning,10,1,Line contains a tab character.,com.puppycrawl.tools.checkstyle.checks.whitespace.FileTabCharacterCheck
so_23916259_block_2,after,CLASS_MEMBER,MultipleVariableDeclarations,warning,1,5,Each variable declaration must be in its own statement.,com.puppycrawl.tools.checkstyle.checks.coding.MultipleVariableDeclarationsCheck
so_23916259_block_2,after,CLASS_MEMBER,NeedBraces,warning,11,9,'if' construct must use '{}'s.,com.puppycrawl.tools.checkstyle.checks.blocks.NeedBracesCheck
so_23916259_block_2,after,CLASS_MEMBER,NeedBraces,warning,13,14,'if' construct must use '{}'s.,com.puppycrawl.tools.checkstyle.checks.blocks.NeedBracesCheck
so_23916259_block_2,after,CLASS_MEMBER,FileTabCharacter,warning,14,9,Line contains a tab character.,com.puppycrawl.tools.checkstyle.checks.whitespace.FileTabCharacterCheck
so_23916259_block_2,after,CLASS_MEMBER,FileTabCharacter,warning,17,5,Line contains a tab character.,com.puppycrawl.tools.checkstyle.checks.whitespace.FileTabCharacterCheck
so_23916259_block_2,after,CLASS_MEMBER,FileTabCharacter,warning,18,5,Line contains a tab character.,com.puppycrawl.tools.checkstyle.checks.whitespace.FileTabCharacterCheck
so_23916259_block_2,after,CLASS_MEMBER,FileTabCharacter,warning,19,5,Line contains a tab character.,com.puppycrawl.tools.checkstyle.checks.whitespace.FileTabCharacterCheck
so_23916259_block_2,after,CLASS_MEMBER,FileTabCharacter,warning,20,5,Line contains a tab character.,com.puppycrawl.tools.checkstyle.checks.whitespace.FileTabCharacterCheck
so_23916259_block_2,after,CLASS_MEMBER,FileTabCharacter,warning,24,5,Line contains a tab character.,com.puppycrawl.tools.checkstyle.checks.whitespace.FileTabCharacterCheck
so_18454342_block_2,before,METHOD_BODY,FileTabCharacter,warning,1,1,Line contains a tab character.,com.puppycrawl.tools.checkstyle.checks.whitespace.FileTabCharacterCheck
so_18454342_block_2,before,METHOD_BODY,FileTabCharacter,warning,2,1,Line contains a tab character.,com.puppycrawl.tools.checkstyle.checks.whitespace.FileTabCharacterCheck
so_18454342_block_2,before,METHOD_BODY,FileTabCharacter,warning,3,1,Line contains a tab character.,com.puppycrawl.tools.checkstyle.checks.whitespace.FileTabCharacterCheck
so_18454342_block_2,before,METHOD_BODY,FileTabCharacter,warning,4,1,Line contains a tab character.,com.puppycrawl.tools.checkstyle.checks.whitespace.FileTabCharacterCheck
so_18454342_block_2,before,METHOD_BODY,FileTabCharacter,warning,5,1,Line contains a tab character.,com.puppycrawl.tools.checkstyle.checks.whitespace.FileTabCharacterCheck
so_18454342_block_2,before,METHOD_BODY,FileTabCharacter,warning,6,1,Line contains a tab character.,com.puppycrawl.tools.checkstyle.checks.whitespace.FileTabCharacterCheck
so_18454342_block_2,before,METHOD_BODY,FileTabCharacter,warning,7,1,Line contains a tab character.,com.puppycrawl.tools.checkstyle.checks.whitespace.FileTabCharacterCheck
so_18454342_block_2,before,METHOD_BODY,FileTabCharacter,warning,8,1,Line contains a tab character.,com.puppycrawl.tools.checkstyle.checks.whitespace.FileTabCharacterCheck
so_18454342_block_2,before,METHOD_BODY,FileTabCharacter,warning,9,1,Line contains a tab character.,com.puppycrawl.tools.checkstyle.checks.whitespace.FileTabCharacterCheck
so_18454342_block_2,before,METHOD_BODY,FileTabCharacter,warning,10,1,Line contains a tab character.,com.puppycrawl.tools.checkstyle.checks.whitespace.FileTabCharacterCheck
so_18454342_block_2,before,METHOD_BODY,FileTabCharacter,warning,11,1,Line contains a tab character.,com.puppycrawl.tools.checkstyle.checks.whitespace.FileTabCharacterCheck
so_18454342_block_2,before,METHOD_BODY,FileTabCharacter,warning,12,1,Line contains a tab character.,com.puppycrawl.tools.checkstyle.checks.whitespace.FileTabCharacterCheck
so_18454342_block_2,before,METHOD_BODY,FileTabCharacter,warning,13,1,Line contains a tab character.,com.puppycrawl.tools.checkstyle.checks.whitespace.FileTabCharacterCheck
so_18454342_block_2,before,METHOD_BODY,FileTabCharacter,warning,14,1,Line contains a tab character.,com.puppycrawl.tools.checkstyle.checks.whitespace.FileTabCharacterCheck
so_18454342_block_2,before,METHOD_BODY,FileTabCharacter,warning,15,1,Line contains a tab character.,com.puppycrawl.tools.checkstyle.checks.whitespace.FileTabCharacterCheck
so_18454342_block_2,before,METHOD_BODY,FileTabCharacter,warning,16,1,Line contains a tab character.,com.puppycrawl.tools.checkstyle.checks.whitespace.FileTabCharacterCheck
so_27469652_block_4,before,METHOD_BODY,FileTabCharacter,warning,1,1,Line contains a tab character.,com.puppycrawl.tools.checkstyle.checks.whitespace.FileTabCharacterCheck
so_27469652_block_4,before,METHOD_BODY,FileTabCharacter,warning,2,1,Line contains a tab character.,com.puppycrawl.tools.checkstyle.checks.whitespace.FileTabCharacterCheck
so_27469652_block_4,before,METHOD_BODY,FileTabCharacter,warning,3,1,Line contains a tab character.,com.puppycrawl.tools.checkstyle.checks.whitespace.FileTabCharacterCheck
so_27469652_block_4,before,METHOD_BODY,FileTabCharacter,warning,4,1,Line contains a tab character.,com.puppycrawl.tools.checkstyle.checks.whitespace.FileTabCharacterCheck
so_27469652_block_4,before,METHOD_BODY,FileTabCharacter,warning,5,1,Line contains a tab character.,com.puppycrawl.tools.checkstyle.checks.whitespace.FileTabCharacterCheck
so_27469652_block_4,before,METHOD_BODY,FileTabCharacter,warning,6,1,Line contains a tab character.,com.puppycrawl.tools.checkstyle.checks.whitespace.FileTabCharacterCheck
so_27469652_block_4,before,METHOD_BODY,FileTabCharacter,warning,7,1,Line contains a tab character.,com.puppycrawl.tools.checkstyle.checks.whitespace.FileTabCharacterCheck
so_27469652_block_4,before,METHOD_BODY,FileTabCharacter,warning,8,1,Line contains a tab character.,com.puppycrawl.tools.checkstyle.checks.whitespace.FileTabCharacterCheck
so_27469652_block_4,before,METHOD_BODY,FileTabCharacter,warning,9,1,Line contains a tab character.,com.puppycrawl.tools.checkstyle.checks.whitespace.FileTabCharacterCheck
so_27469652_block_4,before,METHOD_BODY,FileTabCharacter,warning,10,1,Line contains a tab character.,com.puppycrawl.tools.checkstyle.checks.whitespace.FileTabCharacterCheck
so_27469652_block_4,before,METHOD_BODY,FileTabCharacter,warning,11,1,Line contains a tab character.,com.puppycrawl.tools.checkstyle.checks.whitespace.FileTabCharacterCheck
so_27469652_block_4,before,METHOD_BODY,FileTabCharacter,warning,12,1,Line contains a tab character.,com.puppycrawl.tools.checkstyle.checks.whitespace.FileTabCharacterCheck
so_27469652_block_4,before,METHOD_BODY,FileTabCharacter,warning,13,1,Line contains a tab character.,com.puppycrawl.tools.checkstyle.checks.whitespace.FileTabCharacterCheck
so_27469652_block_4,before,METHOD_BODY,FileTabCharacter,warning,14,1,Line contains a tab character.,com.puppycrawl.tools.checkstyle.checks.whitespace.FileTabCharacterCheck
so_34717151_block_6,before,METHOD_BODY,NeedBraces,warning,30,11,'if' construct must use '{}'s.,com.puppycrawl.tools.checkstyle.checks.blocks.NeedBracesCheck
so_41225553_block_2,before,METHOD_BODY,FileTabCharacter,warning,2,1,Line contains a tab character.,com.puppycrawl.tools.checkstyle.checks.whitespace.FileTabCharacterCheck
so_41225553_block_2,before,METHOD_BODY,FileTabCharacter,warning,3,1,Line contains a tab character.,com.puppycrawl.tools.checkstyle.checks.whitespace.FileTabCharacterCheck
so_41225553_block_2,before,METHOD_BODY,LineLength,warning,4,0,Line is longer than 120 characters (found 180).,com.puppycrawl.tools.checkstyle.checks.sizes.LineLengthCheck
so_41225553_block_2,before,METHOD_BODY,FileTabCharacter,warning,4,1,Line contains a tab character.,com.puppycrawl.tools.checkstyle.checks.whitespace.FileTabCharacterCheck
so_41225553_block_2,before,METHOD_BODY,FileTabCharacter,warning,5,1,Line contains a tab character.,com.puppycrawl.tools.checkstyle.checks.whitespace.FileTabCharacterCheck
so_41225553_block_2,before,METHOD_BODY,FileTabCharacter,warning,6,1,Line contains a tab character.,com.puppycrawl.tools.checkstyle.checks.whitespace.FileTabCharacterCheck
so_41225553_block_2,before,METHOD_BODY,FileTabCharacter,warning,7,1,Line contains a tab character.,com.puppycrawl.tools.checkstyle.checks.whitespace.FileTabCharacterCheck
so_41225553_block_2,before,METHOD_BODY,FileTabCharacter,warning,8,1,Line contains a tab character.,com.puppycrawl.tools.checkstyle.checks.whitespace.FileTabCharacterCheck
so_41225553_block_2,before,METHOD_BODY,FileTabCharacter,warning,9,1,Line contains a tab character.,com.puppycrawl.tools.checkstyle.checks.whitespace.FileTabCharacterCheck
so_41225553_block_2,before,METHOD_BODY,FileTabCharacter,warning,10,1,Line contains a tab character.,com.puppycrawl.tools.checkstyle.checks.whitespace.FileTabCharacterCheck
so_41225553_block_2,before,METHOD_BODY,LineLength,warning,11,0,Line is longer than 120 characters (found 140).,com.puppycrawl.tools.checkstyle.checks.sizes.LineLengthCheck
so_41225553_block_2,before,METHOD_BODY,FileTabCharacter,warning,11,1,Line contains a tab character.,com.puppycrawl.tools.checkstyle.checks.whitespace.FileTabCharacterCheck
so_41225553_block_2,before,METHOD_BODY,FileTabCharacter,warning,12,1,Line contains a tab character.,com.puppycrawl.tools.checkstyle.checks.whitespace.FileTabCharacterCheck
so_41225553_block_2,before,METHOD_BODY,FileTabCharacter,warning,13,1,Line contains a tab character.,com.puppycrawl.tools.checkstyle.checks.whitespace.FileTabCharacterCheck
so_41225553_block_2,before,METHOD_BODY,FileTabCharacter,warning,14,1,Line contains a tab character.,com.puppycrawl.tools.checkstyle.checks.whitespace.FileTabCharacterCheck
so_41225553_block_2,before,METHOD_BODY,FileTabCharacter,warning,15,1,Line contains a tab character.,com.puppycrawl.tools.checkstyle.checks.whitespace.FileTabCharacterCheck
so_41225553_block_2,before,METHOD_BODY,FileTabCharacter,warning,16,1,Line contains a tab character.,com.puppycrawl.tools.checkstyle.checks.whitespace.FileTabCharacterCheck
so_41225553_block_2,before,METHOD_BODY,FileTabCharacter,warning,17,1,Line contains a tab character.,com.puppycrawl.tools.checkstyle.checks.whitespace.FileTabCharacterCheck
so_41225553_block_2,before,METHOD_BODY,FileTabCharacter,warning,18,1,Line contains a tab character.,com.puppycrawl.tools.checkstyle.checks.whitespace.FileTabCharacterCheck
so_41225553_block_2,before,METHOD_BODY,FileTabCharacter,warning,19,1,Line contains a tab character.,com.puppycrawl.tools.checkstyle.checks.whitespace.FileTabCharacterCheck
so_41225553_block_2,before,METHOD_BODY,FileTabCharacter,warning,20,1,Line contains a tab character.,com.puppycrawl.tools.checkstyle.checks.whitespace.FileTabCharacterCheck
so_41225553_block_2,before,METHOD_BODY,FileTabCharacter,warning,21,1,Line contains a tab character.,com.puppycrawl.tools.checkstyle.checks.whitespace.FileTabCharacterCheck
so_41225553_block_2,before,METHOD_BODY,FileTabCharacter,warning,22,1,Line contains a tab character.,com.puppycrawl.tools.checkstyle.checks.whitespace.FileTabCharacterCheck
so_41225553_block_2,before,METHOD_BODY,FileTabCharacter,warning,23,1,Line contains a tab character.,com.puppycrawl.tools.checkstyle.checks.whitespace.FileTabCharacterCheck
so_41225553_block_2,before,METHOD_BODY,FileTabCharacter,warning,24,1,Line contains a tab character.,com.puppycrawl.tools.checkstyle.checks.whitespace.FileTabCharacterCheck
so_41225553_block_2,before,METHOD_BODY,FileTabCharacter,warning,25,1,Line contains a tab character.,com.puppycrawl.tools.checkstyle.checks.whitespace.FileTabCharacterCheck
so_41225553_block_2,before,METHOD_BODY,FileTabCharacter,warning,26,1,Line contains a tab character.,com.puppycrawl.tools.checkstyle.checks.whitespace.FileTabCharacterCheck
so_41225553_block_2,before,METHOD_BODY,FileTabCharacter,warning,27,1,Line contains a tab character.,com.puppycrawl.tools.checkstyle.checks.whitespace.FileTabCharacterCheck
so_41225553_block_2,before,METHOD_BODY,LineLength,warning,28,0,Line is longer than 120 characters (found 132).,com.puppycrawl.tools.checkstyle.checks.sizes.LineLengthCheck
so_41225553_block_2,before,METHOD_BODY,FileTabCharacter,warning,28,1,Line contains a tab character.,com.puppycrawl.tools.checkstyle.checks.whitespace.FileTabCharacterCheck
so_41225553_block_2,before,METHOD_BODY,FileTabCharacter,warning,29,1,Line contains a tab character.,com.puppycrawl.tools.checkstyle.checks.whitespace.FileTabCharacterCheck
so_41225553_block_2,before,METHOD_BODY,FileTabCharacter,warning,30,1,Line contains a tab character.,com.puppycrawl.tools.checkstyle.checks.whitespace.FileTabCharacterCheck
so_41225553_block_2,before,METHOD_BODY,FileTabCharacter,warning,31,1,Line contains a tab character.,com.puppycrawl.tools.checkstyle.checks.whitespace.FileTabCharacterCheck
so_41225553_block_2,before,METHOD_BODY,FileTabCharacter,warning,32,1,Line contains a tab character.,com.puppycrawl.tools.checkstyle.checks.whitespace.FileTabCharacterCheck
so_45774144_block_4,before,METHOD_BODY,FileTabCharacter,warning,1,1,Line contains a tab character.,com.puppycrawl.tools.checkstyle.checks.whitespace.FileTabCharacterCheck
so_45774144_block_4,before,METHOD_BODY,FileTabCharacter,warning,2,1,Line contains a tab character.,com.puppycrawl.tools.checkstyle.checks.whitespace.FileTabCharacterCheck
so_45774144_block_4,before,METHOD_BODY,FileTabCharacter,warning,3,1,Line contains a tab character.,com.puppycrawl.tools.checkstyle.checks.whitespace.FileTabCharacterCheck
so_45774144_block_4,before,METHOD_BODY,FileTabCharacter,warning,4,1,Line contains a tab character.,com.puppycrawl.tools.checkstyle.checks.whitespace.FileTabCharacterCheck
so_45774144_block_4,before,METHOD_BODY,FileTabCharacter,warning,5,1,Line contains a tab character.,com.puppycrawl.tools.checkstyle.checks.whitespace.FileTabCharacterCheck
so_45774144_block_4,before,METHOD_BODY,FileTabCharacter,warning,6,1,Line contains a tab character.,com.puppycrawl.tools.checkstyle.checks.whitespace.FileTabCharacterCheck
so_45774144_block_4,before,METHOD_BODY,FileTabCharacter,warning,7,1,Line contains a tab character.,com.puppycrawl.tools.checkstyle.checks.whitespace.FileTabCharacterCheck
so_45774144_block_4,before,METHOD_BODY,FileTabCharacter,warning,8,1,Line contains a tab character.,com.puppycrawl.tools.checkstyle.checks.whitespace.FileTabCharacterCheck
so_45774144_block_4,before,METHOD_BODY,FileTabCharacter,warning,9,1,Line contains a tab character.,com.puppycrawl.tools.checkstyle.checks.whitespace.FileTabCharacterCheck
so_45774144_block_4,before,METHOD_BODY,FileTabCharacter,warning,10,1,Line contains a tab character.,com.puppycrawl.tools.checkstyle.checks.whitespace.FileTabCharacterCheck
so_18454342_block_2,after,METHOD_BODY,FileTabCharacter,warning,1,1,Line contains a tab character.,com.puppycrawl.tools.checkstyle.checks.whitespace.FileTabCharacterCheck
so_18454342_block_2,after,METHOD_BODY,FileTabCharacter,warning,2,1,Line contains a tab character.,com.puppycrawl.tools.checkstyle.checks.whitespace.FileTabCharacterCheck
so_18454342_block_2,after,METHOD_BODY,FileTabCharacter,warning,3,1,Line contains a tab character.,com.puppycrawl.tools.checkstyle.checks.whitespace.FileTabCharacterCheck
so_18454342_block_2,after,METHOD_BODY,FileTabCharacter,warning,4,1,Line contains a tab character.,com.puppycrawl.tools.checkstyle.checks.whitespace.FileTabCharacterCheck
so_18454342_block_2,after,METHOD_BODY,FileTabCharacter,warning,5,1,Line contains a tab character.,com.puppycrawl.tools.checkstyle.checks.whitespace.FileTabCharacterCheck
so_18454342_block_2,after,METHOD_BODY,FileTabCharacter,warning,6,1,Line contains a tab character.,com.puppycrawl.tools.checkstyle.checks.whitespace.FileTabCharacterCheck
so_18454342_block_2,after,METHOD_BODY,FileTabCharacter,warning,7,1,Line contains a tab character.,com.puppycrawl.tools.checkstyle.checks.whitespace.FileTabCharacterCheck
so_18454342_block_2,after,METHOD_BODY,FileTabCharacter,warning,8,1,Line contains a tab character.,com.puppycrawl.tools.checkstyle.checks.whitespace.FileTabCharacterCheck
so_18454342_block_2,after,METHOD_BODY,FileTabCharacter,warning,9,1,Line contains a tab character.,com.puppycrawl.tools.checkstyle.checks.whitespace.FileTabCharacterCheck
so_18454342_block_2,after,METHOD_BODY,FileTabCharacter,warning,10,1,Line contains a tab character.,com.puppycrawl.tools.checkstyle.checks.whitespace.FileTabCharacterCheck
so_18454342_block_2,after,METHOD_BODY,FileTabCharacter,warning,11,1,Line contains a tab character.,com.puppycrawl.tools.checkstyle.checks.whitespace.FileTabCharacterCheck
so_18454342_block_2,after,METHOD_BODY,FileTabCharacter,warning,12,1,Line contains a tab character.,com.puppycrawl.tools.checkstyle.checks.whitespace.FileTabCharacterCheck
so_18454342_block_2,after,METHOD_BODY,FileTabCharacter,warning,13,1,Line contains a tab character.,com.puppycrawl.tools.checkstyle.checks.whitespace.FileTabCharacterCheck
so_18454342_block_2,after,METHOD_BODY,FileTabCharacter,warning,14,1,Line contains a tab character.,com.puppycrawl.tools.checkstyle.checks.whitespace.FileTabCharacterCheck
so_18454342_block_2,after,METHOD_BODY,NeedBraces,warning,14,25,'if' construct must use '{}'s.,com.puppycrawl.tools.checkstyle.checks.blocks.NeedBracesCheck
so_18454342_block_2,after,METHOD_BODY,FileTabCharacter,warning,15,1,Line contains a tab character.,com.puppycrawl.tools.checkstyle.checks.whitespace.FileTabCharacterCheck
so_18454342_block_2,after,METHOD_BODY,FileTabCharacter,warning,16,1,Line contains a tab character.,com.puppycrawl.tools.checkstyle.checks.whitespace.FileTabCharacterCheck
so_18454342_block_2,after,METHOD_BODY,FileTabCharacter,warning,17,1,Line contains a tab character.,com.puppycrawl.tools.checkstyle.checks.whitespace.FileTabCharacterCheck
so_18454342_block_2,after,METHOD_BODY,FileTabCharacter,warning,18,1,Line contains a tab character.,com.puppycrawl.tools.checkstyle.checks.whitespace.FileTabCharacterCheck
so_18454342_block_2,after,METHOD_BODY,FileTabCharacter,warning,19,1,Line contains a tab character.,com.puppycrawl.tools.checkstyle.checks.whitespace.FileTabCharacterCheck
so_18454342_block_2,after,METHOD_BODY,FileTabCharacter,warning,20,1,Line contains a tab character.,com.puppycrawl.tools.checkstyle.checks.whitespace.FileTabCharacterCheck
so_18454342_block_2,after,METHOD_BODY,FileTabCharacter,warning,21,1,Line contains a tab character.,com.puppycrawl.tools.checkstyle.checks.whitespace.FileTabCharacterCheck
so_18454342_block_2,after,METHOD_BODY,FileTabCharacter,warning,22,1,Line contains a tab character.,com.puppycrawl.tools.checkstyle.checks.whitespace.FileTabCharacterCheck
so_18454342_block_2,after,METHOD_BODY,FileTabCharacter,warning,23,1,Line contains a tab character.,com.puppycrawl.tools.checkstyle.checks.whitespace.FileTabCharacterCheck
so_18454342_block_2,after,METHOD_BODY,FileTabCharacter,warning,24,1,Line contains a tab character.,com.puppycrawl.tools.checkstyle.checks.whitespace.FileTabCharacterCheck
so_18454342_block_2,after,METHOD_BODY,FileTabCharacter,warning,25,1,Line contains a tab character.,com.puppycrawl.tools.checkstyle.checks.whitespace.FileTabCharacterCheck
so_18454342_block_2,after,METHOD_BODY,FileTabCharacter,warning,26,1,Line contains a tab character.,com.puppycrawl.tools.checkstyle.checks.whitespace.FileTabCharacterCheck
so_18454342_block_2,after,METHOD_BODY,FileTabCharacter,warning,27,1,Line contains a tab character.,com.puppycrawl.tools.checkstyle.checks.whitespace.FileTabCharacterCheck
so_18454342_block_2,after,METHOD_BODY,FileTabCharacter,warning,28,1,Line contains a tab character.,com.puppycrawl.tools.checkstyle.checks.whitespace.FileTabCharacterCheck
so_18454342_block_2,after,METHOD_BODY,FileTabCharacter,warning,29,1,Line contains a tab character.,com.puppycrawl.tools.checkstyle.checks.whitespace.FileTabCharacterCheck
so_27469652_block_4,after,METHOD_BODY,FileTabCharacter,warning,1,1,Line contains a tab character.,com.puppycrawl.tools.checkstyle.checks.whitespace.FileTabCharacterCheck
so_27469652_block_4,after,METHOD_BODY,FileTabCharacter,warning,2,1,Line contains a tab character.,com.puppycrawl.tools.checkstyle.checks.whitespace.FileTabCharacterCheck
so_27469652_block_4,after,METHOD_BODY,FileTabCharacter,warning,3,1,Line contains a tab character.,com.puppycrawl.tools.checkstyle.checks.whitespace.FileTabCharacterCheck
so_27469652_block_4,after,METHOD_BODY,FileTabCharacter,warning,4,1,Line contains a tab character.,com.puppycrawl.tools.checkstyle.checks.whitespace.FileTabCharacterCheck
so_27469652_block_4,after,METHOD_BODY,FileTabCharacter,warning,5,1,Line contains a tab character.,com.puppycrawl.tools.checkstyle.checks.whitespace.FileTabCharacterCheck
so_27469652_block_4,after,METHOD_BODY,FileTabCharacter,warning,6,1,Line contains a tab character.,com.puppycrawl.tools.checkstyle.checks.whitespace.FileTabCharacterCheck
so_27469652_block_4,after,METHOD_BODY,FileTabCharacter,warning,7,1,Line contains a tab character.,com.puppycrawl.tools.checkstyle.checks.whitespace.FileTabCharacterCheck
so_27469652_block_4,after,METHOD_BODY,FileTabCharacter,warning,8,1,Line contains a tab character.,com.puppycrawl.tools.checkstyle.checks.whitespace.FileTabCharacterCheck
so_27469652_block_4,after,METHOD_BODY,FileTabCharacter,warning,9,1,Line contains a tab character.,com.puppycrawl.tools.checkstyle.checks.whitespace.FileTabCharacterCheck
so_27469652_block_4,after,METHOD_BODY,FileTabCharacter,warning,10,1,Line contains a tab character.,com.puppycrawl.tools.checkstyle.checks.whitespace.FileTabCharacterCheck
so_27469652_block_4,after,METHOD_BODY,FileTabCharacter,warning,11,1,Line contains a tab character.,com.puppycrawl.tools.checkstyle.checks.whitespace.FileTabCharacterCheck
so_27469652_block_4,after,METHOD_BODY,FileTabCharacter,warning,12,1,Line contains a tab character.,com.puppycrawl.tools.checkstyle.checks.whitespace.FileTabCharacterCheck
so_27469652_block_4,after,METHOD_BODY,FileTabCharacter,warning,13,1,Line contains a tab character.,com.puppycrawl.tools.checkstyle.checks.whitespace.FileTabCharacterCheck
so_27469652_block_4,after,METHOD_BODY,FileTabCharacter,warning,14,1,Line contains a tab character.,com.puppycrawl.tools.checkstyle.checks.whitespace.FileTabCharacterCheck
so_34717151_block_6,after,METHOD_BODY,NeedBraces,warning,30,11,'if' construct must use '{}'s.,com.puppycrawl.tools.checkstyle.checks.blocks.NeedBracesCheck
so_41225553_block_2,after,METHOD_BODY,FileTabCharacter,warning,2,1,Line contains a tab character.,com.puppycrawl.tools.checkstyle.checks.whitespace.FileTabCharacterCheck
so_41225553_block_2,after,METHOD_BODY,FileTabCharacter,warning,3,1,Line contains a tab character.,com.puppycrawl.tools.checkstyle.checks.whitespace.FileTabCharacterCheck
so_41225553_block_2,after,METHOD_BODY,LineLength,warning,4,0,Line is longer than 120 characters (found 180).,com.puppycrawl.tools.checkstyle.checks.sizes.LineLengthCheck
so_41225553_block_2,after,METHOD_BODY,FileTabCharacter,warning,4,1,Line contains a tab character.,com.puppycrawl.tools.checkstyle.checks.whitespace.FileTabCharacterCheck
so_41225553_block_2,after,METHOD_BODY,FileTabCharacter,warning,5,1,Line contains a tab character.,com.puppycrawl.tools.checkstyle.checks.whitespace.FileTabCharacterCheck
so_41225553_block_2,after,METHOD_BODY,FileTabCharacter,warning,6,1,Line contains a tab character.,com.puppycrawl.tools.checkstyle.checks.whitespace.FileTabCharacterCheck
so_41225553_block_2,after,METHOD_BODY,FileTabCharacter,warning,7,1,Line contains a tab character.,com.puppycrawl.tools.checkstyle.checks.whitespace.FileTabCharacterCheck
so_41225553_block_2,after,METHOD_BODY,FileTabCharacter,warning,8,1,Line contains a tab character.,com.puppycrawl.tools.checkstyle.checks.whitespace.FileTabCharacterCheck
so_41225553_block_2,after,METHOD_BODY,FileTabCharacter,warning,9,1,Line contains a tab character.,com.puppycrawl.tools.checkstyle.checks.whitespace.FileTabCharacterCheck
so_41225553_block_2,after,METHOD_BODY,FileTabCharacter,warning,10,1,Line contains a tab character.,com.puppycrawl.tools.checkstyle.checks.whitespace.FileTabCharacterCheck
so_41225553_block_2,after,METHOD_BODY,LineLength,warning,11,0,Line is longer than 120 characters (found 140).,com.puppycrawl.tools.checkstyle.checks.sizes.LineLengthCheck
so_41225553_block_2,after,METHOD_BODY,FileTabCharacter,warning,11,1,Line contains a tab character.,com.puppycrawl.tools.checkstyle.checks.whitespace.FileTabCharacterCheck
so_41225553_block_2,after,METHOD_BODY,FileTabCharacter,warning,12,1,Line contains a tab character.,com.puppycrawl.tools.checkstyle.checks.whitespace.FileTabCharacterCheck
so_41225553_block_2,after,METHOD_BODY,FileTabCharacter,warning,13,1,Line contains a tab character.,com.puppycrawl.tools.checkstyle.checks.whitespace.FileTabCharacterCheck
so_41225553_block_2,after,METHOD_BODY,FileTabCharacter,warning,14,1,Line contains a tab character.,com.puppycrawl.tools.checkstyle.checks.whitespace.FileTabCharacterCheck
so_41225553_block_2,after,METHOD_BODY,FileTabCharacter,warning,15,1,Line contains a tab character.,com.puppycrawl.tools.checkstyle.checks.whitespace.FileTabCharacterCheck
so_41225553_block_2,after,METHOD_BODY,FileTabCharacter,warning,16,1,Line contains a tab character.,com.puppycrawl.tools.checkstyle.checks.whitespace.FileTabCharacterCheck
so_41225553_block_2,after,METHOD_BODY,FileTabCharacter,warning,17,1,Line contains a tab character.,com.puppycrawl.tools.checkstyle.checks.whitespace.FileTabCharacterCheck
so_41225553_block_2,after,METHOD_BODY,FileTabCharacter,warning,18,1,Line contains a tab character.,com.puppycrawl.tools.checkstyle.checks.whitespace.FileTabCharacterCheck
so_41225553_block_2,after,METHOD_BODY,FileTabCharacter,warning,19,1,Line contains a tab character.,com.puppycrawl.tools.checkstyle.checks.whitespace.FileTabCharacterCheck
so_41225553_block_2,after,METHOD_BODY,FileTabCharacter,warning,20,1,Line contains a tab character.,com.puppycrawl.tools.checkstyle.checks.whitespace.FileTabCharacterCheck
so_41225553_block_2,after,METHOD_BODY,FileTabCharacter,warning,21,1,Line contains a tab character.,com.puppycrawl.tools.checkstyle.checks.whitespace.FileTabCharacterCheck
so_41225553_block_2,after,METHOD_BODY,FileTabCharacter,warning,22,1,Line contains a tab character.,com.puppycrawl.tools.checkstyle.checks.whitespace.FileTabCharacterCheck
so_41225553_block_2,after,METHOD_BODY,FileTabCharacter,warning,23,1,Line contains a tab character.,com.puppycrawl.tools.checkstyle.checks.whitespace.FileTabCharacterCheck
so_41225553_block_2,after,METHOD_BODY,FileTabCharacter,warning,24,1,Line contains a tab character.,com.puppycrawl.tools.checkstyle.checks.whitespace.FileTabCharacterCheck
so_41225553_block_2,after,METHOD_BODY,FileTabCharacter,warning,25,1,Line contains a tab character.,com.puppycrawl.tools.checkstyle.checks.whitespace.FileTabCharacterCheck
so_41225553_block_2,after,METHOD_BODY,FileTabCharacter,warning,26,1,Line contains a tab character.,com.puppycrawl.tools.checkstyle.checks.whitespace.FileTabCharacterCheck
so_41225553_block_2,after,METHOD_BODY,FileTabCharacter,warning,27,1,Line contains a tab character.,com.puppycrawl.tools.checkstyle.checks.whitespace.FileTabCharacterCheck
so_41225553_block_2,after,METHOD_BODY,LineLength,warning,28,0,Line is longer than 120 characters (found 132).,com.puppycrawl.tools.checkstyle.checks.sizes.LineLengthCheck
so_41225553_block_2,after,METHOD_BODY,FileTabCharacter,warning,28,1,Line contains a tab character.,com.puppycrawl.tools.checkstyle.checks.whitespace.FileTabCharacterCheck
so_41225553_block_2,after,METHOD_BODY,FileTabCharacter,warning,29,1,Line contains a tab character.,com.puppycrawl.tools.checkstyle.checks.whitespace.FileTabCharacterCheck
so_41225553_block_2,after,METHOD_BODY,FileTabCharacter,warning,31,1,Line contains a tab character.,com.puppycrawl.tools.checkstyle.checks.whitespace.FileTabCharacterCheck
so_41225553_block_2,after,METHOD_BODY,FileTabCharacter,warning,32,1,Line contains a tab character.,com.puppycrawl.tools.checkstyle.checks.whitespace.FileTabCharacterCheck
so_41225553_block_2,after,METHOD_BODY,FileTabCharacter,warning,33,1,Line contains a tab character.,com.puppycrawl.tools.checkstyle.checks.whitespace.FileTabCharacterCheck
so_41225553_block_2,after,METHOD_BODY,FileTabCharacter,warning,34,1,Line contains a tab character.,com.puppycrawl.tools.checkstyle.checks.whitespace.FileTabCharacterCheck
so_45774144_block_4,after,METHOD_BODY,FileTabCharacter,warning,1,1,Line contains a tab character.,com.puppycrawl.tools.checkstyle.checks.whitespace.FileTabCharacterCheck
so_45774144_block_4,after,METHOD_BODY,FileTabCharacter,warning,2,1,Line contains a tab character.,com.puppycrawl.tools.checkstyle.checks.whitespace.FileTabCharacterCheck
so_45774144_block_4,after,METHOD_BODY,FileTabCharacter,warning,3,1,Line contains a tab character.,com.puppycrawl.tools.checkstyle.checks.whitespace.FileTabCharacterCheck
so_45774144_block_4,after,METHOD_BODY,FileTabCharacter,warning,4,1,Line contains a tab character.,com.puppycrawl.tools.checkstyle.checks.whitespace.FileTabCharacterCheck
so_45774144_block_4,after,METHOD_BODY,FileTabCharacter,warning,5,1,Line contains a tab character.,com.puppycrawl.tools.checkstyle.checks.whitespace.FileTabCharacterCheck
so_45774144_block_4,after,METHOD_BODY,FileTabCharacter,warning,6,1,Line contains a tab character.,com.puppycrawl.tools.checkstyle.checks.whitespace.FileTabCharacterCheck
so_45774144_block_4,after,METHOD_BODY,FileTabCharacter,warning,7,1,Line contains a tab character.,com.puppycrawl.tools.checkstyle.checks.whitespace.FileTabCharacterCheck
so_45774144_block_4,after,METHOD_BODY,FileTabCharacter,warning,8,1,Line contains a tab character.,com.puppycrawl.tools.checkstyle.checks.whitespace.FileTabCharacterCheck
so_45774144_block_4,after,METHOD_BODY,FileTabCharacter,warning,9,1,Line contains a tab character.,com.puppycrawl.tools.checkstyle.checks.whitespace.FileTabCharacterCheck
so_45774144_block_4,after,METHOD_BODY,FileTabCharacter,warning,10,1,Line contains a tab character.,com.puppycrawl.tools.checkstyle.checks.whitespace.FileTabCharacterCheck
so_45774144_block_4,after,METHOD_BODY,FileTabCharacter,warning,11,1,Line contains a tab character.,com.puppycrawl.tools.checkstyle.checks.whitespace.FileTabCharacterCheck
so_45774144_block_4,after,METHOD_BODY,FileTabCharacter,warning,12,1,Line contains a tab character.,com.puppycrawl.tools.checkstyle.checks.whitespace.FileTabCharacterCheck
so_45774144_block_4,after,METHOD_BODY,FileTabCharacter,warning,13,1,Line contains a tab character.,com.puppycrawl.tools.checkstyle.checks.whitespace.FileTabCharacterCheck
so_45774144_block_4,after,METHOD_BODY,FileTabCharacter,warning,14,1,Line contains a tab character.,com.puppycrawl.tools.checkstyle.checks.whitespace.FileTabCharacterCheck
so_45774144_block_4,after,METHOD_BODY,FileTabCharacter,warning,15,1,Line contains a tab character.,com.puppycrawl.tools.checkstyle.checks.whitespace.FileTabCharacterCheck
so_45774144_block_4,after,METHOD_BODY,FileTabCharacter,warning,16,1,Line contains a tab character.,com.puppycrawl.tools.checkstyle.checks.whitespace.FileTabCharacterCheck
so_45774144_block_4,after,METHOD_BODY,FileTabCharacter,warning,17,1,Line contains a tab character.,com.puppycrawl.tools.checkstyle.checks.whitespace.FileTabCharacterCheck
so_45774144_block_4,after,METHOD_BODY,FileTabCharacter,warning,18,1,Line contains a tab character.,com.puppycrawl.tools.checkstyle.checks.whitespace.FileTabCharacterCheck
so_45774144_block_4,after,METHOD_BODY,FileTabCharacter,warning,19,1,Line contains a tab character.,com.puppycrawl.tools.checkstyle.checks.whitespace.FileTabCharacterCheck
so_45774144_block_4,after,METHOD_BODY,FileTabCharacter,warning,20,1,Line contains a tab character.,com.puppycrawl.tools.checkstyle.checks.whitespace.FileTabCharacterCheck
so_45774144_block_4,after,METHOD_BODY,FileTabCharacter,warning,21,1,Line contains a tab character.,com.puppycrawl.tools.checkstyle.checks.whitespace.FileTabCharacterCheck
so_64804977_block_4,after,METHOD_BODY,FileTabCharacter,warning,2,5,Line contains a tab character.,com.puppycrawl.tools.checkstyle.checks.whitespace.FileTabCharacterCheck
so_64804977_block_4,after,METHOD_BODY,FileTabCharacter,warning,3,5,Line contains a tab character.,com.puppycrawl.tools.checkstyle.checks.whitespace.FileTabCharacterCheck
so_64804977_block_4,after,METHOD_BODY,FileTabCharacter,warning,4,5,Line contains a tab character.,com.puppycrawl.tools.checkstyle.checks.whitespace.FileTabCharacterCheck
so_64804977_block_4,after,METHOD_BODY,FileTabCharacter,warning,5,5,Line contains a tab character.,com.puppycrawl.tools.checkstyle.checks.whitespace.FileTabCharacterCheck
so_64804977_block_4,after,METHOD_BODY,FileTabCharacter,warning,6,5,Line contains a tab character.,com.puppycrawl.tools.checkstyle.checks.whitespace.FileTabCharacterCheck
so_64804977_block_4,after,METHOD_BODY,FileTabCharacter,warning,7,5,Line contains a tab character.,com.puppycrawl.tools.checkstyle.checks.whitespace.FileTabCharacterCheck
so_64804977_block_4,after,METHOD_BODY,FileTabCharacter,warning,8,5,Line contains a tab character.,com.puppycrawl.tools.checkstyle.checks.whitespace.FileTabCharacterCheck
so_64804977_block_4,after,METHOD_BODY,FileTabCharacter,warning,9,5,Line contains a tab character.,com.puppycrawl.tools.checkstyle.checks.whitespace.FileTabCharacterCheck
so_64804977_block_4,after,METHOD_BODY,FileTabCharacter,warning,10,5,Line contains a tab character.,com.puppycrawl.tools.checkstyle.checks.whitespace.FileTabCharacterCheck
so_64804977_block_4,after,METHOD_BODY,FileTabCharacter,warning,11,5,Line contains a tab character.,com.puppycrawl.tools.checkstyle.checks.whitespace.FileTabCharacterCheck
so_64804977_block_4,after,METHOD_BODY,FileTabCharacter,warning,12,5,Line contains a tab character.,com.puppycrawl.tools.checkstyle.checks.whitespace.FileTabCharacterCheck
so_64804977_block_4,after,METHOD_BODY,FileTabCharacter,warning,13,5,Line contains a tab character.,com.puppycrawl.tools.checkstyle.checks.whitespace.FileTabCharacterCheck
so_64804977_block_4,after,METHOD_BODY,FileTabCharacter,warning,14,5,Line contains a tab character.,com.puppycrawl.tools.checkstyle.checks.whitespace.FileTabCharacterCheck
so_64804977_block_4,after,METHOD_BODY,FileTabCharacter,warning,15,5,Line contains a tab character.,com.puppycrawl.tools.checkstyle.checks.whitespace.FileTabCharacterCheck
so_64804977_block_4,after,METHOD_BODY,FileTabCharacter,warning,17,5,Line contains a tab character.,com.puppycrawl.tools.checkstyle.checks.whitespace.FileTabCharacterCheck
so_64804977_block_4,after,METHOD_BODY,FileTabCharacter,warning,19,5,Line contains a tab character.,com.puppycrawl.tools.checkstyle.checks.whitespace.FileTabCharacterCheck
so_64804977_block_4,after,METHOD_BODY,FileTabCharacter,warning,20,5,Line contains a tab character.,com.puppycrawl.tools.checkstyle.checks.whitespace.FileTabCharacterCheck
