No,GH Project,Link SO,GitHub Java File Path,GitHub Method Name,GitHub Start Line,GitHub End Line,Stack Overflow Java File Path,Stack Overflow Method Name,Stack Overflow Start Line,Stack Overflow End Line,Clone Decision,Clone Type,GH Matched Start Line,GH Matched End Line,SO Matched Start Line,SO Matched End Line,Coverage GH,Coverage SO,Text Similarity,Parameterized Similarity,Structural Similarity,Semantic Evidence,Confidence,Reason,Review Required,Parse Mode GH,Parse Mode SO,GitHub Snippet SHA256,Stack Overflow Snippet SHA256,Manual Decision,Manual Clone Type,Manual Notes,Manual Reviewed At
787,1024-lab,https://stackoverflow.com/questions/58370217,1024-lab/smart-admin/smart-admin-api/sa-common/src/main/java/net/lab1024/sa/common/config/CorsFilterConfig.java,corsFilter,30,44,58370217/58370217_2_recent.java,method,1,45,NOT_CLONE,,,,,,0.9000,0.2500,0.2393,0.2482,0.9000,,MEDIUM,No Type I/II containment or substantial ordered statement core was found.,NO,BALANCED_TOKEN_SEQUENCE,BALANCED_TOKEN_SEQUENCE,c63f34761279235d3e057c3a6e166d7e0f280f7731bd0d9694f561a052ca162f,e5d1a9afc2e2c93478994f4bf08bfa6d0f75d4850cc19d2718ea81477a23b239,CLONE,TYPE_3,"Yes, the corsFilter method.",2026-07-30T23:31:02.579Z
497,abfab3d,https://stackoverflow.com/questions/21178275,abfab3d/abfab3d/src/java/abfab3d/shapejs/Project.java,extractZip,872,923,21178275/21178275_2_recent.java,method,1,55,CLONE,TYPE_3,873,923,3,55,0.9394,0.8611,0.8459,0.8864,0.9394,,MEDIUM,"A substantial ordered core of normalized statements was found with additions, deletions, or changes.",YES,BALANCED_TOKEN_SEQUENCE,BALANCED_TOKEN_SEQUENCE,b47050a1427865203b2d868c285e170c191e11f2066bb13373686be61b4cb182,63a824538e0afb79765ed5571f66811ce5368753593b967b6d1bf8fc7bcd6a02,CLONE,TYPE_3,,2026-07-30T23:31:41.013Z
349,actframework,https://stackoverflow.com/questions/4429257,actframework/actframework/src/main/java/act/conf/AppConfig.java,newBundle,3878,3910,4429257/4429257_2_9347476.java,newBundle,2,32,CLONE,TYPE_3,3885,3910,7,32,0.9286,0.9286,0.9758,0.9758,0.9286,,MEDIUM,"A substantial ordered core of normalized statements was found with additions, deletions, or changes.",YES,BALANCED_TOKEN_SEQUENCE,BALANCED_TOKEN_SEQUENCE,36d378f97e6898a1528f24e8358de7f8b2dc9d0d80831071e93612a154239161,c219b187dd01b975e3a79d596f983c3128f58ccf761e0fdc7fa4f3adb7546fa2,CLONE,TYPE_3,,2026-07-31T02:47:08.783Z
2,actiontech,https://stackoverflow.com/questions/60266789,actiontech/dble/src/main/java/com/actiontech/dble/util/HexFormatUtil.java,bytesToHexString,19,27,60266789/60266789_2_recent.java,method,1,13,CLONE,TYPE_3,19,27,2,13,1.0000,0.7333,0.7563,0.7863,1.0000,,MEDIUM,"A substantial ordered core of normalized statements was found with additions, deletions, or changes.",YES,BALANCED_TOKEN_SEQUENCE,BALANCED_TOKEN_SEQUENCE,2abb0093e657b6207b2c1aa425466805db97ed7a1a9ffbe472b95526c18567bc,f5d0f99e551986ab714a5c9071b6dfd07fd610c30bde3c0915af92838cb3e23c,,,,
614,addstarmc,https://stackoverflow.com/questions/4429257,addstarmc/minigames/Minigames/src/main/java/au/com/mineauz/minigames/managers/message/UTF8Control.java,newBundle,23,51,4429257/4429257_2_9347476.java,newBundle,2,32,CLONE,TYPE_3,26,51,7,32,0.9286,0.9286,0.9401,0.9636,0.9286,,MEDIUM,"A substantial ordered core of normalized statements was found with additions, deletions, or changes.",YES,BALANCED_TOKEN_SEQUENCE,BALANCED_TOKEN_SEQUENCE,5aef77ec8740dee60c985c75b3a556db6c3e21ad94874f9f2744dfcc051d4a19,c219b187dd01b975e3a79d596f983c3128f58ccf761e0fdc7fa4f3adb7546fa2,,,,
555,adoptopenjdk,https://stackoverflow.com/questions/54298032,adoptopenjdk/icedtea-web/core/src/main/java/net/sourceforge/jnlp/util/docprovider/TextsProvider.java,copy,515,527,54298032/54298032_2_recent.java,copy,58,72,CLONE,TYPE_3,516,527,60,72,0.9231,0.8571,0.7653,0.7835,0.9231,,MEDIUM,"A substantial ordered core of normalized statements was found with additions, deletions, or changes.",YES,BALANCED_TOKEN_SEQUENCE,BALANCED_TOKEN_SEQUENCE,8cb7076bf8967c348bf1d308b457f3512a8638e36a666e52a7639b603390881c,0a5f84bd99cab8242b347ba1ca13e07d1364ea59b57d81087bfaf519b17497f6,,,,
273,agreementmaker,https://stackoverflow.com/questions/6702420,agreementmaker/agreementmaker/projects/ui/src/main/java/am/ui/controlpanel/table/MatchersTablePanel.java,main,243,251,6702420/6702420_2_89518975.java,main,9,18,CLONE,TYPE_1,243,251,9,18,1.0000,1.0000,1.0000,1.0000,1.0000,,HIGH,A complete fragment occurs verbatim after removing comments and layout.,NO,BALANCED_TOKEN_SEQUENCE,BALANCED_TOKEN_SEQUENCE,1042d2f0b5553641bbe2b749fbf5a9ac0fc9bea0edb14b2c0b8c0629ed1f8399,535f77d75527dc027adbf7ce5ebf851d08b0142e31a7f0a8d072913c4b0260a6,CLONE,TYPE_1,,2026-07-31T02:47:15.633Z
195,aicis,https://stackoverflow.com/questions/3775893,aicis/fresco/suite/spdz/src/test/java/dk/alexandra/fresco/suite/spdz/storage/InitializeStorage.java,deleteFileOrFolder,49,79,3775893/3775893_6_recent.java,method,1,25,CLONE,TYPE_3,50,79,2,25,0.6957,0.7273,0.9262,0.9262,0.7273,,MEDIUM,"A substantial ordered core of normalized statements was found with additions, deletions, or changes.",YES,BALANCED_TOKEN_SEQUENCE,BALANCED_TOKEN_SEQUENCE,2ed2163bd98bc8ce36001ec6bcce8237a7b504704b5c25bf7101c637f73aa3a9,98611ee6c66c7cb6e1a14d5e1fc2d3e3cadbf689bbf7ea38106eea835c0c26fa,,,,
196,aicis,https://stackoverflow.com/questions/3775893,aicis/fresco/suite/tinytables/src/test/java/dk/alexandra/fresco/suite/tinytables/TestTinyTables.java,deleteFileOrFolder,110,139,3775893/3775893_6_recent.java,method,1,25,CLONE,TYPE_3,111,139,2,25,0.6957,0.7273,0.9262,0.9262,0.7273,,MEDIUM,"A substantial ordered core of normalized statements was found with additions, deletions, or changes.",YES,BALANCED_TOKEN_SEQUENCE,BALANCED_TOKEN_SEQUENCE,42e17781c229c6f70536e2f65e264bf245169e6d2e4accd62dc73ce5b7aa819a,98611ee6c66c7cb6e1a14d5e1fc2d3e3cadbf689bbf7ea38106eea835c0c26fa,,,,
12,aionnetwork,https://stackoverflow.com/questions/60266789,aionnetwork/aion/modPrecompiled/src/org/aion/precompiled/util/HexConvert.java,bytesToHexString,7,15,60266789/60266789_2_recent.java,method,1,13,CLONE,TYPE_3,7,15,2,13,1.0000,0.7333,0.7863,0.7863,1.0000,,MEDIUM,"A substantial ordered core of normalized statements was found with additions, deletions, or changes.",YES,BALANCED_TOKEN_SEQUENCE,BALANCED_TOKEN_SEQUENCE,140f606f257cf1534097de1013e4dce6d19d31788324f4202154a04b9ad2c895,f5d0f99e551986ab714a5c9071b6dfd07fd610c30bde3c0915af92838cb3e23c,,,,
13,aionnetwork,https://stackoverflow.com/questions/46830988,aionnetwork/aion/modUtil/src/main/java/org/aion/util/map/HashMap.java,putMapEntries,380,398,46830988/46830988_4_158689916.java,method,1,19,CLONE,TYPE_3,380,398,1,19,0.7000,0.8750,0.9760,0.9760,0.8750,,MEDIUM,"A substantial ordered core of normalized statements was found with additions, deletions, or changes.",YES,BALANCED_TOKEN_SEQUENCE,BALANCED_TOKEN_SEQUENCE,4f09a11fc33fde5833724a751649d60899e8f32bcff68032012239261421c416,73ad567e827a0c242a3d4dca670e673db9bfe0077c48eaf8d743be9a61a6bd3c,,,,
14,aionnetwork,https://stackoverflow.com/questions/60266789,aionnetwork/aion/modUtil/src/main/java/org/aion/util/types/HexConvert.java,bytesToHexString,7,15,60266789/60266789_2_recent.java,method,1,13,CLONE,TYPE_3,7,15,2,13,1.0000,0.7333,0.7863,0.7863,1.0000,,MEDIUM,"A substantial ordered core of normalized statements was found with additions, deletions, or changes.",YES,BALANCED_TOKEN_SEQUENCE,BALANCED_TOKEN_SEQUENCE,140f606f257cf1534097de1013e4dce6d19d31788324f4202154a04b9ad2c895,f5d0f99e551986ab714a5c9071b6dfd07fd610c30bde3c0915af92838cb3e23c,,,,
650,airlift,https://stackoverflow.com/questions/30316055,airlift/airlift/jaxrs/src/main/java/io/airlift/jaxrs/JsonMapper.java,HTMLCharacterEscapes,154,166,30316055/30316055_2_recent.java,method,1,42,NOT_CLONE,,,,,,0.8750,0.2593,0.3276,0.3276,0.8750,,MEDIUM,No Type I/II containment or substantial ordered statement core was found.,NO,BALANCED_TOKEN_SEQUENCE,BALANCED_TOKEN_SEQUENCE,5545b20e46bcadc47a0b462364081af1520917e7d5749117fedb19f5596c035f,8b5de6f0b81a8190513bc7f5bc5b12943bb3a3fddb3babe0c26c6cab34f4cde4,,,,
217,alchitry,https://stackoverflow.com/questions/745987,alchitry/alchitry-labs/src/com/alchitry/labs/parsers/BigFunctions.java,ln,232,259,745987/745987_2_recent.java,method,1,148,NOT_CLONE,,,,,,1.0000,0.1944,0.1581,0.1613,1.0000,,MEDIUM,No Type I/II containment or substantial ordered statement core was found.,NO,BALANCED_TOKEN_SEQUENCE,BALANCED_TOKEN_SEQUENCE,9d81ae223f4fa5c4b6c6af9168364ca75322437af09a0d79ff4384558fb3a84e,3823fcb945cc95da64ac3156d53ce0096923ff36395efd0333c32e0cecb9a7d4,,,,
429,algorithm004-01,https://stackoverflow.com/questions/62802127,algorithm004-01/algorithm004-01/Week 08/id_081/MaximalRectangle.java,largestRectangleArea,28,61,62802127/62802127_2_recent.java,method,1,39,CLONE,TYPE_3,32,61,6,30,0.9375,0.8108,0.8640,0.9351,0.9375,,MEDIUM,"A substantial ordered core of normalized statements was found with additions, deletions, or changes.",YES,BALANCED_TOKEN_SEQUENCE,BALANCED_TOKEN_SEQUENCE,c06e983b0b1d6285888b507a37c1ddb3be0c2594cfec1ecbe2b9efb7aecdf18e,2f45887e1c158f910d5dafb52b357cd420f8c5fba0eb8898cd959d8833e59331,,,,
434,alibaba,https://stackoverflow.com/questions/58370217,alibaba/spring-cloud-alibaba/spring-cloud-alibaba-examples/integrated-example/integrated-gateway/src/main/java/com/alibaba/cloud/integration/gateway/config/GatewayConfig.java,corsFilter,103,114,58370217/58370217_2_recent.java,method,1,45,CLONE,TYPE_2,103,114,3,13,1.0000,0.2482,0.2349,0.2482,1.0000,,HIGH,A complete fragment has identical normalized syntax with consistent identifier mapping.,NO,BALANCED_TOKEN_SEQUENCE,BALANCED_TOKEN_SEQUENCE,4eb289f67326bffeee3c6c0a6081497a74dd3379fc7a5df4a6cf795fbf9da01c,e5d1a9afc2e2c93478994f4bf08bfa6d0f75d4850cc19d2718ea81477a23b239,CLONE,TYPE_3,,2026-07-31T07:48:03.163Z
435,alibaba,https://stackoverflow.com/questions/35360983,alibaba/compileflow-idea-designer/src/main/java/com/alibaba/compileflow/idea/graph/nodeview/component/ActionPanel.java,main,405,412,35360983/35360983_2_recent.java,Example,18,45,NOT_CLONE,,,,,,0.6250,0.2000,0.2512,0.2933,0.6250,,MEDIUM,No Type I/II containment or substantial ordered statement core was found.,NO,BALANCED_TOKEN_SEQUENCE,BALANCED_TOKEN_SEQUENCE,ea352661434805180b0b3e960ec5f7a01cf63682812f3870220cec5f4749cfa3,5f9a2e716a9fc26d95489488da7a24885fbcb9cef08a697f897307bd25fa2c51,,,,
436,alibaba,https://stackoverflow.com/questions/35360983,alibaba/compileflow-idea-designer/src/main/java/com/alibaba/compileflow/idea/graph/nodeview/component/ScriptTaskParamsPanel.java,main,84,91,35360983/35360983_2_recent.java,Example,18,45,NOT_CLONE,,,,,,0.6250,0.2000,0.2512,0.2933,0.6250,,MEDIUM,No Type I/II containment or substantial ordered statement core was found.,NO,BALANCED_TOKEN_SEQUENCE,BALANCED_TOKEN_SEQUENCE,5117a677a47d5220f44a458f8b54d22c5bf83ee846a9f3d1b3bde473d856345b,5f9a2e716a9fc26d95489488da7a24885fbcb9cef08a697f897307bd25fa2c51,,,,
437,alibaba,https://stackoverflow.com/questions/35360983,alibaba/compileflow-idea-designer/src/main/java/com/alibaba/compileflow/idea/graph/nodeview/component/SubBpmCodeParamsPanel.java,main,105,113,35360983/35360983_2_recent.java,Example,18,45,NOT_CLONE,,,,,,0.6250,0.2000,0.2512,0.2933,0.6250,,MEDIUM,No Type I/II containment or substantial ordered statement core was found.,NO,BALANCED_TOKEN_SEQUENCE,BALANCED_TOKEN_SEQUENCE,5295102856848a7197d28151d31e01c72e144a08eac940be414c8617b5e61975,5f9a2e716a9fc26d95489488da7a24885fbcb9cef08a697f897307bd25fa2c51,,,,
438,alibaba,https://stackoverflow.com/questions/3870210,alibaba/mdrill/trunk/adhoc-solr/src/main/java/org/apache/solr/request/mdrill/QuickHashMap.java,HashIterator,666,673,3870210/3870210_4_recent.java,method,1,29,CLONE,TYPE_1,666,673,6,13,1.0000,0.2557,0.2557,0.2557,1.0000,,HIGH,A complete fragment occurs verbatim after removing comments and layout.,NO,BALANCED_TOKEN_SEQUENCE,BALANCED_TOKEN_SEQUENCE,df68c469d3ad91f8a50f9eed9dcbcba95bf2ed928c5a7c6f9b0df7f52f279ed0,a1a6f6663976660036d12becac1cd2540321d5047a4760d7f9d574cef36c7411,CLONE,TYPE_1,,2026-07-31T07:34:24.937Z
439,alibaba,https://stackoverflow.com/questions/10774468,alibaba/mdrill/trunk/adhoc-internal/src/main/java/weka/core/NormalizableDistance.java,distance,397,464,10774468/10774468_2_recent.java,method,1,95,CLONE,TYPE_1,397,464,28,95,1.0000,0.8338,0.8338,0.8338,1.0000,,HIGH,A complete fragment occurs verbatim after removing comments and layout.,NO,BALANCED_TOKEN_SEQUENCE,BALANCED_TOKEN_SEQUENCE,2cb96c2d0998fcbd598ec57ec51a69aa0232eab3a15ba5f0e75cf8a739bb901c,9e35989053f2b78c393b8d44a521b67ef3f11a117e544bcdd9ee1cca1d7b40cf,CLONE,TYPE_1,,2026-07-31T07:34:45.371Z
440,alibaba,https://stackoverflow.com/questions/13462440,alibaba/dragonwell8/jdk/src/share/demo/jfc/SwingApplet/SwingApplet.java,init,74,91,13462440/13462440_6_32050882.java,init,30,44,CLONE,TYPE_2,74,91,30,44,1.0000,1.0000,0.9412,1.0000,1.0000,,HIGH,A complete fragment has identical normalized syntax with consistent identifier mapping.,NO,BALANCED_TOKEN_SEQUENCE,BALANCED_TOKEN_SEQUENCE,c777906d434f24444e5766212e4e96ab2b273341cad2275dd730cfe8117ad252,c0530b14241a3352f9715d1dd541f7f840ec25e4ec0dedce9c153c5d24fa2345,CLONE,TYPE_2,,2026-07-31T07:49:04.401Z
441,alibaba,https://stackoverflow.com/questions/58993471,alibaba/dragonwell8/jdk/src/share/classes/sun/security/tools/keytool/Main.java,toHexString,3371,3381,58993471/58993471_2_recent.java,method,1,363,CLONE,TYPE_3,3372,3381,352,362,0.9231,0.0674,0.0414,0.0414,0.9231,,MEDIUM,"A substantial ordered core of normalized statements was found with additions, deletions, or changes.",YES,BALANCED_TOKEN_SEQUENCE,BALANCED_TOKEN_SEQUENCE,cecde6bdb6cbc93dd85dda21e09eaba63ca3d08ab077bf610227b267d7a54601,f776ff3e2c9a7566cb9e148cf653d56af10d4d37cb35490610182f5296c4e2f0,,,,
442,alibaba,https://stackoverflow.com/questions/29866762,alibaba/dragonwell8/jdk/src/share/classes/java/util/ComparableTimSort.java,sort,179,224,29866762/29866762_2_89013107.java,method,1,40,CLONE,TYPE_3,182,224,4,40,0.7500,0.7500,0.8510,0.8805,0.7500,,MEDIUM,"A substantial ordered core of normalized statements was found with additions, deletions, or changes.",YES,BALANCED_TOKEN_SEQUENCE,BALANCED_TOKEN_SEQUENCE,1c2e6b7fad207a73b341b48235581ded12015fae31385c8d66729b9574424255,f2d6cbd0090a5f2d602e8ecb6f9e7d1f017c9b1874ab1fd7662f6c775d2ff52c,,,,
443,alibaba,https://stackoverflow.com/questions/29866762,alibaba/dragonwell8/jdk/src/share/classes/java/util/TimSort.java,sort,210,256,29866762/29866762_2_89013107.java,method,1,40,CLONE,TYPE_1,210,256,1,40,1.0000,1.0000,1.0000,1.0000,1.0000,,HIGH,A complete fragment occurs verbatim after removing comments and layout.,NO,BALANCED_TOKEN_SEQUENCE,BALANCED_TOKEN_SEQUENCE,1bba7e024cd985253d3247dd4f5cdc15ac591c639876dac78382e99978767e4a,f2d6cbd0090a5f2d602e8ecb6f9e7d1f017c9b1874ab1fd7662f6c775d2ff52c,CLONE,TYPE_1,,2026-07-31T07:34:58.087Z
444,alibaba,https://stackoverflow.com/questions/46830988,alibaba/dragonwell8/jdk/src/share/classes/java/util/HashMap.java,putMapEntries,501,519,46830988/46830988_4_158689916.java,method,1,19,CLONE,TYPE_1,501,519,1,19,1.0000,1.0000,1.0000,1.0000,1.0000,,HIGH,A complete fragment occurs verbatim after removing comments and layout.,NO,BALANCED_TOKEN_SEQUENCE,BALANCED_TOKEN_SEQUENCE,b469a303e48b332826bea2ef3f41947dd12eb9c1b4ae1767beefa06774090899,73ad567e827a0c242a3d4dca670e673db9bfe0077c48eaf8d743be9a61a6bd3c,CLONE,TYPE_1,,2026-07-31T07:35:05.204Z
445,alibaba,https://stackoverflow.com/questions/16799135,alibaba/dragonwell8/jdk/src/share/classes/java/util/Timer.java,sched,386,412,16799135/16799135_10_41317480.java,method,1,23,CLONE,TYPE_1,386,412,1,23,1.0000,1.0000,1.0000,1.0000,1.0000,,HIGH,A complete fragment occurs verbatim after removing comments and layout.,NO,BALANCED_TOKEN_SEQUENCE,BALANCED_TOKEN_SEQUENCE,f36958fdd4a07ffb645cd9c60ff015ef4bfd01bfd537e5f1324c8a5fa1b490b8,b12229d17fef9aacb11c9f5c8ef437018af7c1106c85e26950e4e34a497e3664,CLONE,TYPE_1,,2026-07-31T07:35:12.620Z
446,alibaba,https://stackoverflow.com/questions/29330741,alibaba/dragonwell8/jdk/src/share/classes/java/math/BigDecimal.java,divide,5291,5303,29330741/29330741_6_86929181.java,method,1,13,CLONE,TYPE_3,5292,5303,2,13,0.8571,0.8571,0.9630,0.9630,0.8571,,MEDIUM,"A substantial ordered core of normalized statements was found with additions, deletions, or changes.",YES,BALANCED_TOKEN_SEQUENCE,BALANCED_TOKEN_SEQUENCE,36bb1e471b0767e848c2679d03fa87127f228da64e78d264ac92014c1a71a189,9307832391140acf4a96db84b514584bd55eca9e37b43841df3abf69ad712e43,,,,
447,alibaba,https://stackoverflow.com/questions/29330741,alibaba/dragonwell8/jdk/src/share/classes/java/math/BigDecimal.java,divide,5305,5317,29330741/29330741_6_86929181.java,method,1,13,CLONE,TYPE_1,5305,5317,1,13,1.0000,1.0000,1.0000,1.0000,1.0000,,HIGH,A complete fragment occurs verbatim after removing comments and layout.,NO,BALANCED_TOKEN_SEQUENCE,BALANCED_TOKEN_SEQUENCE,4d0557069d419a2f356c1e19658e7b2fa7e49d137f528e95ad6b23d93fec629c,9307832391140acf4a96db84b514584bd55eca9e37b43841df3abf69ad712e43,CLONE,TYPE_1,,2026-07-31T07:35:18.287Z
448,alibaba,https://stackoverflow.com/questions/45774144,alibaba/dragonwell8/jdk/src/share/classes/javax/swing/plaf/metal/MetalTabbedPaneUI.java,update,719,725,45774144/45774144_4_recent.java,method,1,21,NOT_CLONE,,,,,,0.7143,0.2632,0.3929,0.4130,0.7143,,MEDIUM,No Type I/II containment or substantial ordered statement core was found.,NO,BALANCED_TOKEN_SEQUENCE,BALANCED_TOKEN_SEQUENCE,fc0f73d5228a1cfebfd6fffbddf0f51fffd35969670208dd5aad517c583cf5fe,6f2d006bf421a42f38ba5c2aab1c42442d2dbf11d8d86b7321c81057421ee7a3,,,,
449,alibaba,https://stackoverflow.com/questions/54119640,alibaba/dragonwell8/jdk/src/share/classes/javax/swing/plaf/basic/BasicTableHeaderUI.java,mouseClicked,99,116,54119640/54119640_4_189259651.java,mouseClicked,10,26,CLONE,TYPE_3,99,116,10,26,0.7500,0.8571,0.8571,0.9180,0.8571,,MEDIUM,"A substantial ordered core of normalized statements was found with additions, deletions, or changes.",YES,BALANCED_TOKEN_SEQUENCE,BALANCED_TOKEN_SEQUENCE,2a6732afef0ba34061445adeaf545b78528d8ecc0eebb1f4448a9b1027c70d10,59e2ef0f2ed93467dda31ef051eea5447fd9fa51dda2896417f0139abdbef8fc,,,,
450,alibaba,https://stackoverflow.com/questions/58993471,alibaba/dragonwell8/jdk/test/sun/security/pkcs11/tls/TestLeadingZeroesP11.java,toHexString,124,136,58993471/58993471_2_recent.java,method,1,363,CLONE,TYPE_3,125,136,352,362,0.9231,0.0674,0.0414,0.0414,0.9231,,MEDIUM,"A substantial ordered core of normalized statements was found with additions, deletions, or changes.",YES,BALANCED_TOKEN_SEQUENCE,BALANCED_TOKEN_SEQUENCE,05618cf16b20c08ec4b17959723e4af297ec40e95fe940638731eed9f56e5331,f776ff3e2c9a7566cb9e148cf653d56af10d4d37cb35490610182f5296c4e2f0,,,,
451,alibaba,https://stackoverflow.com/questions/58993471,alibaba/dragonwell8/jdk/test/sun/security/x509/X500Name/DerValueConstructor.java,toHexString,119,131,58993471/58993471_2_recent.java,method,1,363,CLONE,TYPE_1,119,131,149,159,1.0000,0.0419,0.0419,0.0419,1.0000,,HIGH,A complete fragment occurs verbatim after removing comments and layout.,NO,BALANCED_TOKEN_SEQUENCE,BALANCED_TOKEN_SEQUENCE,f40de59c659528869f54023f4da2b3856233b9d398b391625c21e70cf44fc00a,f776ff3e2c9a7566cb9e148cf653d56af10d4d37cb35490610182f5296c4e2f0,CLONE,TYPE_1,,2026-07-31T07:35:31.004Z
452,alibaba,https://stackoverflow.com/questions/64938483,alibaba/dragonwell8/jdk/test/jdk/jfr/jcmd/TestJcmdStartWithSettings.java,run,167,176,64938483/64938483_2_recent.java,method,1,68,NOT_CLONE,,,,,,1.0000,0.1613,0.0914,0.0914,1.0000,,MEDIUM,No Type I/II containment or substantial ordered statement core was found.,NO,BALANCED_TOKEN_SEQUENCE,TOKEN_FALLBACK,c38839e2ee06e79efeeb9b59b8895a31aed7468eb7cc17ba9e1ada5c7ae563fc,7a7d226ceb229cb1a2032306bba7358de48086650875ea2c8bb7a0343506b220,,,,
453,alibaba,https://stackoverflow.com/questions/6702420,alibaba/dragonwell8/jdk/test/java/awt/im/6396526/IMLookAndFeel.java,main,68,76,6702420/6702420_2_89518975.java,main,9,18,CLONE,TYPE_1,68,76,9,18,1.0000,1.0000,1.0000,1.0000,1.0000,,HIGH,A complete fragment occurs verbatim after removing comments and layout.,NO,BALANCED_TOKEN_SEQUENCE,BALANCED_TOKEN_SEQUENCE,c8870b3d66c9973ca4d8d2d754ba04e31d31090cdc78935f5b32eeaefe7c494b,535f77d75527dc027adbf7ce5ebf851d08b0142e31a7f0a8d072913c4b0260a6,CLONE,TYPE_1,,2026-07-31T07:35:34.970Z
454,alibaba,https://stackoverflow.com/questions/58993471,alibaba/dragonwell8/jdk/test/com/sun/crypto/provider/KeyAgreement/DHKeyAgreement2.java,toHexString,271,283,58993471/58993471_2_recent.java,method,1,363,CLONE,TYPE_3,272,283,352,362,0.9231,0.0674,0.0414,0.0414,0.9231,,MEDIUM,"A substantial ordered core of normalized statements was found with additions, deletions, or changes.",YES,BALANCED_TOKEN_SEQUENCE,BALANCED_TOKEN_SEQUENCE,05618cf16b20c08ec4b17959723e4af297ec40e95fe940638731eed9f56e5331,f776ff3e2c9a7566cb9e148cf653d56af10d4d37cb35490610182f5296c4e2f0,,,,
455,alibaba,https://stackoverflow.com/questions/58993471,alibaba/dragonwell8/jdk/test/com/sun/crypto/provider/KeyAgreement/DHKeyAgreement3.java,toHexString,178,190,58993471/58993471_2_recent.java,method,1,363,CLONE,TYPE_3,179,190,352,362,0.9231,0.0674,0.0414,0.0414,0.9231,,MEDIUM,"A substantial ordered core of normalized statements was found with additions, deletions, or changes.",YES,BALANCED_TOKEN_SEQUENCE,BALANCED_TOKEN_SEQUENCE,05618cf16b20c08ec4b17959723e4af297ec40e95fe940638731eed9f56e5331,f776ff3e2c9a7566cb9e148cf653d56af10d4d37cb35490610182f5296c4e2f0,,,,
456,alibaba,https://stackoverflow.com/questions/58993471,alibaba/dragonwell8/jdk/test/com/sun/crypto/provider/Cipher/Blowfish/BlowfishTestVector.java,toHexString,133,145,58993471/58993471_2_recent.java,method,1,363,CLONE,TYPE_3,134,145,352,362,0.9231,0.0674,0.0419,0.0419,0.9231,,MEDIUM,"A substantial ordered core of normalized statements was found with additions, deletions, or changes.",YES,BALANCED_TOKEN_SEQUENCE,BALANCED_TOKEN_SEQUENCE,a6b4d4fc6cf0381ae6e3199750130ffa9ce08332c18d4029c91a280eedd7c67a,f776ff3e2c9a7566cb9e148cf653d56af10d4d37cb35490610182f5296c4e2f0,,,,
457,alibaba,https://stackoverflow.com/questions/58993471,alibaba/dragonwell8/jdk/test/com/sun/crypto/provider/TLS/TestLeadingZeroes.java,toHexString,130,142,58993471/58993471_2_recent.java,method,1,363,CLONE,TYPE_3,131,142,352,362,0.9231,0.0674,0.0414,0.0414,0.9231,,MEDIUM,"A substantial ordered core of normalized statements was found with additions, deletions, or changes.",YES,BALANCED_TOKEN_SEQUENCE,BALANCED_TOKEN_SEQUENCE,05618cf16b20c08ec4b17959723e4af297ec40e95fe940638731eed9f56e5331,f776ff3e2c9a7566cb9e148cf653d56af10d4d37cb35490610182f5296c4e2f0,,,,
458,alibaba,https://stackoverflow.com/questions/58617321,alibaba/dragonwell8/jdk/test/javax/imageio/plugins/bmp/BMPSubsamplingTest.java,create3ByteImage,329,342,58617321/58617321_2_recent.java,method,1,17,CLONE,TYPE_3,330,342,5,17,0.8333,0.4545,0.6418,0.6923,0.8333,,MEDIUM,"A substantial ordered core of normalized statements was found with additions, deletions, or changes.",YES,BALANCED_TOKEN_SEQUENCE,BALANCED_TOKEN_SEQUENCE,1983a231675b46b19c8c0086d87df575a70ed50b74dc28310ed30b23bfc953e4,cf14625a123db4bab2ab7da6d70ad666935f22e4b1b3ba9e7317da7303bc3bf6,,,,
459,alibaba,https://stackoverflow.com/questions/58370217,alibaba/nacos/console/src/main/java/com/alibaba/nacos/console/config/ConsoleConfig.java,corsFilter,60,71,58370217/58370217_2_recent.java,method,1,45,NOT_CLONE,,,,,,0.8182,0.2500,0.2553,0.2734,0.8182,,MEDIUM,No Type I/II containment or substantial ordered statement core was found.,NO,BALANCED_TOKEN_SEQUENCE,BALANCED_TOKEN_SEQUENCE,c9a0663e533285535b60a6c06d33c8b00dde52990cc6ddd0623936ee374a5989,e5d1a9afc2e2c93478994f4bf08bfa6d0f75d4850cc19d2718ea81477a23b239,,,,
460,alibaba,https://stackoverflow.com/questions/41842039,alibaba/atlas/atlas-gradle-plugin/dexpatch/src/main/java/com/taobao/android/tpatch/utils/PathUtils.java,decode,634,649,41842039/41842039_2_recent.java,method,1,43,CLONE,TYPE_2,634,649,26,43,1.0000,0.6522,0.6432,0.6522,1.0000,,HIGH,A complete fragment has identical normalized syntax with consistent identifier mapping.,NO,BALANCED_TOKEN_SEQUENCE,TOKEN_FALLBACK,cb4233d12749d2b7bdb511e17ba39a0c5c5e6d2a87155abf76ba5b993917838e,d008ef1b142176843b4727607f9a51f4bd45274bb5ec878769cec6021b095217,CLONE,TYPE_2,,2026-07-31T07:49:30.234Z
461,alibaba,https://stackoverflow.com/questions/19440217,alibaba/druid/core/src/test/java/com/alibaba/druid/test/util/OracleUtilsTest.java,invoke,32,39,19440217/19440217_2_recent.java,method,1,18,NOT_CLONE,,,,,,0.8333,0.2941,0.2662,0.2745,0.8333,,MEDIUM,No Type I/II containment or substantial ordered statement core was found.,NO,BALANCED_TOKEN_SEQUENCE,BALANCED_TOKEN_SEQUENCE,0c9bf5c97cc8107136c2a667f8371798289333153d0adaeb54cdf131fa4cdeab,946c8ed7a37dc6d0147ba162ed6f79ae67b57258cc6b87fe344a9bb0a06c15dd,,,,
462,alibaba,https://stackoverflow.com/questions/3870210,alibaba/fastjson/src/main/java/com/alibaba/fastjson/util/AntiCollisionHashMap.java,HashIterator,704,711,3870210/3870210_4_recent.java,method,1,29,CLONE,TYPE_1,704,711,6,13,1.0000,0.2557,0.2557,0.2557,1.0000,,HIGH,A complete fragment occurs verbatim after removing comments and layout.,NO,BALANCED_TOKEN_SEQUENCE,BALANCED_TOKEN_SEQUENCE,040f958e41ed23b705ff12eb5236eaf62376dbba9421e04ba6b2518003168632,a1a6f6663976660036d12becac1cd2540321d5047a4760d7f9d574cef36c7411,CLONE,TYPE_1,,2026-07-31T07:35:40.804Z
463,alibaba,https://stackoverflow.com/questions/4429257,alibaba/alink/core/src/main/java/com/alibaba/alink/common/annotation/UTF8Control.java,newBundle,21,50,4429257/4429257_2_9347476.java,newBundle,2,32,CLONE,TYPE_3,25,50,7,32,0.9286,0.9286,0.9401,0.9636,0.9286,,MEDIUM,"A substantial ordered core of normalized statements was found with additions, deletions, or changes.",YES,BALANCED_TOKEN_SEQUENCE,BALANCED_TOKEN_SEQUENCE,a66559404fc8f0d8c80bfa8f5b1b6b054db00c83354953fb0dcf841991199c06,c219b187dd01b975e3a79d596f983c3128f58ccf761e0fdc7fa4f3adb7546fa2,,,,
400,aliview,https://stackoverflow.com/questions/6702420,aliview/aliview/src/main/java/aliview/test/CreateColorChooserDialog.java,main,44,59,6702420/6702420_2_89518975.java,main,9,18,CLONE,TYPE_1,44,59,9,18,1.0000,1.0000,1.0000,1.0000,1.0000,,HIGH,A complete fragment occurs verbatim after removing comments and layout.,NO,BALANCED_TOKEN_SEQUENCE,BALANCED_TOKEN_SEQUENCE,b00b4084a68754f4be63aa06dc8707437ac3c09b8b0f2dcec7057587c63ace10,535f77d75527dc027adbf7ce5ebf851d08b0142e31a7f0a8d072913c4b0260a6,CLONE,TYPE_1,,2026-07-31T07:35:45.471Z
688,aliyun,https://stackoverflow.com/questions/801987,aliyun/aliyun-odps-java-sdk/odps-sdk/odps-sdk-commons/src/main/java/com/aliyun/odps/utils/StringUtils.java,humanReadableInt,111,128,801987/801987_2_recent.java,method,1,26,CLONE,TYPE_3,111,128,9,26,0.9524,0.9524,0.8582,0.9453,0.9524,,MEDIUM,"A substantial ordered core of normalized statements was found with additions, deletions, or changes.",YES,BALANCED_TOKEN_SEQUENCE,BALANCED_TOKEN_SEQUENCE,0643cc7d686ac565cd1605a647c2059d23bbb0efff54ba04d2f86ab9ce43bbed,3d93710f7e16f55fe040adaa3d436bf1ca1e9d216083b0f5a892ac46e6c3d7a1,,,,
103,allwefantasy,https://stackoverflow.com/questions/59664498,allwefantasy/serviceframework/serviceframework-web/src/main/java/net/csdn/modules/http/HttpServer.java,close,227,233,59664498/59664498_2_recent.java,method,1,68,CLONE,TYPE_3,228,233,59,67,0.8750,0.1321,0.0763,0.0763,0.8750,,MEDIUM,"A substantial ordered core of normalized statements was found with additions, deletions, or changes.",YES,BALANCED_TOKEN_SEQUENCE,BALANCED_TOKEN_SEQUENCE,aa754457619d7f7547f32674e963cfeb8b9950ff89a443cee36316a819c20050,d189ac23b570433f4a4be0e0e8d05bd0c002cd4470213fac1b803667eb5b5698,,,,
3,alphaautoleak,https://stackoverflow.com/questions/25985720,alphaautoleak/zelix-injection/src/main/java/zelix/otherhacks/net/wurstclient/forge/utils/MathUtils.java,isInteger,5,13,25985720/25985720_14_recent.java,method,1,21,CLONE,TYPE_3,6,13,15,21,0.8889,0.4211,0.2645,0.2750,0.8889,,MEDIUM,"A substantial ordered core of normalized statements was found with additions, deletions, or changes.",YES,BALANCED_TOKEN_SEQUENCE,BALANCED_TOKEN_SEQUENCE,b9e0af064a6d22362e922cf7d60dae2e0849412cb174c94bcf546b8acaccedfc,f9d527dce981b6e07b9c1a042661b0aad3a84b94651f494e0d71549617fbb07f,,,,
674,ambiverse-nlu,https://stackoverflow.com/questions/18454342,ambiverse-nlu/ambiverse-nlu/src/main/java/de/mpg/mpi_inf/ambiversenlu/nlu/ner/util/Util.java,postVisitDirectory,25,31,18454342/18454342_2_recent.java,method,1,29,CLONE,TYPE_3,25,31,21,29,0.8333,0.1923,0.1635,0.1691,0.8333,,MEDIUM,"A substantial ordered core of normalized statements was found with additions, deletions, or changes.",YES,BALANCED_TOKEN_SEQUENCE,BALANCED_TOKEN_SEQUENCE,a01a59f0b9a73cea066df26cb0251cccf9a796cb6039444450a5848ffcad90ab,1ca5d870aac777c6deff9544dd4f00c6711d9851ed9941b26b178510f91e1747,,,,
727,ant-media,https://stackoverflow.com/questions/7901334,ant-media/ant-media-server/src/main/java/org/red5/server/ClientList.java,remove,63,76,7901334/7901334_2_recent.java,method,1,124,NOT_CLONE,,,,,,0.9231,0.0916,0.0864,0.0864,0.9231,,MEDIUM,No Type I/II containment or substantial ordered statement core was found.,NO,BALANCED_TOKEN_SEQUENCE,BALANCED_TOKEN_SEQUENCE,954ef6c8a15434dc2a94439b008bec4460e62ce489b482e99fc3044cc9e2a5cd,a9aad277dc12990c1bb58181039e0f5eaeb76da1990e1f50c75561f975f98e12,,,,
728,ant-media,https://stackoverflow.com/questions/7901334,ant-media/ant-media-server/src/main/java/org/red5/server/ClientList.java,removeReleased,101,107,7901334/7901334_2_recent.java,method,1,124,NOT_CLONE,,,,,,0.8571,0.0458,0.0457,0.0457,0.8571,,MEDIUM,No Type I/II containment or substantial ordered statement core was found.,NO,BALANCED_TOKEN_SEQUENCE,BALANCED_TOKEN_SEQUENCE,e1548dcad2faf3068d248255345c45d833d0fb3f638f96f65a2fb1e9227d6cb2,a9aad277dc12990c1bb58181039e0f5eaeb76da1990e1f50c75561f975f98e12,,,,
24,antonkast,https://stackoverflow.com/questions/359634,antonkast/lightzone/lightcrafts/src/com/lightcrafts/image/metadata/values/DoubleMetaValue.java,isLegalValue,147,155,359634/359634_2_recent.java,method,1,46,NOT_CLONE,,,,,,1.0000,0.2308,0.1667,0.1730,1.0000,,MEDIUM,No Type I/II containment or substantial ordered statement core was found.,NO,BALANCED_TOKEN_SEQUENCE,BALANCED_TOKEN_SEQUENCE,26bb688def391395bd1289dbbf0dbeae9fa491d0b6099d7f836edd12a4f00c11,66e99e0d8b7540339ac9cb804e9ea99ad7ba28fa9bfd17bc8fa37c24f7662a9d,,,,
432,anuj-kumar-sharma,https://stackoverflow.com/questions/31386664,anuj-kumar-sharma/ds-algo/trees/Tree.java,inOrder,39,45,31386664/31386664_4_95005617.java,method,1,22,CLONE,TYPE_3,40,45,11,22,0.8333,0.3125,0.3279,0.3613,0.8333,,MEDIUM,"A substantial ordered core of normalized statements was found with additions, deletions, or changes.",YES,BALANCED_TOKEN_SEQUENCE,BALANCED_TOKEN_SEQUENCE,822d02e2c3799b37f8e0f7b790ceaee6c497e1a49e6694283b36e63a71a2f463,bf21e00f363807a913d5d6b8ddc039d29fa7caa2c9c9f7b0de90d4563232a96b,,,,
433,anuj-kumar-sharma,https://stackoverflow.com/questions/31386664,anuj-kumar-sharma/ds-algo/trees/Tree.java,postOrder,54,60,31386664/31386664_4_95005617.java,method,1,22,NOT_CLONE,,,,,,0.8333,0.3125,0.3279,0.3613,0.8333,,MEDIUM,No Type I/II containment or substantial ordered statement core was found.,NO,BALANCED_TOKEN_SEQUENCE,BALANCED_TOKEN_SEQUENCE,b82515634babbe391c715e8f98446c7591823cdb21e67f9990284e0da278ccc0,bf21e00f363807a913d5d6b8ddc039d29fa7caa2c9c9f7b0de90d4563232a96b,,,,
225,anuken,https://stackoverflow.com/questions/6711693,anuken/arc/arc-core/src/arc/util/Strings.java,formatMillis,606,619,6711693/6711693_2_recent.java,method,1,20,UNCERTAIN,,,,,,0.8333,0.3030,0.4682,0.4682,0.8333,,LOW,Similarity is suggestive but does not satisfy the conservative Type III rule.,YES,BALANCED_TOKEN_SEQUENCE,BALANCED_TOKEN_SEQUENCE,2509f12aa63f1f1768d38b8def1511ab2f04d8745e49143ee8cb0df4d7aed23e,5552d94448e8ad4cb5e324a7d6b983da5048eaee8d2485a5f589c1ee8af1ec46,,,,
226,anuken,https://stackoverflow.com/questions/29866762,anuken/arc/arc-core/src/arc/struct/TimSort.java,sort,134,179,29866762/29866762_2_89013107.java,method,1,40,CLONE,TYPE_3,141,179,4,40,0.7188,0.8214,0.8248,0.8587,0.8214,,MEDIUM,"A substantial ordered core of normalized statements was found with additions, deletions, or changes.",YES,BALANCED_TOKEN_SEQUENCE,BALANCED_TOKEN_SEQUENCE,6237b7c63fbe9aae29b95a6cfb3617fd7be64c37182ddf32a040c0fcea8ee842,f2d6cbd0090a5f2d602e8ecb6f9e7d1f017c9b1874ab1fd7662f6c775d2ff52c,,,,
514,apache,https://stackoverflow.com/questions/6702420,apache/netbeans/enterprise/j2ee.ddloaders/src/org/netbeans/modules/j2ee/ddloaders/web/multiview/PagesMultiViewElement.java,run,80,86,6702420/6702420_2_89518975.java,main,9,18,CLONE,TYPE_3,81,86,11,18,0.8750,0.8750,0.7805,0.8718,0.8750,,MEDIUM,"A substantial ordered core of normalized statements was found with additions, deletions, or changes.",YES,BALANCED_TOKEN_SEQUENCE,BALANCED_TOKEN_SEQUENCE,054a708f66334f14defc07b85a331b73f692062a542230a46a3776e10f52df36,535f77d75527dc027adbf7ce5ebf851d08b0142e31a7f0a8d072913c4b0260a6,,,,
515,apache,https://stackoverflow.com/questions/6702420,apache/netbeans/enterprise/j2ee.ddloaders/src/org/netbeans/modules/j2ee/ddloaders/web/multiview/ServletsMultiViewElement.java,run,84,90,6702420/6702420_2_89518975.java,main,9,18,CLONE,TYPE_3,85,90,11,18,0.8750,0.8750,0.7805,0.8718,0.8750,,MEDIUM,"A substantial ordered core of normalized statements was found with additions, deletions, or changes.",YES,BALANCED_TOKEN_SEQUENCE,BALANCED_TOKEN_SEQUENCE,054a708f66334f14defc07b85a331b73f692062a542230a46a3776e10f52df36,535f77d75527dc027adbf7ce5ebf851d08b0142e31a7f0a8d072913c4b0260a6,,,,
516,apache,https://stackoverflow.com/questions/6702420,apache/netbeans/enterprise/j2ee.ddloaders/src/org/netbeans/modules/j2ee/ddloaders/web/multiview/OverviewMultiViewElement.java,run,76,82,6702420/6702420_2_89518975.java,main,9,18,CLONE,TYPE_3,77,82,11,18,0.8750,0.8750,0.7805,0.8718,0.8750,,MEDIUM,"A substantial ordered core of normalized statements was found with additions, deletions, or changes.",YES,BALANCED_TOKEN_SEQUENCE,BALANCED_TOKEN_SEQUENCE,054a708f66334f14defc07b85a331b73f692062a542230a46a3776e10f52df36,535f77d75527dc027adbf7ce5ebf851d08b0142e31a7f0a8d072913c4b0260a6,,,,
517,apache,https://stackoverflow.com/questions/6702420,apache/netbeans/enterprise/j2ee.ddloaders/src/org/netbeans/modules/j2ee/ddloaders/web/multiview/ReferencesMultiViewElement.java,run,82,88,6702420/6702420_2_89518975.java,main,9,18,CLONE,TYPE_3,83,88,11,18,0.8750,0.8750,0.7805,0.8718,0.8750,,MEDIUM,"A substantial ordered core of normalized statements was found with additions, deletions, or changes.",YES,BALANCED_TOKEN_SEQUENCE,BALANCED_TOKEN_SEQUENCE,054a708f66334f14defc07b85a331b73f692062a542230a46a3776e10f52df36,535f77d75527dc027adbf7ce5ebf851d08b0142e31a7f0a8d072913c4b0260a6,,,,
518,apache,https://stackoverflow.com/questions/6702420,apache/netbeans/enterprise/j2ee.ddloaders/src/org/netbeans/modules/j2ee/ddloaders/web/multiview/SecurityMultiViewElement.java,run,107,113,6702420/6702420_2_89518975.java,main,9,18,CLONE,TYPE_3,108,113,11,18,0.8750,0.8750,0.7805,0.8718,0.8750,,MEDIUM,"A substantial ordered core of normalized statements was found with additions, deletions, or changes.",YES,BALANCED_TOKEN_SEQUENCE,BALANCED_TOKEN_SEQUENCE,054a708f66334f14defc07b85a331b73f692062a542230a46a3776e10f52df36,535f77d75527dc027adbf7ce5ebf851d08b0142e31a7f0a8d072913c4b0260a6,,,,
519,apache,https://stackoverflow.com/questions/6702420,apache/netbeans/enterprise/j2ee.ddloaders/src/org/netbeans/modules/j2ee/ddloaders/web/multiview/FiltersMultiViewElement.java,run,82,88,6702420/6702420_2_89518975.java,main,9,18,CLONE,TYPE_3,83,88,11,18,0.8750,0.8750,0.7805,0.8718,0.8750,,MEDIUM,"A substantial ordered core of normalized statements was found with additions, deletions, or changes.",YES,BALANCED_TOKEN_SEQUENCE,BALANCED_TOKEN_SEQUENCE,054a708f66334f14defc07b85a331b73f692062a542230a46a3776e10f52df36,535f77d75527dc027adbf7ce5ebf851d08b0142e31a7f0a8d072913c4b0260a6,,,,
520,apache,https://stackoverflow.com/questions/28901180,apache/netbeans/javafx/javafx2.samples/ChartAdvancedStockLine/src/chartadvancedstockline/ChartAdvancedStockLine.java,init,56,72,28901180/28901180_2_recent.java,AnimatedChart,13,37,CLONE,TYPE_3,58,72,16,37,0.8889,0.8889,0.8915,0.9520,0.8889,,MEDIUM,"A substantial ordered core of normalized statements was found with additions, deletions, or changes.",YES,BALANCED_TOKEN_SEQUENCE,BALANCED_TOKEN_SEQUENCE,fcfb63654ef6fbd8d987b49f1ef806247052f3a4909af92cf6f98059d78ae095,b36bf6c958451fe1c960804ae25fcc0f219c3224003bbf39116fbc6290266c86,,,,
521,apache,https://stackoverflow.com/questions/9293885,apache/netbeans/java/form/test/qa-functional/src/org/netbeans/qa/form/VisualDevelopmentUtil.java,copy,38,50,9293885/9293885_2_recent.java,method,1,18,CLONE,TYPE_3,38,50,1,18,1.0000,0.5789,0.8788,0.8788,1.0000,,MEDIUM,"A substantial ordered core of normalized statements was found with additions, deletions, or changes.",YES,BALANCED_TOKEN_SEQUENCE,BALANCED_TOKEN_SEQUENCE,4b4a69ee61d049d5d19df77e1a268daffa5a9e47d422bc3ab0f92610a1e36215,2a7bfcda094a8dd312bb8740fe545d7bdce7f2ed7470f4dafaef302a58f8d157,,,,
522,apache,https://stackoverflow.com/questions/58370217,apache/incubator-hugegraph-toolchain/hugegraph-hubble/hubble-be/src/main/java/org/apache/hugegraph/config/GlobalCorsConfig.java,corsFilter,30,44,58370217/58370217_2_recent.java,method,1,45,NOT_CLONE,,,,,,0.8182,0.2500,0.2598,0.2734,0.8182,,MEDIUM,No Type I/II containment or substantial ordered statement core was found.,NO,BALANCED_TOKEN_SEQUENCE,BALANCED_TOKEN_SEQUENCE,2e41c9d362060f34bec3fb07d594f9c902a85598e59fd2ce11ee0dc1b882d41b,e5d1a9afc2e2c93478994f4bf08bfa6d0f75d4850cc19d2718ea81477a23b239,,,,
523,apache,https://stackoverflow.com/questions/42681543,apache/rocketmq/proxy/src/main/java/org/apache/rocketmq/proxy/remoting/protocol/http2proxy/Http2ProxyBackendHandler.java,channelRead,43,55,42681543/42681543_4_recent.java,method,1,166,NOT_CLONE,,,,,,1.0000,0.1398,0.1152,0.1152,1.0000,,MEDIUM,No Type I/II containment or substantial ordered statement core was found.,NO,BALANCED_TOKEN_SEQUENCE,BALANCED_TOKEN_SEQUENCE,e832cbdcaf8549c2cf4ed8eed9f08ce6c5cba3049b487b8518a13b646dd0ae15,cea4e78cd66b0ececa31d3a51c7b9e75b79d79c5fc7d531eeacd69850e3ca56a,,,,
524,apache,https://stackoverflow.com/questions/42681543,apache/rocketmq/proxy/src/main/java/org/apache/rocketmq/proxy/remoting/protocol/http2proxy/Http2ProxyFrontendHandler.java,channelRead,40,55,42681543/42681543_4_recent.java,method,1,166,NOT_CLONE,,,,,,1.0000,0.1613,0.1269,0.1303,1.0000,,MEDIUM,No Type I/II containment or substantial ordered statement core was found.,NO,BALANCED_TOKEN_SEQUENCE,BALANCED_TOKEN_SEQUENCE,09e7fc5b562ecf3c461321ca62689f9df966ab5a9f94d5e4d5702982d0ed982b,cea4e78cd66b0ececa31d3a51c7b9e75b79d79c5fc7d531eeacd69850e3ca56a,,,,
525,apache,https://stackoverflow.com/questions/18454342,apache/iotdb/consensus/src/main/java/org/apache/iotdb/consensus/common/Utils.java,visitFile,50,57,18454342/18454342_2_recent.java,method,1,29,CLONE,TYPE_3,50,57,21,29,1.0000,0.2308,0.1731,0.1845,1.0000,,MEDIUM,"A substantial ordered core of normalized statements was found with additions, deletions, or changes.",YES,BALANCED_TOKEN_SEQUENCE,BALANCED_TOKEN_SEQUENCE,28a425939e9c1819621d94b4aca059a8a61f9e9c996f4d9d77d25d75318b6c25,1ca5d870aac777c6deff9544dd4f00c6711d9851ed9941b26b178510f91e1747,,,,
526,apache,https://stackoverflow.com/questions/42681543,apache/pulsar/pulsar-broker/src/test/java/org/apache/pulsar/broker/auth/PortForwarder.java,channelRead,129,144,42681543/42681543_4_recent.java,method,1,166,NOT_CLONE,,,,,,1.0000,0.1613,0.1269,0.1303,1.0000,,MEDIUM,No Type I/II containment or substantial ordered statement core was found.,NO,BALANCED_TOKEN_SEQUENCE,BALANCED_TOKEN_SEQUENCE,9a49506d449f37507c9c6ce3e3b039718e612a8aab8e1b38c68c8806a273684d,cea4e78cd66b0ececa31d3a51c7b9e75b79d79c5fc7d531eeacd69850e3ca56a,,,,
527,apache,https://stackoverflow.com/questions/42681543,apache/pulsar/pulsar-broker/src/test/java/org/apache/pulsar/broker/auth/PortForwarder.java,channelRead,173,185,42681543/42681543_4_recent.java,method,1,166,NOT_CLONE,,,,,,1.0000,0.1398,0.1152,0.1152,1.0000,,MEDIUM,No Type I/II containment or substantial ordered statement core was found.,NO,BALANCED_TOKEN_SEQUENCE,BALANCED_TOKEN_SEQUENCE,63d2b80ee20aa6d0c7fc46fe3ae0043da14c252fb81046335a2f94038afec3cd,cea4e78cd66b0ececa31d3a51c7b9e75b79d79c5fc7d531eeacd69850e3ca56a,,,,
546,apna-college,https://stackoverflow.com/questions/46193578,apna-college/alpha/10_Backtracking/Classroom.java,printSudoku,62,69,46193578/46193578_2_recent.java,method,1,62,NOT_CLONE,,,,,,0.9167,0.1507,0.1272,0.1272,0.9167,,MEDIUM,No Type I/II containment or substantial ordered statement core was found.,NO,BALANCED_TOKEN_SEQUENCE,BALANCED_TOKEN_SEQUENCE,a116de63659b61873da0c9e0d8ea8e8a612da2fb70cebb2d5dd2fd279a8fbe33,349fa3afd13d8abc646d4c730a8154d13a98bce8625468c0c931962e1a45a990,,,,
117,aragozin,https://stackoverflow.com/questions/61780137,aragozin/jvm-tools/bstub/src/test/java/org/gridkit/jvmtool/bstub/DummyWorker.java,run,5,13,61780137/61780137_2_recent.java,method,1,50,NOT_CLONE,,,,,,0.8000,0.2353,0.1194,0.1278,0.8000,,MEDIUM,No Type I/II containment or substantial ordered statement core was found.,NO,BALANCED_TOKEN_SEQUENCE,BALANCED_TOKEN_SEQUENCE,3cbf587ae0c6ffa65b9e232e192d75b16ef061bfebafc4afff85cb30e5999d91,93a33afa7f5cbb9472e9a0e964095a64cd45eadeb88cf15913b90567c79739c1,,,,
655,arduino,https://stackoverflow.com/questions/58346204,arduino/arduino/arduino-core/src/processing/app/legacy/PApplet.java,split,105,134,58346204/58346204_2_recent.java,method,1,103,NOT_CLONE,,,,,,0.9643,0.3857,0.3216,0.3216,0.9643,,MEDIUM,No Type I/II containment or substantial ordered statement core was found.,NO,BALANCED_TOKEN_SEQUENCE,TOKEN_FALLBACK,1578821ab013f31b02b5c949e1a82d04772729d023cbaa487021d43b9830b8ac,b2321bb0e5fd19e2d47cfe63f63d317a45888a0d2dbe392486763c34dfc3a94c,,,,
656,arduino,https://stackoverflow.com/questions/58346204,arduino/arduino/arduino-core/src/processing/app/legacy/PApplet.java,parseInt,183,193,58346204/58346204_2_recent.java,method,1,103,CLONE,TYPE_1,183,193,47,57,1.0000,0.1152,0.1152,0.1152,1.0000,,HIGH,A complete fragment occurs verbatim after removing comments and layout.,NO,BALANCED_TOKEN_SEQUENCE,TOKEN_FALLBACK,f6a57a36233d6b83b0253e0fd64ed2efa8d349e20ba20bf287d76212b5bce178,b2321bb0e5fd19e2d47cfe63f63d317a45888a0d2dbe392486763c34dfc3a94c,CLONE,TYPE_1,,2026-07-31T07:35:51.887Z
712,artisynth,https://stackoverflow.com/questions/6236324,artisynth/artisynth_core/src/artisynth/core/moviemaker/MakeMovieFromData.java,doIt,77,168,6236324/6236324_2_recent.java,method,1,521,NOT_CLONE,,,,,,0.7931,0.1484,0.1548,0.1613,0.7931,,MEDIUM,No Type I/II containment or substantial ordered statement core was found.,NO,BALANCED_TOKEN_SEQUENCE,TOKEN_FALLBACK,1b2f7bbb64ffea071ce96d763b2d8f0dbc89efbe8139ecddb0638678d9579809,8bd330a5c0fec90e76e15c2fbd6c6f1bff45921151b4a65ee07ffe3c8397d904,,,,
713,artisynth,https://stackoverflow.com/questions/6236324,artisynth/artisynth_core/src/artisynth/core/moviemaker/MakeMovieFromData.java,createDataSink,174,195,6236324/6236324_2_recent.java,method,1,521,NOT_CLONE,,,,,,0.8824,0.0484,0.0363,0.0372,0.8824,,MEDIUM,No Type I/II containment or substantial ordered statement core was found.,NO,BALANCED_TOKEN_SEQUENCE,TOKEN_FALLBACK,e5e869f8e4fdd17a7e8758116b20c4de1801d3c855ad8de35476d5f7e3235d59,8bd330a5c0fec90e76e15c2fbd6c6f1bff45921151b4a65ee07ffe3c8397d904,,,,
714,artisynth,https://stackoverflow.com/questions/6236324,artisynth/artisynth_core/src/artisynth/core/moviemaker/MakeMovieFromData.java,dataSinkUpdate,261,275,6236324/6236324_2_recent.java,method,1,521,CLONE,TYPE_1,261,275,221,235,1.0000,0.0271,0.0271,0.0271,1.0000,,HIGH,A complete fragment occurs verbatim after removing comments and layout.,NO,BALANCED_TOKEN_SEQUENCE,TOKEN_FALLBACK,f4d1b121b17bb87f64b7e6f82cb17dc821d2385c5dd841331fd10626c03e5acd,8bd330a5c0fec90e76e15c2fbd6c6f1bff45921151b4a65ee07ffe3c8397d904,CLONE,TYPE_1,,2026-07-31T07:36:02.354Z
715,artisynth,https://stackoverflow.com/questions/6236324,artisynth/artisynth_core/src/artisynth/core/moviemaker/MakeMovieFromData.java,createMediaLocator,282,301,6236324/6236324_2_recent.java,method,1,521,NOT_CLONE,,,,,,0.7500,0.0387,0.0503,0.0503,0.7500,,MEDIUM,No Type I/II containment or substantial ordered statement core was found.,NO,BALANCED_TOKEN_SEQUENCE,TOKEN_FALLBACK,8224f39f24fd50e46a1fd5860d0e3147b5120feb2e70d0333ceee185ae87b3d7,8bd330a5c0fec90e76e15c2fbd6c6f1bff45921151b4a65ee07ffe3c8397d904,,,,
716,artisynth,https://stackoverflow.com/questions/6236324,artisynth/artisynth_core/src/artisynth/core/moviemaker/MakeMovieFromData.java,read,412,459,6236324/6236324_2_recent.java,method,1,521,CLONE,TYPE_3,412,459,445,521,0.9600,0.0774,0.0935,0.0940,0.9600,,MEDIUM,"A substantial ordered core of normalized statements was found with additions, deletions, or changes.",YES,BALANCED_TOKEN_SEQUENCE,TOKEN_FALLBACK,2e8f19f223b0fc0b383509777bb6fd97e1ff8686ed1afd3581c4a877e4599a90,8bd330a5c0fec90e76e15c2fbd6c6f1bff45921151b4a65ee07ffe3c8397d904,,,,
717,artisynth,https://stackoverflow.com/questions/6236324,artisynth/artisynth_core/src/artisynth/core/moviemaker/MakeMovieFromData.java,ImageSourceStream,389,399,6236324/6236324_2_recent.java,method,1,521,NOT_CLONE,,,,,,0.8333,0.0161,0.0302,0.0302,0.8333,,MEDIUM,No Type I/II containment or substantial ordered statement core was found.,NO,BALANCED_TOKEN_SEQUENCE,TOKEN_FALLBACK,839a5e761042c4cf17824d76dcfd3fc7f61071a827fb6e2254ed8c634bc66d16,8bd330a5c0fec90e76e15c2fbd6c6f1bff45921151b4a65ee07ffe3c8397d904,,,,
355,asolarlez,https://stackoverflow.com/questions/1520212,asolarlez/sketch-frontend/src/main/java/sketch/compiler/solvers/parallel/WilcoxonStrategy.java,shuffleArray,55,64,1520212/1520212_2_recent.java,shuffleArray,19,31,CLONE,TYPE_3,55,64,19,31,0.9091,0.9091,0.8889,0.9615,0.9091,,MEDIUM,"A substantial ordered core of normalized statements was found with additions, deletions, or changes.",YES,BALANCED_TOKEN_SEQUENCE,BALANCED_TOKEN_SEQUENCE,f0491317abe3be10a7d3c1155a1038d969a2aeb1b3bb1c46275691c528ee7b7b,d3b8072193cac2766100ac50631f480ca70ed5058b863d247abb5ba2dba85714,,,,
408,asystat,https://stackoverflow.com/questions/6702420,asystat/final-android-resizer/src/FinalResizer.java,main,31,39,6702420/6702420_2_89518975.java,main,9,18,CLONE,TYPE_1,31,39,9,18,1.0000,1.0000,1.0000,1.0000,1.0000,,HIGH,A complete fragment occurs verbatim after removing comments and layout.,NO,BALANCED_TOKEN_SEQUENCE,BALANCED_TOKEN_SEQUENCE,c8870b3d66c9973ca4d8d2d754ba04e31d31090cdc78935f5b32eeaefe7c494b,535f77d75527dc027adbf7ce5ebf851d08b0142e31a7f0a8d072913c4b0260a6,CLONE,TYPE_1,,2026-07-31T07:36:05.387Z
793,atilika,https://stackoverflow.com/questions/35057638,atilika/kuromoji/kuromoji-benchmark/src/main/java/com/atilika/kuromoji/benchmark/UserDictionaryConverter.java,escape,77,83,35057638/35057638_2_109493925.java,method,1,16,NOT_CLONE,,,,,,0.8333,0.3333,0.2647,0.2900,0.8333,,MEDIUM,No Type I/II containment or substantial ordered statement core was found.,NO,BALANCED_TOKEN_SEQUENCE,BALANCED_TOKEN_SEQUENCE,26e5946dc49d01f0512a7e0b8f2ef61c1aed520bacea90c536f5cb93112834a7,35040e5fa251ceb48e626b9b2752ca651681131b356f1495778b9391679ecffa,,,,
118,atjiu,https://stackoverflow.com/questions/41471859,atjiu/pybbs/src/main/java/co/yiiu/pybbs/util/bcrypt/BCryptPasswordEncoder.java,encode,63,75,41471859/41471859_4_135239059.java,method,1,15,CLONE,TYPE_1,63,75,1,15,1.0000,1.0000,1.0000,1.0000,1.0000,,HIGH,A complete fragment occurs verbatim after removing comments and layout.,NO,BALANCED_TOKEN_SEQUENCE,BALANCED_TOKEN_SEQUENCE,e3db1e691aa93743c31c7657f8d224aef17e3ba210c4c691cd0f39c97c482cb8,a4646713e7ae23e9018b56247f604bbd97a0518229959de975f79e394edcd6b7,CLONE,TYPE_1,,2026-07-31T07:36:11.054Z
39,aws,https://stackoverflow.com/questions/32855556,aws/amazon-redshift-jdbc-driver/src/main/java/com/amazon/redshift/util/JdbcBlackHole.java,close,14,22,32855556/32855556_4_100737457.java,method,1,12,CLONE,TYPE_3,15,22,7,12,0.8889,0.5000,0.5161,0.5161,0.8889,,MEDIUM,"A substantial ordered core of normalized statements was found with additions, deletions, or changes.",YES,BALANCED_TOKEN_SEQUENCE,BALANCED_TOKEN_SEQUENCE,1a19c596a2ea3e29e3a26fe9aa51d7f53927ac303d2f97f630357b856295bee3,d38d855bb2dd2c500f587c08e1509c4aa6cb3dff0eea86430df2ac4a8e55fe17,,,,
552,azure,https://stackoverflow.com/questions/30942772,azure/azure-sdk-for-java/sdk/cosmos/azure-cosmos/src/main/java/com/azure/cosmos/implementation/guava25/base/Splitter.java,computeNext,533,597,30942772/30942772_4_recent.java,method,1,62,CLONE,TYPE_3,533,597,1,62,0.9778,0.9778,0.9917,0.9917,0.9778,,MEDIUM,"A substantial ordered core of normalized statements was found with additions, deletions, or changes.",YES,BALANCED_TOKEN_SEQUENCE,BALANCED_TOKEN_SEQUENCE,dd10208d4ab29e1a7c4ea778f0e8f6a4e5ddd52f1539814a1329e886cbe6918d,e612442fdb203dccd7fdfd534271f2c862e20b2c56e07780b2caba302484df95,,,,
553,azure,https://stackoverflow.com/questions/32365355,azure/azure-sdk-for-java/sdk/cosmos/azure-cosmos/src/test/java/com/azure/cosmos/implementation/directconnectivity/ConsistencyWriterTest.java,run,184,191,32365355/32365355_2_recent.java,main,8,71,NOT_CLONE,,,,,,1.0000,0.1067,0.0811,0.0840,1.0000,,MEDIUM,No Type I/II containment or substantial ordered statement core was found.,NO,BALANCED_TOKEN_SEQUENCE,BALANCED_TOKEN_SEQUENCE,2e35dbe491e1077df91388f8517187ea9841adb2862e4a77388ed0b9f015644d,2a23d3c44df93c9cc40345900f346379ec683ff5cab0afea0e6c759d0a3281b1,,,,
554,azure,https://stackoverflow.com/questions/32365355,azure/azure-sdk-for-java/sdk/cosmos/azure-cosmos/src/test/java/com/azure/cosmos/implementation/directconnectivity/StoreReaderTest.java,run,80,87,32365355/32365355_2_recent.java,main,8,71,NOT_CLONE,,,,,,1.0000,0.1067,0.0811,0.0840,1.0000,,MEDIUM,No Type I/II containment or substantial ordered statement core was found.,NO,BALANCED_TOKEN_SEQUENCE,BALANCED_TOKEN_SEQUENCE,1154ef4677eace55a8989e3fea6cb5092b4a65b5653281fb15e06ac2cd747152,2a23d3c44df93c9cc40345900f346379ec683ff5cab0afea0e6c759d0a3281b1,,,,
231,ballerina-platform,https://stackoverflow.com/questions/18454342,ballerina-platform/ballerina-lang/cli/ballerina-cli/src/main/java/io/ballerina/cli/launcher/util/BFileUtil.java,visitFile,94,100,18454342/18454342_2_recent.java,method,1,29,CLONE,TYPE_3,94,100,21,29,0.8333,0.1923,0.1836,0.1893,0.8333,,MEDIUM,"A substantial ordered core of normalized statements was found with additions, deletions, or changes.",YES,BALANCED_TOKEN_SEQUENCE,BALANCED_TOKEN_SEQUENCE,e303402fc880e2942b1868796cd6be9842fb57ef91a18f8e19ed312657c4cf81,1ca5d870aac777c6deff9544dd4f00c6711d9851ed9941b26b178510f91e1747,,,,
232,ballerina-platform,https://stackoverflow.com/questions/18454342,ballerina-platform/ballerina-lang/tests/ballerina-test-utils/src/main/java/org/ballerinalang/test/util/BFileUtil.java,visitFile,101,107,18454342/18454342_2_recent.java,method,1,29,CLONE,TYPE_3,101,107,21,29,0.8333,0.1923,0.1836,0.1893,0.8333,,MEDIUM,"A substantial ordered core of normalized statements was found with additions, deletions, or changes.",YES,BALANCED_TOKEN_SEQUENCE,BALANCED_TOKEN_SEQUENCE,e303402fc880e2942b1868796cd6be9842fb57ef91a18f8e19ed312657c4cf81,1ca5d870aac777c6deff9544dd4f00c6711d9851ed9941b26b178510f91e1747,,,,
536,barchart,https://stackoverflow.com/questions/58993471,barchart/barchart-udt/barchart-udt-reference-jdk6/src/main/java/sun/security/tools/KeyTool.java,toHexString,2383,2393,58993471/58993471_2_recent.java,method,1,363,CLONE,TYPE_3,2384,2393,352,362,0.9231,0.0674,0.0414,0.0414,0.9231,,MEDIUM,"A substantial ordered core of normalized statements was found with additions, deletions, or changes.",YES,BALANCED_TOKEN_SEQUENCE,BALANCED_TOKEN_SEQUENCE,cecde6bdb6cbc93dd85dda21e09eaba63ca3d08ab077bf610227b267d7a54601,f776ff3e2c9a7566cb9e148cf653d56af10d4d37cb35490610182f5296c4e2f0,,,,
569,bazelbuild,https://stackoverflow.com/questions/63342907,bazelbuild/bazel/src/tools/android/java/com/google/devtools/build/android/desugar/io/HeaderClassLoader.java,visit,94,104,63342907/63342907_2_recent.java,method,1,43,NOT_CLONE,,,,,,0.5000,0.0645,0.0546,0.0557,0.5000,,MEDIUM,No Type I/II containment or substantial ordered statement core was found.,NO,BALANCED_TOKEN_SEQUENCE,BALANCED_TOKEN_SEQUENCE,f1d489bc84ff6c46a47f545b60a3ed42d976d69e04da8712d444ada85c0c5c5b,3038d9ad25b989c11aa30f7d27ded3c707f1cb87325b4be78440321a8509564a,,,,
570,bazelbuild,https://stackoverflow.com/questions/54298032,bazelbuild/bazel/src/main/java/com/google/devtools/build/lib/vfs/FileSystemUtils.java,copyLargeBuffer,413,425,54298032/54298032_2_190009745.java,copy,52,65,CLONE,TYPE_3,413,425,52,65,0.9231,0.9231,0.9024,0.9259,0.9231,,MEDIUM,"A substantial ordered core of normalized statements was found with additions, deletions, or changes.",YES,BALANCED_TOKEN_SEQUENCE,BALANCED_TOKEN_SEQUENCE,9e2e834b61e886a3c28913e8df68c1af39a5efdf0c652cf319ab9c61ed87a022,08521e65a5ecc5c79e8dc6c719bce0b7bb1b7d79088b73dae9cc009eefa5decc,,,,
556,bcgit,https://stackoverflow.com/questions/40056844,bcgit/bc-java/core/src/test/java/org/bouncycastle/asn1/test/OCSPTest.java,isSameAs,75,93,40056844/40056844_2_recent.java,method,1,17,CLONE,TYPE_3,79,93,8,17,0.8462,0.5789,0.6337,0.6837,0.8462,,MEDIUM,"A substantial ordered core of normalized statements was found with additions, deletions, or changes.",YES,BALANCED_TOKEN_SEQUENCE,BALANCED_TOKEN_SEQUENCE,13f151a29363fae90f8414af1e3b1e88ab400f148a0b9a0f7f8f0749279076da,afe15d212a85e72f2d346781e044ab31cb89276f7483c6d494ca57ca860136bf,,,,
557,bcgit,https://stackoverflow.com/questions/40056844,bcgit/bc-java/core/src/test/java/org/bouncycastle/crypto/test/PKCS12Test.java,isEqual,25,43,40056844/40056844_2_recent.java,method,1,17,CLONE,TYPE_3,29,43,8,17,0.8462,0.5789,0.6337,0.6837,0.8462,,MEDIUM,"A substantial ordered core of normalized statements was found with additions, deletions, or changes.",YES,BALANCED_TOKEN_SEQUENCE,BALANCED_TOKEN_SEQUENCE,3b72f153bc5aacff180872ea5dcf0b3e849b6f86fcb20d7e80ecfdd35a40042b,afe15d212a85e72f2d346781e044ab31cb89276f7483c6d494ca57ca860136bf,,,,
558,bcgit,https://stackoverflow.com/questions/40056844,bcgit/bc-java/util/src/test/java/org/bouncycastle/asn1/smime/test/SMIMETest.java,isSameAs,25,43,40056844/40056844_2_recent.java,method,1,17,CLONE,TYPE_3,29,43,8,17,0.8462,0.5789,0.6337,0.6837,0.8462,,MEDIUM,"A substantial ordered core of normalized statements was found with additions, deletions, or changes.",YES,BALANCED_TOKEN_SEQUENCE,BALANCED_TOKEN_SEQUENCE,13f151a29363fae90f8414af1e3b1e88ab400f148a0b9a0f7f8f0749279076da,afe15d212a85e72f2d346781e044ab31cb89276f7483c6d494ca57ca860136bf,,,,
559,bcgit,https://stackoverflow.com/questions/40056844,bcgit/bc-java/util/src/test/java/org/bouncycastle/asn1/cms/test/CMSTest.java,isSameAs,125,143,40056844/40056844_2_recent.java,method,1,17,CLONE,TYPE_3,129,143,8,17,0.8462,0.5789,0.6337,0.6837,0.8462,,MEDIUM,"A substantial ordered core of normalized statements was found with additions, deletions, or changes.",YES,BALANCED_TOKEN_SEQUENCE,BALANCED_TOKEN_SEQUENCE,13f151a29363fae90f8414af1e3b1e88ab400f148a0b9a0f7f8f0749279076da,afe15d212a85e72f2d346781e044ab31cb89276f7483c6d494ca57ca860136bf,,,,
560,bcgit,https://stackoverflow.com/questions/40056844,bcgit/bc-java/prov/src/test/jdk1.3/org/bouncycastle/jce/provider/test/PSSTest.java,arrayEquals,41,59,40056844/40056844_2_recent.java,method,1,17,CLONE,TYPE_3,45,59,8,17,0.8462,0.5789,0.6337,0.6837,0.8462,,MEDIUM,"A substantial ordered core of normalized statements was found with additions, deletions, or changes.",YES,BALANCED_TOKEN_SEQUENCE,BALANCED_TOKEN_SEQUENCE,81e07a3d066490e9ba8a79436dc810a3b4ea80228d2e11df5ad0611fa7538b69,afe15d212a85e72f2d346781e044ab31cb89276f7483c6d494ca57ca860136bf,,,,
561,bcgit,https://stackoverflow.com/questions/40056844,bcgit/bc-java/prov/src/test/java/org/bouncycastle/jce/provider/test/PSSTest.java,arrayEquals,50,68,40056844/40056844_2_recent.java,method,1,17,CLONE,TYPE_3,54,68,8,17,0.8462,0.5789,0.6337,0.6837,0.8462,,MEDIUM,"A substantial ordered core of normalized statements was found with additions, deletions, or changes.",YES,BALANCED_TOKEN_SEQUENCE,BALANCED_TOKEN_SEQUENCE,81e07a3d066490e9ba8a79436dc810a3b4ea80228d2e11df5ad0611fa7538b69,afe15d212a85e72f2d346781e044ab31cb89276f7483c6d494ca57ca860136bf,,,,
562,bcgit,https://stackoverflow.com/questions/40056844,bcgit/bc-java/prov/src/test/java/org/bouncycastle/jce/provider/test/FIPSDESTest.java,equalArray,57,75,40056844/40056844_2_recent.java,method,1,17,CLONE,TYPE_3,61,75,8,17,0.8462,0.5789,0.6337,0.6837,0.8462,,MEDIUM,"A substantial ordered core of normalized statements was found with additions, deletions, or changes.",YES,BALANCED_TOKEN_SEQUENCE,BALANCED_TOKEN_SEQUENCE,8ef15c8b9b473dbf70374cebff0693a5cd0f280dd147b0cff261418125b65602,afe15d212a85e72f2d346781e044ab31cb89276f7483c6d494ca57ca860136bf,,,,
563,bcgit,https://stackoverflow.com/questions/40056844,bcgit/bc-java/prov/src/test/java/org/bouncycastle/jce/provider/test/DESedeTest.java,equalArray,82,100,40056844/40056844_2_recent.java,method,1,17,CLONE,TYPE_3,86,100,8,17,0.8462,0.5789,0.6337,0.6837,0.8462,,MEDIUM,"A substantial ordered core of normalized statements was found with additions, deletions, or changes.",YES,BALANCED_TOKEN_SEQUENCE,BALANCED_TOKEN_SEQUENCE,8ef15c8b9b473dbf70374cebff0693a5cd0f280dd147b0cff261418125b65602,afe15d212a85e72f2d346781e044ab31cb89276f7483c6d494ca57ca860136bf,,,,
564,bcgit,https://stackoverflow.com/questions/40056844,bcgit/bc-java/prov/src/test/jdk1.1/org/bouncycastle/jce/provider/test/RSATest.java,arrayEquals,53,71,40056844/40056844_2_recent.java,method,1,17,CLONE,TYPE_3,57,71,8,17,0.8462,0.5789,0.6337,0.6837,0.8462,,MEDIUM,"A substantial ordered core of normalized statements was found with additions, deletions, or changes.",YES,BALANCED_TOKEN_SEQUENCE,BALANCED_TOKEN_SEQUENCE,81e07a3d066490e9ba8a79436dc810a3b4ea80228d2e11df5ad0611fa7538b69,afe15d212a85e72f2d346781e044ab31cb89276f7483c6d494ca57ca860136bf,,,,
565,bcgit,https://stackoverflow.com/questions/40056844,bcgit/bc-java/prov/src/test/jdk1.4/org/bouncycastle/jce/provider/test/ECIESTest.java,sameAs,39,57,40056844/40056844_2_recent.java,method,1,17,CLONE,TYPE_3,43,57,8,17,0.8462,0.5789,0.6337,0.6837,0.8462,,MEDIUM,"A substantial ordered core of normalized statements was found with additions, deletions, or changes.",YES,BALANCED_TOKEN_SEQUENCE,BALANCED_TOKEN_SEQUENCE,05afe8dec9a32dcd09c9753f4ff3cb01409e3c00d6bec2bdf13e6ad81fc9e0b0,afe15d212a85e72f2d346781e044ab31cb89276f7483c6d494ca57ca860136bf,,,,
566,bcgit,https://stackoverflow.com/questions/40056844,bcgit/bc-java/prov/src/test/jdk1.4/org/bouncycastle/jce/provider/test/DHTest.java,arrayEquals,478,496,40056844/40056844_2_recent.java,method,1,17,CLONE,TYPE_3,482,496,8,17,0.8462,0.5789,0.6337,0.6837,0.8462,,MEDIUM,"A substantial ordered core of normalized statements was found with additions, deletions, or changes.",YES,BALANCED_TOKEN_SEQUENCE,BALANCED_TOKEN_SEQUENCE,81e07a3d066490e9ba8a79436dc810a3b4ea80228d2e11df5ad0611fa7538b69,afe15d212a85e72f2d346781e044ab31cb89276f7483c6d494ca57ca860136bf,,,,
567,bcgit,https://stackoverflow.com/questions/40056844,bcgit/bc-java/prov/src/test/jdk1.4/org/bouncycastle/jce/provider/test/PSSTest.java,arrayEquals,44,62,40056844/40056844_2_recent.java,method,1,17,CLONE,TYPE_3,48,62,8,17,0.8462,0.5789,0.6337,0.6837,0.8462,,MEDIUM,"A substantial ordered core of normalized statements was found with additions, deletions, or changes.",YES,BALANCED_TOKEN_SEQUENCE,BALANCED_TOKEN_SEQUENCE,81e07a3d066490e9ba8a79436dc810a3b4ea80228d2e11df5ad0611fa7538b69,afe15d212a85e72f2d346781e044ab31cb89276f7483c6d494ca57ca860136bf,,,,
531,bluesoft-rnd,https://stackoverflow.com/questions/138950,bluesoft-rnd/aperte-workflow-core/core/editor/src/main/java/org/aperteworkflow/editor/actioneditor/EncodingFilter.java,doFilter,23,40,138950/138950_6_recent.java,doFilter,15,28,CLONE,TYPE_3,23,40,15,28,0.8333,0.6250,0.9672,0.9672,0.8333,,MEDIUM,"A substantial ordered core of normalized statements was found with additions, deletions, or changes.",YES,BALANCED_TOKEN_SEQUENCE,BALANCED_TOKEN_SEQUENCE,eb9f5e6ae39e25a947039f3df98a18e0f8dcd2285eb2e0d856534b4ea56f6d38,d13c84a180982572d1066c2f29a6712b50c17cfe70cb9136c73249bb731e1960,,,,
484,boecker-lab,https://stackoverflow.com/questions/12981202,boecker-lab/sirius/sirius_cli/src/main/java/de/unijena/bioinf/ms/frontend/core/PasswordCrypter.java,encrypt,58,64,12981202/12981202_2_recent.java,method,1,186,NOT_CLONE,,,,,,0.5714,0.0336,0.0659,0.0705,0.5714,,MEDIUM,No Type I/II containment or substantial ordered statement core was found.,NO,BALANCED_TOKEN_SEQUENCE,BALANCED_TOKEN_SEQUENCE,1ff68539c4d94e50bf7d5f537a5fbf8a56cd6ebcbdd3f63d08358c26f5bf4038,7c13fc44d0e763b3631f77790b29494bbab810a205623065d6f1296f5ab9ae66,,,,
485,boecker-lab,https://stackoverflow.com/questions/12981202,boecker-lab/sirius/sirius_cli/src/main/java/de/unijena/bioinf/ms/frontend/core/PasswordCrypter.java,decrypt,70,76,12981202/12981202_2_recent.java,method,1,186,NOT_CLONE,,,,,,0.5714,0.0336,0.0677,0.0713,0.5714,,MEDIUM,No Type I/II containment or substantial ordered statement core was found.,NO,BALANCED_TOKEN_SEQUENCE,BALANCED_TOKEN_SEQUENCE,4f0892fd744e94256679b37a912df26223b19cff8bd696b19f9bd53f7e80a438,7c13fc44d0e763b3631f77790b29494bbab810a205623065d6f1296f5ab9ae66,,,,
430,bookdash,https://stackoverflow.com/questions/54298032,bookdash/bookdash-android-app/app/src/main/java/org/bookdash/android/data/utils/ZipManager.java,copy,80,93,54298032/54298032_2_recent.java,copy,58,72,CLONE,TYPE_3,82,93,60,72,0.9231,0.8571,0.7653,0.7835,0.9231,,MEDIUM,"A substantial ordered core of normalized statements was found with additions, deletions, or changes.",YES,BALANCED_TOKEN_SEQUENCE,BALANCED_TOKEN_SEQUENCE,01d0d256fbaccd24b642e444e7fc4d05fb1442d97f768c03ef4d991990c7d79c,0a5f84bd99cab8242b347ba1ca13e07d1364ea59b57d81087bfaf519b17497f6,,,,
156,bramp,https://stackoverflow.com/questions/31764338,bramp/ffmpeg-cli-wrapper/src/main/java/net/bramp/commons/lang3/math/gson/FractionAdapter.java,write,66,73,31764338/31764338_6_96458495.java,write,15,24,CLONE,TYPE_3,68,73,16,24,0.7143,0.5000,0.6290,0.7119,0.7143,,MEDIUM,"A substantial ordered core of normalized statements was found with additions, deletions, or changes.",YES,BALANCED_TOKEN_SEQUENCE,BALANCED_TOKEN_SEQUENCE,36cea99bbef89856d8352e19826b1d7740982e30ca1e9ce770f279f09659f821,cf70bb11fbbc1e62a1caa6c169460ff69eaf4f0f67a5247150c8b47d9af1fa99,,,,
508,breznak,https://stackoverflow.com/questions/16540679,breznak/opends-oss/src/eu/opends/settingsController/ConnectionHandler.java,loadXMLFromString,79,85,16540679/16540679_1_64924359.java,method,1,26,NOT_CLONE,,,,,,0.8333,0.2174,0.2326,0.2326,0.8333,,MEDIUM,No Type I/II containment or substantial ordered statement core was found.,NO,BALANCED_TOKEN_SEQUENCE,BALANCED_TOKEN_SEQUENCE,5a4c5b5acdbeca2dc5d7d1315777bccff3d7e15d43b8718bd4f40de85c7cf742,2b2597b0df3124f3cf381c12a47204d798fff2e082dedddd71f1d1f7f66b66f4,,,,
110,bumptech,https://stackoverflow.com/questions/33561612,bumptech/glide/instrumentation/src/androidTest/java/com/bumptech/glide/CachingTest.java,run,339,346,33561612/33561612_2_recent.java,method,1,33,NOT_CLONE,,,,,,0.8750,0.2500,0.1657,0.1788,0.8750,,MEDIUM,No Type I/II containment or substantial ordered statement core was found.,NO,BALANCED_TOKEN_SEQUENCE,TOKEN_FALLBACK,b821a781cff3a0291410818c964b7ef8262e7deec5c2316067f6cb8466f297c1,3f06c9271458533d7554ee99988b3cf1b1b5852312c3bb4835fda325781c9e12,,,,
591,bwssytems,https://stackoverflow.com/questions/12981202,bwssytems/ha-bridge/src/main/java/com/bwssystems/HABridge/BridgeSecurity.java,encrypt,404,410,12981202/12981202_2_recent.java,method,1,186,NOT_CLONE,,,,,,0.7143,0.0420,0.0660,0.0696,0.7143,,MEDIUM,No Type I/II containment or substantial ordered statement core was found.,NO,BALANCED_TOKEN_SEQUENCE,BALANCED_TOKEN_SEQUENCE,bd96a1dc4b7bce5c66125a68724ad1ee2b288729addbbb32ad7d79b1ec973c2f,7c13fc44d0e763b3631f77790b29494bbab810a205623065d6f1296f5ab9ae66,,,,
592,bwssytems,https://stackoverflow.com/questions/12981202,bwssytems/ha-bridge/src/main/java/com/bwssystems/HABridge/BridgeSecurity.java,decrypt,416,422,12981202/12981202_2_recent.java,method,1,186,NOT_CLONE,,,,,,0.7143,0.0420,0.0677,0.0705,0.7143,,MEDIUM,No Type I/II containment or substantial ordered statement core was found.,NO,BALANCED_TOKEN_SEQUENCE,BALANCED_TOKEN_SEQUENCE,1b287206425ab7f8a897958b7570ab4c41bbce5b6af56d5ab7ada60bcccd7aa7,7c13fc44d0e763b3631f77790b29494bbab810a205623065d6f1296f5ab9ae66,,,,
115,camunda-community-hub,https://stackoverflow.com/questions/59430454,camunda-community-hub/camunda-8-lowcode-ui-template/src/main/java/org/example/camunda/process/solution/ProcessApplication.java,swaggerOpenAPI,22,33,59430454/59430454_2_recent.java,method,1,72,NOT_CLONE,,,,,,0.6667,0.2857,0.2618,0.2751,0.6667,,MEDIUM,No Type I/II containment or substantial ordered statement core was found.,NO,BALANCED_TOKEN_SEQUENCE,TOKEN_FALLBACK,b3790de198554badb74b0944a14bdd0f6185cb8ab4c7bb509fed2c24011dc449,5bf05911f08eeedfa9841d8f696d35941494081748e1fe40755ab52c6945c0bf,,,,
285,camunda-consulting,https://stackoverflow.com/questions/15160629,camunda-consulting/camunda-7-code-examples/snippets/camunda-migration-examples/src/test/java/org/camunda/ProcessScenarioTest.java,testHappyPath,49,68,15160629/15160629_2_recent.java,method,1,25,NOT_CLONE,,,,,,0.5000,0.0556,0.0811,0.0811,0.5000,,MEDIUM,No Type I/II containment or substantial ordered statement core was found.,NO,BALANCED_TOKEN_SEQUENCE,BALANCED_TOKEN_SEQUENCE,9ea756aa073ca55e904f55356176eceea80e03bd7907d9cc9541ab8f82eb6c29,c979d4926de0d59d1ddaabd47a4e458dbc5fe833b0899625f1b007f1ac2d6531,,,,
286,camunda-consulting,https://stackoverflow.com/questions/15160629,camunda-consulting/camunda-7-code-examples/snippets/auto-tenant-generator/dynamo/src/test/java/com/camunda/poc/demo/ProcessUnitTest.java,testHappyPath,50,77,15160629/15160629_2_recent.java,method,1,25,NOT_CLONE,,,,,,0.5000,0.0556,0.0811,0.0811,0.5000,,MEDIUM,No Type I/II containment or substantial ordered statement core was found.,NO,BALANCED_TOKEN_SEQUENCE,BALANCED_TOKEN_SEQUENCE,a1d067b5b1fcc99040a7c64f9a3d15515636c24038c505d590063550235c85ad,c979d4926de0d59d1ddaabd47a4e458dbc5fe833b0899625f1b007f1ac2d6531,,,,
287,camunda-consulting,https://stackoverflow.com/questions/15160629,camunda-consulting/camunda-7-code-examples/snippets/auto-tenant-generator/dynamo/src/test/java/com/camunda/poc/demo/ProcessScenarioTest.java,testHappyPath,44,63,15160629/15160629_2_recent.java,method,1,25,NOT_CLONE,,,,,,0.5000,0.0556,0.0811,0.0811,0.5000,,MEDIUM,No Type I/II containment or substantial ordered statement core was found.,NO,BALANCED_TOKEN_SEQUENCE,BALANCED_TOKEN_SEQUENCE,9ea756aa073ca55e904f55356176eceea80e03bd7907d9cc9541ab8f82eb6c29,c979d4926de0d59d1ddaabd47a4e458dbc5fe833b0899625f1b007f1ac2d6531,,,,
288,camunda-consulting,https://stackoverflow.com/questions/15160629,camunda-consulting/camunda-7-code-examples/snippets/test-delegate-createinstances/src/test/java/org/camunda/bpm/ProcessScenarioTest.java,testHappyPath,49,68,15160629/15160629_2_recent.java,method,1,25,NOT_CLONE,,,,,,0.5000,0.0556,0.0811,0.0811,0.5000,,MEDIUM,No Type I/II containment or substantial ordered statement core was found.,NO,BALANCED_TOKEN_SEQUENCE,BALANCED_TOKEN_SEQUENCE,9ea756aa073ca55e904f55356176eceea80e03bd7907d9cc9541ab8f82eb6c29,c979d4926de0d59d1ddaabd47a4e458dbc5fe833b0899625f1b007f1ac2d6531,,,,
289,camunda-consulting,https://stackoverflow.com/questions/56259221,camunda-consulting/camunda-7-code-examples/one-time-examples/fitnesse-dmn/camunda-dmn-fitnesse-fixture/src/main/java/com/camunda/demo/dmntraining/taskrouting/fitnesse/SysoutClasspath.java,main,8,18,56259221/56259221_5_recent.java,method,1,13,CLONE,TYPE_3,10,18,5,13,0.8571,0.6667,0.7297,0.8028,0.8571,,MEDIUM,"A substantial ordered core of normalized statements was found with additions, deletions, or changes.",YES,BALANCED_TOKEN_SEQUENCE,BALANCED_TOKEN_SEQUENCE,9ba526eac5305776a0d59bf077e78495d47b2c4ed7b9ed31781848f9a25d8c8e,18838c8b27e6e856b034de364d789b7436b2c0f6a9d10cf6168812dff63d2811,,,,
290,camunda-consulting,https://stackoverflow.com/questions/15160629,camunda-consulting/code/snippets/camunda-migration-examples/src/test/java/org/camunda/ProcessScenarioTest.java,testHappyPath,49,68,15160629/15160629_2_recent.java,method,1,25,NOT_CLONE,,,,,,0.5000,0.0556,0.0811,0.0811,0.5000,,MEDIUM,No Type I/II containment or substantial ordered statement core was found.,NO,BALANCED_TOKEN_SEQUENCE,BALANCED_TOKEN_SEQUENCE,9ea756aa073ca55e904f55356176eceea80e03bd7907d9cc9541ab8f82eb6c29,c979d4926de0d59d1ddaabd47a4e458dbc5fe833b0899625f1b007f1ac2d6531,,,,
291,camunda-consulting,https://stackoverflow.com/questions/15160629,camunda-consulting/code/snippets/auto-tenant-generator/dynamo/src/test/java/com/camunda/poc/demo/ProcessUnitTest.java,testHappyPath,50,77,15160629/15160629_2_recent.java,method,1,25,NOT_CLONE,,,,,,0.5000,0.0556,0.0811,0.0811,0.5000,,MEDIUM,No Type I/II containment or substantial ordered statement core was found.,NO,BALANCED_TOKEN_SEQUENCE,BALANCED_TOKEN_SEQUENCE,a1d067b5b1fcc99040a7c64f9a3d15515636c24038c505d590063550235c85ad,c979d4926de0d59d1ddaabd47a4e458dbc5fe833b0899625f1b007f1ac2d6531,,,,
292,camunda-consulting,https://stackoverflow.com/questions/15160629,camunda-consulting/code/snippets/auto-tenant-generator/dynamo/src/test/java/com/camunda/poc/demo/ProcessScenarioTest.java,testHappyPath,44,63,15160629/15160629_2_recent.java,method,1,25,NOT_CLONE,,,,,,0.5000,0.0556,0.0811,0.0811,0.5000,,MEDIUM,No Type I/II containment or substantial ordered statement core was found.,NO,BALANCED_TOKEN_SEQUENCE,BALANCED_TOKEN_SEQUENCE,9ea756aa073ca55e904f55356176eceea80e03bd7907d9cc9541ab8f82eb6c29,c979d4926de0d59d1ddaabd47a4e458dbc5fe833b0899625f1b007f1ac2d6531,,,,
293,camunda-consulting,https://stackoverflow.com/questions/15160629,camunda-consulting/code/snippets/test-delegate-createinstances/src/test/java/org/camunda/bpm/ProcessScenarioTest.java,testHappyPath,49,68,15160629/15160629_2_recent.java,method,1,25,NOT_CLONE,,,,,,0.5000,0.0556,0.0811,0.0811,0.5000,,MEDIUM,No Type I/II containment or substantial ordered statement core was found.,NO,BALANCED_TOKEN_SEQUENCE,BALANCED_TOKEN_SEQUENCE,9ea756aa073ca55e904f55356176eceea80e03bd7907d9cc9541ab8f82eb6c29,c979d4926de0d59d1ddaabd47a4e458dbc5fe833b0899625f1b007f1ac2d6531,,,,
294,camunda-consulting,https://stackoverflow.com/questions/56259221,camunda-consulting/code/one-time-examples/fitnesse-dmn/camunda-dmn-fitnesse-fixture/src/main/java/com/camunda/demo/dmntraining/taskrouting/fitnesse/SysoutClasspath.java,main,8,18,56259221/56259221_5_recent.java,method,1,13,CLONE,TYPE_3,10,18,5,13,0.8571,0.6667,0.7297,0.8028,0.8571,,MEDIUM,"A substantial ordered core of normalized statements was found with additions, deletions, or changes.",YES,BALANCED_TOKEN_SEQUENCE,BALANCED_TOKEN_SEQUENCE,9ba526eac5305776a0d59bf077e78495d47b2c4ed7b9ed31781848f9a25d8c8e,18838c8b27e6e856b034de364d789b7436b2c0f6a9d10cf6168812dff63d2811,,,,
682,carlspring,https://stackoverflow.com/questions/18454342,carlspring/s3fs-nio/src/test/java/org/carlspring/cloud/storage/s3fs/util/S3ClientMock.java,postVisitDirectory,158,169,18454342/18454342_2_recent.java,method,1,29,CLONE,TYPE_3,158,169,21,29,0.8333,0.1923,0.1635,0.1691,0.8333,,MEDIUM,"A substantial ordered core of normalized statements was found with additions, deletions, or changes.",YES,BALANCED_TOKEN_SEQUENCE,BALANCED_TOKEN_SEQUENCE,b01f17486675db1f4eab3103297b1685182fe175134f1d6308f87b44fd1d4b05,1ca5d870aac777c6deff9544dd4f00c6711d9851ed9941b26b178510f91e1747,,,,
414,ccrama,https://stackoverflow.com/questions/27436796,ccrama/slide/app/src/main/java/me/ccrama/redditslide/util/DrawableUtil.java,drawCanvas,44,50,27436796/27436796_2_recent.java,method,1,69,NOT_CLONE,,,,,,0.8333,0.0943,0.1385,0.1414,0.8333,,MEDIUM,No Type I/II containment or substantial ordered statement core was found.,NO,BALANCED_TOKEN_SEQUENCE,BALANCED_TOKEN_SEQUENCE,64c4b0106465a5ef75f8e7109948d590cd0e4a3e6eae9bf4cc3a8244246684e2,013fc74b4b1e50d7151fc65fefa8cc44da4b053589a2734d54ef3a8a8aba2240,,,,
396,changmingxie,https://stackoverflow.com/questions/58370217,changmingxie/tcc-transaction/tcc-transaction-dashboard/src/main/java/org/mengyun/tcctransaction/dashboard/security/SecurityConfig.java,corsFilter,90,101,58370217/58370217_2_recent.java,method,1,45,NOT_CLONE,,,,,,0.8182,0.2500,0.2598,0.2734,0.8182,,MEDIUM,No Type I/II containment or substantial ordered statement core was found.,NO,BALANCED_TOKEN_SEQUENCE,BALANCED_TOKEN_SEQUENCE,a5635f7d886b4d2af238fb8775e9fff8fb7d477890610e534e3cd8a3484ec4fe,e5d1a9afc2e2c93478994f4bf08bfa6d0f75d4850cc19d2718ea81477a23b239,,,,
93,chatty,https://stackoverflow.com/questions/45262825,chatty/chatty/src/chatty/util/commands/Calc.java,eval,89,206,45262825/45262825_4_recent.java,method,1,124,CLONE,TYPE_3,89,206,1,124,0.9369,0.7273,0.7539,0.7768,0.9369,,MEDIUM,"A substantial ordered core of normalized statements was found with additions, deletions, or changes.",YES,BALANCED_TOKEN_SEQUENCE,BALANCED_TOKEN_SEQUENCE,dba55106ea002e2141056898b2943dd9d16f5259679135cda76a3ecc762aea7d,87ba47cc6e19b6aaf2ff7fefc436b1a13e1d7d31a618797895c141784413022d,,,,
94,chatty,https://stackoverflow.com/questions/45262825,chatty/chatty/src/chatty/util/commands/Calc.java,parseFactor,155,204,45262825/45262825_4_recent.java,method,1,124,CLONE,TYPE_3,155,204,67,124,0.8980,0.3077,0.4204,0.4222,0.8980,,MEDIUM,"A substantial ordered core of normalized statements was found with additions, deletions, or changes.",YES,BALANCED_TOKEN_SEQUENCE,BALANCED_TOKEN_SEQUENCE,9ebf2af4d15afd6e87424e346d2558430888eba541ebe481857daec09397f49d,87ba47cc6e19b6aaf2ff7fefc436b1a13e1d7d31a618797895c141784413022d,,,,
314,chrislacy,https://stackoverflow.com/questions/9293885,chrislacy/tweetlanes/android/app/src/main/java/com/tweetlanes/android/core/view/ImageViewActivity.java,copy,184,196,9293885/9293885_2_recent.java,method,1,18,CLONE,TYPE_3,185,196,2,18,0.9091,0.5263,0.8687,0.8687,0.9091,,MEDIUM,"A substantial ordered core of normalized statements was found with additions, deletions, or changes.",YES,BALANCED_TOKEN_SEQUENCE,BALANCED_TOKEN_SEQUENCE,27a118326f0af2abcb0a53b41afcc65ed41d81ae3455cc735f8d2491d52f98a4,2a7bfcda094a8dd312bb8740fe545d7bdce7f2ed7470f4dafaef302a58f8d157,,,,
472,ciallo-dev,https://stackoverflow.com/questions/25985720,ciallo-dev/zelix-injection/src/main/java/zelix/otherhacks/net/wurstclient/forge/utils/MathUtils.java,isInteger,5,13,25985720/25985720_14_recent.java,method,1,21,CLONE,TYPE_3,6,13,15,21,0.8889,0.4211,0.2645,0.2750,0.8889,,MEDIUM,"A substantial ordered core of normalized statements was found with additions, deletions, or changes.",YES,BALANCED_TOKEN_SEQUENCE,BALANCED_TOKEN_SEQUENCE,b9e0af064a6d22362e922cf7d60dae2e0849412cb174c94bcf546b8acaccedfc,f9d527dce981b6e07b9c1a042661b0aad3a84b94651f494e0d71549617fbb07f,,,,
104,citybench,https://stackoverflow.com/questions/12738229,citybench/benchmark/src/org/insight_centre/aceis/utils/MapUtils.java,sortByValue2,51,65,12738229/12738229_2_30063703.java,sortByValue,5,21,CLONE,TYPE_3,52,65,6,21,0.8824,0.8824,0.9091,0.9207,0.8824,,MEDIUM,"A substantial ordered core of normalized statements was found with additions, deletions, or changes.",YES,BALANCED_TOKEN_SEQUENCE,BALANCED_TOKEN_SEQUENCE,c1f04cb46ca6264bbf1887fae38330e1413ea085fdfec6435a2f88e4f4d97177,6eb7fa30fd9ae7582c1ab241a3dd5d0b6926e5fb5f1b424636721212d5b17a0c,,,,
493,cityzenapp,https://stackoverflow.com/questions/60128473,cityzenapp/androidapp/CityZenApp/app/src/main/java/com/cityzen/cityzen/Models/DeviceLocationData.java,writeToParcel,47,53,60128473/60128473_8_recent.java,method,1,122,NOT_CLONE,,,,,,1.0000,0.0571,0.0635,0.0669,1.0000,,MEDIUM,No Type I/II containment or substantial ordered statement core was found.,NO,BALANCED_TOKEN_SEQUENCE,TOKEN_FALLBACK,8b7f6edd4c617a2794ea5c76245f02f1f58f18761617abc5989212b09c1190e0,422548470bd8083515ec520529b57182977d97f110daad799e89d788c42e16c8,,,,
168,clouway,https://stackoverflow.com/questions/59664498,clouway/oauth2-server/oauth2-example-app/src/main/java/com/clouway/oauth2/app/AppServer.java,run,44,51,59664498/59664498_2_recent.java,method,1,68,CLONE,TYPE_3,46,51,59,67,0.8750,0.1321,0.0759,0.0816,0.8750,,MEDIUM,"A substantial ordered core of normalized statements was found with additions, deletions, or changes.",YES,BALANCED_TOKEN_SEQUENCE,BALANCED_TOKEN_SEQUENCE,820a13c80a53d86bea5cb09e492e292bf72a294e1476f0abeb640f04b595a53c,d189ac23b570433f4a4be0e0e8d05bd0c002cd4470213fac1b803667eb5b5698,,,,
203,code4craft,https://stackoverflow.com/questions/31868761,code4craft/jsoup-learning/src/main/java/org/jsoup/helper/HttpConnection.java,data,115,126,31868761/31868761_4_96856276.java,method,1,12,CLONE,TYPE_1,115,126,1,12,1.0000,1.0000,1.0000,1.0000,1.0000,,HIGH,A complete fragment occurs verbatim after removing comments and layout.,NO,BALANCED_TOKEN_SEQUENCE,BALANCED_TOKEN_SEQUENCE,787a8301a647eb82647366bc7659d9a993cb3b9c798b253b341367dd2cfa97d1,22886ca135cb98f1b5e1147bf37f34819a8e4f2b214a51adfd8c8c151ea8d68d,CLONE,TYPE_1,,2026-07-31T07:36:15.588Z
504,controlsfx,https://stackoverflow.com/questions/54491401,controlsfx/controlsfx/controlsfx-samples/src/main/java/org/controlsfx/samples/tablefilter/TableFilterMemoryTest.java,start,68,74,54491401/54491401_2_190812542.java,start,21,65,NOT_CLONE,,,,,,0.8333,0.1429,0.1295,0.1398,0.8333,,MEDIUM,No Type I/II containment or substantial ordered statement core was found.,NO,BALANCED_TOKEN_SEQUENCE,BALANCED_TOKEN_SEQUENCE,d510de94927faa90cbea7d2fd44a63ffa30e0babd9ab5488d189fa2c68c2580d,3055f6e7db7ec7d7f3c62e90e667744df3e6beca72635167889ff453a1599d80,,,,
774,controlsystemstudio,https://stackoverflow.com/questions/32164598,controlsystemstudio/phoebus/app/logbook/olog/ui/src/main/java/org/phoebus/logbook/olog/ui/write/LogPropertiesEditorController.java,startEdit,376,382,32164598/32164598_8_recent.java,method,1,15,CLONE,TYPE_3,376,382,1,15,0.8333,0.5556,0.6170,0.6889,0.8333,,MEDIUM,"A substantial ordered core of normalized statements was found with additions, deletions, or changes.",YES,BALANCED_TOKEN_SEQUENCE,BALANCED_TOKEN_SEQUENCE,f9c013bd1f14fde102b561f58290c9afa875286b601bdfd101f940daf668aa73,af2f3b2d3535b9b160b6fb5541de8eba1cdece49d577bc7ea9c189213e33d9e1,,,,
605,conventions,https://stackoverflow.com/questions/4429257,conventions/core/src/main/java/org/conventionsframework/util/ResourceBundle.java,newBundle,93,124,4429257/4429257_2_9347476.java,newBundle,2,32,CLONE,TYPE_3,100,124,7,32,0.9286,0.9286,0.9529,0.9529,0.9286,,MEDIUM,"A substantial ordered core of normalized statements was found with additions, deletions, or changes.",YES,BALANCED_TOKEN_SEQUENCE,BALANCED_TOKEN_SEQUENCE,6cd5f415e1d3116ec5f23cb186296db4ba8b79091d1ae72ee617247c8cc2c3cb,c219b187dd01b975e3a79d596f983c3128f58ccf761e0fdc7fa4f3adb7546fa2,,,,
87,convertapi,https://stackoverflow.com/questions/41251473,convertapi/convertapi-java/src/main/java/com/convertapi/client/RequestBodyStream.java,writeTo,31,40,41251473/41251473_6_recent.java,method,1,20,CLONE,TYPE_3,31,40,10,20,0.9000,0.4091,0.3898,0.4017,0.9000,,MEDIUM,"A substantial ordered core of normalized statements was found with additions, deletions, or changes.",YES,BALANCED_TOKEN_SEQUENCE,BALANCED_TOKEN_SEQUENCE,4bb5966947786a764cfff74b8f7263f4852bea51b7b66f96f0e20bf3ffa40e3a,2895ef2e11b37ff63a6796e06c8a0105f729d026ccfd139d8abcb923a8f927b9,,,,
45,corretto,https://stackoverflow.com/questions/13462440,corretto/corretto-8/jdk/src/share/demo/jfc/SwingApplet/SwingApplet.java,init,74,91,13462440/13462440_6_32050882.java,init,30,44,CLONE,TYPE_2,74,91,30,44,1.0000,1.0000,0.9412,1.0000,1.0000,,HIGH,A complete fragment has identical normalized syntax with consistent identifier mapping.,NO,BALANCED_TOKEN_SEQUENCE,BALANCED_TOKEN_SEQUENCE,c777906d434f24444e5766212e4e96ab2b273341cad2275dd730cfe8117ad252,c0530b14241a3352f9715d1dd541f7f840ec25e4ec0dedce9c153c5d24fa2345,CLONE,TYPE_2,,2026-07-31T07:49:42.918Z
46,corretto,https://stackoverflow.com/questions/58993471,corretto/corretto-8/jdk/src/share/classes/sun/security/tools/keytool/Main.java,toHexString,3371,3381,58993471/58993471_2_recent.java,method,1,363,CLONE,TYPE_3,3372,3381,352,362,0.9231,0.0674,0.0414,0.0414,0.9231,,MEDIUM,"A substantial ordered core of normalized statements was found with additions, deletions, or changes.",YES,BALANCED_TOKEN_SEQUENCE,BALANCED_TOKEN_SEQUENCE,cecde6bdb6cbc93dd85dda21e09eaba63ca3d08ab077bf610227b267d7a54601,f776ff3e2c9a7566cb9e148cf653d56af10d4d37cb35490610182f5296c4e2f0,,,,
47,corretto,https://stackoverflow.com/questions/29866762,corretto/corretto-8/jdk/src/share/classes/java/util/ComparableTimSort.java,sort,179,224,29866762/29866762_2_89013107.java,method,1,40,CLONE,TYPE_3,182,224,4,40,0.7500,0.7500,0.8510,0.8805,0.7500,,MEDIUM,"A substantial ordered core of normalized statements was found with additions, deletions, or changes.",YES,BALANCED_TOKEN_SEQUENCE,BALANCED_TOKEN_SEQUENCE,1c2e6b7fad207a73b341b48235581ded12015fae31385c8d66729b9574424255,f2d6cbd0090a5f2d602e8ecb6f9e7d1f017c9b1874ab1fd7662f6c775d2ff52c,,,,
48,corretto,https://stackoverflow.com/questions/29866762,corretto/corretto-8/jdk/src/share/classes/java/util/TimSort.java,sort,210,256,29866762/29866762_2_89013107.java,method,1,40,CLONE,TYPE_1,210,256,1,40,1.0000,1.0000,1.0000,1.0000,1.0000,,HIGH,A complete fragment occurs verbatim after removing comments and layout.,NO,BALANCED_TOKEN_SEQUENCE,BALANCED_TOKEN_SEQUENCE,1bba7e024cd985253d3247dd4f5cdc15ac591c639876dac78382e99978767e4a,f2d6cbd0090a5f2d602e8ecb6f9e7d1f017c9b1874ab1fd7662f6c775d2ff52c,CLONE,TYPE_1,,2026-07-31T07:36:25.304Z
49,corretto,https://stackoverflow.com/questions/46830988,corretto/corretto-8/jdk/src/share/classes/java/util/HashMap.java,putMapEntries,501,519,46830988/46830988_4_158689916.java,method,1,19,CLONE,TYPE_1,501,519,1,19,1.0000,1.0000,1.0000,1.0000,1.0000,,HIGH,A complete fragment occurs verbatim after removing comments and layout.,NO,BALANCED_TOKEN_SEQUENCE,BALANCED_TOKEN_SEQUENCE,b469a303e48b332826bea2ef3f41947dd12eb9c1b4ae1767beefa06774090899,73ad567e827a0c242a3d4dca670e673db9bfe0077c48eaf8d743be9a61a6bd3c,CLONE,TYPE_1,,2026-07-31T07:36:33.620Z
50,corretto,https://stackoverflow.com/questions/16799135,corretto/corretto-8/jdk/src/share/classes/java/util/Timer.java,sched,386,412,16799135/16799135_10_41317480.java,method,1,23,CLONE,TYPE_1,386,412,1,23,1.0000,1.0000,1.0000,1.0000,1.0000,,HIGH,A complete fragment occurs verbatim after removing comments and layout.,NO,BALANCED_TOKEN_SEQUENCE,BALANCED_TOKEN_SEQUENCE,f36958fdd4a07ffb645cd9c60ff015ef4bfd01bfd537e5f1324c8a5fa1b490b8,b12229d17fef9aacb11c9f5c8ef437018af7c1106c85e26950e4e34a497e3664,CLONE,TYPE_1,,2026-07-31T07:36:44.871Z
51,corretto,https://stackoverflow.com/questions/29330741,corretto/corretto-8/jdk/src/share/classes/java/math/BigDecimal.java,divide,5291,5303,29330741/29330741_6_86929181.java,method,1,13,CLONE,TYPE_3,5292,5303,2,13,0.8571,0.8571,0.9630,0.9630,0.8571,,MEDIUM,"A substantial ordered core of normalized statements was found with additions, deletions, or changes.",YES,BALANCED_TOKEN_SEQUENCE,BALANCED_TOKEN_SEQUENCE,36bb1e471b0767e848c2679d03fa87127f228da64e78d264ac92014c1a71a189,9307832391140acf4a96db84b514584bd55eca9e37b43841df3abf69ad712e43,,,,
52,corretto,https://stackoverflow.com/questions/29330741,corretto/corretto-8/jdk/src/share/classes/java/math/BigDecimal.java,divide,5305,5317,29330741/29330741_6_86929181.java,method,1,13,CLONE,TYPE_1,5305,5317,1,13,1.0000,1.0000,1.0000,1.0000,1.0000,,HIGH,A complete fragment occurs verbatim after removing comments and layout.,NO,BALANCED_TOKEN_SEQUENCE,BALANCED_TOKEN_SEQUENCE,4d0557069d419a2f356c1e19658e7b2fa7e49d137f528e95ad6b23d93fec629c,9307832391140acf4a96db84b514584bd55eca9e37b43841df3abf69ad712e43,CLONE,TYPE_1,,2026-07-31T07:36:49.204Z
53,corretto,https://stackoverflow.com/questions/45774144,corretto/corretto-8/jdk/src/share/classes/javax/swing/plaf/metal/MetalTabbedPaneUI.java,update,719,725,45774144/45774144_4_recent.java,method,1,21,NOT_CLONE,,,,,,0.7143,0.2632,0.3929,0.4130,0.7143,,MEDIUM,No Type I/II containment or substantial ordered statement core was found.,NO,BALANCED_TOKEN_SEQUENCE,BALANCED_TOKEN_SEQUENCE,fc0f73d5228a1cfebfd6fffbddf0f51fffd35969670208dd5aad517c583cf5fe,6f2d006bf421a42f38ba5c2aab1c42442d2dbf11d8d86b7321c81057421ee7a3,,,,
54,corretto,https://stackoverflow.com/questions/54119640,corretto/corretto-8/jdk/src/share/classes/javax/swing/plaf/basic/BasicTableHeaderUI.java,mouseClicked,99,116,54119640/54119640_4_189259651.java,mouseClicked,10,26,CLONE,TYPE_3,99,116,10,26,0.7500,0.8571,0.8571,0.9180,0.8571,,MEDIUM,"A substantial ordered core of normalized statements was found with additions, deletions, or changes.",YES,BALANCED_TOKEN_SEQUENCE,BALANCED_TOKEN_SEQUENCE,2a6732afef0ba34061445adeaf545b78528d8ecc0eebb1f4448a9b1027c70d10,59e2ef0f2ed93467dda31ef051eea5447fd9fa51dda2896417f0139abdbef8fc,,,,
55,corretto,https://stackoverflow.com/questions/58993471,corretto/corretto-8/jdk/test/sun/security/pkcs11/tls/TestLeadingZeroesP11.java,toHexString,124,136,58993471/58993471_2_recent.java,method,1,363,CLONE,TYPE_3,125,136,352,362,0.9231,0.0674,0.0414,0.0414,0.9231,,MEDIUM,"A substantial ordered core of normalized statements was found with additions, deletions, or changes.",YES,BALANCED_TOKEN_SEQUENCE,BALANCED_TOKEN_SEQUENCE,05618cf16b20c08ec4b17959723e4af297ec40e95fe940638731eed9f56e5331,f776ff3e2c9a7566cb9e148cf653d56af10d4d37cb35490610182f5296c4e2f0,,,,
56,corretto,https://stackoverflow.com/questions/58993471,corretto/corretto-8/jdk/test/sun/security/x509/X500Name/DerValueConstructor.java,toHexString,119,131,58993471/58993471_2_recent.java,method,1,363,CLONE,TYPE_1,119,131,149,159,1.0000,0.0419,0.0419,0.0419,1.0000,,HIGH,A complete fragment occurs verbatim after removing comments and layout.,NO,BALANCED_TOKEN_SEQUENCE,BALANCED_TOKEN_SEQUENCE,f40de59c659528869f54023f4da2b3856233b9d398b391625c21e70cf44fc00a,f776ff3e2c9a7566cb9e148cf653d56af10d4d37cb35490610182f5296c4e2f0,CLONE,TYPE_1,,2026-07-31T07:37:00.304Z
57,corretto,https://stackoverflow.com/questions/64938483,corretto/corretto-8/jdk/test/jdk/jfr/jcmd/TestJcmdStartWithSettings.java,run,167,176,64938483/64938483_2_recent.java,method,1,68,NOT_CLONE,,,,,,1.0000,0.1613,0.0914,0.0914,1.0000,,MEDIUM,No Type I/II containment or substantial ordered statement core was found.,NO,BALANCED_TOKEN_SEQUENCE,TOKEN_FALLBACK,c38839e2ee06e79efeeb9b59b8895a31aed7468eb7cc17ba9e1ada5c7ae563fc,7a7d226ceb229cb1a2032306bba7358de48086650875ea2c8bb7a0343506b220,,,,
58,corretto,https://stackoverflow.com/questions/6702420,corretto/corretto-8/jdk/test/java/awt/im/6396526/IMLookAndFeel.java,main,68,76,6702420/6702420_2_89518975.java,main,9,18,CLONE,TYPE_1,68,76,9,18,1.0000,1.0000,1.0000,1.0000,1.0000,,HIGH,A complete fragment occurs verbatim after removing comments and layout.,NO,BALANCED_TOKEN_SEQUENCE,BALANCED_TOKEN_SEQUENCE,c8870b3d66c9973ca4d8d2d754ba04e31d31090cdc78935f5b32eeaefe7c494b,535f77d75527dc027adbf7ce5ebf851d08b0142e31a7f0a8d072913c4b0260a6,CLONE,TYPE_1,,2026-07-31T07:37:04.271Z
59,corretto,https://stackoverflow.com/questions/58993471,corretto/corretto-8/jdk/test/com/sun/crypto/provider/KeyAgreement/DHKeyAgreement2.java,toHexString,271,283,58993471/58993471_2_recent.java,method,1,363,CLONE,TYPE_3,272,283,352,362,0.9231,0.0674,0.0414,0.0414,0.9231,,MEDIUM,"A substantial ordered core of normalized statements was found with additions, deletions, or changes.",YES,BALANCED_TOKEN_SEQUENCE,BALANCED_TOKEN_SEQUENCE,05618cf16b20c08ec4b17959723e4af297ec40e95fe940638731eed9f56e5331,f776ff3e2c9a7566cb9e148cf653d56af10d4d37cb35490610182f5296c4e2f0,,,,
60,corretto,https://stackoverflow.com/questions/58993471,corretto/corretto-8/jdk/test/com/sun/crypto/provider/KeyAgreement/DHKeyAgreement3.java,toHexString,178,190,58993471/58993471_2_recent.java,method,1,363,CLONE,TYPE_3,179,190,352,362,0.9231,0.0674,0.0414,0.0414,0.9231,,MEDIUM,"A substantial ordered core of normalized statements was found with additions, deletions, or changes.",YES,BALANCED_TOKEN_SEQUENCE,BALANCED_TOKEN_SEQUENCE,05618cf16b20c08ec4b17959723e4af297ec40e95fe940638731eed9f56e5331,f776ff3e2c9a7566cb9e148cf653d56af10d4d37cb35490610182f5296c4e2f0,,,,
61,corretto,https://stackoverflow.com/questions/58993471,corretto/corretto-8/jdk/test/com/sun/crypto/provider/Cipher/Blowfish/BlowfishTestVector.java,toHexString,133,145,58993471/58993471_2_recent.java,method,1,363,CLONE,TYPE_3,134,145,352,362,0.9231,0.0674,0.0419,0.0419,0.9231,,MEDIUM,"A substantial ordered core of normalized statements was found with additions, deletions, or changes.",YES,BALANCED_TOKEN_SEQUENCE,BALANCED_TOKEN_SEQUENCE,a6b4d4fc6cf0381ae6e3199750130ffa9ce08332c18d4029c91a280eedd7c67a,f776ff3e2c9a7566cb9e148cf653d56af10d4d37cb35490610182f5296c4e2f0,,,,
62,corretto,https://stackoverflow.com/questions/58993471,corretto/corretto-8/jdk/test/com/sun/crypto/provider/TLS/TestLeadingZeroes.java,toHexString,130,142,58993471/58993471_2_recent.java,method,1,363,CLONE,TYPE_3,131,142,352,362,0.9231,0.0674,0.0414,0.0414,0.9231,,MEDIUM,"A substantial ordered core of normalized statements was found with additions, deletions, or changes.",YES,BALANCED_TOKEN_SEQUENCE,BALANCED_TOKEN_SEQUENCE,05618cf16b20c08ec4b17959723e4af297ec40e95fe940638731eed9f56e5331,f776ff3e2c9a7566cb9e148cf653d56af10d4d37cb35490610182f5296c4e2f0,,,,
63,corretto,https://stackoverflow.com/questions/58617321,corretto/corretto-8/jdk/test/javax/imageio/plugins/bmp/BMPSubsamplingTest.java,create3ByteImage,329,342,58617321/58617321_2_recent.java,method,1,17,CLONE,TYPE_3,330,342,5,17,0.8333,0.4545,0.6418,0.6923,0.8333,,MEDIUM,"A substantial ordered core of normalized statements was found with additions, deletions, or changes.",YES,BALANCED_TOKEN_SEQUENCE,BALANCED_TOKEN_SEQUENCE,1983a231675b46b19c8c0086d87df575a70ed50b74dc28310ed30b23bfc953e4,cf14625a123db4bab2ab7da6d70ad666935f22e4b1b3ba9e7317da7303bc3bf6,,,,
64,corretto,https://stackoverflow.com/questions/45774144,corretto/corretto-11/src/java.desktop/share/classes/javax/swing/plaf/metal/MetalTabbedPaneUI.java,update,809,815,45774144/45774144_4_recent.java,method,1,21,NOT_CLONE,,,,,,0.7143,0.2632,0.3929,0.4130,0.7143,,MEDIUM,No Type I/II containment or substantial ordered statement core was found.,NO,BALANCED_TOKEN_SEQUENCE,BALANCED_TOKEN_SEQUENCE,fc0f73d5228a1cfebfd6fffbddf0f51fffd35969670208dd5aad517c583cf5fe,6f2d006bf421a42f38ba5c2aab1c42442d2dbf11d8d86b7321c81057421ee7a3,,,,
65,corretto,https://stackoverflow.com/questions/58993471,corretto/corretto-11/src/java.base/share/classes/sun/security/tools/keytool/Main.java,toHexString,3720,3730,58993471/58993471_2_recent.java,method,1,363,CLONE,TYPE_3,3721,3730,352,362,0.9231,0.0674,0.0414,0.0414,0.9231,,MEDIUM,"A substantial ordered core of normalized statements was found with additions, deletions, or changes.",YES,BALANCED_TOKEN_SEQUENCE,BALANCED_TOKEN_SEQUENCE,cecde6bdb6cbc93dd85dda21e09eaba63ca3d08ab077bf610227b267d7a54601,f776ff3e2c9a7566cb9e148cf653d56af10d4d37cb35490610182f5296c4e2f0,,,,
66,corretto,https://stackoverflow.com/questions/29866762,corretto/corretto-11/src/java.base/share/classes/java/util/ComparableTimSort.java,sort,179,224,29866762/29866762_2_89013107.java,method,1,40,CLONE,TYPE_3,182,224,4,40,0.7500,0.7500,0.8510,0.8805,0.7500,,MEDIUM,"A substantial ordered core of normalized statements was found with additions, deletions, or changes.",YES,BALANCED_TOKEN_SEQUENCE,BALANCED_TOKEN_SEQUENCE,1c2e6b7fad207a73b341b48235581ded12015fae31385c8d66729b9574424255,f2d6cbd0090a5f2d602e8ecb6f9e7d1f017c9b1874ab1fd7662f6c775d2ff52c,,,,
67,corretto,https://stackoverflow.com/questions/29866762,corretto/corretto-11/src/java.base/share/classes/java/util/TimSort.java,sort,210,256,29866762/29866762_2_89013107.java,method,1,40,CLONE,TYPE_1,210,256,1,40,1.0000,1.0000,1.0000,1.0000,1.0000,,HIGH,A complete fragment occurs verbatim after removing comments and layout.,NO,BALANCED_TOKEN_SEQUENCE,BALANCED_TOKEN_SEQUENCE,1bba7e024cd985253d3247dd4f5cdc15ac591c639876dac78382e99978767e4a,f2d6cbd0090a5f2d602e8ecb6f9e7d1f017c9b1874ab1fd7662f6c775d2ff52c,CLONE,TYPE_1,,2026-07-31T07:37:12.487Z
68,corretto,https://stackoverflow.com/questions/46830988,corretto/corretto-11/src/java.base/share/classes/java/util/HashMap.java,putMapEntries,496,514,46830988/46830988_4_158689916.java,method,1,19,CLONE,TYPE_1,496,514,1,19,1.0000,1.0000,1.0000,1.0000,1.0000,,HIGH,A complete fragment occurs verbatim after removing comments and layout.,NO,BALANCED_TOKEN_SEQUENCE,BALANCED_TOKEN_SEQUENCE,b469a303e48b332826bea2ef3f41947dd12eb9c1b4ae1767beefa06774090899,73ad567e827a0c242a3d4dca670e673db9bfe0077c48eaf8d743be9a61a6bd3c,CLONE,TYPE_1,,2026-07-31T07:37:16.720Z
69,corretto,https://stackoverflow.com/questions/62919983,corretto/corretto-11/src/java.base/share/classes/java/util/Random.java,seedUniquifier,108,117,62919983/62919983_2_recent.java,method,1,17,CLONE,TYPE_1,108,117,4,13,1.0000,0.5114,0.5114,0.5114,1.0000,,HIGH,A complete fragment occurs verbatim after removing comments and layout.,NO,BALANCED_TOKEN_SEQUENCE,BALANCED_TOKEN_SEQUENCE,78cfe9d4b45262d038cc20e23886c79d802d4e1c0358a6ae089a8c774a13c1d0,c018fe2d3a4e1c9c2735a33281bfc762a1234856424614f3c93f717baf97815e,CLONE,TYPE_1,,2026-07-31T07:37:25.854Z
70,corretto,https://stackoverflow.com/questions/16799135,corretto/corretto-11/src/java.base/share/classes/java/util/Timer.java,sched,387,413,16799135/16799135_10_41317480.java,method,1,23,CLONE,TYPE_1,387,413,1,23,1.0000,1.0000,1.0000,1.0000,1.0000,,HIGH,A complete fragment occurs verbatim after removing comments and layout.,NO,BALANCED_TOKEN_SEQUENCE,BALANCED_TOKEN_SEQUENCE,f36958fdd4a07ffb645cd9c60ff015ef4bfd01bfd537e5f1324c8a5fa1b490b8,b12229d17fef9aacb11c9f5c8ef437018af7c1106c85e26950e4e34a497e3664,CLONE,TYPE_1,,2026-07-31T07:37:31.804Z
71,corretto,https://stackoverflow.com/questions/29330741,corretto/corretto-11/src/java.base/share/classes/java/math/BigDecimal.java,divide,5731,5743,29330741/29330741_6_86929181.java,method,1,13,CLONE,TYPE_3,5732,5743,2,13,0.8571,0.8571,0.9630,0.9630,0.8571,,MEDIUM,"A substantial ordered core of normalized statements was found with additions, deletions, or changes.",YES,BALANCED_TOKEN_SEQUENCE,BALANCED_TOKEN_SEQUENCE,36bb1e471b0767e848c2679d03fa87127f228da64e78d264ac92014c1a71a189,9307832391140acf4a96db84b514584bd55eca9e37b43841df3abf69ad712e43,,,,
72,corretto,https://stackoverflow.com/questions/29330741,corretto/corretto-11/src/java.base/share/classes/java/math/BigDecimal.java,divide,5745,5757,29330741/29330741_6_86929181.java,method,1,13,CLONE,TYPE_1,5745,5757,1,13,1.0000,1.0000,1.0000,1.0000,1.0000,,HIGH,A complete fragment occurs verbatim after removing comments and layout.,NO,BALANCED_TOKEN_SEQUENCE,BALANCED_TOKEN_SEQUENCE,4d0557069d419a2f356c1e19658e7b2fa7e49d137f528e95ad6b23d93fec629c,9307832391140acf4a96db84b514584bd55eca9e37b43841df3abf69ad712e43,CLONE,TYPE_1,,2026-07-31T07:37:35.854Z
73,corretto,https://stackoverflow.com/questions/58993471,corretto/corretto-11/test/jdk/sun/security/pkcs11/PKCS11Test.java,byte2hex,126,133,58993471/58993471_2_recent.java,method,1,363,CLONE,TYPE_1,126,133,138,145,1.0000,0.0512,0.0512,0.0512,1.0000,,HIGH,A complete fragment occurs verbatim after removing comments and layout.,NO,BALANCED_TOKEN_SEQUENCE,BALANCED_TOKEN_SEQUENCE,3118ff9c5d5188e33a4d10bc88f7e5da11f524d939c29f7c8448ce3f608dca8f,f776ff3e2c9a7566cb9e148cf653d56af10d4d37cb35490610182f5296c4e2f0,CLONE,TYPE_1,,2026-07-31T07:37:44.339Z
74,corretto,https://stackoverflow.com/questions/58993471,corretto/corretto-11/test/jdk/sun/security/pkcs11/PKCS11Test.java,toHexString,134,146,58993471/58993471_2_recent.java,method,1,363,CLONE,TYPE_3,135,146,352,362,0.9231,0.0674,0.0413,0.0413,0.9231,,MEDIUM,"A substantial ordered core of normalized statements was found with additions, deletions, or changes.",YES,BALANCED_TOKEN_SEQUENCE,BALANCED_TOKEN_SEQUENCE,47eb694ba38d2ca81519dbc10aa08c5035e0dfd8f44304a58b96ff933f4ad0db,f776ff3e2c9a7566cb9e148cf653d56af10d4d37cb35490610182f5296c4e2f0,,,,
75,corretto,https://stackoverflow.com/questions/58993471,corretto/corretto-11/test/jdk/sun/security/x509/X500Name/DerValueConstructor.java,toHexString,121,133,58993471/58993471_2_recent.java,method,1,363,CLONE,TYPE_1,121,133,149,159,1.0000,0.0419,0.0419,0.0419,1.0000,,HIGH,A complete fragment occurs verbatim after removing comments and layout.,NO,BALANCED_TOKEN_SEQUENCE,BALANCED_TOKEN_SEQUENCE,f40de59c659528869f54023f4da2b3856233b9d398b391625c21e70cf44fc00a,f776ff3e2c9a7566cb9e148cf653d56af10d4d37cb35490610182f5296c4e2f0,CLONE,TYPE_1,,2026-07-31T07:37:52.406Z
76,corretto,https://stackoverflow.com/questions/64938483,corretto/corretto-11/test/jdk/jdk/jfr/jcmd/TestJcmdStartWithSettings.java,run,167,176,64938483/64938483_2_recent.java,method,1,68,NOT_CLONE,,,,,,1.0000,0.1613,0.0914,0.0914,1.0000,,MEDIUM,No Type I/II containment or substantial ordered statement core was found.,NO,BALANCED_TOKEN_SEQUENCE,TOKEN_FALLBACK,c38839e2ee06e79efeeb9b59b8895a31aed7468eb7cc17ba9e1ada5c7ae563fc,7a7d226ceb229cb1a2032306bba7358de48086650875ea2c8bb7a0343506b220,,,,
77,corretto,https://stackoverflow.com/questions/6702420,corretto/corretto-11/test/jdk/java/awt/im/6396526/IMLookAndFeel.java,main,69,77,6702420/6702420_2_89518975.java,main,9,18,CLONE,TYPE_1,69,77,9,18,1.0000,1.0000,1.0000,1.0000,1.0000,,HIGH,A complete fragment occurs verbatim after removing comments and layout.,NO,BALANCED_TOKEN_SEQUENCE,BALANCED_TOKEN_SEQUENCE,c8870b3d66c9973ca4d8d2d754ba04e31d31090cdc78935f5b32eeaefe7c494b,535f77d75527dc027adbf7ce5ebf851d08b0142e31a7f0a8d072913c4b0260a6,CLONE,TYPE_1,,2026-07-31T07:37:56.487Z
78,corretto,https://stackoverflow.com/questions/58993471,corretto/corretto-11/test/jdk/com/sun/crypto/provider/KeyAgreement/DHKeyAgreementPadding.java,toHexString,89,99,58993471/58993471_2_recent.java,method,1,363,CLONE,TYPE_3,90,99,352,362,0.9167,0.0618,0.0397,0.0397,0.9167,,MEDIUM,"A substantial ordered core of normalized statements was found with additions, deletions, or changes.",YES,BALANCED_TOKEN_SEQUENCE,BALANCED_TOKEN_SEQUENCE,51be98e7861ead487c5fd11a894e866da71862a08d2fb1846108f92c641c0e14,f776ff3e2c9a7566cb9e148cf653d56af10d4d37cb35490610182f5296c4e2f0,,,,
79,corretto,https://stackoverflow.com/questions/58993471,corretto/corretto-11/test/jdk/com/sun/crypto/provider/KeyAgreement/DHKeyAgreement2.java,toHexString,268,280,58993471/58993471_2_recent.java,method,1,363,CLONE,TYPE_3,269,280,352,362,0.9231,0.0674,0.0414,0.0414,0.9231,,MEDIUM,"A substantial ordered core of normalized statements was found with additions, deletions, or changes.",YES,BALANCED_TOKEN_SEQUENCE,BALANCED_TOKEN_SEQUENCE,05618cf16b20c08ec4b17959723e4af297ec40e95fe940638731eed9f56e5331,f776ff3e2c9a7566cb9e148cf653d56af10d4d37cb35490610182f5296c4e2f0,,,,
80,corretto,https://stackoverflow.com/questions/58993471,corretto/corretto-11/test/jdk/com/sun/crypto/provider/KeyAgreement/DHKeyAgreement3.java,toHexString,173,185,58993471/58993471_2_recent.java,method,1,363,CLONE,TYPE_3,174,185,352,362,0.9231,0.0674,0.0414,0.0414,0.9231,,MEDIUM,"A substantial ordered core of normalized statements was found with additions, deletions, or changes.",YES,BALANCED_TOKEN_SEQUENCE,BALANCED_TOKEN_SEQUENCE,05618cf16b20c08ec4b17959723e4af297ec40e95fe940638731eed9f56e5331,f776ff3e2c9a7566cb9e148cf653d56af10d4d37cb35490610182f5296c4e2f0,,,,
81,corretto,https://stackoverflow.com/questions/58993471,corretto/corretto-11/test/jdk/com/sun/crypto/provider/Cipher/Blowfish/BlowfishTestVector.java,toHexString,131,143,58993471/58993471_2_recent.java,method,1,363,CLONE,TYPE_3,132,143,352,362,0.9231,0.0674,0.0419,0.0419,0.9231,,MEDIUM,"A substantial ordered core of normalized statements was found with additions, deletions, or changes.",YES,BALANCED_TOKEN_SEQUENCE,BALANCED_TOKEN_SEQUENCE,a6b4d4fc6cf0381ae6e3199750130ffa9ce08332c18d4029c91a280eedd7c67a,f776ff3e2c9a7566cb9e148cf653d56af10d4d37cb35490610182f5296c4e2f0,,,,
82,corretto,https://stackoverflow.com/questions/58993471,corretto/corretto-11/test/jdk/com/sun/crypto/provider/TLS/TestLeadingZeroes.java,toHexString,125,137,58993471/58993471_2_recent.java,method,1,363,CLONE,TYPE_3,126,137,352,362,0.9231,0.0674,0.0414,0.0414,0.9231,,MEDIUM,"A substantial ordered core of normalized statements was found with additions, deletions, or changes.",YES,BALANCED_TOKEN_SEQUENCE,BALANCED_TOKEN_SEQUENCE,05618cf16b20c08ec4b17959723e4af297ec40e95fe940638731eed9f56e5331,f776ff3e2c9a7566cb9e148cf653d56af10d4d37cb35490610182f5296c4e2f0,,,,
83,corretto,https://stackoverflow.com/questions/1520212,corretto/corretto-11/test/jdk/javax/net/ssl/DTLS/DTLSSequenceNumberTest.java,shuffleArray,177,185,1520212/1520212_2_recent.java,shuffleArray,19,31,CLONE,TYPE_3,179,185,23,31,0.8182,0.8182,0.8795,0.9747,0.8182,,MEDIUM,"A substantial ordered core of normalized statements was found with additions, deletions, or changes.",YES,BALANCED_TOKEN_SEQUENCE,BALANCED_TOKEN_SEQUENCE,3ca45622fe348d7b9352bc6294c663b444a60847ba9155d13aabb8b4c5f2566a,d3b8072193cac2766100ac50631f480ca70ed5058b863d247abb5ba2dba85714,,,,
84,corretto,https://stackoverflow.com/questions/58617321,corretto/corretto-11/test/jdk/javax/imageio/plugins/bmp/BMPSubsamplingTest.java,create3ByteImage,329,342,58617321/58617321_2_recent.java,method,1,17,CLONE,TYPE_3,330,342,5,17,0.8333,0.4545,0.6418,0.6923,0.8333,,MEDIUM,"A substantial ordered core of normalized statements was found with additions, deletions, or changes.",YES,BALANCED_TOKEN_SEQUENCE,BALANCED_TOKEN_SEQUENCE,1983a231675b46b19c8c0086d87df575a70ed50b74dc28310ed30b23bfc953e4,cf14625a123db4bab2ab7da6d70ad666935f22e4b1b3ba9e7317da7303bc3bf6,,,,
209,cplutte,https://stackoverflow.com/questions/13329885,cplutte/bts/org.bbaw.bts.ui.main/src/org/bbaw/bts/ui/main/wizards/newProject/ProjectCollectionPage.java,createTableViewerColumn,204,213,13329885/13329885_2_recent.java,method,1,154,NOT_CLONE,,,,,,0.7778,0.0614,0.0904,0.0918,0.7778,,MEDIUM,No Type I/II containment or substantial ordered statement core was found.,NO,BALANCED_TOKEN_SEQUENCE,BALANCED_TOKEN_SEQUENCE,98cf2639c86f3ce305e6d7972ed9172b90ce4c37ca650da6713f25d6456803f5,f5ae0a20b933e6e7207085878e8446ebe2f770b2f9ea5c50cf63e5d94245bcab,,,,
345,crazyhitty,https://stackoverflow.com/questions/9109728,crazyhitty/munch/mindb/src/main/java/com/crazyhitty/chdev/ks/mindb/DatabaseHelper.java,copyDataBase,56,68,9109728/9109728_6_recent.java,copyDataBase,43,54,CLONE,TYPE_3,56,68,43,54,0.9231,1.0000,0.9100,0.9293,1.0000,,MEDIUM,"A substantial ordered core of normalized statements was found with additions, deletions, or changes.",YES,BALANCED_TOKEN_SEQUENCE,BALANCED_TOKEN_SEQUENCE,4399e3416abc4ac2237e0d113ec698bd19a417a166476c8f15cf72a8a2abc93b,a79de2cf5a6b19e7788238641083339237bf8c73f55c397383b54bba8ce2d33a,,,,
346,crazyhitty,https://stackoverflow.com/questions/9109728,crazyhitty/munch/mindb/src/main/java/com/crazyhitty/chdev/ks/mindb/DatabaseAdapter.java,createDatabase,24,32,9109728/9109728_8_133022768.java,createDatabase,18,30,CLONE,TYPE_3,24,32,18,30,0.9000,0.9000,0.8868,0.9608,0.9000,,MEDIUM,"A substantial ordered core of normalized statements was found with additions, deletions, or changes.",YES,BALANCED_TOKEN_SEQUENCE,BALANCED_TOKEN_SEQUENCE,000b4ae99c028686bc0735e40fc5fa28f307fef998f3b52cff01227966da1e9f,a8064a7fb2126c8f9a81b53305ff8bb608ad8c4429be39dd19f3929ecab017dc,,,,
328,cruxframework,https://stackoverflow.com/questions/41225553,cruxframework/crux/crux-dev/src/main/java/org/cruxframework/crux/core/declarativeui/ViewProcessor.java,resolveEntity,257,268,41225553/41225553_2_recent.java,method,1,34,NOT_CLONE,,,,,,0.8750,0.2059,0.1792,0.1877,0.8750,,MEDIUM,No Type I/II containment or substantial ordered statement core was found.,NO,BALANCED_TOKEN_SEQUENCE,BALANCED_TOKEN_SEQUENCE,634a01e396d7478e0bbc02669950a43101469a4c9fe46cea465464d08c4c6ca6,03250ba56bda6aab12a1cbdb4108a9160e9e1ba7bfb97f47a8742c608b8fee3a,,,,
186,cryptoguardoss,https://stackoverflow.com/questions/30952083,cryptoguardoss/cryptoguard/src/main/java/util/Utils.java,listf,1209,1222,30952083/30952083_2_93280714.java,method,1,31,UNCERTAIN,,,,,,0.7692,0.3846,0.5723,0.5723,0.7692,,LOW,Similarity is suggestive but does not satisfy the conservative Type III rule.,YES,BALANCED_TOKEN_SEQUENCE,BALANCED_TOKEN_SEQUENCE,d5d338358fe1efad247eb180b2e44f219cc3d726a75f7ef1c5ed35c3c2624b6e,b18c63e54d18e9ff6863cc9cce6643ecafa5c823f705753f873044ca5c8ae870,,,,
653,ctripcorp,https://stackoverflow.com/questions/59664498,ctripcorp/x-pipe/redis/redis-core/src/test/java/com/ctrip/xpipe/redis/core/client/AsyncNettyClientTest.java,run,133,140,59664498/59664498_2_recent.java,method,1,68,CLONE,TYPE_3,135,140,59,67,0.8750,0.1321,0.0759,0.0816,0.8750,,MEDIUM,"A substantial ordered core of normalized statements was found with additions, deletions, or changes.",YES,BALANCED_TOKEN_SEQUENCE,BALANCED_TOKEN_SEQUENCE,fc120b7c69b1fb34b9fea699c4ed750ea93a14f573c9e737bcf9be208052e000,d189ac23b570433f4a4be0e0e8d05bd0c002cd4470213fac1b803667eb5b5698,,,,
582,cymcsg,https://stackoverflow.com/questions/20276324,cymcsg/ultimateandroid/deprecated/UltimateAndroidGradle/demoofui/src/main/java/com/marshalchen/common/demoofui/jsoup/UtilsDemoActivity.java,doInBackground,42,53,20276324/20276324_2_recent.java,method,1,12,CLONE,TYPE_3,42,53,1,12,0.9000,0.7500,0.6892,0.7361,0.9000,,MEDIUM,"A substantial ordered core of normalized statements was found with additions, deletions, or changes.",YES,BALANCED_TOKEN_SEQUENCE,TOKEN_FALLBACK,00ba77cc4878a49c6713663937e0ddedea15aec39f5e21f18b63a0b1404eb180,7a32897fc8d38d33162eb25d6527cc757a05b62960943ace45a2964e70113a1a,,,,
236,cyriux,https://stackoverflow.com/questions/9293885,cyriux/mpcmaid/MpcMaid/src/com/mpcmaid/gui/Utils.java,copy,94,106,9293885/9293885_2_recent.java,method,1,18,CLONE,TYPE_3,95,106,2,18,0.9091,0.5263,0.8700,0.8700,0.9091,,MEDIUM,"A substantial ordered core of normalized statements was found with additions, deletions, or changes.",YES,BALANCED_TOKEN_SEQUENCE,BALANCED_TOKEN_SEQUENCE,628a4a81e69f247f324b676deee508af81501e5de4d4ee13abb246b16e2e7d6c,2a7bfcda094a8dd312bb8740fe545d7bdce7f2ed7470f4dafaef302a58f8d157,,,,
665,daliyan,https://stackoverflow.com/questions/6788456,daliyan/mykeep/app/src/main/java/akiyama/mykeep/util/AESUtils.java,encrypt,44,50,6788456/6788456_2_209269621.java,method,1,15,CLONE,TYPE_3,44,50,9,15,0.7143,0.3571,0.4783,0.5000,0.7143,,MEDIUM,"A substantial ordered core of normalized statements was found with additions, deletions, or changes.",YES,BALANCED_TOKEN_SEQUENCE,BALANCED_TOKEN_SEQUENCE,5633e6ae4be9892fed9bc10edf7e221adbd4df9c77dc7d6178386d491f93e7d1,74f46c7469a8cac7109a15523ed82392e977e8a3cf42ee80f9b285753a74b4dd,,,,
666,daliyan,https://stackoverflow.com/questions/6788456,daliyan/mykeep/app/src/main/java/akiyama/mykeep/util/AESUtils.java,decrypt,52,59,6788456/6788456_2_209269621.java,method,1,15,CLONE,TYPE_1,52,59,9,15,1.0000,0.5000,0.5000,0.5000,1.0000,,HIGH,A complete fragment occurs verbatim after removing comments and layout.,NO,BALANCED_TOKEN_SEQUENCE,BALANCED_TOKEN_SEQUENCE,3aa48e25848e5c473e054223c2e31237e4dcd74688bf56a8c9c3bc9af629afbc,74f46c7469a8cac7109a15523ed82392e977e8a3cf42ee80f9b285753a74b4dd,CLONE,TYPE_1,,2026-07-31T07:38:04.104Z
19,datastax,https://stackoverflow.com/questions/18454342,datastax/dsbulk/tests/src/main/java/com/datastax/oss/dsbulk/tests/utils/FileUtils.java,postVisitDirectory,101,112,18454342/18454342_2_recent.java,method,1,29,CLONE,TYPE_3,101,112,21,29,0.8333,0.1923,0.1779,0.1893,0.8333,,MEDIUM,"A substantial ordered core of normalized statements was found with additions, deletions, or changes.",YES,BALANCED_TOKEN_SEQUENCE,BALANCED_TOKEN_SEQUENCE,c0b0a50dda9faa48214b0d53b66dfed6a65a930a407df1005e3e61ed8018d2bb,1ca5d870aac777c6deff9544dd4f00c6711d9851ed9941b26b178510f91e1747,,,,
427,davidwhitlock,https://stackoverflow.com/questions/29548090,davidwhitlock/portlandstatejava/projects-parent/projects/src/main/java/edu/pdx/cs410J/AbstractLRUMap.java,putAll,62,74,29548090/29548090_4_recent.java,method,1,78,NOT_CLONE,,,,,,0.5000,0.0600,0.1401,0.1401,0.5000,,MEDIUM,No Type I/II containment or substantial ordered statement core was found.,NO,BALANCED_TOKEN_SEQUENCE,BALANCED_TOKEN_SEQUENCE,7da0a3483df6bed05cea5feab14007907bf4839f0f754031ff4cada477e2acd9,9f7e8685039d021fb3399b7c3c436c57eb37ee08b2ed4f700b521c80050fc60b,,,,
406,daxiak,https://stackoverflow.com/questions/9293885,daxiak/mydiary/app/src/main/java/com/kiminonawa/mydiary/shared/FileManager.java,copy,268,280,9293885/9293885_2_recent.java,method,1,18,CLONE,TYPE_3,268,280,1,18,1.0000,0.5789,0.8788,0.8788,1.0000,,MEDIUM,"A substantial ordered core of normalized statements was found with additions, deletions, or changes.",YES,BALANCED_TOKEN_SEQUENCE,BALANCED_TOKEN_SEQUENCE,6a7a10d8c27517f198e345472ee6e309bfd5235fe3af71b64490b9c3d7a7cd5d,2a7bfcda094a8dd312bb8740fe545d7bdce7f2ed7470f4dafaef302a58f8d157,,,,
407,daxiak,https://stackoverflow.com/questions/30321780,daxiak/mydiary/app/src/main/java/com/kiminonawa/mydiary/entries/DiaryActivity.java,initGoogleAPi,194,202,30321780/30321780_2_recent.java,method,1,19,NOT_CLONE,,,,,,0.3333,0.1111,0.4135,0.4272,0.3333,,MEDIUM,No Type I/II containment or substantial ordered statement core was found.,NO,BALANCED_TOKEN_SEQUENCE,BALANCED_TOKEN_SEQUENCE,94c99b5b5ac6d1f9dd24224cbe1b9df17f239aadf014ad8d7771a991e2793ba9,8e8dd41353afba76364a2edfcf60bf1f4fc3cee6cc691c70c9be469d4d4c21b7,,,,
667,deeplearning4j,https://stackoverflow.com/questions/12738229,deeplearning4j/deeplearning4j/deeplearning4j/deeplearning4j-modelimport/src/main/java/org/deeplearning4j/nn/modelimport/keras/preprocessing/text/KerasTokenizer.java,reverseSortByValues,227,241,12738229/12738229_2_30063703.java,sortByValue,5,21,CLONE,TYPE_3,228,241,6,21,0.8824,0.8824,0.8372,0.9152,0.8824,,MEDIUM,"A substantial ordered core of normalized statements was found with additions, deletions, or changes.",YES,BALANCED_TOKEN_SEQUENCE,BALANCED_TOKEN_SEQUENCE,4acd02faa2c1940e599f9e80ad807154535ba7a8a19b0dc8b462c9dbecfa3be6,6eb7fa30fd9ae7582c1ab241a3dd5d0b6926e5fb5f1b424636721212d5b17a0c,,,,
668,deeplearning4j,https://stackoverflow.com/questions/453067,deeplearning4j/deeplearning4j/nd4j/nd4j-common/src/main/java/org/nd4j/common/util/InputStreamUtil.java,countLines,36,56,453067/453067_2_recent.java,method,1,20,CLONE,TYPE_3,36,56,1,20,1.0000,0.9565,0.8846,0.8992,1.0000,,MEDIUM,"A substantial ordered core of normalized statements was found with additions, deletions, or changes.",YES,BALANCED_TOKEN_SEQUENCE,BALANCED_TOKEN_SEQUENCE,c6ef303c89a90f348a39d0404ce6fc3c7a328ae898cb4a8f7b39c5aef522539e,50adf61ebdca4f0974f96d3657ce7cc2318aba152f1e396352f03c105a987f42,,,,
343,dengsinkiang,https://stackoverflow.com/questions/58370217,dengsinkiang/sk-admin/sk-system/src/main/java/com/dxj/config/ConfigurerAdapter.java,corsFilter,29,39,58370217/58370217_2_recent.java,method,1,45,CLONE,TYPE_1,29,39,3,13,1.0000,0.2482,0.2482,0.2482,1.0000,,HIGH,A complete fragment occurs verbatim after removing comments and layout.,NO,BALANCED_TOKEN_SEQUENCE,BALANCED_TOKEN_SEQUENCE,7b9d7d9c7828d1e70460479d581f37cc92d74331bb76a616989f7268f8455355,e5d1a9afc2e2c93478994f4bf08bfa6d0f75d4850cc19d2718ea81477a23b239,CLONE,TYPE_1,,2026-07-31T07:38:13.687Z
119,denzilferreira,https://stackoverflow.com/questions/6788456,denzilferreira/aware-client/aware-core/src/main/java/com/aware/utils/Encrypter.java,encrypt,235,241,6788456/6788456_2_209269621.java,method,1,15,CLONE,TYPE_1,235,241,1,7,1.0000,0.5000,0.5000,0.5000,1.0000,,HIGH,A complete fragment occurs verbatim after removing comments and layout.,NO,BALANCED_TOKEN_SEQUENCE,BALANCED_TOKEN_SEQUENCE,d8a39da485f4a12095df3f2a66c4d28e93c939f15edb5991a185267b7a15d910,74f46c7469a8cac7109a15523ed82392e977e8a3cf42ee80f9b285753a74b4dd,CLONE,TYPE_1,,2026-07-31T07:38:21.504Z
120,denzilferreira,https://stackoverflow.com/questions/6788456,denzilferreira/aware-client/aware-core/src/main/java/com/aware/utils/Encrypter.java,decrypt,243,249,6788456/6788456_2_209269621.java,method,1,15,CLONE,TYPE_1,243,249,9,15,1.0000,0.5000,0.5000,0.5000,1.0000,,HIGH,A complete fragment occurs verbatim after removing comments and layout.,NO,BALANCED_TOKEN_SEQUENCE,BALANCED_TOKEN_SEQUENCE,de441619e62e706439944809e5cd53463b286818127fbecc01170c9e7c4af4dc,74f46c7469a8cac7109a15523ed82392e977e8a3cf42ee80f9b285753a74b4dd,CLONE,TYPE_1,,2026-07-31T07:38:27.771Z
266,devil-chen,https://stackoverflow.com/questions/52144662,devil-chen/dvmediaselector/library/src/main/java/com/devil/library/camera/util/FileUtil.java,isExternalStorageWritable,63,69,52144662/52144662_2_181397043.java,method,1,97,CLONE,TYPE_3,64,69,91,96,0.8571,0.0674,0.0427,0.0427,0.8571,,MEDIUM,"A substantial ordered core of normalized statements was found with additions, deletions, or changes.",YES,BALANCED_TOKEN_SEQUENCE,TOKEN_FALLBACK,65205c2515cc5fd8fb23caaad2b8c35640f4ea11ee042955a3359f2b246947bb,a0a758e1acec5e8c1d447e3e9ee771b74b0365261c507f2efafa3d7c2c5fe1b6,,,,
41,devs-immortal,https://stackoverflow.com/questions/65112087,devs-immortal/the-aether/src/main/java/net/id/paradiselost/util/UncheckedWriter.java,close,16,23,65112087/65112087_2_236114933.java,method,1,14,CLONE,TYPE_3,18,23,6,12,0.8750,0.5385,0.2842,0.3118,0.8750,,MEDIUM,"A substantial ordered core of normalized statements was found with additions, deletions, or changes.",YES,BALANCED_TOKEN_SEQUENCE,BALANCED_TOKEN_SEQUENCE,73aca367715d7ef37575a4f33ac6d12b976ab0e0d9e180aaacff11a8a411bba2,bfd25b0cefc5ac3560bffbf7a591dd233b12e23d2be9c87d4c4896c653822424,,,,
397,dietzm,https://stackoverflow.com/questions/10967469,dietzm/gcodeinfo/GCodeInfo/src/de/dietzm/gcodesim/GcodeSimulator.java,openWebpage,655,664,10967469/10967469_2_recent.java,method,1,20,CLONE,TYPE_3,655,664,1,20,1.0000,0.5000,0.5913,0.6053,1.0000,,MEDIUM,"A substantial ordered core of normalized statements was found with additions, deletions, or changes.",YES,BALANCED_TOKEN_SEQUENCE,BALANCED_TOKEN_SEQUENCE,010b326fa2f74ea8e92ebab21ed7302668a394dae9e0010a51aa1f1469c5f450,3e7c4f1fe341b28f8fb308d941f5cb447f4d319342bdc4042123583b93fb5bde,,,,
675,dnmilne,https://stackoverflow.com/questions/138950,dnmilne/wikipediaminer/wikipedia-miner-web/src/main/java/org/wikipedia/miner/web/util/CharsetFilter.java,doFilter,22,38,138950/138950_6_recent.java,doFilter,15,28,CLONE,TYPE_3,22,38,15,28,0.8333,0.6250,0.9672,0.9672,0.8333,,MEDIUM,"A substantial ordered core of normalized statements was found with additions, deletions, or changes.",YES,BALANCED_TOKEN_SEQUENCE,BALANCED_TOKEN_SEQUENCE,b96b95434d85d84def1eecf20c10d36b472ebff08e9bd8865ef2c6a1525e72e8,d13c84a180982572d1066c2f29a6712b50c17cfe70cb9136c73249bb731e1960,,,,
722,dockstore,https://stackoverflow.com/questions/61006461,dockstore/dockstore/dockstore-webservice/src/main/java/io/dockstore/webservice/resources/rss/RSSWriter.java,createNode,71,82,61006461/61006461_2_recent.java,method,1,96,NOT_CLONE,,,,,,0.8889,0.1270,0.1189,0.1189,0.8889,,MEDIUM,No Type I/II containment or substantial ordered statement core was found.,NO,BALANCED_TOKEN_SEQUENCE,TOKEN_FALLBACK,da52973ae8063eea61c2483eb7575cfa5df08ba6a45c3dabba15390939d5b1e5,291e635c0c10e349da1f9c6190e86488836fcc7bf88d5b7f39ad7080b7671774,,,,
786,dougkeen,https://stackoverflow.com/questions/27287511,dougkeen/bartrunnerandroid/app/src/main/java/com/dougkeen/util/WakeLocker.java,acquire,11,21,27287511/27287511_2_79053914.java,method,1,18,UNCERTAIN,,,,,,0.8333,0.3846,0.5254,0.5789,0.8333,,LOW,Similarity is suggestive but does not satisfy the conservative Type III rule.,YES,BALANCED_TOKEN_SEQUENCE,BALANCED_TOKEN_SEQUENCE,73d6f6ae5b9bf1ad61d277ae2cd8261274c1bbe2b8a8e9cbcd94b82f288a4bc3,9b1431594507a36dc21f95ea538242f1b082c40a49ce0ac9124671a38a37fc4a,,,,
601,douglascraigschmidt,https://stackoverflow.com/questions/27644392,douglascraigschmidt/livelessons/Folders/ParallelStreams/src/main/resources/works/LiveLessons/Java8/ex25/src/utils/ExceptionUtils.java,rethrowRunnable,57,65,27644392/27644392_4_103987644.java,method,1,67,NOT_CLONE,,,,,,0.8182,0.0989,0.0690,0.0731,0.8182,,MEDIUM,No Type I/II containment or substantial ordered statement core was found.,NO,BALANCED_TOKEN_SEQUENCE,TOKEN_FALLBACK,e431c4d08a211ce5bce8f70af59360aa23782ea3aca21f5859cc998ae1ed0e24,d87dd3880797c70a30cba36f9d5e15e0cccafc72da9307a207b6b8a88825d8df,,,,
602,douglascraigschmidt,https://stackoverflow.com/questions/27644392,douglascraigschmidt/livelessons/Java8/ex25/src/main/java/utils/ExceptionUtils.java,rethrowRunnable,57,65,27644392/27644392_4_103987644.java,method,1,67,NOT_CLONE,,,,,,0.8182,0.0989,0.0690,0.0731,0.8182,,MEDIUM,No Type I/II containment or substantial ordered statement core was found.,NO,BALANCED_TOKEN_SEQUENCE,TOKEN_FALLBACK,e431c4d08a211ce5bce8f70af59360aa23782ea3aca21f5859cc998ae1ed0e24,d87dd3880797c70a30cba36f9d5e15e0cccafc72da9307a207b6b8a88825d8df,,,,
423,dragome,https://stackoverflow.com/questions/29866762,dragome/dragome-sdk/dragome-js-jre/src/main/java/java/util/ComparableTimSort.java,sort,149,193,29866762/29866762_2_89013107.java,method,1,40,CLONE,TYPE_3,151,193,4,40,0.7500,0.7500,0.7393,0.7668,0.7500,,MEDIUM,"A substantial ordered core of normalized statements was found with additions, deletions, or changes.",YES,BALANCED_TOKEN_SEQUENCE,BALANCED_TOKEN_SEQUENCE,f8f61d9f613e3c36fb1eff6ef9119967fbd04eb7198b204f2bf22b26e2b24bdb,f2d6cbd0090a5f2d602e8ecb6f9e7d1f017c9b1874ab1fd7662f6c775d2ff52c,,,,
424,dragome,https://stackoverflow.com/questions/29866762,dragome/dragome-sdk/dragome-js-jre/src/main/java/java/util/TimSort.java,sort,176,225,29866762/29866762_2_89013107.java,method,1,40,CLONE,TYPE_3,183,225,4,40,0.7812,0.8929,0.8433,0.8642,0.8929,,MEDIUM,"A substantial ordered core of normalized statements was found with additions, deletions, or changes.",YES,BALANCED_TOKEN_SEQUENCE,BALANCED_TOKEN_SEQUENCE,596930f4e3cc492d342085dc9a7f2eff94523119d4668d9de06935572ddbfd68,f2d6cbd0090a5f2d602e8ecb6f9e7d1f017c9b1874ab1fd7662f6c775d2ff52c,,,,
425,dragome,https://stackoverflow.com/questions/16799135,dragome/dragome-sdk/dragome-js-jre/src/main/java/java/util/Timer.java,sched,396,424,16799135/16799135_10_41317480.java,method,1,23,CLONE,TYPE_1,396,424,1,23,1.0000,1.0000,1.0000,1.0000,1.0000,,HIGH,A complete fragment occurs verbatim after removing comments and layout.,NO,BALANCED_TOKEN_SEQUENCE,BALANCED_TOKEN_SEQUENCE,7ecd75e83ccb8a57ad29c1c03f52d9e56a6a1662876a38347d2d88face8c381c,b12229d17fef9aacb11c9f5c8ef437018af7c1106c85e26950e4e34a497e3664,CLONE,TYPE_1,,2026-07-31T07:38:32.888Z
426,dragome,https://stackoverflow.com/questions/55728841,dragome/dragome-sdk/dragome-js-jre/src/main/java/java/io/PrintStream.java,write,80,90,55728841/55728841_2_recent.java,method,1,37,NOT_CLONE,,,,,,0.7500,0.1395,0.1775,0.1826,0.7500,,MEDIUM,No Type I/II containment or substantial ordered statement core was found.,NO,BALANCED_TOKEN_SEQUENCE,BALANCED_TOKEN_SEQUENCE,f31f3116ba64e4b83739ecfd1b434aab42002d91c4ead3672505940027c3e9e8,63cdac3ad37a46284271ebca9690d4cd3c9fff7b389dda71d72dc21d8969dfe7,,,,
101,dragon66,https://stackoverflow.com/questions/28458368,dragon66/icafe/src/com/icafe4j/test/TestMetadata.java,printMetadata,282,291,28458368/28458368_4_recent.java,method,1,35,CLONE,TYPE_3,282,291,25,35,0.9000,0.3000,0.3588,0.3588,0.9000,,MEDIUM,"A substantial ordered core of normalized statements was found with additions, deletions, or changes.",YES,BALANCED_TOKEN_SEQUENCE,BALANCED_TOKEN_SEQUENCE,a8160948bbb8fb58185fd280bd354f1bd3695e917a407ae1716dc01a73ffc380,65a9474ff52e3acd8d30f6f043ffa03ecb81dbd5093760740a1bc1eb6a5dff98,,,,
323,drjia,https://stackoverflow.com/questions/52144662,drjia/androidlogcollector/LogCollector/src/com/qihoo/linker/logcollector/utils/LogCollectorUtility.java,isSDcardExsit,71,77,52144662/52144662_2_181397043.java,method,1,97,CLONE,TYPE_3,72,77,91,96,0.8571,0.0674,0.0414,0.0427,0.8571,,MEDIUM,"A substantial ordered core of normalized statements was found with additions, deletions, or changes.",YES,BALANCED_TOKEN_SEQUENCE,TOKEN_FALLBACK,56e77b6db353c01dc748112951d1df1e14157ba7a2e9bfaaac19e48c332a339e,a0a758e1acec5e8c1d447e3e9ee771b74b0365261c507f2efafa3d7c2c5fe1b6,,,,
694,dromara,https://stackoverflow.com/questions/60266789,dromara/hodor/hodor-common/src/main/java/org/dromara/hodor/common/utils/BytesUtil.java,toHex,148,159,60266789/60266789_2_recent.java,method,1,13,CLONE,TYPE_3,149,159,3,13,0.8571,0.8000,0.8347,0.8814,0.8571,,MEDIUM,"A substantial ordered core of normalized statements was found with additions, deletions, or changes.",YES,BALANCED_TOKEN_SEQUENCE,BALANCED_TOKEN_SEQUENCE,73b3bb0925d758d97c482e3dad31ace544411b839fd59f6ec32bebadfc681c83,f5d0f99e551986ab714a5c9071b6dfd07fd610c30bde3c0915af92838cb3e23c,,,,
642,dsibournemouth,https://stackoverflow.com/questions/10774468,dsibournemouth/autoweka/weka-3.7.7/src/main/java/weka/core/NormalizableDistance.java,distance,396,463,10774468/10774468_2_recent.java,method,1,95,CLONE,TYPE_1,396,463,28,95,1.0000,0.8338,0.8338,0.8338,1.0000,,HIGH,A complete fragment occurs verbatim after removing comments and layout.,NO,BALANCED_TOKEN_SEQUENCE,BALANCED_TOKEN_SEQUENCE,2cb96c2d0998fcbd598ec57ec51a69aa0232eab3a15ba5f0e75cf8a739bb901c,9e35989053f2b78c393b8d44a521b67ef3f11a117e544bcdd9ee1cca1d7b40cf,CLONE,TYPE_1,,2026-07-31T07:38:45.754Z
107,dunwu,https://stackoverflow.com/questions/58496526,dunwu/spring-tutorial/codes/integration/mq/spring-boot-mq-kafka/src/test/java/io/github/dunwu/springboot/SpringKafkaTest.java,createTemplate,82,88,58496526/58496526_2_207696359.java,method,1,19,NOT_CLONE,,,,,,0.5000,0.1667,0.2917,0.3053,0.5000,,MEDIUM,No Type I/II containment or substantial ordered statement core was found.,NO,BALANCED_TOKEN_SEQUENCE,BALANCED_TOKEN_SEQUENCE,608d70cb323b7afa8c3963ff00ab11d8a79aecc47ef8d46cba7d2dedb22a948f,b26333b10302a66855318ea04f8ffbafa958357f96ed8c1628d70d34c98c9a0f,,,,
412,ebay,https://stackoverflow.com/questions/13731858,ebay/yidb/cms-core/web/src/test/java/com/ebay/cloud/cms/web/RunTestServer.java,run,180,187,13731858/13731858_2_recent.java,method,1,19,CLONE,TYPE_3,180,187,5,19,0.8889,0.4706,0.3837,0.4167,0.8889,,MEDIUM,"A substantial ordered core of normalized statements was found with additions, deletions, or changes.",YES,BALANCED_TOKEN_SEQUENCE,TOKEN_FALLBACK,9dc62dbd1320eb286e209539d87e7d9810ec2a9c9a31d41450966af63d11b2c9,96653e14bd95fd8dcc44b5f6d922a0a1d68921d3812d2b418e6edfe9e3bc84d9,,,,
167,eclipse-cognicrypt,https://stackoverflow.com/questions/13329885,eclipse-cognicrypt/cognicrypt/plugins/de.cognicrypt.staticanalyzer/src/de/cognicrypt/staticanalyzer/view/StatisticsView.java,createTableViewerColumn,219,227,13329885/13329885_2_recent.java,method,1,154,NOT_CLONE,,,,,,0.7778,0.0614,0.0918,0.0918,0.7778,,MEDIUM,No Type I/II containment or substantial ordered statement core was found.,NO,BALANCED_TOKEN_SEQUENCE,BALANCED_TOKEN_SEQUENCE,a2596b2e85a16624debdb8615c82c69e50968b8981d161d2bacfbec82718b5f3,f5ae0a20b933e6e7207085878e8446ebe2f770b2f9ea5c50cf63e5d94245bcab,,,,
540,eclipse-ee4j,https://stackoverflow.com/questions/4429257,eclipse-ee4j/yasson/src/main/java/org/eclipse/yasson/internal/properties/Messages.java,newBundle,73,101,4429257/4429257_2_9347476.java,newBundle,2,32,CLONE,TYPE_3,73,101,2,32,0.9643,0.9643,0.9877,0.9877,0.9643,,MEDIUM,"A substantial ordered core of normalized statements was found with additions, deletions, or changes.",YES,BALANCED_TOKEN_SEQUENCE,BALANCED_TOKEN_SEQUENCE,361d13503e62eeec2176bdfe41fa9a8e3ce9381ee387dd99282feefd7949ca05,c219b187dd01b975e3a79d596f983c3128f58ccf761e0fdc7fa4f3adb7546fa2,,,,
541,eclipse-ee4j,https://stackoverflow.com/questions/12646338,eclipse-ee4j/jersey/containers/simple-http/src/test/java/org/glassfish/jersey/simple/ParallelTest.java,sleep,65,71,12646338/12646338_8_recent.java,run,27,41,CLONE,TYPE_3,66,71,29,41,0.8750,0.5000,0.5116,0.5663,0.8750,,MEDIUM,"A substantial ordered core of normalized statements was found with additions, deletions, or changes.",YES,BALANCED_TOKEN_SEQUENCE,BALANCED_TOKEN_SEQUENCE,7ff9a24fc5b7188c894926073409ccb96b8fe9a56787d75441be8ef81563194c,62efcdf9026ea63d9dcdae1323976760d9eaea14e8d926891fd69d07ee457fc8,,,,
542,eclipse-ee4j,https://stackoverflow.com/questions/32484638,eclipse-ee4j/jersey/core-server/src/main/java/org/glassfish/jersey/server/filter/RolesAllowedDynamicFeature.java,filter,111,126,32484638/32484638_2_recent.java,method,1,63,CLONE,TYPE_3,111,126,42,63,0.8462,0.2200,0.2531,0.2688,0.8462,,MEDIUM,"A substantial ordered core of normalized statements was found with additions, deletions, or changes.",YES,BALANCED_TOKEN_SEQUENCE,TOKEN_FALLBACK,0ed85b7fc9bdc1dcbccbfbbb431131edf6f00cbf594d220dd4f593445dc1c707,fe8bc46e812e4e7e471d28f7f7e1f829c7de74ca27ce079e7376cbdc2a640e2a,,,,
543,eclipse-ee4j,https://stackoverflow.com/questions/12646338,eclipse-ee4j/jersey/connectors/grizzly-connector/src/test/java/org/glassfish/jersey/grizzly/connector/ParallelTest.java,sleep,70,76,12646338/12646338_8_recent.java,run,27,41,CLONE,TYPE_3,71,76,29,41,0.8750,0.5000,0.5116,0.5663,0.8750,,MEDIUM,"A substantial ordered core of normalized statements was found with additions, deletions, or changes.",YES,BALANCED_TOKEN_SEQUENCE,BALANCED_TOKEN_SEQUENCE,7ff9a24fc5b7188c894926073409ccb96b8fe9a56787d75441be8ef81563194c,62efcdf9026ea63d9dcdae1323976760d9eaea14e8d926891fd69d07ee457fc8,,,,
544,eclipse-ee4j,https://stackoverflow.com/questions/12646338,eclipse-ee4j/jersey/connectors/helidon-connector/src/test/java/org/glassfish/jersey/helidon/connector/ParallelTest.java,sleep,69,75,12646338/12646338_8_recent.java,run,27,41,CLONE,TYPE_3,70,75,29,41,0.8750,0.5000,0.5116,0.5663,0.8750,,MEDIUM,"A substantial ordered core of normalized statements was found with additions, deletions, or changes.",YES,BALANCED_TOKEN_SEQUENCE,BALANCED_TOKEN_SEQUENCE,7ff9a24fc5b7188c894926073409ccb96b8fe9a56787d75441be8ef81563194c,62efcdf9026ea63d9dcdae1323976760d9eaea14e8d926891fd69d07ee457fc8,,,,
545,eclipse-ee4j,https://stackoverflow.com/questions/12646338,eclipse-ee4j/jersey/connectors/netty-connector/src/test/java/org/glassfish/jersey/netty/connector/ParallelTest.java,sleep,69,75,12646338/12646338_8_recent.java,run,27,41,CLONE,TYPE_3,70,75,29,41,0.8750,0.5000,0.5116,0.5663,0.8750,,MEDIUM,"A substantial ordered core of normalized statements was found with additions, deletions, or changes.",YES,BALANCED_TOKEN_SEQUENCE,BALANCED_TOKEN_SEQUENCE,7ff9a24fc5b7188c894926073409ccb96b8fe9a56787d75441be8ef81563194c,62efcdf9026ea63d9dcdae1323976760d9eaea14e8d926891fd69d07ee457fc8,,,,
140,eclipse-jdt,https://stackoverflow.com/questions/19648723,eclipse-jdt/eclipse.jdt.core/org.eclipse.jdt.core.tests.model/workspace/Formatter/test086/A_out.java,isZero,3,13,19648723/19648723_1_recent.java,method,1,20,NOT_CLONE,,,,,,0.8750,0.2917,0.2574,0.2700,0.8750,,MEDIUM,No Type I/II containment or substantial ordered statement core was found.,NO,BALANCED_TOKEN_SEQUENCE,BALANCED_TOKEN_SEQUENCE,a44aea59612fadee56af3b7704624915609eb8f5aeb7cc1788497dea2f763e3b,34b40878795f7fd4e1ea4eb7bfce142a71629c0251195a646c7f0bd7c6dd1bbc,,,,
280,eclipse-platform,https://stackoverflow.com/questions/41588054,eclipse-platform/eclipse.platform.swt/examples/org.eclipse.swt.snippets/src/org/eclipse/swt/snippets/Snippet230.java,main,35,89,41588054/41588054_2_recent.java,method,1,64,CLONE,TYPE_3,35,89,1,64,0.9310,0.9474,0.9009,0.9220,0.9474,,MEDIUM,"A substantial ordered core of normalized statements was found with additions, deletions, or changes.",YES,BALANCED_TOKEN_SEQUENCE,BALANCED_TOKEN_SEQUENCE,0a56cd6168d05c2439a944b27f8ded4344a2c58a9966593148987a85787564dc,a495e28eae97ecee06ada0ea6dfd04017f4b79dea128b133a06112f9f4b0b2be,,,,
281,eclipse-platform,https://stackoverflow.com/questions/41588054,eclipse-platform/eclipse.platform.swt/tests/org.eclipse.swt.tests.gtk/ManualTests/org/eclipse/swt/tests/gtk/snippets/Bug299045_TableLines.java,main,24,102,41588054/41588054_2_135725905.java,method,1,65,CLONE,TYPE_3,24,102,1,65,0.7536,0.8667,0.7889,0.8721,0.8667,,MEDIUM,"A substantial ordered core of normalized statements was found with additions, deletions, or changes.",YES,BALANCED_TOKEN_SEQUENCE,BALANCED_TOKEN_SEQUENCE,acb9a77d7ed2860146d532c6ecbb93ae0a8d197840c475e371e4f31edea02c84,62cf9631ea36d78283909a9f57e45faee97618509b35b29da73b89a569065f08,,,,
282,eclipse-platform,https://stackoverflow.com/questions/56297618,eclipse-platform/eclipse.platform.swt/tests/org.eclipse.swt.tests.gtk/ManualTests/org/eclipse/swt/tests/gtk/snippets/Bug528691_StyledTextNull.java,main,32,51,56297618/56297618_2_recent.java,main,6,49,NOT_CLONE,,,,,,1.0000,0.3125,0.3302,0.3604,1.0000,,MEDIUM,No Type I/II containment or substantial ordered statement core was found.,NO,BALANCED_TOKEN_SEQUENCE,BALANCED_TOKEN_SEQUENCE,645b0b43c752ad4996c4f64af6addfe7071da296c19b2f2f6e36f566e7cd115f,344c135bdc05e05f85d9c27d34d7d14064eda6b0d1864381867741f7bc1a96bb,,,,
473,eclipse,https://stackoverflow.com/questions/12738229,eclipse/deeplearning4j/deeplearning4j/deeplearning4j-modelimport/src/main/java/org/deeplearning4j/nn/modelimport/keras/preprocessing/text/KerasTokenizer.java,reverseSortByValues,227,241,12738229/12738229_2_30063703.java,sortByValue,5,21,CLONE,TYPE_3,228,241,6,21,0.8824,0.8824,0.8372,0.9152,0.8824,,MEDIUM,"A substantial ordered core of normalized statements was found with additions, deletions, or changes.",YES,BALANCED_TOKEN_SEQUENCE,BALANCED_TOKEN_SEQUENCE,4acd02faa2c1940e599f9e80ad807154535ba7a8a19b0dc8b462c9dbecfa3be6,6eb7fa30fd9ae7582c1ab241a3dd5d0b6926e5fb5f1b424636721212d5b17a0c,,,,
474,eclipse,https://stackoverflow.com/questions/453067,eclipse/deeplearning4j/nd4j/nd4j-common/src/main/java/org/nd4j/common/util/InputStreamUtil.java,countLines,36,56,453067/453067_2_recent.java,method,1,20,CLONE,TYPE_3,36,56,1,20,1.0000,0.9565,0.8846,0.8992,1.0000,,MEDIUM,"A substantial ordered core of normalized statements was found with additions, deletions, or changes.",YES,BALANCED_TOKEN_SEQUENCE,BALANCED_TOKEN_SEQUENCE,c6ef303c89a90f348a39d0404ce6fc3c7a328ae898cb4a8f7b39c5aef522539e,50adf61ebdca4f0974f96d3657ce7cc2318aba152f1e396352f03c105a987f42,,,,
475,eclipse,https://stackoverflow.com/questions/59664498,eclipse/packagedrone/testing/server-test/src/test/java/org/eclipse/packagedrone/testing/server/TestSuite.java,stopClient,129,136,59664498/59664498_2_recent.java,method,1,68,NOT_CLONE,,,,,,1.0000,0.0943,0.0604,0.0632,1.0000,,MEDIUM,No Type I/II containment or substantial ordered statement core was found.,NO,BALANCED_TOKEN_SEQUENCE,BALANCED_TOKEN_SEQUENCE,31cf50bc4b094ccdd3043c8eced8ed3725da64dfb43b2a6b6944a54b012fcc02,d189ac23b570433f4a4be0e0e8d05bd0c002cd4470213fac1b803667eb5b5698,,,,
242,elastic,https://stackoverflow.com/questions/33561612,elastic/elasticsearch/server/src/test/java/org/elasticsearch/cluster/service/TaskExecutorTests.java,run,193,200,33561612/33561612_2_recent.java,method,1,33,NOT_CLONE,,,,,,0.8750,0.2500,0.1657,0.1788,0.8750,,MEDIUM,No Type I/II containment or substantial ordered statement core was found.,NO,BALANCED_TOKEN_SEQUENCE,TOKEN_FALLBACK,211a9110e914476268a9f53b0c482977b9e954498199b8188cc37541d50a21d6,3f06c9271458533d7554ee99988b3cf1b1b5852312c3bb4835fda325781c9e12,,,,
720,elunez,https://stackoverflow.com/questions/58370217,elunez/eladmin/eladmin-system/src/main/java/me/zhengjie/config/ConfigurerAdapter.java,corsFilter,52,62,58370217/58370217_2_recent.java,method,1,45,CLONE,TYPE_2,52,62,3,13,1.0000,0.2482,0.2437,0.2482,1.0000,,HIGH,A complete fragment has identical normalized syntax with consistent identifier mapping.,NO,BALANCED_TOKEN_SEQUENCE,BALANCED_TOKEN_SEQUENCE,bf04fbda56115c6b48d522b73503585ad6175d3dab7916db745c3c5cfe408c5a,e5d1a9afc2e2c93478994f4bf08bfa6d0f75d4850cc19d2718ea81477a23b239,CLONE,TYPE_3,,2026-07-31T07:49:55.880Z
685,emmanuelbernard,https://stackoverflow.com/questions/9293885,emmanuelbernard/hibernate-core-ogm/hibernate-core/src/matrix/java/org/hibernate/test/mappingexception/MappingExceptionTest.java,copy,245,256,9293885/9293885_2_recent.java,method,1,18,CLONE,TYPE_3,246,256,4,18,0.9000,0.4737,0.7677,0.7677,0.9000,,MEDIUM,"A substantial ordered core of normalized statements was found with additions, deletions, or changes.",YES,BALANCED_TOKEN_SEQUENCE,BALANCED_TOKEN_SEQUENCE,093c5e2cb381bce57c2814ea45d85b96ad91bbad97152c9dbc65e1167abef6ff,2a7bfcda094a8dd312bb8740fe545d7bdce7f2ed7470f4dafaef302a58f8d157,,,,
775,encryptedsystems,https://stackoverflow.com/questions/14676464,encryptedsystems/clusion/src/main/java/org/crypto/sse/TextProc.java,listf,86,98,14676464/14676464_2_recent.java,method,1,15,CLONE,TYPE_3,87,98,2,14,0.8333,0.7692,0.8913,0.9121,0.8333,,MEDIUM,"A substantial ordered core of normalized statements was found with additions, deletions, or changes.",YES,BALANCED_TOKEN_SEQUENCE,TOKEN_FALLBACK,d688d36fdb81e1e61c2edb62dc46ad73bd9b14438db865dcc3f1bcbc2174000c,a238d91856fd9ff5856afef1a10724fc97d14a06e3ebbb6bd3603f6a21eef9c8,,,,
657,essexuniversitymcts,https://stackoverflow.com/questions/24127188,essexuniversitymcts/gvgai/clients/GVGAI-JavaClient/src/utils/com/google/gson/Gson.java,read,279,285,24127188/24127188_2_recent.java,method,1,32,CLONE,TYPE_3,280,285,23,32,0.7143,0.1471,0.1494,0.1628,0.7143,,MEDIUM,"A substantial ordered core of normalized statements was found with additions, deletions, or changes.",YES,BALANCED_TOKEN_SEQUENCE,BALANCED_TOKEN_SEQUENCE,3f8d8ffbe62a7ccda3f52f9c1b8562df037cb501b72d0d269d6fffa494056b63,9c613d25f05a3f7b48a39ccdb5a2a629fa527c6ff199f86249eeef159d142f85,,,,
658,essexuniversitymcts,https://stackoverflow.com/questions/24127188,essexuniversitymcts/gvgai/clients/GVGAI-JavaClient/src/utils/com/google/gson/Gson.java,read,335,341,24127188/24127188_2_recent.java,method,1,32,CLONE,TYPE_3,336,341,23,32,0.7143,0.1471,0.1494,0.1628,0.7143,,MEDIUM,"A substantial ordered core of normalized statements was found with additions, deletions, or changes.",YES,BALANCED_TOKEN_SEQUENCE,BALANCED_TOKEN_SEQUENCE,97c9383981f9db44c54d1537c6eea9daba38d16b57f5257de6ac0f152202f371,9c613d25f05a3f7b48a39ccdb5a2a629fa527c6ff199f86249eeef159d142f85,,,,
659,essexuniversitymcts,https://stackoverflow.com/questions/24127188,essexuniversitymcts/gvgai/clients/GVGAI-JavaClient/src/utils/com/google/gson/internal/bind/TypeAdapters.java,read,330,337,24127188/24127188_2_recent.java,method,1,32,CLONE,TYPE_3,332,337,23,32,0.7143,0.1471,0.1494,0.1628,0.7143,,MEDIUM,"A substantial ordered core of normalized statements was found with additions, deletions, or changes.",YES,BALANCED_TOKEN_SEQUENCE,BALANCED_TOKEN_SEQUENCE,433982177748dfab48b10d1cab6d0c9f5d593b1abcd6b98bead336034ae8d380,9c613d25f05a3f7b48a39ccdb5a2a629fa527c6ff199f86249eeef159d142f85,,,,
660,essexuniversitymcts,https://stackoverflow.com/questions/24127188,essexuniversitymcts/gvgai/clients/GVGAI-JavaClient/src/utils/com/google/gson/internal/bind/TypeAdapters.java,read,794,800,24127188/24127188_2_recent.java,method,1,32,CLONE,TYPE_3,795,800,23,32,0.8571,0.1765,0.1776,0.1822,0.8571,,MEDIUM,"A substantial ordered core of normalized statements was found with additions, deletions, or changes.",YES,BALANCED_TOKEN_SEQUENCE,BALANCED_TOKEN_SEQUENCE,e2b84f18fa70eedcca8ead54ed11081084d146ce9afd7e428679297ce15de7d0,9c613d25f05a3f7b48a39ccdb5a2a629fa527c6ff199f86249eeef159d142f85,,,,
661,essexuniversitymcts,https://stackoverflow.com/questions/24127188,essexuniversitymcts/gvgai/src/tools/com/google/gson/Gson.java,read,279,285,24127188/24127188_2_recent.java,method,1,32,CLONE,TYPE_3,280,285,23,32,0.7143,0.1471,0.1494,0.1628,0.7143,,MEDIUM,"A substantial ordered core of normalized statements was found with additions, deletions, or changes.",YES,BALANCED_TOKEN_SEQUENCE,BALANCED_TOKEN_SEQUENCE,3f8d8ffbe62a7ccda3f52f9c1b8562df037cb501b72d0d269d6fffa494056b63,9c613d25f05a3f7b48a39ccdb5a2a629fa527c6ff199f86249eeef159d142f85,,,,
662,essexuniversitymcts,https://stackoverflow.com/questions/24127188,essexuniversitymcts/gvgai/src/tools/com/google/gson/Gson.java,read,335,341,24127188/24127188_2_recent.java,method,1,32,CLONE,TYPE_3,336,341,23,32,0.7143,0.1471,0.1494,0.1628,0.7143,,MEDIUM,"A substantial ordered core of normalized statements was found with additions, deletions, or changes.",YES,BALANCED_TOKEN_SEQUENCE,BALANCED_TOKEN_SEQUENCE,97c9383981f9db44c54d1537c6eea9daba38d16b57f5257de6ac0f152202f371,9c613d25f05a3f7b48a39ccdb5a2a629fa527c6ff199f86249eeef159d142f85,,,,
663,essexuniversitymcts,https://stackoverflow.com/questions/24127188,essexuniversitymcts/gvgai/src/tools/com/google/gson/internal/bind/TypeAdapters.java,read,330,337,24127188/24127188_2_recent.java,method,1,32,CLONE,TYPE_3,332,337,23,32,0.7143,0.1471,0.1494,0.1628,0.7143,,MEDIUM,"A substantial ordered core of normalized statements was found with additions, deletions, or changes.",YES,BALANCED_TOKEN_SEQUENCE,BALANCED_TOKEN_SEQUENCE,433982177748dfab48b10d1cab6d0c9f5d593b1abcd6b98bead336034ae8d380,9c613d25f05a3f7b48a39ccdb5a2a629fa527c6ff199f86249eeef159d142f85,,,,
664,essexuniversitymcts,https://stackoverflow.com/questions/24127188,essexuniversitymcts/gvgai/src/tools/com/google/gson/internal/bind/TypeAdapters.java,read,794,800,24127188/24127188_2_recent.java,method,1,32,CLONE,TYPE_3,795,800,23,32,0.8571,0.1765,0.1776,0.1822,0.8571,,MEDIUM,"A substantial ordered core of normalized statements was found with additions, deletions, or changes.",YES,BALANCED_TOKEN_SEQUENCE,BALANCED_TOKEN_SEQUENCE,e2b84f18fa70eedcca8ead54ed11081084d146ce9afd7e428679297ce15de7d0,9c613d25f05a3f7b48a39ccdb5a2a629fa527c6ff199f86249eeef159d142f85,,,,
171,eternita,https://stackoverflow.com/questions/52148106,eternita/frontcache/frontcache-console/src/main/java/org/frontcache/console/config/WebMVCConfig.java,viewResolver,88,96,52148106/52148106_4_181012547.java,method,1,13,CLONE,TYPE_1,88,96,5,12,1.0000,0.7288,0.7288,0.7288,1.0000,,HIGH,A complete fragment occurs verbatim after removing comments and layout.,NO,BALANCED_TOKEN_SEQUENCE,BALANCED_TOKEN_SEQUENCE,7f279ce1bd21fc3912d7889087d8ccea7587d6c0dac666b2ab92cbfd5b7f2340,138171008c927af08327a9ceef6bacfd9772f1248905d4ed6754ebf6aa7acb4b,CLONE,TYPE_1,,2026-07-31T07:38:57.604Z
172,eternita,https://stackoverflow.com/questions/52148106,eternita/frontcache/examples/frontcache-spring/src/main/java/org/frontcache/example/WebConfig.java,viewResolver,27,33,52148106/52148106_4_181012547.java,method,1,13,CLONE,TYPE_3,27,33,5,13,1.0000,0.6667,0.5500,0.5763,1.0000,,MEDIUM,"A substantial ordered core of normalized statements was found with additions, deletions, or changes.",YES,BALANCED_TOKEN_SEQUENCE,BALANCED_TOKEN_SEQUENCE,7921e654657cb5882f2bf1268e72d2d8915a5704bc231b6b751ac9a6dedd4850,138171008c927af08327a9ceef6bacfd9772f1248905d4ed6754ebf6aa7acb4b,,,,
619,eugenp,https://stackoverflow.com/questions/34717151,eugenp/tutorials/libraries-server/src/main/java/com/baeldung/netty/NettyServer.java,run,30,48,34717151/34717151_6_recent.java,method,1,60,NOT_CLONE,,,,,,0.8421,0.3265,0.4232,0.4426,0.8421,,MEDIUM,No Type I/II containment or substantial ordered statement core was found.,NO,BALANCED_TOKEN_SEQUENCE,BALANCED_TOKEN_SEQUENCE,e1ad58fa72e5434f8bf79236add7faa6164e7833feca6e4d2a91b9c1dc01b193,8a238578ec0e00a03426375c0226620d4cad69049af1ab6735040ee43a7861e2,,,,
620,eugenp,https://stackoverflow.com/questions/13730854,eugenp/tutorials/spring-boot-modules/spring-boot-properties/src/main/java/com/baeldung/properties/spring/PropertySourcesPlaceholderConfig.java,properties,15,22,13730854/13730854_2_recent.java,method,1,10,CLONE,TYPE_3,15,22,1,10,0.8889,1.0000,0.8654,0.8654,1.0000,,MEDIUM,"A substantial ordered core of normalized statements was found with additions, deletions, or changes.",YES,BALANCED_TOKEN_SEQUENCE,BALANCED_TOKEN_SEQUENCE,ea20e0696e8455c998c9788ee9905a3408938a33d806447360dc95f23a03fb06,2b8bba5b2588e10e07174bcc7f26aef07fa11edd446624cc60a1cbe99971a45d,,,,
621,eugenp,https://stackoverflow.com/questions/53360610,eugenp/tutorials/core-java-modules/core-java-nio/src/test/java/com/baeldung/async/AsyncEchoClient.java,start,40,46,53360610/53360610_4_186072235.java,method,1,12,CLONE,TYPE_3,41,46,5,12,0.8750,0.5000,0.3889,0.4085,0.8750,,MEDIUM,"A substantial ordered core of normalized statements was found with additions, deletions, or changes.",YES,BALANCED_TOKEN_SEQUENCE,BALANCED_TOKEN_SEQUENCE,6cfd13b60a3e280c3cbb718b2a59f12de209267b13f36d5f836a866d1240fd63,bfca89ebd8797ee1e0722f57d8ca70cf799316d01c073f2ee36c2702d0ab0bac,,,,
622,eugenp,https://stackoverflow.com/questions/33943576,eugenp/tutorials/core-java-modules/core-java-date-operations-2/src/main/java/com/baeldung/skipweekends/AddSubtractDaysSkippingWeekendsUtils.java,addDaysSkippingWeekends,8,18,33943576/33943576_2_175039647.java,method,1,15,CLONE,TYPE_3,9,18,5,15,0.9091,0.7143,0.7931,0.8571,0.9091,,MEDIUM,"A substantial ordered core of normalized statements was found with additions, deletions, or changes.",YES,BALANCED_TOKEN_SEQUENCE,BALANCED_TOKEN_SEQUENCE,45f3bf3540c55a932ba141baacaf63f42e8453db75df5fa6291a7b385e06d3b6,4657d206372030326c72e6cff1df1d072fdd2fac0e550859c91890533c32e632,,,,
623,eugenp,https://stackoverflow.com/questions/33085670,eugenp/tutorials/core-java-modules/core-java-security-2/src/main/java/com/baeldung/passwordhashing/SHA512Hasher.java,hash,13,29,33085670/33085670_2_recent.java,method,1,20,CLONE,TYPE_3,14,29,6,20,0.8947,0.7727,0.7857,0.7964,0.8947,,MEDIUM,"A substantial ordered core of normalized statements was found with additions, deletions, or changes.",YES,BALANCED_TOKEN_SEQUENCE,BALANCED_TOKEN_SEQUENCE,809ea80e84ed32d633edb90b38dbd202b25bee4ec4cc1731b1ea40ea810b9172,dd24a5338f6432d0475bf59fa6c6f4d2d84b3634510849ddc212f3a925e7bc0e,,,,
624,eugenp,https://stackoverflow.com/questions/20765715,eugenp/tutorials/core-java-modules/core-java-9-streams/src/main/java/com/baeldung/streams/breakforeach/CustomSpliterator.java,tryAdvance,20,30,20765715/20765715_2_recent.java,method,1,22,CLONE,TYPE_3,20,30,5,22,0.9167,0.4583,0.3393,0.3636,0.9167,,MEDIUM,"A substantial ordered core of normalized statements was found with additions, deletions, or changes.",YES,BALANCED_TOKEN_SEQUENCE,BALANCED_TOKEN_SEQUENCE,2c3cbc5ef553c0911a8a83074463cec3723955e76e08f120463c6c9ad34c3806,9c11bec2ebf3df22607f3bba1c04f996dbcbbda24ad444021b5a53efb91cc846,,,,
625,eugenp,https://stackoverflow.com/questions/52148106,eugenp/tutorials/spring-4/src/test/java/com/baeldung/spring43/attributeannotations/AttributeAnnotationConfiguration.java,viewResolver,17,23,52148106/52148106_4_181012547.java,method,1,13,CLONE,TYPE_3,17,23,5,13,1.0000,0.6667,0.5500,0.5763,1.0000,,MEDIUM,"A substantial ordered core of normalized statements was found with additions, deletions, or changes.",YES,BALANCED_TOKEN_SEQUENCE,BALANCED_TOKEN_SEQUENCE,af96863a7da8d963e10b6256a159a028f6164b323b7c468041cec75a3cc0c2de,138171008c927af08327a9ceef6bacfd9772f1248905d4ed6754ebf6aa7acb4b,,,,
626,eugenp,https://stackoverflow.com/questions/52148106,eugenp/tutorials/spring-4/src/test/java/com/baeldung/spring43/scopeannotations/ScopeAnnotationsConfiguration.java,viewResolver,15,21,52148106/52148106_4_181012547.java,method,1,13,CLONE,TYPE_3,15,21,5,13,1.0000,0.6667,0.5500,0.5763,1.0000,,MEDIUM,"A substantial ordered core of normalized statements was found with additions, deletions, or changes.",YES,BALANCED_TOKEN_SEQUENCE,BALANCED_TOKEN_SEQUENCE,af96863a7da8d963e10b6256a159a028f6164b323b7c468041cec75a3cc0c2de,138171008c927af08327a9ceef6bacfd9772f1248905d4ed6754ebf6aa7acb4b,,,,
627,eugenp,https://stackoverflow.com/questions/52148106,eugenp/tutorials/spring-4/src/test/java/com/baeldung/spring43/composedmapping/ComposedMappingConfiguration.java,viewResolver,24,30,52148106/52148106_4_181012547.java,method,1,13,CLONE,TYPE_3,24,30,5,13,1.0000,0.6667,0.5500,0.5763,1.0000,,MEDIUM,"A substantial ordered core of normalized statements was found with additions, deletions, or changes.",YES,BALANCED_TOKEN_SEQUENCE,BALANCED_TOKEN_SEQUENCE,af96863a7da8d963e10b6256a159a028f6164b323b7c468041cec75a3cc0c2de,138171008c927af08327a9ceef6bacfd9772f1248905d4ed6754ebf6aa7acb4b,,,,
648,evgenyzinoviev,https://stackoverflow.com/questions/52144662,evgenyzinoviev/gravitydefied/src/org/happysanta/gd/Storage/LevelsManager.java,isExternalStorageWritable,422,428,52144662/52144662_2_181397043.java,method,1,97,CLONE,TYPE_3,423,428,91,96,0.8571,0.0674,0.0427,0.0427,0.8571,,MEDIUM,"A substantial ordered core of normalized statements was found with additions, deletions, or changes.",YES,BALANCED_TOKEN_SEQUENCE,TOKEN_FALLBACK,d4cc61152da5857f2ce78f7fb2ceae97f8dadb623cc4df06b5d971c9088a3ddb,a0a758e1acec5e8c1d447e3e9ee771b74b0365261c507f2efafa3d7c2c5fe1b6,,,,
649,evgenyzinoviev,https://stackoverflow.com/questions/9293885,evgenyzinoviev/gravitydefied/src/org/happysanta/gd/Storage/LevelsManager.java,copy,456,468,9293885/9293885_2_recent.java,method,1,18,CLONE,TYPE_3,456,468,1,18,1.0000,0.5789,0.8788,0.8788,1.0000,,MEDIUM,"A substantial ordered core of normalized statements was found with additions, deletions, or changes.",YES,BALANCED_TOKEN_SEQUENCE,BALANCED_TOKEN_SEQUENCE,209e4ef67ee71a582b69e2c7b1988396e1bd0b65c1025b978c8d871db5b6eb52,2a7bfcda094a8dd312bb8740fe545d7bdce7f2ed7470f4dafaef302a58f8d157,,,,
476,evosuite,https://stackoverflow.com/questions/19648723,evosuite/evosuite/master/src/test/java/com/examples/with/different/packagename/staticfield/StaticBlockCoverage.java,coverMe,24,30,19648723/19648723_1_recent.java,method,1,20,CLONE,TYPE_3,26,30,16,20,0.7500,0.2500,0.2451,0.2574,0.7500,,MEDIUM,"A substantial ordered core of normalized statements was found with additions, deletions, or changes.",YES,BALANCED_TOKEN_SEQUENCE,BALANCED_TOKEN_SEQUENCE,1fca96a64e8422106a80d344e3d1344dc28d36c438005360ae0001f57801ed37,34b40878795f7fd4e1ea4eb7bfce142a71629c0251195a646c7f0bd7c6dd1bbc,,,,
477,evosuite,https://stackoverflow.com/questions/19648723,evosuite/evosuite/plugins/maven-test/projects/CoverageModule/src/main/java/org/maven_test_project/cm/SimpleClass.java,isPositive,24,30,19648723/19648723_1_recent.java,method,1,20,NOT_CLONE,,,,,,0.8750,0.2917,0.2475,0.2600,0.8750,,MEDIUM,No Type I/II containment or substantial ordered statement core was found.,NO,BALANCED_TOKEN_SEQUENCE,BALANCED_TOKEN_SEQUENCE,82568783bd51ab554d34533f55ee8b75b979d55456fb79e39a2fa749d7182cb2,34b40878795f7fd4e1ea4eb7bfce142a71629c0251195a646c7f0bd7c6dd1bbc,,,,
478,evosuite,https://stackoverflow.com/questions/19648723,evosuite/evosuite/plugins/maven-test/projects/SimpleModule/src/main/java/org/maven_test_project/sm/SimpleClass.java,isPositive,24,30,19648723/19648723_1_recent.java,method,1,20,NOT_CLONE,,,,,,0.8750,0.2917,0.2475,0.2600,0.8750,,MEDIUM,No Type I/II containment or substantial ordered statement core was found.,NO,BALANCED_TOKEN_SEQUENCE,BALANCED_TOKEN_SEQUENCE,82568783bd51ab554d34533f55ee8b75b979d55456fb79e39a2fa749d7182cb2,34b40878795f7fd4e1ea4eb7bfce142a71629c0251195a646c7f0bd7c6dd1bbc,,,,
479,evosuite,https://stackoverflow.com/questions/19648723,evosuite/evosuite/plugins/maven-test/projects/ModuleWithOneDependency/src/main/java/org/maven_test_project/mwod/OneDependencyClass.java,isPositive,28,34,19648723/19648723_1_recent.java,method,1,20,NOT_CLONE,,,,,,0.8750,0.2917,0.2475,0.2600,0.8750,,MEDIUM,No Type I/II containment or substantial ordered statement core was found.,NO,BALANCED_TOKEN_SEQUENCE,BALANCED_TOKEN_SEQUENCE,82568783bd51ab554d34533f55ee8b75b979d55456fb79e39a2fa749d7182cb2,34b40878795f7fd4e1ea4eb7bfce142a71629c0251195a646c7f0bd7c6dd1bbc,,,,
480,evosuite,https://stackoverflow.com/questions/19648723,evosuite/evosuite/plugins/gradle/gradle-test-projects/SimpleProject/src/main/java/org/gradle_test_project/sm/SimpleClass.java,isPositive,24,30,19648723/19648723_1_recent.java,method,1,20,NOT_CLONE,,,,,,0.8750,0.2917,0.2475,0.2600,0.8750,,MEDIUM,No Type I/II containment or substantial ordered statement core was found.,NO,BALANCED_TOKEN_SEQUENCE,BALANCED_TOKEN_SEQUENCE,82568783bd51ab554d34533f55ee8b75b979d55456fb79e39a2fa749d7182cb2,34b40878795f7fd4e1ea4eb7bfce142a71629c0251195a646c7f0bd7c6dd1bbc,,,,
354,f117-sercet,https://stackoverflow.com/questions/58370217,f117-sercet/qztc-mall/Mall/Mall-admin/src/main/java/com/dsc/mall/config/GlobalCorsConfig.java,corsFilter,20,34,58370217/58370217_2_recent.java,method,1,45,NOT_CLONE,,,,,,0.8000,0.2222,0.2482,0.2482,0.8000,,MEDIUM,No Type I/II containment or substantial ordered statement core was found.,NO,BALANCED_TOKEN_SEQUENCE,BALANCED_TOKEN_SEQUENCE,425477b2ff00c685fa656ba75c926c846a254c96542f233060fcb92ffb5580b5,e5d1a9afc2e2c93478994f4bf08bfa6d0f75d4850cc19d2718ea81477a23b239,,,,
21,facebook,https://stackoverflow.com/questions/54298032,facebook/fresco/fbcore/src/main/java/com/facebook/common/internal/ByteStreams.java,copy,53,67,54298032/54298032_2_190009745.java,copy,52,65,CLONE,TYPE_3,56,67,54,65,0.8000,0.9231,0.8409,0.8621,0.9231,,MEDIUM,"A substantial ordered core of normalized statements was found with additions, deletions, or changes.",YES,BALANCED_TOKEN_SEQUENCE,BALANCED_TOKEN_SEQUENCE,0d7d9ca7b7b1005af47d2196d37fa3eb97e0e9550a0dc8092259828eebc0a959,08521e65a5ecc5c79e8dc6c719bce0b7bb1b7d79088b73dae9cc009eefa5decc,,,,
573,fanhongtao,https://stackoverflow.com/questions/29866762,fanhongtao/jdk/src/java/util/ComparableTimSort.java,sort,149,193,29866762/29866762_2_89013107.java,method,1,40,CLONE,TYPE_3,151,193,4,40,0.7500,0.7500,0.7393,0.7668,0.7500,,MEDIUM,"A substantial ordered core of normalized statements was found with additions, deletions, or changes.",YES,BALANCED_TOKEN_SEQUENCE,BALANCED_TOKEN_SEQUENCE,f8f61d9f613e3c36fb1eff6ef9119967fbd04eb7198b204f2bf22b26e2b24bdb,f2d6cbd0090a5f2d602e8ecb6f9e7d1f017c9b1874ab1fd7662f6c775d2ff52c,,,,
574,fanhongtao,https://stackoverflow.com/questions/29866762,fanhongtao/jdk/src/java/util/TimSort.java,sort,176,225,29866762/29866762_2_89013107.java,method,1,40,CLONE,TYPE_3,183,225,4,40,0.7812,0.8929,0.8433,0.8642,0.8929,,MEDIUM,"A substantial ordered core of normalized statements was found with additions, deletions, or changes.",YES,BALANCED_TOKEN_SEQUENCE,BALANCED_TOKEN_SEQUENCE,596930f4e3cc492d342085dc9a7f2eff94523119d4668d9de06935572ddbfd68,f2d6cbd0090a5f2d602e8ecb6f9e7d1f017c9b1874ab1fd7662f6c775d2ff52c,,,,
575,fanhongtao,https://stackoverflow.com/questions/3870210,fanhongtao/jdk/src/java/util/HashMap.java,HashIterator,911,918,3870210/3870210_4_recent.java,method,1,29,CLONE,TYPE_1,911,918,6,13,1.0000,0.2557,0.2557,0.2557,1.0000,,HIGH,A complete fragment occurs verbatim after removing comments and layout.,NO,BALANCED_TOKEN_SEQUENCE,BALANCED_TOKEN_SEQUENCE,040f958e41ed23b705ff12eb5236eaf62376dbba9421e04ba6b2518003168632,a1a6f6663976660036d12becac1cd2540321d5047a4760d7f9d574cef36c7411,CLONE,TYPE_1,,2026-07-31T07:39:03.237Z
576,fanhongtao,https://stackoverflow.com/questions/16799135,fanhongtao/jdk/src/java/util/Timer.java,sched,386,412,16799135/16799135_10_41317480.java,method,1,23,CLONE,TYPE_1,386,412,1,23,1.0000,1.0000,1.0000,1.0000,1.0000,,HIGH,A complete fragment occurs verbatim after removing comments and layout.,NO,BALANCED_TOKEN_SEQUENCE,BALANCED_TOKEN_SEQUENCE,f36958fdd4a07ffb645cd9c60ff015ef4bfd01bfd537e5f1324c8a5fa1b490b8,b12229d17fef9aacb11c9f5c8ef437018af7c1106c85e26950e4e34a497e3664,CLONE,TYPE_1,,2026-07-31T07:39:09.138Z
577,fanhongtao,https://stackoverflow.com/questions/50578162,fanhongtao/jdk/src/java/nio/DirectByteBuffer.java,DirectByteBuffer,117,144,50578162/50578162_2_recent.java,method,1,22,CLONE,TYPE_3,117,140,1,22,0.9167,0.9565,0.9674,0.9674,0.9565,,MEDIUM,"A substantial ordered core of normalized statements was found with additions, deletions, or changes.",YES,BALANCED_TOKEN_SEQUENCE,TOKEN_FALLBACK,3976c8c9fd91a2a3ff61f15005098fa68b51f30f08b4ce21c536f5079fe1ade2,0aede1d97bb844fb057280b72a193d2f1f68437bd90be7fc4f3123b4f7538705,,,,
578,fanhongtao,https://stackoverflow.com/questions/45774144,fanhongtao/jdk/src/javax/swing/plaf/metal/MetalTabbedPaneUI.java,update,719,725,45774144/45774144_4_recent.java,method,1,21,NOT_CLONE,,,,,,0.7143,0.2632,0.3929,0.4130,0.7143,,MEDIUM,No Type I/II containment or substantial ordered statement core was found.,NO,BALANCED_TOKEN_SEQUENCE,BALANCED_TOKEN_SEQUENCE,fc0f73d5228a1cfebfd6fffbddf0f51fffd35969670208dd5aad517c583cf5fe,6f2d006bf421a42f38ba5c2aab1c42442d2dbf11d8d86b7321c81057421ee7a3,,,,
579,fanhongtao,https://stackoverflow.com/questions/54119640,fanhongtao/jdk/src/javax/swing/plaf/basic/BasicTableHeaderUI.java,mouseClicked,99,116,54119640/54119640_4_189259651.java,mouseClicked,10,26,CLONE,TYPE_3,99,116,10,26,0.7500,0.8571,0.8571,0.9180,0.8571,,MEDIUM,"A substantial ordered core of normalized statements was found with additions, deletions, or changes.",YES,BALANCED_TOKEN_SEQUENCE,BALANCED_TOKEN_SEQUENCE,2a6732afef0ba34061445adeaf545b78528d8ecc0eebb1f4448a9b1027c70d10,59e2ef0f2ed93467dda31ef051eea5447fd9fa51dda2896417f0139abdbef8fc,,,,
10,fesch,https://stackoverflow.com/questions/9709606,fesch/canze/app/src/main/java/lu/fisch/canze/widgets/Label.java,Label,39,45,9709606/9709606_2_recent.java,method,1,19,CLONE,TYPE_3,39,45,8,18,1.0000,0.3333,0.2985,0.3083,1.0000,,MEDIUM,"A substantial ordered core of normalized statements was found with additions, deletions, or changes.",YES,BALANCED_TOKEN_SEQUENCE,BALANCED_TOKEN_SEQUENCE,53c8cff9142c3f04f34ae306cfd86669db66bd9a5f81b0c2cedb8661565a593a,1a5084296fd7d236000720935f0f495186e9ee7e9b6cf8a831dec9abfdd2dab0,,,,
11,fesch,https://stackoverflow.com/questions/9709606,fesch/canze/app/src/main/java/lu/fisch/awt/Rectangle.java,Rectangle,32,38,9709606/9709606_2_recent.java,method,1,19,CLONE,TYPE_3,32,38,8,18,1.0000,0.3333,0.3083,0.3083,1.0000,,MEDIUM,"A substantial ordered core of normalized statements was found with additions, deletions, or changes.",YES,BALANCED_TOKEN_SEQUENCE,BALANCED_TOKEN_SEQUENCE,dcfe75e0a78b980a2c9c5302c26bc462842373cc121030599156747bf975ca8d,1a5084296fd7d236000720935f0f495186e9ee7e9b6cf8a831dec9abfdd2dab0,,,,
279,firebase,https://stackoverflow.com/questions/59394165,firebase/snippets-android/firestore/app/src/main/java/com/google/example/firestore/DocSnippets.java,addAdaLovelace,147,171,59394165/59394165_2_211463641.java,method,1,26,CLONE,TYPE_3,150,171,5,26,0.8235,0.7000,0.7619,0.8160,0.8235,,MEDIUM,"A substantial ordered core of normalized statements was found with additions, deletions, or changes.",YES,BALANCED_TOKEN_SEQUENCE,BALANCED_TOKEN_SEQUENCE,520a7acdb25ff3e277cc2afbc6feee66ee48d015990b53ab125626a5586cbc7c,886f79caa81b421a811937cce1036dd81734d3bc4599d0e1c47c91ef0c7dbfbc,,,,
783,flyve-mdm,https://stackoverflow.com/questions/52144662,flyve-mdm/android-mdm-agent/app/src/main/java/org/flyve/mdm/agent/utils/StorageFolder.java,isExternalStorageReadable,208,215,52144662/52144662_2_181397043.java,method,1,97,CLONE,TYPE_3,209,215,91,96,0.7143,0.0562,0.0473,0.0524,0.7143,,MEDIUM,"A substantial ordered core of normalized statements was found with additions, deletions, or changes.",YES,BALANCED_TOKEN_SEQUENCE,TOKEN_FALLBACK,16baaa4c07a6f11845b8aae4e13f665aa98a35a800ea1102f05a337f5ff36e4d,a0a758e1acec5e8c1d447e3e9ee771b74b0365261c507f2efafa3d7c2c5fe1b6,,,,
176,foxinmy,https://stackoverflow.com/questions/41251473,foxinmy/weixin4j/weixin4j-base/src/main/java/com/foxinmy/weixin4j/http/support/okhttp/OkHttpClient2.java,writeTo,134,143,41251473/41251473_6_recent.java,method,1,20,CLONE,TYPE_3,134,143,10,20,0.9000,0.4091,0.4118,0.4359,0.9000,,MEDIUM,"A substantial ordered core of normalized statements was found with additions, deletions, or changes.",YES,BALANCED_TOKEN_SEQUENCE,BALANCED_TOKEN_SEQUENCE,2b34219f0c86c5ab16d5dcbd87540533b5916b7cc1d386be20a73a2378f3405f,2895ef2e11b37ff63a6796e06c8a0105f729d026ccfd139d8abcb923a8f927b9,,,,
505,freedomotic,https://stackoverflow.com/questions/4429257,freedomotic/freedomotic/framework/freedomotic-core/src/main/java/com/freedomotic/i18n/I18nImpl.java,newBundle,184,217,4429257/4429257_2_9347476.java,newBundle,2,32,CLONE,TYPE_3,190,217,7,32,0.8800,0.7857,0.9112,0.9341,0.8800,,MEDIUM,"A substantial ordered core of normalized statements was found with additions, deletions, or changes.",YES,BALANCED_TOKEN_SEQUENCE,BALANCED_TOKEN_SEQUENCE,eceb7b4499cf2fc6462fe99d4217421bb70842cfdb1155a42cfa6eb1be388d9a,c219b187dd01b975e3a79d596f983c3128f58ccf761e0fdc7fa4f3adb7546fa2,,,,
506,freedomotic,https://stackoverflow.com/questions/59823215,freedomotic/freedomotic/plugins/legacy/bluetooth-id/src/main/java/com/freedomotic/plugins/devices/bluetooth_id/BluetoothID.java,saveImage,91,105,59823215/59823215_2_recent.java,method,1,17,UNCERTAIN,,,,,,0.6667,0.5714,0.8148,0.8846,0.6667,,LOW,Similarity is suggestive but does not satisfy the conservative Type III rule.,YES,BALANCED_TOKEN_SEQUENCE,BALANCED_TOKEN_SEQUENCE,a2099f104082f1a42ba63f136b7c0f107b531b1a45f222d93e9715bad990a195,48ef4037328d8fe5918d14cfdfa8b031acc304f18cae7771b69f142af600a1a6,,,,
673,freeplane,https://stackoverflow.com/questions/61006461,freeplane/freeplane/freeplane_plugin_script/src/main/java/org/freeplane/plugin/script/PrecompiledClasses.java,createNode,115,133,61006461/61006461_2_recent.java,method,1,96,CLONE,TYPE_2,115,133,36,52,1.0000,0.1667,0.1569,0.1667,1.0000,,HIGH,A complete fragment has identical normalized syntax with consistent identifier mapping.,NO,BALANCED_TOKEN_SEQUENCE,TOKEN_FALLBACK,669e4601f27ffd6f2aac52de4dfe8b7433f8d42e3185696ce0abb26dcb3ee07b,291e635c0c10e349da1f9c6190e86488836fcc7bf88d5b7f39ad7080b7671774,CLONE,TYPE_2,,2026-07-31T07:55:43.755Z
499,funwayguy,https://stackoverflow.com/questions/63631995,funwayguy/betterquesting/src/main/java/betterquesting/api2/client/gui/misc/GuiRectangle.java,GuiRectangle,15,22,63631995/63631995_6_recent.java,method,1,110,NOT_CLONE,,,,,,0.8571,0.0923,0.0886,0.0972,0.8571,,MEDIUM,No Type I/II containment or substantial ordered statement core was found.,NO,BALANCED_TOKEN_SEQUENCE,BALANCED_TOKEN_SEQUENCE,339bf3eb53e59344641e1e5995f1ceb2fe91e1c6331bb0098b8360615509c9b7,87e08afe29e566d8f4b5cfd27b5c4c668d313ba6d0423dc2afc51a2633e0d737,,,,
698,geoodk,https://stackoverflow.com/questions/19876516,geoodk/collect/app/src/main/java/com/geoodk/collect/android/widgets/AutoCompleteWidget.java,publishResults,290,301,19876516/19876516_2_recent.java,method,1,33,CLONE,TYPE_3,293,301,27,33,0.8889,0.2963,0.2952,0.3190,0.8889,,MEDIUM,"A substantial ordered core of normalized statements was found with additions, deletions, or changes.",YES,BALANCED_TOKEN_SEQUENCE,BALANCED_TOKEN_SEQUENCE,617321bc5942c762d7468aadeeb08b076eb17a7a14ae23009c134d5282dfa808,7c09a311f574ad8dda2b6f32167d4803dcdefacefae79464346ef4f815626d28,,,,
699,geoodk,https://stackoverflow.com/questions/55003173,geoodk/collect/app/src/main/java/com/geoodk/collect/android/preferences/AggregatePreferencesActivity.java,filter,155,163,55003173/55003173_2_recent.java,method,1,12,CLONE,TYPE_3,155,163,2,11,0.9000,0.5625,0.6100,0.6263,0.9000,,MEDIUM,"A substantial ordered core of normalized statements was found with additions, deletions, or changes.",YES,BALANCED_TOKEN_SEQUENCE,BALANCED_TOKEN_SEQUENCE,0f9c59cce2528806aa04b8e6cac817a17905794a98bf1b09d39459669072ae5b,1b1c4b1325fea9561f254bee4d3a39a583053aaa3e9fbe1183b2c1012f7ee6ff,,,,
4,getodk,https://stackoverflow.com/questions/55003173,getodk/collect/collect_app/src/main/java/org/odk/collect/android/preferences/filters/WhitespaceFilter.java,filter,10,18,55003173/55003173_2_recent.java,method,1,12,CLONE,TYPE_3,10,18,2,11,0.9000,0.5625,0.6100,0.6263,0.9000,,MEDIUM,"A substantial ordered core of normalized statements was found with additions, deletions, or changes.",YES,BALANCED_TOKEN_SEQUENCE,BALANCED_TOKEN_SEQUENCE,e3d32219b83d0ba3919371bc583e383562534457c028436396129f24e73101e3,1b1c4b1325fea9561f254bee4d3a39a583053aaa3e9fbe1183b2c1012f7ee6ff,,,,
199,giginet,https://stackoverflow.com/questions/9293885,giginet/ccsocialshare/CCSocialShare/android/java/src/org/kawaz/socialshare/SocialShare.java,copyFile,91,102,9293885/9293885_2_recent.java,method,1,18,CLONE,TYPE_3,92,102,2,18,0.9091,0.5263,0.8416,0.8788,0.9091,,MEDIUM,"A substantial ordered core of normalized statements was found with additions, deletions, or changes.",YES,BALANCED_TOKEN_SEQUENCE,BALANCED_TOKEN_SEQUENCE,a0f2da61dc979085674cad392511d1683d067b56daf51b01b91c9db39b163a3a,2a7bfcda094a8dd312bb8740fe545d7bdce7f2ed7470f4dafaef302a58f8d157,,,,
228,giloutho,https://stackoverflow.com/questions/32164598,giloutho/logfly5/src/main/java/littlewins/winAirDraw.java,startEdit,257,266,32164598/32164598_8_recent.java,method,1,15,CLONE,TYPE_2,257,266,1,15,1.0000,1.0000,0.9556,1.0000,1.0000,,HIGH,A complete fragment has identical normalized syntax with consistent identifier mapping.,NO,BALANCED_TOKEN_SEQUENCE,BALANCED_TOKEN_SEQUENCE,0db322e8cb9eb10fca00020db6240cb2a4a6628ffea1619aea324d454f669c0f,af2f3b2d3535b9b160b6fb5541de8eba1cdece49d577bc7ea9c189213e33d9e1,CLONE,TYPE_2,,2026-07-31T07:55:53.021Z
240,gitlab4j,https://stackoverflow.com/questions/22918204,gitlab4j/gitlab4j-api/src/main/java/org/gitlab4j/api/utils/JacksonJson.java,serialize,305,317,22918204/22918204_2_62450522.java,serialize,3,14,CLONE,TYPE_2,305,317,3,14,1.0000,1.0000,0.8592,1.0000,1.0000,,HIGH,A complete fragment has identical normalized syntax with consistent identifier mapping.,NO,BALANCED_TOKEN_SEQUENCE,BALANCED_TOKEN_SEQUENCE,dd08e044886fa1d8a37c822156adbdafbc0b7ff88cf2d2db0f73392b5f53e02b,e84984635b474eab02951615b62e8864912d70b68d3c3ea6fc0985dacd952e03,CLONE,TYPE_2,,2026-07-31T07:55:59.188Z
235,gluufederation,https://stackoverflow.com/questions/47622507,gluufederation/oxtrust/server/src/main/java/org/gluu/oxtrust/util/RecaptchaUtil.java,isCaptchaValid,69,87,47622507/47622507_4_196832552.java,method,1,29,CLONE,TYPE_3,70,87,8,29,0.8947,0.8947,0.9930,0.9930,0.8947,,MEDIUM,"A substantial ordered core of normalized statements was found with additions, deletions, or changes.",YES,BALANCED_TOKEN_SEQUENCE,BALANCED_TOKEN_SEQUENCE,f37cf509cc3ea98d377f0b312020da93f8c19e6419cfe07b1cf6fbdfda7f410f,716f6ac23f1e236a81eccbbda951b881f220b4e88e96739f322f244e1f30c37c,,,,
322,gmu-swe,https://stackoverflow.com/questions/19340685,gmu-swe/phosphor/Phosphor/src/main/java/edu/columbia/cs/psl/phosphor/struct/harmony/util/ConcurrentHashMap.java,put,419,448,19340685/19340685_2_49198640.java,method,1,30,CLONE,TYPE_1,419,448,1,30,1.0000,1.0000,1.0000,1.0000,1.0000,,HIGH,A complete fragment occurs verbatim after removing comments and layout.,NO,BALANCED_TOKEN_SEQUENCE,BALANCED_TOKEN_SEQUENCE,c2d46a779a8aaeed9c57891b22d5e4d72092b9781469fc25fadf654284a31b0e,18f3502e965b0327abf84e26ff748cb15baea7226c41bd6b0f5b2f1234640f84,CLONE,TYPE_1,,2026-07-31T07:39:15.671Z
250,google,https://stackoverflow.com/questions/60565131,google/wycheproof/java/com/google/security/wycheproof/testcases/DhiesTest.java,ike2048,61,78,60565131/60565131_4_recent.java,method,1,18,CLONE,TYPE_3,62,78,2,18,0.8000,0.8000,0.9333,0.9661,0.8000,,MEDIUM,"A substantial ordered core of normalized statements was found with additions, deletions, or changes.",YES,BALANCED_TOKEN_SEQUENCE,BALANCED_TOKEN_SEQUENCE,f347891933005edd301dde58727a1cec70f9dcf967562e72b6a2d9cfc48f4a43,cc5dcb34b3883cac1001a00177dbc6a2a24cb4893803423f2681cca119a0657b,,,,
251,google,https://stackoverflow.com/questions/41251473,google/data-transfer-project/extensions/data-transfer/portability-data-transfer-koofr/src/main/java/org/datatransferproject/transfer/koofr/common/InputStreamRequestBody.java,writeTo,34,45,41251473/41251473_6_134298162.java,method,1,20,CLONE,TYPE_3,34,45,10,20,0.8333,0.4545,0.4595,0.4862,0.8333,,MEDIUM,"A substantial ordered core of normalized statements was found with additions, deletions, or changes.",YES,BALANCED_TOKEN_SEQUENCE,BALANCED_TOKEN_SEQUENCE,1f5a06f70200a37d3d25b509326859119b63a65d39f26c4762a6680627089ed4,46cdf0e2d3120c5fb652e05563d06b9a0b9c2cf1ec41bf5ed7beaf2b4315bf27,,,,
252,google,https://stackoverflow.com/questions/29330741,google/j2objc/jre_emul/openjdk/src/share/classes/java/math/BigDecimal.java,divide,5196,5208,29330741/29330741_6_86929181.java,method,1,13,CLONE,TYPE_3,5197,5208,2,13,0.8571,0.8571,0.9630,0.9630,0.8571,,MEDIUM,"A substantial ordered core of normalized statements was found with additions, deletions, or changes.",YES,BALANCED_TOKEN_SEQUENCE,BALANCED_TOKEN_SEQUENCE,36bb1e471b0767e848c2679d03fa87127f228da64e78d264ac92014c1a71a189,9307832391140acf4a96db84b514584bd55eca9e37b43841df3abf69ad712e43,,,,
253,google,https://stackoverflow.com/questions/29330741,google/j2objc/jre_emul/openjdk/src/share/classes/java/math/BigDecimal.java,divide,5210,5222,29330741/29330741_6_86929181.java,method,1,13,CLONE,TYPE_1,5210,5222,1,13,1.0000,1.0000,1.0000,1.0000,1.0000,,HIGH,A complete fragment occurs verbatim after removing comments and layout.,NO,BALANCED_TOKEN_SEQUENCE,BALANCED_TOKEN_SEQUENCE,4d0557069d419a2f356c1e19658e7b2fa7e49d137f528e95ad6b23d93fec629c,9307832391140acf4a96db84b514584bd55eca9e37b43841df3abf69ad712e43,CLONE,TYPE_1,,2026-07-31T07:39:20.337Z
254,google,https://stackoverflow.com/questions/29866762,google/j2objc/jre_emul/android/platform/libcore/ojluni/src/main/java/java/util/ComparableTimSort.java,sort,179,224,29866762/29866762_2_89013107.java,method,1,40,CLONE,TYPE_3,182,224,4,40,0.7500,0.7500,0.8510,0.8805,0.7500,,MEDIUM,"A substantial ordered core of normalized statements was found with additions, deletions, or changes.",YES,BALANCED_TOKEN_SEQUENCE,BALANCED_TOKEN_SEQUENCE,1c2e6b7fad207a73b341b48235581ded12015fae31385c8d66729b9574424255,f2d6cbd0090a5f2d602e8ecb6f9e7d1f017c9b1874ab1fd7662f6c775d2ff52c,,,,
255,google,https://stackoverflow.com/questions/29866762,google/j2objc/jre_emul/android/platform/libcore/ojluni/src/main/java/java/util/TimSort.java,sort,210,256,29866762/29866762_2_89013107.java,method,1,40,CLONE,TYPE_1,210,256,1,40,1.0000,1.0000,1.0000,1.0000,1.0000,,HIGH,A complete fragment occurs verbatim after removing comments and layout.,NO,BALANCED_TOKEN_SEQUENCE,BALANCED_TOKEN_SEQUENCE,1bba7e024cd985253d3247dd4f5cdc15ac591c639876dac78382e99978767e4a,f2d6cbd0090a5f2d602e8ecb6f9e7d1f017c9b1874ab1fd7662f6c775d2ff52c,CLONE,TYPE_1,,2026-07-31T07:39:25.887Z
256,google,https://stackoverflow.com/questions/46830988,google/j2objc/jre_emul/android/platform/libcore/ojluni/src/main/java/java/util/HashMap.java,putMapEntries,505,523,46830988/46830988_4_158689916.java,method,1,19,CLONE,TYPE_1,505,523,1,19,1.0000,1.0000,1.0000,1.0000,1.0000,,HIGH,A complete fragment occurs verbatim after removing comments and layout.,NO,BALANCED_TOKEN_SEQUENCE,BALANCED_TOKEN_SEQUENCE,b469a303e48b332826bea2ef3f41947dd12eb9c1b4ae1767beefa06774090899,73ad567e827a0c242a3d4dca670e673db9bfe0077c48eaf8d743be9a61a6bd3c,CLONE,TYPE_1,,2026-07-31T07:39:30.071Z
257,google,https://stackoverflow.com/questions/16799135,google/j2objc/jre_emul/android/platform/libcore/ojluni/src/main/java/java/util/Timer.java,sched,388,414,16799135/16799135_10_41317480.java,method,1,23,CLONE,TYPE_1,388,414,1,23,1.0000,1.0000,1.0000,1.0000,1.0000,,HIGH,A complete fragment occurs verbatim after removing comments and layout.,NO,BALANCED_TOKEN_SEQUENCE,BALANCED_TOKEN_SEQUENCE,f36958fdd4a07ffb645cd9c60ff015ef4bfd01bfd537e5f1324c8a5fa1b490b8,b12229d17fef9aacb11c9f5c8ef437018af7c1106c85e26950e4e34a497e3664,CLONE,TYPE_1,,2026-07-31T07:39:33.138Z
258,google,https://stackoverflow.com/questions/29230939,google/j2objc/jre_emul/android/platform/libcore/ojluni/src/main/java/java/util/stream/ReferencePipeline.java,flatMap,252,277,29230939/29230939_4_201996375.java,method,1,25,CLONE,TYPE_3,252,277,1,25,0.9474,0.9474,0.9941,0.9941,0.9474,,MEDIUM,"A substantial ordered core of normalized statements was found with additions, deletions, or changes.",YES,BALANCED_TOKEN_SEQUENCE,BALANCED_TOKEN_SEQUENCE,6592849c32876a9ff23882a695b9757929f93071815ca6551c88f1f032e18109,ccfa95fcc0ba216d9a68d4dfd1c4640497a2acf2c4f4e0febf691422e996b2c8,,,,
259,google,https://stackoverflow.com/questions/29230939,google/j2objc/jre_emul/android/platform/libcore/ojluni/src/main/java/java/util/stream/ReferencePipeline.java,opWrapSink,258,275,29230939/29230939_4_201996375.java,method,1,25,CLONE,TYPE_3,260,275,9,25,0.9231,0.6316,0.6036,0.6036,0.9231,,MEDIUM,"A substantial ordered core of normalized statements was found with additions, deletions, or changes.",YES,BALANCED_TOKEN_SEQUENCE,BALANCED_TOKEN_SEQUENCE,06ca0a2b2c02f953acbdd1c0a68c62cbb5472a836cefc2af7c8b32a5b19d3f2e,ccfa95fcc0ba216d9a68d4dfd1c4640497a2acf2c4f4e0febf691422e996b2c8,,,,
260,google,https://stackoverflow.com/questions/24127188,google/gson/gson/src/main/java/com/google/gson/Gson.java,read,403,409,24127188/24127188_2_recent.java,method,1,32,CLONE,TYPE_3,404,409,23,32,0.7143,0.1471,0.1494,0.1628,0.7143,,MEDIUM,"A substantial ordered core of normalized statements was found with additions, deletions, or changes.",YES,BALANCED_TOKEN_SEQUENCE,BALANCED_TOKEN_SEQUENCE,3f8d8ffbe62a7ccda3f52f9c1b8562df037cb501b72d0d269d6fffa494056b63,9c613d25f05a3f7b48a39ccdb5a2a629fa527c6ff199f86249eeef159d142f85,,,,
261,google,https://stackoverflow.com/questions/24127188,google/gson/gson/src/main/java/com/google/gson/Gson.java,read,462,468,24127188/24127188_2_recent.java,method,1,32,CLONE,TYPE_3,463,468,23,32,0.7143,0.1471,0.1494,0.1628,0.7143,,MEDIUM,"A substantial ordered core of normalized statements was found with additions, deletions, or changes.",YES,BALANCED_TOKEN_SEQUENCE,BALANCED_TOKEN_SEQUENCE,97c9383981f9db44c54d1537c6eea9daba38d16b57f5257de6ac0f152202f371,9c613d25f05a3f7b48a39ccdb5a2a629fa527c6ff199f86249eeef159d142f85,,,,
262,google,https://stackoverflow.com/questions/24127188,google/gson/gson/src/main/java/com/google/gson/internal/bind/TypeAdapters.java,read,369,376,24127188/24127188_2_recent.java,method,1,32,CLONE,TYPE_3,371,376,23,32,0.7143,0.1471,0.1494,0.1628,0.7143,,MEDIUM,"A substantial ordered core of normalized statements was found with additions, deletions, or changes.",YES,BALANCED_TOKEN_SEQUENCE,BALANCED_TOKEN_SEQUENCE,433982177748dfab48b10d1cab6d0c9f5d593b1abcd6b98bead336034ae8d380,9c613d25f05a3f7b48a39ccdb5a2a629fa527c6ff199f86249eeef159d142f85,,,,
263,google,https://stackoverflow.com/questions/57997601,google/cdep/cdep/src/main/java/io/cdep/cdep/utils/ArchiveUtils.java,visitFile,83,89,57997601/57997601_2_recent.java,method,1,22,CLONE,TYPE_3,85,89,6,13,0.8333,0.3571,0.2961,0.3107,0.8333,,MEDIUM,"A substantial ordered core of normalized statements was found with additions, deletions, or changes.",YES,BALANCED_TOKEN_SEQUENCE,BALANCED_TOKEN_SEQUENCE,0f6d2ad291977db8c4ba6a63c6646d2f9d54d6dd3d010128bb516b1b5a29ecee,6ba8c8e8a60ee070eb2b4fc18a0d331a0fe907a54834664759a06b42f67b85dc,,,,
264,google,https://stackoverflow.com/questions/30942772,google/guava/android/guava/src/com/google/common/base/Splitter.java,computeNext,555,620,30942772/30942772_4_recent.java,method,1,62,CLONE,TYPE_3,563,620,9,62,0.9556,0.9556,0.9835,0.9835,0.9556,,MEDIUM,"A substantial ordered core of normalized statements was found with additions, deletions, or changes.",YES,BALANCED_TOKEN_SEQUENCE,BALANCED_TOKEN_SEQUENCE,c6744f8d3ef2ee67a6fa0f431d2e2e30a334d0aef036103029db5a0fbbb4c646,e612442fdb203dccd7fdfd534271f2c862e20b2c56e07780b2caba302484df95,,,,
265,google,https://stackoverflow.com/questions/30942772,google/guava/guava/src/com/google/common/base/Splitter.java,computeNext,572,637,30942772/30942772_4_recent.java,method,1,62,CLONE,TYPE_3,580,637,9,62,0.9556,0.9556,0.9835,0.9835,0.9556,,MEDIUM,"A substantial ordered core of normalized statements was found with additions, deletions, or changes.",YES,BALANCED_TOKEN_SEQUENCE,BALANCED_TOKEN_SEQUENCE,c6744f8d3ef2ee67a6fa0f431d2e2e30a334d0aef036103029db5a0fbbb4c646,e612442fdb203dccd7fdfd534271f2c862e20b2c56e07780b2caba302484df95,,,,
549,googleapis,https://stackoverflow.com/questions/54298032,googleapis/google-http-java-client/google-http-client/src/main/java/com/google/api/client/util/ByteStreams.java,copy,42,56,54298032/54298032_2_190009745.java,copy,52,65,CLONE,TYPE_3,45,56,54,65,0.8000,0.9231,0.8043,0.8242,0.9231,,MEDIUM,"A substantial ordered core of normalized statements was found with additions, deletions, or changes.",YES,BALANCED_TOKEN_SEQUENCE,BALANCED_TOKEN_SEQUENCE,eb92902e1d20ecf0264a69572d3e0cb0f90e38280612ea872626afdab6ab92cc,08521e65a5ecc5c79e8dc6c719bce0b7bb1b7d79088b73dae9cc009eefa5decc,,,,
739,googlecreativelab,https://stackoverflow.com/questions/28039909,googlecreativelab/landmarker/app/src/main/java/com/androidexperiments/landmarker/MainActivity.java,buildGoogleApiClient,131,137,28039909/28039909_2_recent.java,method,1,13,CLONE,TYPE_1,131,137,1,7,1.0000,0.5571,0.5571,0.5571,1.0000,,HIGH,A complete fragment occurs verbatim after removing comments and layout.,NO,BALANCED_TOKEN_SEQUENCE,BALANCED_TOKEN_SEQUENCE,26ea7cb03a6ac2b6182393a7dcf106269e11e93689079d219c0bceebdd016387,0aff9da6263a754c6a37faa135d67dc88613f7e7ae2d24b9ebadf2b7e10026e7,CLONE,TYPE_1,,2026-07-31T07:39:38.271Z
652,googlesamples,https://stackoverflow.com/questions/28039909,googlesamples/io2015-codelabs/geofence/GeoFenceCodeLab/app/src/main/java/com/lmoroney/geofencecodelab/MainActivity.java,buildGoogleApiClient,59,65,28039909/28039909_2_recent.java,method,1,13,CLONE,TYPE_1,59,65,1,7,1.0000,0.5571,0.5571,0.5571,1.0000,,HIGH,A complete fragment occurs verbatim after removing comments and layout.,NO,BALANCED_TOKEN_SEQUENCE,BALANCED_TOKEN_SEQUENCE,26ea7cb03a6ac2b6182393a7dcf106269e11e93689079d219c0bceebdd016387,0aff9da6263a754c6a37faa135d67dc88613f7e7ae2d24b9ebadf2b7e10026e7,CLONE,TYPE_1,,2026-07-31T07:39:45.621Z
470,grahamar,https://stackoverflow.com/questions/4429257,grahamar/cron-parser/cron-parser-core/src/main/java/net/redhogs/cronparser/I18nMessages.java,newBundle,35,62,4429257/4429257_2_9347476.java,newBundle,2,32,CLONE,TYPE_1,35,62,2,32,1.0000,1.0000,1.0000,1.0000,1.0000,,HIGH,A complete fragment occurs verbatim after removing comments and layout.,NO,BALANCED_TOKEN_SEQUENCE,BALANCED_TOKEN_SEQUENCE,d4765ea559b22821da89315a8eacacc8827bb4f3d32a05cd5b3213c28f8721ff,c219b187dd01b975e3a79d596f983c3128f58ccf761e0fdc7fa4f3adb7546fa2,CLONE,TYPE_1,,2026-07-31T07:39:50.538Z
25,grakic,https://stackoverflow.com/questions/6702420,grakic/jfreesteel/eidviewer/src/main/java/net/devbase/jfreesteel/viewer/EidViewer.java,main,134,140,6702420/6702420_2_89518975.java,main,9,18,CLONE,TYPE_1,134,140,9,18,1.0000,1.0000,1.0000,1.0000,1.0000,,HIGH,A complete fragment occurs verbatim after removing comments and layout.,NO,BALANCED_TOKEN_SEQUENCE,BALANCED_TOKEN_SEQUENCE,e0423c80a7962b1b701bf46958f7b8e236aee507e76da0c4bc059493a8496273,535f77d75527dc027adbf7ce5ebf851d08b0142e31a7f0a8d072913c4b0260a6,CLONE,TYPE_1,,2026-07-31T07:39:53.521Z
711,graxcode,https://stackoverflow.com/questions/3519182,graxcode/jbytemod-beta/src/main/java/me/grax/jbytemod/ui/dialogue/ClassDialogue.java,insertString,785,793,3519182/3519182_2_7342658.java,method,1,17,UNCERTAIN,,,,,,0.6667,0.3077,0.5699,0.5870,0.6667,,LOW,Similarity is suggestive but does not satisfy the conservative Type III rule.,YES,BALANCED_TOKEN_SEQUENCE,BALANCED_TOKEN_SEQUENCE,f8eabfa563e3f99fc255d5cb651533035c12247aaf2893b34724a0cdbb59551a,175ce21a3728ea3e31819c317c1fb89014d2748fd3b0cea702e66581bf84bc89,,,,
643,grpc-nebula,https://stackoverflow.com/questions/54298032,grpc-nebula/grpc-nebula-java/core/src/main/java/io/grpc/internal/IoUtils.java,copy,40,55,54298032/54298032_2_190009745.java,copy,52,65,CLONE,TYPE_3,44,55,54,65,0.8000,0.9231,0.8409,0.8621,0.9231,,MEDIUM,"A substantial ordered core of normalized statements was found with additions, deletions, or changes.",YES,BALANCED_TOKEN_SEQUENCE,BALANCED_TOKEN_SEQUENCE,b4c995ad85187726cc4a78449510357506e3142f476be8d91ee30fba91e36f21,08521e65a5ecc5c79e8dc6c719bce0b7bb1b7d79088b73dae9cc009eefa5decc,,,,
644,grpc-nebula,https://stackoverflow.com/questions/54298032,grpc-nebula/grpc-nebula-java/services/src/main/java/io/grpc/services/BinaryLogProvider.java,copy,177,192,54298032/54298032_2_190009745.java,copy,52,65,CLONE,TYPE_3,181,192,54,65,0.8000,0.9231,0.8043,0.8242,0.9231,,MEDIUM,"A substantial ordered core of normalized statements was found with additions, deletions, or changes.",YES,BALANCED_TOKEN_SEQUENCE,BALANCED_TOKEN_SEQUENCE,55c6792979492ab2d966c09262081a5af971ec2112f474cffab5dac48a87e8d1,08521e65a5ecc5c79e8dc6c719bce0b7bb1b7d79088b73dae9cc009eefa5decc,,,,
645,grpc-nebula,https://stackoverflow.com/questions/54298032,grpc-nebula/grpc-nebula-java/protobuf-nano/src/main/java/io/grpc/protobuf/nano/NanoUtils.java,copy,84,98,54298032/54298032_2_190009745.java,copy,52,65,CLONE,TYPE_3,84,98,52,65,0.8667,1.0000,0.8621,0.8837,1.0000,,MEDIUM,"A substantial ordered core of normalized statements was found with additions, deletions, or changes.",YES,BALANCED_TOKEN_SEQUENCE,BALANCED_TOKEN_SEQUENCE,e5ee31d0392c5f7eeb6862f75513a1bfaca7d9473263a3e5dff4b2bd90e1126b,08521e65a5ecc5c79e8dc6c719bce0b7bb1b7d79088b73dae9cc009eefa5decc,,,,
646,grpc-nebula,https://stackoverflow.com/questions/54298032,grpc-nebula/grpc-nebula-java/protobuf-lite/src/main/java/io/grpc/protobuf/lite/ProtoLiteUtils.java,copy,98,113,54298032/54298032_2_190009745.java,copy,52,65,CLONE,TYPE_3,102,113,54,65,0.8000,0.9231,0.8506,0.8721,0.9231,,MEDIUM,"A substantial ordered core of normalized statements was found with additions, deletions, or changes.",YES,BALANCED_TOKEN_SEQUENCE,BALANCED_TOKEN_SEQUENCE,1f783946f3e907cc5ae6e15bd4409bebeaec72a6360244d34090849740ca8625,08521e65a5ecc5c79e8dc6c719bce0b7bb1b7d79088b73dae9cc009eefa5decc,,,,
500,grpc,https://stackoverflow.com/questions/54298032,grpc/grpc-java/gcp-observability/src/test/java/io/grpc/gcp/observability/interceptors/LogHelperTest.java,copy,782,797,54298032/54298032_2_190009745.java,copy,52,65,CLONE,TYPE_3,786,797,54,65,0.8000,0.9231,0.8409,0.8621,0.9231,,MEDIUM,"A substantial ordered core of normalized statements was found with additions, deletions, or changes.",YES,BALANCED_TOKEN_SEQUENCE,BALANCED_TOKEN_SEQUENCE,16ce16dc570d10d6d7f334a158cb59f87c29cdcd9f09c6d0a9ce2984a01b39c3,08521e65a5ecc5c79e8dc6c719bce0b7bb1b7d79088b73dae9cc009eefa5decc,,,,
501,grpc,https://stackoverflow.com/questions/54298032,grpc/grpc-java/services/src/main/java/io/grpc/protobuf/services/BinaryLogProvider.java,copy,177,192,54298032/54298032_2_190009745.java,copy,52,65,CLONE,TYPE_3,181,192,54,65,0.8000,0.9231,0.8043,0.8242,0.9231,,MEDIUM,"A substantial ordered core of normalized statements was found with additions, deletions, or changes.",YES,BALANCED_TOKEN_SEQUENCE,BALANCED_TOKEN_SEQUENCE,55c6792979492ab2d966c09262081a5af971ec2112f474cffab5dac48a87e8d1,08521e65a5ecc5c79e8dc6c719bce0b7bb1b7d79088b73dae9cc009eefa5decc,,,,
415,h-mdm,https://stackoverflow.com/questions/4429257,h-mdm/hmdm-server/common/src/main/java/com/hmdm/util/ResourceBundleUTF8Control.java,newBundle,47,75,4429257/4429257_2_9347476.java,newBundle,2,32,CLONE,TYPE_3,47,75,2,32,0.9643,0.9643,0.9758,0.9758,0.9643,,MEDIUM,"A substantial ordered core of normalized statements was found with additions, deletions, or changes.",YES,BALANCED_TOKEN_SEQUENCE,BALANCED_TOKEN_SEQUENCE,3fa95b9f2ef43d3dbc72290543eadb343917baf4dadbb2451e0a455253d00190,c219b187dd01b975e3a79d596f983c3128f58ccf761e0fdc7fa4f3adb7546fa2,,,,
277,h819,https://stackoverflow.com/questions/5079864,h819/spring-boot/spring-boot-webapp/src/main/java/com/base/spring/utils/Test.java,copyBeanProperties,89,98,5079864/5079864_2_136918794.java,method,1,13,CLONE,TYPE_3,91,98,5,13,0.8571,0.8571,0.9848,0.9848,0.8571,,MEDIUM,"A substantial ordered core of normalized statements was found with additions, deletions, or changes.",YES,BALANCED_TOKEN_SEQUENCE,BALANCED_TOKEN_SEQUENCE,c8838e4a6e6c206040ede7afebbd65aeeb16cdea0f14cc5455835f4739eb0754,1dbf7c5814fd8297b5dea75cb114b2cba2161b41206a5f1d97ff785aef23a4e3,,,,
785,hak5,https://stackoverflow.com/questions/6702420,hak5/usbrubberducky-payloads/payloads/library/remote_access/duckNet/Encoder/src/Encoder_GUI.java,main,47,55,6702420/6702420_2_89518975.java,main,9,18,CLONE,TYPE_1,47,55,9,18,1.0000,1.0000,1.0000,1.0000,1.0000,,HIGH,A complete fragment occurs verbatim after removing comments and layout.,NO,BALANCED_TOKEN_SEQUENCE,BALANCED_TOKEN_SEQUENCE,c8870b3d66c9973ca4d8d2d754ba04e31d31090cdc78935f5b32eeaefe7c494b,535f77d75527dc027adbf7ce5ebf851d08b0142e31a7f0a8d072913c4b0260a6,CLONE,TYPE_1,,2026-07-31T07:39:58.705Z
44,hantsy,https://stackoverflow.com/questions/29226591,hantsy/quarkus-sample/post-service/src/main/java/com/example/web/StreamBodyWriter.java,writeTo,35,50,29226591/29226591_2_recent.java,method,1,30,CLONE,TYPE_1,35,50,14,29,1.0000,0.5843,0.5843,0.5843,1.0000,,HIGH,A complete fragment occurs verbatim after removing comments and layout.,NO,BALANCED_TOKEN_SEQUENCE,TOKEN_FALLBACK,c7569a84814e652556cd73e743bc6e69085908dcf6cd8f9f919f92a2cbc6af70,213156717c22542af6c6187910b453a2ebf1395b16933bc8933be7ca4e67aca5,CLONE,TYPE_1,,2026-07-31T07:40:09.688Z
179,hapjs-platform,https://stackoverflow.com/questions/19876516,hapjs-platform/hapjs/core/runtime/android/widgets/src/main/java/org/hapjs/widgets/input/Edit.java,publishResults,1037,1045,19876516/19876516_2_recent.java,method,1,33,CLONE,TYPE_2,1037,1045,24,33,1.0000,0.2883,0.2805,0.2883,1.0000,,HIGH,A complete fragment has identical normalized syntax with consistent identifier mapping.,NO,BALANCED_TOKEN_SEQUENCE,BALANCED_TOKEN_SEQUENCE,ebed8e12309e6fb3f4ccbfbac34fc02951e057bec6a04d118d61dd5d271e3e81,7c09a311f574ad8dda2b6f32167d4803dcdefacefae79464346ef4f815626d28,CLONE,TYPE_2,,2026-07-31T07:56:17.121Z
180,hapjs-platform,https://stackoverflow.com/questions/52144662,hapjs-platform/hapjs/core/runtime/android/runtime/src/main/java/org/hapjs/common/utils/MediaUtils.java,isExternalStorageWritable,142,148,52144662/52144662_2_181397043.java,method,1,97,CLONE,TYPE_3,143,148,91,96,0.8571,0.0674,0.0427,0.0427,0.8571,,MEDIUM,"A substantial ordered core of normalized statements was found with additions, deletions, or changes.",YES,BALANCED_TOKEN_SEQUENCE,TOKEN_FALLBACK,4aa3c06370d19977854e72b29c90bc20238b3b29ef4237603c44e78620553474,a0a758e1acec5e8c1d447e3e9ee771b74b0365261c507f2efafa3d7c2c5fe1b6,,,,
726,haptic-apps,https://stackoverflow.com/questions/27436796,haptic-apps/slide/app/src/main/java/me/ccrama/redditslide/util/DrawableUtil.java,drawCanvas,44,50,27436796/27436796_2_recent.java,method,1,69,NOT_CLONE,,,,,,0.8333,0.0943,0.1385,0.1414,0.8333,,MEDIUM,No Type I/II containment or substantial ordered statement core was found.,NO,BALANCED_TOKEN_SEQUENCE,BALANCED_TOKEN_SEQUENCE,64c4b0106465a5ef75f8e7109948d590cd0e4a3e6eae9bf4cc3a8244246684e2,013fc74b4b1e50d7151fc65fefa8cc44da4b053589a2734d54ef3a8a8aba2240,,,,
431,haulmont,https://stackoverflow.com/questions/36494384,haulmont/jmix-core/jmix-reports/reports/src/main/java/io/jmix/reports/util/ReportsUtils.java,truncateToTime,95,102,36494384/36494384_1_174279059.java,method,1,14,UNCERTAIN,,,,,,0.6250,0.3571,0.4110,0.4507,0.6250,,LOW,Similarity is suggestive but does not satisfy the conservative Type III rule.,YES,BALANCED_TOKEN_SEQUENCE,BALANCED_TOKEN_SEQUENCE,fc0b0de2bb9de17de29ace840a89caff856e6c2424b99273a045a646219f2e4f,ec94d6b98ae425378da4dd6df7e91c10ba08317912b2bea7818bf8b422ae6b07,,,,
116,hidroh,https://stackoverflow.com/questions/41800354,hidroh/materialistic/app/src/main/java/io/github/hidroh/materialistic/Preferences.java,migrate,97,111,41800354/41800354_2_recent.java,method,1,82,CLONE,TYPE_1,97,111,30,44,1.0000,0.2319,0.2319,0.2319,1.0000,,HIGH,A complete fragment occurs verbatim after removing comments and layout.,NO,BALANCED_TOKEN_SEQUENCE,TOKEN_FALLBACK,dc52a4a6195e6afaf487ef9a03ff2a1a5b21d41db7ee2387a93a35b9119a148c,adf6f35bcf21ebdea41f51e92e1244536a0d973b4a83239c8ff782a286ad344e,CLONE,TYPE_1,,2026-07-31T07:40:17.021Z
724,hiwepy,https://stackoverflow.com/questions/60123437,hiwepy/spring-boot-starter-samples/spring-boot-sample-pf4j/src/main/java/ro/fortsoft/pf4j/spring/boot/Pf4jApplication.java,run,32,57,60123437/60123437_2_recent.java,method,1,12,NOT_CLONE,,,,,,1.0000,0.4000,0.4062,0.4062,1.0000,,MEDIUM,No Type I/II containment or substantial ordered statement core was found.,NO,BALANCED_TOKEN_SEQUENCE,BALANCED_TOKEN_SEQUENCE,fd15590cad757ef21214b11e9acd859c352cb46a16a680226458d92b6b5c8a79,014b2bf4ee56f9a5538e4d2e5f39a20077a9be25886ea5f286b870836444b7a7,,,,
511,hmkcode,https://stackoverflow.com/questions/28039909,hmkcode/android/android-get-last-location-fused-api/src/com/hmkcode/locations/MainActivity.java,buildGoogleApiClient,66,72,28039909/28039909_2_recent.java,method,1,13,CLONE,TYPE_1,66,72,1,7,1.0000,0.5571,0.5571,0.5571,1.0000,,HIGH,A complete fragment occurs verbatim after removing comments and layout.,NO,BALANCED_TOKEN_SEQUENCE,BALANCED_TOKEN_SEQUENCE,09e3b57a43b9551fef3249e5ac643ce03d96635c5f68be8356572009fc759a0c,0aff9da6263a754c6a37faa135d67dc88613f7e7ae2d24b9ebadf2b7e10026e7,CLONE,TYPE_1,,2026-07-31T07:40:20.622Z
535,huanghongxun,https://stackoverflow.com/questions/4429257,huanghongxun/hmcl/HMCL/src/main/java/org/jackhuang/hmcl/util/i18n/UTF8Control.java,newBundle,37,65,4429257/4429257_2_9347476.java,newBundle,2,32,CLONE,TYPE_3,40,65,7,32,0.9286,0.9286,0.9515,0.9755,0.9286,,MEDIUM,"A substantial ordered core of normalized statements was found with additions, deletions, or changes.",YES,BALANCED_TOKEN_SEQUENCE,BALANCED_TOKEN_SEQUENCE,03c52fdd4cdaf6245703342d19273c9f23e9e223b5ea10e383a47351385c3d53,c219b187dd01b975e3a79d596f983c3128f58ccf761e0fdc7fa4f3adb7546fa2,,,,
604,huawei-hadoop,https://stackoverflow.com/questions/59239733,huawei-hadoop/hindex/src/test/java/org/apache/hadoop/hbase/procedure/TestZKProcedure.java,answer,292,299,59239733/59239733_4_210806800.java,method,1,16,NOT_CLONE,,,,,,0.8000,0.2667,0.4030,0.4242,0.8000,,MEDIUM,No Type I/II containment or substantial ordered statement core was found.,NO,BALANCED_TOKEN_SEQUENCE,BALANCED_TOKEN_SEQUENCE,012789bf10964ea693437f6798308456a1a2dcaec507b9e41ef2abc5bf179506,5b23381b0efb6ea7ef7f985e09f7cca074d138cda02deae42c034990c1197a4c,,,,
88,hudson,https://stackoverflow.com/questions/50738131,hudson/hudson-2.x/hudson-remoting/src/main/java/hudson/remoting/ProxyOutputStream.java,run,264,270,50738131/50738131_2_recent.java,run,3,30,NOT_CLONE,,,,,,0.8571,0.3529,0.2674,0.2674,0.8571,,MEDIUM,No Type I/II containment or substantial ordered statement core was found.,NO,BALANCED_TOKEN_SEQUENCE,BALANCED_TOKEN_SEQUENCE,d5def7e19b937a992f435b88e238e5b027ff887a693932fe0ec469c808d7d0d3,c10a8cd22c98e33a72e590edcaef70ccbf782c5e7752846bf46268ff1604a437,,,,
243,hugegraph,https://stackoverflow.com/questions/58370217,hugegraph/hugegraph-loader/hugegraph-hubble/hubble-be/src/main/java/org/apache/hugegraph/config/GlobalCorsConfig.java,corsFilter,30,44,58370217/58370217_2_recent.java,method,1,45,NOT_CLONE,,,,,,0.8182,0.2500,0.2598,0.2734,0.8182,,MEDIUM,No Type I/II containment or substantial ordered statement core was found.,NO,BALANCED_TOKEN_SEQUENCE,BALANCED_TOKEN_SEQUENCE,2e41c9d362060f34bec3fb07d594f9c902a85598e59fd2ce11ee0dc1b882d41b,e5d1a9afc2e2c93478994f4bf08bfa6d0f75d4850cc19d2718ea81477a23b239,,,,
356,ibmruntimes,https://stackoverflow.com/questions/13462440,ibmruntimes/openj9-openjdk-jdk8/jdk/src/share/demo/jfc/SwingApplet/SwingApplet.java,init,74,91,13462440/13462440_6_32050882.java,init,30,44,CLONE,TYPE_2,74,91,30,44,1.0000,1.0000,0.9412,1.0000,1.0000,,HIGH,A complete fragment has identical normalized syntax with consistent identifier mapping.,NO,BALANCED_TOKEN_SEQUENCE,BALANCED_TOKEN_SEQUENCE,c777906d434f24444e5766212e4e96ab2b273341cad2275dd730cfe8117ad252,c0530b14241a3352f9715d1dd541f7f840ec25e4ec0dedce9c153c5d24fa2345,CLONE,TYPE_2,,2026-07-31T07:56:25.756Z
357,ibmruntimes,https://stackoverflow.com/questions/58993471,ibmruntimes/openj9-openjdk-jdk8/jdk/src/share/classes/sun/security/tools/keytool/Main.java,toHexString,3371,3381,58993471/58993471_2_recent.java,method,1,363,CLONE,TYPE_3,3372,3381,352,362,0.9231,0.0674,0.0414,0.0414,0.9231,,MEDIUM,"A substantial ordered core of normalized statements was found with additions, deletions, or changes.",YES,BALANCED_TOKEN_SEQUENCE,BALANCED_TOKEN_SEQUENCE,cecde6bdb6cbc93dd85dda21e09eaba63ca3d08ab077bf610227b267d7a54601,f776ff3e2c9a7566cb9e148cf653d56af10d4d37cb35490610182f5296c4e2f0,,,,
358,ibmruntimes,https://stackoverflow.com/questions/29866762,ibmruntimes/openj9-openjdk-jdk8/jdk/src/share/classes/java/util/ComparableTimSort.java,sort,179,224,29866762/29866762_2_89013107.java,method,1,40,CLONE,TYPE_3,182,224,4,40,0.7500,0.7500,0.8510,0.8805,0.7500,,MEDIUM,"A substantial ordered core of normalized statements was found with additions, deletions, or changes.",YES,BALANCED_TOKEN_SEQUENCE,BALANCED_TOKEN_SEQUENCE,1c2e6b7fad207a73b341b48235581ded12015fae31385c8d66729b9574424255,f2d6cbd0090a5f2d602e8ecb6f9e7d1f017c9b1874ab1fd7662f6c775d2ff52c,,,,
359,ibmruntimes,https://stackoverflow.com/questions/29866762,ibmruntimes/openj9-openjdk-jdk8/jdk/src/share/classes/java/util/TimSort.java,sort,210,256,29866762/29866762_2_89013107.java,method,1,40,CLONE,TYPE_1,210,256,1,40,1.0000,1.0000,1.0000,1.0000,1.0000,,HIGH,A complete fragment occurs verbatim after removing comments and layout.,NO,BALANCED_TOKEN_SEQUENCE,BALANCED_TOKEN_SEQUENCE,1bba7e024cd985253d3247dd4f5cdc15ac591c639876dac78382e99978767e4a,f2d6cbd0090a5f2d602e8ecb6f9e7d1f017c9b1874ab1fd7662f6c775d2ff52c,CLONE,TYPE_1,,2026-07-31T07:40:25.989Z
360,ibmruntimes,https://stackoverflow.com/questions/46830988,ibmruntimes/openj9-openjdk-jdk8/jdk/src/share/classes/java/util/HashMap.java,putMapEntries,501,519,46830988/46830988_4_158689916.java,method,1,19,CLONE,TYPE_1,501,519,1,19,1.0000,1.0000,1.0000,1.0000,1.0000,,HIGH,A complete fragment occurs verbatim after removing comments and layout.,NO,BALANCED_TOKEN_SEQUENCE,BALANCED_TOKEN_SEQUENCE,b469a303e48b332826bea2ef3f41947dd12eb9c1b4ae1767beefa06774090899,73ad567e827a0c242a3d4dca670e673db9bfe0077c48eaf8d743be9a61a6bd3c,CLONE,TYPE_1,,2026-07-31T07:40:30.031Z
361,ibmruntimes,https://stackoverflow.com/questions/16799135,ibmruntimes/openj9-openjdk-jdk8/jdk/src/share/classes/java/util/Timer.java,sched,386,412,16799135/16799135_10_41317480.java,method,1,23,CLONE,TYPE_1,386,412,1,23,1.0000,1.0000,1.0000,1.0000,1.0000,,HIGH,A complete fragment occurs verbatim after removing comments and layout.,NO,BALANCED_TOKEN_SEQUENCE,BALANCED_TOKEN_SEQUENCE,f36958fdd4a07ffb645cd9c60ff015ef4bfd01bfd537e5f1324c8a5fa1b490b8,b12229d17fef9aacb11c9f5c8ef437018af7c1106c85e26950e4e34a497e3664,CLONE,TYPE_1,,2026-07-31T07:40:34.022Z
362,ibmruntimes,https://stackoverflow.com/questions/29330741,ibmruntimes/openj9-openjdk-jdk8/jdk/src/share/classes/java/math/BigDecimal.java,divide,5291,5303,29330741/29330741_6_86929181.java,method,1,13,CLONE,TYPE_3,5292,5303,2,13,0.8571,0.8571,0.9630,0.9630,0.8571,,MEDIUM,"A substantial ordered core of normalized statements was found with additions, deletions, or changes.",YES,BALANCED_TOKEN_SEQUENCE,BALANCED_TOKEN_SEQUENCE,36bb1e471b0767e848c2679d03fa87127f228da64e78d264ac92014c1a71a189,9307832391140acf4a96db84b514584bd55eca9e37b43841df3abf69ad712e43,,,,
363,ibmruntimes,https://stackoverflow.com/questions/29330741,ibmruntimes/openj9-openjdk-jdk8/jdk/src/share/classes/java/math/BigDecimal.java,divide,5305,5317,29330741/29330741_6_86929181.java,method,1,13,CLONE,TYPE_1,5305,5317,1,13,1.0000,1.0000,1.0000,1.0000,1.0000,,HIGH,A complete fragment occurs verbatim after removing comments and layout.,NO,BALANCED_TOKEN_SEQUENCE,BALANCED_TOKEN_SEQUENCE,4d0557069d419a2f356c1e19658e7b2fa7e49d137f528e95ad6b23d93fec629c,9307832391140acf4a96db84b514584bd55eca9e37b43841df3abf69ad712e43,CLONE,TYPE_1,,2026-07-31T07:40:56.624Z
364,ibmruntimes,https://stackoverflow.com/questions/45774144,ibmruntimes/openj9-openjdk-jdk8/jdk/src/share/classes/javax/swing/plaf/metal/MetalTabbedPaneUI.java,update,719,725,45774144/45774144_4_recent.java,method,1,21,NOT_CLONE,,,,,,0.7143,0.2632,0.3929,0.4130,0.7143,,MEDIUM,No Type I/II containment or substantial ordered statement core was found.,NO,BALANCED_TOKEN_SEQUENCE,BALANCED_TOKEN_SEQUENCE,fc0f73d5228a1cfebfd6fffbddf0f51fffd35969670208dd5aad517c583cf5fe,6f2d006bf421a42f38ba5c2aab1c42442d2dbf11d8d86b7321c81057421ee7a3,,,,
365,ibmruntimes,https://stackoverflow.com/questions/54119640,ibmruntimes/openj9-openjdk-jdk8/jdk/src/share/classes/javax/swing/plaf/basic/BasicTableHeaderUI.java,mouseClicked,99,116,54119640/54119640_4_189259651.java,mouseClicked,10,26,CLONE,TYPE_3,99,116,10,26,0.7500,0.8571,0.8571,0.9180,0.8571,,MEDIUM,"A substantial ordered core of normalized statements was found with additions, deletions, or changes.",YES,BALANCED_TOKEN_SEQUENCE,BALANCED_TOKEN_SEQUENCE,2a6732afef0ba34061445adeaf545b78528d8ecc0eebb1f4448a9b1027c70d10,59e2ef0f2ed93467dda31ef051eea5447fd9fa51dda2896417f0139abdbef8fc,,,,
366,ibmruntimes,https://stackoverflow.com/questions/58993471,ibmruntimes/openj9-openjdk-jdk8/jdk/test/sun/security/pkcs11/tls/TestLeadingZeroesP11.java,toHexString,124,136,58993471/58993471_2_recent.java,method,1,363,CLONE,TYPE_3,125,136,352,362,0.9231,0.0674,0.0414,0.0414,0.9231,,MEDIUM,"A substantial ordered core of normalized statements was found with additions, deletions, or changes.",YES,BALANCED_TOKEN_SEQUENCE,BALANCED_TOKEN_SEQUENCE,05618cf16b20c08ec4b17959723e4af297ec40e95fe940638731eed9f56e5331,f776ff3e2c9a7566cb9e148cf653d56af10d4d37cb35490610182f5296c4e2f0,,,,
367,ibmruntimes,https://stackoverflow.com/questions/58993471,ibmruntimes/openj9-openjdk-jdk8/jdk/test/sun/security/x509/X500Name/DerValueConstructor.java,toHexString,119,131,58993471/58993471_2_recent.java,method,1,363,CLONE,TYPE_1,119,131,149,159,1.0000,0.0419,0.0419,0.0419,1.0000,,HIGH,A complete fragment occurs verbatim after removing comments and layout.,NO,BALANCED_TOKEN_SEQUENCE,BALANCED_TOKEN_SEQUENCE,f40de59c659528869f54023f4da2b3856233b9d398b391625c21e70cf44fc00a,f776ff3e2c9a7566cb9e148cf653d56af10d4d37cb35490610182f5296c4e2f0,CLONE,TYPE_1,,2026-07-31T07:41:09.461Z
368,ibmruntimes,https://stackoverflow.com/questions/64938483,ibmruntimes/openj9-openjdk-jdk8/jdk/test/jdk/jfr/jcmd/TestJcmdStartWithSettings.java,run,167,176,64938483/64938483_2_recent.java,method,1,68,NOT_CLONE,,,,,,1.0000,0.1613,0.0914,0.0914,1.0000,,MEDIUM,No Type I/II containment or substantial ordered statement core was found.,NO,BALANCED_TOKEN_SEQUENCE,TOKEN_FALLBACK,c38839e2ee06e79efeeb9b59b8895a31aed7468eb7cc17ba9e1ada5c7ae563fc,7a7d226ceb229cb1a2032306bba7358de48086650875ea2c8bb7a0343506b220,,,,
369,ibmruntimes,https://stackoverflow.com/questions/6702420,ibmruntimes/openj9-openjdk-jdk8/jdk/test/java/awt/im/6396526/IMLookAndFeel.java,main,68,76,6702420/6702420_2_89518975.java,main,9,18,CLONE,TYPE_1,68,76,9,18,1.0000,1.0000,1.0000,1.0000,1.0000,,HIGH,A complete fragment occurs verbatim after removing comments and layout.,NO,BALANCED_TOKEN_SEQUENCE,BALANCED_TOKEN_SEQUENCE,c8870b3d66c9973ca4d8d2d754ba04e31d31090cdc78935f5b32eeaefe7c494b,535f77d75527dc027adbf7ce5ebf851d08b0142e31a7f0a8d072913c4b0260a6,CLONE,TYPE_1,,2026-07-31T07:41:12.329Z
370,ibmruntimes,https://stackoverflow.com/questions/58993471,ibmruntimes/openj9-openjdk-jdk8/jdk/test/com/sun/crypto/provider/KeyAgreement/DHKeyAgreement2.java,toHexString,271,283,58993471/58993471_2_recent.java,method,1,363,CLONE,TYPE_3,272,283,352,362,0.9231,0.0674,0.0414,0.0414,0.9231,,MEDIUM,"A substantial ordered core of normalized statements was found with additions, deletions, or changes.",YES,BALANCED_TOKEN_SEQUENCE,BALANCED_TOKEN_SEQUENCE,05618cf16b20c08ec4b17959723e4af297ec40e95fe940638731eed9f56e5331,f776ff3e2c9a7566cb9e148cf653d56af10d4d37cb35490610182f5296c4e2f0,,,,
371,ibmruntimes,https://stackoverflow.com/questions/58993471,ibmruntimes/openj9-openjdk-jdk8/jdk/test/com/sun/crypto/provider/KeyAgreement/DHKeyAgreement3.java,toHexString,178,190,58993471/58993471_2_recent.java,method,1,363,CLONE,TYPE_3,179,190,352,362,0.9231,0.0674,0.0414,0.0414,0.9231,,MEDIUM,"A substantial ordered core of normalized statements was found with additions, deletions, or changes.",YES,BALANCED_TOKEN_SEQUENCE,BALANCED_TOKEN_SEQUENCE,05618cf16b20c08ec4b17959723e4af297ec40e95fe940638731eed9f56e5331,f776ff3e2c9a7566cb9e148cf653d56af10d4d37cb35490610182f5296c4e2f0,,,,
372,ibmruntimes,https://stackoverflow.com/questions/58993471,ibmruntimes/openj9-openjdk-jdk8/jdk/test/com/sun/crypto/provider/Cipher/Blowfish/BlowfishTestVector.java,toHexString,133,145,58993471/58993471_2_recent.java,method,1,363,CLONE,TYPE_3,134,145,352,362,0.9231,0.0674,0.0419,0.0419,0.9231,,MEDIUM,"A substantial ordered core of normalized statements was found with additions, deletions, or changes.",YES,BALANCED_TOKEN_SEQUENCE,BALANCED_TOKEN_SEQUENCE,a6b4d4fc6cf0381ae6e3199750130ffa9ce08332c18d4029c91a280eedd7c67a,f776ff3e2c9a7566cb9e148cf653d56af10d4d37cb35490610182f5296c4e2f0,,,,
373,ibmruntimes,https://stackoverflow.com/questions/58993471,ibmruntimes/openj9-openjdk-jdk8/jdk/test/com/sun/crypto/provider/TLS/TestLeadingZeroes.java,toHexString,130,142,58993471/58993471_2_recent.java,method,1,363,CLONE,TYPE_3,131,142,352,362,0.9231,0.0674,0.0414,0.0414,0.9231,,MEDIUM,"A substantial ordered core of normalized statements was found with additions, deletions, or changes.",YES,BALANCED_TOKEN_SEQUENCE,BALANCED_TOKEN_SEQUENCE,05618cf16b20c08ec4b17959723e4af297ec40e95fe940638731eed9f56e5331,f776ff3e2c9a7566cb9e148cf653d56af10d4d37cb35490610182f5296c4e2f0,,,,
374,ibmruntimes,https://stackoverflow.com/questions/58617321,ibmruntimes/openj9-openjdk-jdk8/jdk/test/javax/imageio/plugins/bmp/BMPSubsamplingTest.java,create3ByteImage,329,342,58617321/58617321_2_recent.java,method,1,17,CLONE,TYPE_3,330,342,5,17,0.8333,0.4545,0.6418,0.6923,0.8333,,MEDIUM,"A substantial ordered core of normalized statements was found with additions, deletions, or changes.",YES,BALANCED_TOKEN_SEQUENCE,BALANCED_TOKEN_SEQUENCE,1983a231675b46b19c8c0086d87df575a70ed50b74dc28310ed30b23bfc953e4,cf14625a123db4bab2ab7da6d70ad666935f22e4b1b3ba9e7317da7303bc3bf6,,,,
375,ibmruntimes,https://stackoverflow.com/questions/45774144,ibmruntimes/openj9-openjdk-jdk11/src/java.desktop/share/classes/javax/swing/plaf/metal/MetalTabbedPaneUI.java,update,809,815,45774144/45774144_4_recent.java,method,1,21,NOT_CLONE,,,,,,0.7143,0.2632,0.3929,0.4130,0.7143,,MEDIUM,No Type I/II containment or substantial ordered statement core was found.,NO,BALANCED_TOKEN_SEQUENCE,BALANCED_TOKEN_SEQUENCE,fc0f73d5228a1cfebfd6fffbddf0f51fffd35969670208dd5aad517c583cf5fe,6f2d006bf421a42f38ba5c2aab1c42442d2dbf11d8d86b7321c81057421ee7a3,,,,
376,ibmruntimes,https://stackoverflow.com/questions/58993471,ibmruntimes/openj9-openjdk-jdk11/src/java.base/share/classes/sun/security/tools/keytool/Main.java,toHexString,3720,3730,58993471/58993471_2_recent.java,method,1,363,CLONE,TYPE_3,3721,3730,352,362,0.9231,0.0674,0.0414,0.0414,0.9231,,MEDIUM,"A substantial ordered core of normalized statements was found with additions, deletions, or changes.",YES,BALANCED_TOKEN_SEQUENCE,BALANCED_TOKEN_SEQUENCE,cecde6bdb6cbc93dd85dda21e09eaba63ca3d08ab077bf610227b267d7a54601,f776ff3e2c9a7566cb9e148cf653d56af10d4d37cb35490610182f5296c4e2f0,,,,
377,ibmruntimes,https://stackoverflow.com/questions/29866762,ibmruntimes/openj9-openjdk-jdk11/src/java.base/share/classes/java/util/ComparableTimSort.java,sort,179,224,29866762/29866762_2_89013107.java,method,1,40,CLONE,TYPE_3,182,224,4,40,0.7500,0.7500,0.8510,0.8805,0.7500,,MEDIUM,"A substantial ordered core of normalized statements was found with additions, deletions, or changes.",YES,BALANCED_TOKEN_SEQUENCE,BALANCED_TOKEN_SEQUENCE,1c2e6b7fad207a73b341b48235581ded12015fae31385c8d66729b9574424255,f2d6cbd0090a5f2d602e8ecb6f9e7d1f017c9b1874ab1fd7662f6c775d2ff52c,,,,
378,ibmruntimes,https://stackoverflow.com/questions/29866762,ibmruntimes/openj9-openjdk-jdk11/src/java.base/share/classes/java/util/TimSort.java,sort,210,256,29866762/29866762_2_89013107.java,method,1,40,CLONE,TYPE_1,210,256,1,40,1.0000,1.0000,1.0000,1.0000,1.0000,,HIGH,A complete fragment occurs verbatim after removing comments and layout.,NO,BALANCED_TOKEN_SEQUENCE,BALANCED_TOKEN_SEQUENCE,1bba7e024cd985253d3247dd4f5cdc15ac591c639876dac78382e99978767e4a,f2d6cbd0090a5f2d602e8ecb6f9e7d1f017c9b1874ab1fd7662f6c775d2ff52c,CLONE,TYPE_1,,2026-07-31T07:41:16.295Z
379,ibmruntimes,https://stackoverflow.com/questions/46830988,ibmruntimes/openj9-openjdk-jdk11/src/java.base/share/classes/java/util/HashMap.java,putMapEntries,496,514,46830988/46830988_4_158689916.java,method,1,19,CLONE,TYPE_1,496,514,1,19,1.0000,1.0000,1.0000,1.0000,1.0000,,HIGH,A complete fragment occurs verbatim after removing comments and layout.,NO,BALANCED_TOKEN_SEQUENCE,BALANCED_TOKEN_SEQUENCE,b469a303e48b332826bea2ef3f41947dd12eb9c1b4ae1767beefa06774090899,73ad567e827a0c242a3d4dca670e673db9bfe0077c48eaf8d743be9a61a6bd3c,CLONE,TYPE_1,,2026-07-31T07:41:19.629Z
380,ibmruntimes,https://stackoverflow.com/questions/62919983,ibmruntimes/openj9-openjdk-jdk11/src/java.base/share/classes/java/util/Random.java,seedUniquifier,108,117,62919983/62919983_2_recent.java,method,1,17,CLONE,TYPE_1,108,117,4,13,1.0000,0.5114,0.5114,0.5114,1.0000,,HIGH,A complete fragment occurs verbatim after removing comments and layout.,NO,BALANCED_TOKEN_SEQUENCE,BALANCED_TOKEN_SEQUENCE,78cfe9d4b45262d038cc20e23886c79d802d4e1c0358a6ae089a8c774a13c1d0,c018fe2d3a4e1c9c2735a33281bfc762a1234856424614f3c93f717baf97815e,CLONE,TYPE_1,,2026-07-31T07:41:23.234Z
381,ibmruntimes,https://stackoverflow.com/questions/16799135,ibmruntimes/openj9-openjdk-jdk11/src/java.base/share/classes/java/util/Timer.java,sched,421,447,16799135/16799135_10_41317480.java,method,1,23,CLONE,TYPE_1,421,447,1,23,1.0000,1.0000,1.0000,1.0000,1.0000,,HIGH,A complete fragment occurs verbatim after removing comments and layout.,NO,BALANCED_TOKEN_SEQUENCE,BALANCED_TOKEN_SEQUENCE,f36958fdd4a07ffb645cd9c60ff015ef4bfd01bfd537e5f1324c8a5fa1b490b8,b12229d17fef9aacb11c9f5c8ef437018af7c1106c85e26950e4e34a497e3664,CLONE,TYPE_1,,2026-07-31T07:41:26.912Z
382,ibmruntimes,https://stackoverflow.com/questions/29330741,ibmruntimes/openj9-openjdk-jdk11/src/java.base/share/classes/java/math/BigDecimal.java,divide,5731,5743,29330741/29330741_6_86929181.java,method,1,13,CLONE,TYPE_3,5732,5743,2,13,0.8571,0.8571,0.9630,0.9630,0.8571,,MEDIUM,"A substantial ordered core of normalized statements was found with additions, deletions, or changes.",YES,BALANCED_TOKEN_SEQUENCE,BALANCED_TOKEN_SEQUENCE,36bb1e471b0767e848c2679d03fa87127f228da64e78d264ac92014c1a71a189,9307832391140acf4a96db84b514584bd55eca9e37b43841df3abf69ad712e43,,,,
383,ibmruntimes,https://stackoverflow.com/questions/29330741,ibmruntimes/openj9-openjdk-jdk11/src/java.base/share/classes/java/math/BigDecimal.java,divide,5745,5757,29330741/29330741_6_86929181.java,method,1,13,CLONE,TYPE_1,5745,5757,1,13,1.0000,1.0000,1.0000,1.0000,1.0000,,HIGH,A complete fragment occurs verbatim after removing comments and layout.,NO,BALANCED_TOKEN_SEQUENCE,BALANCED_TOKEN_SEQUENCE,4d0557069d419a2f356c1e19658e7b2fa7e49d137f528e95ad6b23d93fec629c,9307832391140acf4a96db84b514584bd55eca9e37b43841df3abf69ad712e43,CLONE,TYPE_1,,2026-07-31T07:41:28.947Z
384,ibmruntimes,https://stackoverflow.com/questions/58993471,ibmruntimes/openj9-openjdk-jdk11/test/jdk/sun/security/pkcs11/PKCS11Test.java,byte2hex,126,133,58993471/58993471_2_recent.java,method,1,363,CLONE,TYPE_1,126,133,138,145,1.0000,0.0512,0.0512,0.0512,1.0000,,HIGH,A complete fragment occurs verbatim after removing comments and layout.,NO,BALANCED_TOKEN_SEQUENCE,BALANCED_TOKEN_SEQUENCE,3118ff9c5d5188e33a4d10bc88f7e5da11f524d939c29f7c8448ce3f608dca8f,f776ff3e2c9a7566cb9e148cf653d56af10d4d37cb35490610182f5296c4e2f0,CLONE,TYPE_1,,2026-07-31T07:41:34.779Z
385,ibmruntimes,https://stackoverflow.com/questions/58993471,ibmruntimes/openj9-openjdk-jdk11/test/jdk/sun/security/pkcs11/PKCS11Test.java,toHexString,134,146,58993471/58993471_2_recent.java,method,1,363,CLONE,TYPE_3,135,146,352,362,0.9231,0.0674,0.0413,0.0413,0.9231,,MEDIUM,"A substantial ordered core of normalized statements was found with additions, deletions, or changes.",YES,BALANCED_TOKEN_SEQUENCE,BALANCED_TOKEN_SEQUENCE,47eb694ba38d2ca81519dbc10aa08c5035e0dfd8f44304a58b96ff933f4ad0db,f776ff3e2c9a7566cb9e148cf653d56af10d4d37cb35490610182f5296c4e2f0,,,,
386,ibmruntimes,https://stackoverflow.com/questions/58993471,ibmruntimes/openj9-openjdk-jdk11/test/jdk/sun/security/x509/X500Name/DerValueConstructor.java,toHexString,121,133,58993471/58993471_2_recent.java,method,1,363,CLONE,TYPE_1,121,133,149,159,1.0000,0.0419,0.0419,0.0419,1.0000,,HIGH,A complete fragment occurs verbatim after removing comments and layout.,NO,BALANCED_TOKEN_SEQUENCE,BALANCED_TOKEN_SEQUENCE,f40de59c659528869f54023f4da2b3856233b9d398b391625c21e70cf44fc00a,f776ff3e2c9a7566cb9e148cf653d56af10d4d37cb35490610182f5296c4e2f0,CLONE,TYPE_1,,2026-07-31T07:41:40.330Z
387,ibmruntimes,https://stackoverflow.com/questions/64938483,ibmruntimes/openj9-openjdk-jdk11/test/jdk/jdk/jfr/jcmd/TestJcmdStartWithSettings.java,run,167,176,64938483/64938483_2_recent.java,method,1,68,NOT_CLONE,,,,,,1.0000,0.1613,0.0914,0.0914,1.0000,,MEDIUM,No Type I/II containment or substantial ordered statement core was found.,NO,BALANCED_TOKEN_SEQUENCE,TOKEN_FALLBACK,c38839e2ee06e79efeeb9b59b8895a31aed7468eb7cc17ba9e1ada5c7ae563fc,7a7d226ceb229cb1a2032306bba7358de48086650875ea2c8bb7a0343506b220,,,,
388,ibmruntimes,https://stackoverflow.com/questions/6702420,ibmruntimes/openj9-openjdk-jdk11/test/jdk/java/awt/im/6396526/IMLookAndFeel.java,main,69,77,6702420/6702420_2_89518975.java,main,9,18,CLONE,TYPE_1,69,77,9,18,1.0000,1.0000,1.0000,1.0000,1.0000,,HIGH,A complete fragment occurs verbatim after removing comments and layout.,NO,BALANCED_TOKEN_SEQUENCE,BALANCED_TOKEN_SEQUENCE,c8870b3d66c9973ca4d8d2d754ba04e31d31090cdc78935f5b32eeaefe7c494b,535f77d75527dc027adbf7ce5ebf851d08b0142e31a7f0a8d072913c4b0260a6,CLONE,TYPE_1,,2026-07-31T07:41:42.149Z
389,ibmruntimes,https://stackoverflow.com/questions/58993471,ibmruntimes/openj9-openjdk-jdk11/test/jdk/com/sun/crypto/provider/KeyAgreement/DHKeyAgreementPadding.java,toHexString,89,99,58993471/58993471_2_recent.java,method,1,363,CLONE,TYPE_3,90,99,352,362,0.9167,0.0618,0.0397,0.0397,0.9167,,MEDIUM,"A substantial ordered core of normalized statements was found with additions, deletions, or changes.",YES,BALANCED_TOKEN_SEQUENCE,BALANCED_TOKEN_SEQUENCE,51be98e7861ead487c5fd11a894e866da71862a08d2fb1846108f92c641c0e14,f776ff3e2c9a7566cb9e148cf653d56af10d4d37cb35490610182f5296c4e2f0,,,,
390,ibmruntimes,https://stackoverflow.com/questions/58993471,ibmruntimes/openj9-openjdk-jdk11/test/jdk/com/sun/crypto/provider/KeyAgreement/DHKeyAgreement2.java,toHexString,268,280,58993471/58993471_2_recent.java,method,1,363,CLONE,TYPE_3,269,280,352,362,0.9231,0.0674,0.0414,0.0414,0.9231,,MEDIUM,"A substantial ordered core of normalized statements was found with additions, deletions, or changes.",YES,BALANCED_TOKEN_SEQUENCE,BALANCED_TOKEN_SEQUENCE,05618cf16b20c08ec4b17959723e4af297ec40e95fe940638731eed9f56e5331,f776ff3e2c9a7566cb9e148cf653d56af10d4d37cb35490610182f5296c4e2f0,,,,
391,ibmruntimes,https://stackoverflow.com/questions/58993471,ibmruntimes/openj9-openjdk-jdk11/test/jdk/com/sun/crypto/provider/KeyAgreement/DHKeyAgreement3.java,toHexString,173,185,58993471/58993471_2_recent.java,method,1,363,CLONE,TYPE_3,174,185,352,362,0.9231,0.0674,0.0414,0.0414,0.9231,,MEDIUM,"A substantial ordered core of normalized statements was found with additions, deletions, or changes.",YES,BALANCED_TOKEN_SEQUENCE,BALANCED_TOKEN_SEQUENCE,05618cf16b20c08ec4b17959723e4af297ec40e95fe940638731eed9f56e5331,f776ff3e2c9a7566cb9e148cf653d56af10d4d37cb35490610182f5296c4e2f0,,,,
392,ibmruntimes,https://stackoverflow.com/questions/58993471,ibmruntimes/openj9-openjdk-jdk11/test/jdk/com/sun/crypto/provider/Cipher/Blowfish/BlowfishTestVector.java,toHexString,131,143,58993471/58993471_2_recent.java,method,1,363,CLONE,TYPE_3,132,143,352,362,0.9231,0.0674,0.0419,0.0419,0.9231,,MEDIUM,"A substantial ordered core of normalized statements was found with additions, deletions, or changes.",YES,BALANCED_TOKEN_SEQUENCE,BALANCED_TOKEN_SEQUENCE,a6b4d4fc6cf0381ae6e3199750130ffa9ce08332c18d4029c91a280eedd7c67a,f776ff3e2c9a7566cb9e148cf653d56af10d4d37cb35490610182f5296c4e2f0,,,,
393,ibmruntimes,https://stackoverflow.com/questions/58993471,ibmruntimes/openj9-openjdk-jdk11/test/jdk/com/sun/crypto/provider/TLS/TestLeadingZeroes.java,toHexString,125,137,58993471/58993471_2_recent.java,method,1,363,CLONE,TYPE_3,126,137,352,362,0.9231,0.0674,0.0414,0.0414,0.9231,,MEDIUM,"A substantial ordered core of normalized statements was found with additions, deletions, or changes.",YES,BALANCED_TOKEN_SEQUENCE,BALANCED_TOKEN_SEQUENCE,05618cf16b20c08ec4b17959723e4af297ec40e95fe940638731eed9f56e5331,f776ff3e2c9a7566cb9e148cf653d56af10d4d37cb35490610182f5296c4e2f0,,,,
394,ibmruntimes,https://stackoverflow.com/questions/1520212,ibmruntimes/openj9-openjdk-jdk11/test/jdk/javax/net/ssl/DTLS/DTLSSequenceNumberTest.java,shuffleArray,177,185,1520212/1520212_2_recent.java,shuffleArray,19,31,CLONE,TYPE_3,179,185,23,31,0.8182,0.8182,0.8795,0.9747,0.8182,,MEDIUM,"A substantial ordered core of normalized statements was found with additions, deletions, or changes.",YES,BALANCED_TOKEN_SEQUENCE,BALANCED_TOKEN_SEQUENCE,3ca45622fe348d7b9352bc6294c663b444a60847ba9155d13aabb8b4c5f2566a,d3b8072193cac2766100ac50631f480ca70ed5058b863d247abb5ba2dba85714,,,,
395,ibmruntimes,https://stackoverflow.com/questions/58617321,ibmruntimes/openj9-openjdk-jdk11/test/jdk/javax/imageio/plugins/bmp/BMPSubsamplingTest.java,create3ByteImage,329,342,58617321/58617321_2_recent.java,method,1,17,CLONE,TYPE_3,330,342,5,17,0.8333,0.4545,0.6418,0.6923,0.8333,,MEDIUM,"A substantial ordered core of normalized statements was found with additions, deletions, or changes.",YES,BALANCED_TOKEN_SEQUENCE,BALANCED_TOKEN_SEQUENCE,1983a231675b46b19c8c0086d87df575a70ed50b74dc28310ed30b23bfc953e4,cf14625a123db4bab2ab7da6d70ad666935f22e4b1b3ba9e7317da7303bc3bf6,,,,
512,icecooly,https://stackoverflow.com/questions/41251473,icecooly/fasthttpclient/src/main/java/io/itit/itf/okhttp/OkHttpRequest.java,writeTo,117,126,41251473/41251473_6_recent.java,method,1,20,CLONE,TYPE_3,117,126,10,20,0.9000,0.4091,0.3898,0.4017,0.9000,,MEDIUM,"A substantial ordered core of normalized statements was found with additions, deletions, or changes.",YES,BALANCED_TOKEN_SEQUENCE,BALANCED_TOKEN_SEQUENCE,aed0ebd5ff9046b76066a7f836449683d465cbe61bc7a20973cab749159c5367,2895ef2e11b37ff63a6796e06c8a0105f729d026ccfd139d8abcb923a8f927b9,,,,
467,icyphy,https://stackoverflow.com/questions/25890405,icyphy/ptii/ptolemy/verification/kernel/maude/RTMExpTranslator.java,_GCD,385,391,25890405/25890405_4_73691184.java,method,1,18,NOT_CLONE,,,,,,0.8750,0.4118,0.3587,0.3889,0.8750,,MEDIUM,No Type I/II containment or substantial ordered statement core was found.,NO,BALANCED_TOKEN_SEQUENCE,BALANCED_TOKEN_SEQUENCE,ca24677ef3e8189d1507ffd5acf604dd8e9a309d6e3c517834698c5228f91b7a,e3c1a9862c432f8f74290fe310b4394a3909313250772aee73c32ff1b7814a1e,,,,
468,icyphy,https://stackoverflow.com/questions/60816572,icyphy/ptii/edu/umich/eecs/april/jmat/LinAlg.java,clear,1844,1850,60816572/60816572_6_recent.java,method,1,29,NOT_CLONE,,,,,,0.8182,0.2812,0.2111,0.2195,0.8182,,MEDIUM,No Type I/II containment or substantial ordered statement core was found.,NO,BALANCED_TOKEN_SEQUENCE,BALANCED_TOKEN_SEQUENCE,b807d61e1ecceb088bf8c94a9ac8df3a29e08c3a7593faa58f54b6d5a6487ba1,f1074e03d4993ca8f048ce80063e6775a78b48d1d007a42b89cf1f0193649eec,,,,
278,iiitv,https://stackoverflow.com/questions/31386664,iiitv/algos/binary_search_tree/Mirror_of_Binary_Search_Tree.java,inorder,41,48,31386664/31386664_4_95005617.java,method,1,22,CLONE,TYPE_3,43,48,11,22,0.8333,0.3125,0.3306,0.3644,0.8333,,MEDIUM,"A substantial ordered core of normalized statements was found with additions, deletions, or changes.",YES,BALANCED_TOKEN_SEQUENCE,BALANCED_TOKEN_SEQUENCE,b04d4e82c04188097db4881b30eb73bf9ce58b2d0d6646da6d74089799365018,bf21e00f363807a913d5d6b8ddc039d29fa7caa2c9c9f7b0de90d4563232a96b,,,,
198,iipc,https://stackoverflow.com/questions/4429257,iipc/openwayback/wayback-core/src/main/java/org/archive/wayback/core/UTF8Control.java,newBundle,27,56,4429257/4429257_2_9347476.java,newBundle,2,32,CLONE,TYPE_1,28,56,2,32,0.9878,1.0000,0.9878,0.9878,1.0000,,HIGH,A complete fragment occurs verbatim after removing comments and layout.,NO,BALANCED_TOKEN_SEQUENCE,BALANCED_TOKEN_SEQUENCE,e69cc958f77eea1446bed7f6691ef7646e6f69126db1e0ab2e754a6feaccec46,c219b187dd01b975e3a79d596f983c3128f58ccf761e0fdc7fa4f3adb7546fa2,CLONE,TYPE_1,,2026-07-31T07:41:47.296Z
401,ilmila,https://stackoverflow.com/questions/18531276,ilmila/j2eescan/src/main/java/burp/j2ee/passive/strutstoken/ReplayRandom.java,next,17,25,18531276/18531276_2_recent.java,method,1,59,NOT_CLONE,,,,,,0.9000,0.2045,0.1775,0.1775,0.9000,,MEDIUM,No Type I/II containment or substantial ordered statement core was found.,NO,BALANCED_TOKEN_SEQUENCE,BALANCED_TOKEN_SEQUENCE,54fac255f762cf70783cefb4689c48568a89af1019f2b9125bf84a7da84f74b1,9781a07e7cde3a681bb916795e7d00fb7942fca8f1ea9d5e1b1ec47ce8dbf595,,,,
613,intuit,https://stackoverflow.com/questions/49348068,intuit/benten/benten-core/src/main/java/com/intuit/benten/channel/slack/SlackHelper.java,extractUserFromMessage,60,68,49348068/49348068_2_recent.java,method,1,18,UNCERTAIN,,,,,,0.8750,0.4118,0.4623,0.4904,0.8750,,LOW,Similarity is suggestive but does not satisfy the conservative Type III rule.,YES,BALANCED_TOKEN_SEQUENCE,BALANCED_TOKEN_SEQUENCE,1e224aa3a0a2caca85ab065f8b7778980b5fc782e644814dcef86ac31a594020,1a305be0b04134db1596960d524258d7b932f570a271fc0f78a3bbb28eafc046,,,,
683,iotoasis,https://stackoverflow.com/questions/25985720,iotoasis/si/si-modules/LWM2M_IPE_Server/leshan-server-core/src/main/java/org/eclipse/leshan/server/client/Client.java,isNumber,215,222,25985720/25985720_14_recent.java,method,1,21,CLONE,TYPE_2,215,222,14,21,1.0000,0.2773,0.2667,0.2773,1.0000,,HIGH,A complete fragment has identical normalized syntax with consistent identifier mapping.,NO,BALANCED_TOKEN_SEQUENCE,BALANCED_TOKEN_SEQUENCE,7bf9e6dbff289cba62059c7e777b6d7b38551e232fbf9ca21a837212cd786710,f9d527dce981b6e07b9c1a042661b0aad3a84b94651f494e0d71549617fbb07f,CLONE,TYPE_2,,2026-07-31T07:56:36.005Z
684,iotoasis,https://stackoverflow.com/questions/10195366,iotoasis/si/si-modules/DM_Web_Server/src/main/java/net/herit/business/HomeController.java,home,33,45,10195366/10195366_2_recent.java,method,1,21,CLONE,TYPE_3,33,45,1,21,0.8750,0.5385,0.5369,0.5578,0.8750,,MEDIUM,"A substantial ordered core of normalized statements was found with additions, deletions, or changes.",YES,BALANCED_TOKEN_SEQUENCE,BALANCED_TOKEN_SEQUENCE,57fb414fb6b0e9c949ac184db531297d459d5526578f38d0fa9a5b6c4f6e8b17,55731e677712f23637783e8065ec9b159d7ae850f6e8c3af573e2d4c44d951bb,,,,
112,iqss,https://stackoverflow.com/questions/56259221,iqss/dataverse/src/main/java/edu/harvard/iq/dataverse/mydata/Pager.java,showClasspaths,326,334,56259221/56259221_5_recent.java,method,1,13,CLONE,TYPE_3,327,334,5,13,0.8571,0.6667,0.7571,0.7826,0.8571,,MEDIUM,"A substantial ordered core of normalized statements was found with additions, deletions, or changes.",YES,BALANCED_TOKEN_SEQUENCE,BALANCED_TOKEN_SEQUENCE,ac4b6d397322a76ed19ecefb02926b38dadfa9b49e4a81c2d0530b8a885249db,18838c8b27e6e856b034de364d789b7436b2c0f6a9d10cf6168812dff63d2811,,,,
222,jaamsim,https://stackoverflow.com/questions/22968559,jaamsim/jaamsim/src/main/java/com/jaamsim/ui/GUIFrame.java,invokeRedo,3671,3678,22968559/22968559_2_recent.java,method,1,16,CLONE,TYPE_3,3672,3678,4,14,0.8750,0.5000,0.4429,0.4638,0.8750,,MEDIUM,"A substantial ordered core of normalized statements was found with additions, deletions, or changes.",YES,BALANCED_TOKEN_SEQUENCE,BALANCED_TOKEN_SEQUENCE,64e643b8b673020896f6d021647f7038dc50b26ce807f7e5ad707c02f30944bf,507fa98bec558749f98e408dee155b344f765828d72463f31ea955593bbd2931,,,,
751,jackkolokasis,https://stackoverflow.com/questions/13462440,jackkolokasis/teraheap/jdk8u345/jdk/src/share/demo/jfc/SwingApplet/SwingApplet.java,init,74,91,13462440/13462440_6_32050882.java,init,30,44,CLONE,TYPE_2,74,91,30,44,1.0000,1.0000,0.9412,1.0000,1.0000,,HIGH,A complete fragment has identical normalized syntax with consistent identifier mapping.,NO,BALANCED_TOKEN_SEQUENCE,BALANCED_TOKEN_SEQUENCE,c777906d434f24444e5766212e4e96ab2b273341cad2275dd730cfe8117ad252,c0530b14241a3352f9715d1dd541f7f840ec25e4ec0dedce9c153c5d24fa2345,CLONE,TYPE_2,,2026-07-31T07:56:42.644Z
752,jackkolokasis,https://stackoverflow.com/questions/58993471,jackkolokasis/teraheap/jdk8u345/jdk/src/share/classes/sun/security/tools/keytool/Main.java,toHexString,3371,3381,58993471/58993471_2_recent.java,method,1,363,CLONE,TYPE_3,3372,3381,352,362,0.9231,0.0674,0.0414,0.0414,0.9231,,MEDIUM,"A substantial ordered core of normalized statements was found with additions, deletions, or changes.",YES,BALANCED_TOKEN_SEQUENCE,BALANCED_TOKEN_SEQUENCE,cecde6bdb6cbc93dd85dda21e09eaba63ca3d08ab077bf610227b267d7a54601,f776ff3e2c9a7566cb9e148cf653d56af10d4d37cb35490610182f5296c4e2f0,,,,
753,jackkolokasis,https://stackoverflow.com/questions/29866762,jackkolokasis/teraheap/jdk8u345/jdk/src/share/classes/java/util/ComparableTimSort.java,sort,179,224,29866762/29866762_2_89013107.java,method,1,40,CLONE,TYPE_3,182,224,4,40,0.7500,0.7500,0.8510,0.8805,0.7500,,MEDIUM,"A substantial ordered core of normalized statements was found with additions, deletions, or changes.",YES,BALANCED_TOKEN_SEQUENCE,BALANCED_TOKEN_SEQUENCE,1c2e6b7fad207a73b341b48235581ded12015fae31385c8d66729b9574424255,f2d6cbd0090a5f2d602e8ecb6f9e7d1f017c9b1874ab1fd7662f6c775d2ff52c,,,,
754,jackkolokasis,https://stackoverflow.com/questions/29866762,jackkolokasis/teraheap/jdk8u345/jdk/src/share/classes/java/util/TimSort.java,sort,210,256,29866762/29866762_2_89013107.java,method,1,40,CLONE,TYPE_1,210,256,1,40,1.0000,1.0000,1.0000,1.0000,1.0000,,HIGH,A complete fragment occurs verbatim after removing comments and layout.,NO,BALANCED_TOKEN_SEQUENCE,BALANCED_TOKEN_SEQUENCE,1bba7e024cd985253d3247dd4f5cdc15ac591c639876dac78382e99978767e4a,f2d6cbd0090a5f2d602e8ecb6f9e7d1f017c9b1874ab1fd7662f6c775d2ff52c,CLONE,TYPE_1,,2026-07-31T07:41:54.196Z
755,jackkolokasis,https://stackoverflow.com/questions/46830988,jackkolokasis/teraheap/jdk8u345/jdk/src/share/classes/java/util/HashMap.java,putMapEntries,501,519,46830988/46830988_4_158689916.java,method,1,19,CLONE,TYPE_1,501,519,1,19,1.0000,1.0000,1.0000,1.0000,1.0000,,HIGH,A complete fragment occurs verbatim after removing comments and layout.,NO,BALANCED_TOKEN_SEQUENCE,BALANCED_TOKEN_SEQUENCE,b469a303e48b332826bea2ef3f41947dd12eb9c1b4ae1767beefa06774090899,73ad567e827a0c242a3d4dca670e673db9bfe0077c48eaf8d743be9a61a6bd3c,CLONE,TYPE_1,,2026-07-31T07:41:58.397Z
756,jackkolokasis,https://stackoverflow.com/questions/16799135,jackkolokasis/teraheap/jdk8u345/jdk/src/share/classes/java/util/Timer.java,sched,386,412,16799135/16799135_10_41317480.java,method,1,23,CLONE,TYPE_1,386,412,1,23,1.0000,1.0000,1.0000,1.0000,1.0000,,HIGH,A complete fragment occurs verbatim after removing comments and layout.,NO,BALANCED_TOKEN_SEQUENCE,BALANCED_TOKEN_SEQUENCE,f36958fdd4a07ffb645cd9c60ff015ef4bfd01bfd537e5f1324c8a5fa1b490b8,b12229d17fef9aacb11c9f5c8ef437018af7c1106c85e26950e4e34a497e3664,CLONE,TYPE_1,,2026-07-31T07:42:33.196Z
757,jackkolokasis,https://stackoverflow.com/questions/29330741,jackkolokasis/teraheap/jdk8u345/jdk/src/share/classes/java/math/BigDecimal.java,divide,5257,5269,29330741/29330741_6_86929181.java,method,1,13,CLONE,TYPE_3,5258,5269,2,13,0.8571,0.8571,0.9630,0.9630,0.8571,,MEDIUM,"A substantial ordered core of normalized statements was found with additions, deletions, or changes.",YES,BALANCED_TOKEN_SEQUENCE,BALANCED_TOKEN_SEQUENCE,36bb1e471b0767e848c2679d03fa87127f228da64e78d264ac92014c1a71a189,9307832391140acf4a96db84b514584bd55eca9e37b43841df3abf69ad712e43,,,,
758,jackkolokasis,https://stackoverflow.com/questions/29330741,jackkolokasis/teraheap/jdk8u345/jdk/src/share/classes/java/math/BigDecimal.java,divide,5271,5283,29330741/29330741_6_86929181.java,method,1,13,CLONE,TYPE_1,5271,5283,1,13,1.0000,1.0000,1.0000,1.0000,1.0000,,HIGH,A complete fragment occurs verbatim after removing comments and layout.,NO,BALANCED_TOKEN_SEQUENCE,BALANCED_TOKEN_SEQUENCE,4d0557069d419a2f356c1e19658e7b2fa7e49d137f528e95ad6b23d93fec629c,9307832391140acf4a96db84b514584bd55eca9e37b43841df3abf69ad712e43,CLONE,TYPE_1,,2026-07-31T07:42:35.848Z
759,jackkolokasis,https://stackoverflow.com/questions/45774144,jackkolokasis/teraheap/jdk8u345/jdk/src/share/classes/javax/swing/plaf/metal/MetalTabbedPaneUI.java,update,719,725,45774144/45774144_4_recent.java,method,1,21,NOT_CLONE,,,,,,0.7143,0.2632,0.3929,0.4130,0.7143,,MEDIUM,No Type I/II containment or substantial ordered statement core was found.,NO,BALANCED_TOKEN_SEQUENCE,BALANCED_TOKEN_SEQUENCE,fc0f73d5228a1cfebfd6fffbddf0f51fffd35969670208dd5aad517c583cf5fe,6f2d006bf421a42f38ba5c2aab1c42442d2dbf11d8d86b7321c81057421ee7a3,,,,
760,jackkolokasis,https://stackoverflow.com/questions/54119640,jackkolokasis/teraheap/jdk8u345/jdk/src/share/classes/javax/swing/plaf/basic/BasicTableHeaderUI.java,mouseClicked,99,116,54119640/54119640_4_189259651.java,mouseClicked,10,26,CLONE,TYPE_3,99,116,10,26,0.7500,0.8571,0.8571,0.9180,0.8571,,MEDIUM,"A substantial ordered core of normalized statements was found with additions, deletions, or changes.",YES,BALANCED_TOKEN_SEQUENCE,BALANCED_TOKEN_SEQUENCE,2a6732afef0ba34061445adeaf545b78528d8ecc0eebb1f4448a9b1027c70d10,59e2ef0f2ed93467dda31ef051eea5447fd9fa51dda2896417f0139abdbef8fc,,,,
761,jackkolokasis,https://stackoverflow.com/questions/58993471,jackkolokasis/teraheap/jdk8u345/jdk/test/sun/security/pkcs11/tls/TestLeadingZeroesP11.java,toHexString,124,136,58993471/58993471_2_recent.java,method,1,363,CLONE,TYPE_3,125,136,352,362,0.9231,0.0674,0.0414,0.0414,0.9231,,MEDIUM,"A substantial ordered core of normalized statements was found with additions, deletions, or changes.",YES,BALANCED_TOKEN_SEQUENCE,BALANCED_TOKEN_SEQUENCE,05618cf16b20c08ec4b17959723e4af297ec40e95fe940638731eed9f56e5331,f776ff3e2c9a7566cb9e148cf653d56af10d4d37cb35490610182f5296c4e2f0,,,,
762,jackkolokasis,https://stackoverflow.com/questions/58993471,jackkolokasis/teraheap/jdk8u345/jdk/test/sun/security/x509/X500Name/DerValueConstructor.java,toHexString,119,131,58993471/58993471_2_recent.java,method,1,363,CLONE,TYPE_1,119,131,149,159,1.0000,0.0419,0.0419,0.0419,1.0000,,HIGH,A complete fragment occurs verbatim after removing comments and layout.,NO,BALANCED_TOKEN_SEQUENCE,BALANCED_TOKEN_SEQUENCE,f40de59c659528869f54023f4da2b3856233b9d398b391625c21e70cf44fc00a,f776ff3e2c9a7566cb9e148cf653d56af10d4d37cb35490610182f5296c4e2f0,CLONE,TYPE_1,,2026-07-31T07:42:43.247Z
763,jackkolokasis,https://stackoverflow.com/questions/64938483,jackkolokasis/teraheap/jdk8u345/jdk/test/jdk/jfr/jcmd/TestJcmdStartWithSettings.java,run,167,176,64938483/64938483_2_recent.java,method,1,68,NOT_CLONE,,,,,,1.0000,0.1613,0.0914,0.0914,1.0000,,MEDIUM,No Type I/II containment or substantial ordered statement core was found.,NO,BALANCED_TOKEN_SEQUENCE,TOKEN_FALLBACK,c38839e2ee06e79efeeb9b59b8895a31aed7468eb7cc17ba9e1ada5c7ae563fc,7a7d226ceb229cb1a2032306bba7358de48086650875ea2c8bb7a0343506b220,,,,
764,jackkolokasis,https://stackoverflow.com/questions/6702420,jackkolokasis/teraheap/jdk8u345/jdk/test/java/awt/im/6396526/IMLookAndFeel.java,main,68,76,6702420/6702420_2_89518975.java,main,9,18,CLONE,TYPE_1,68,76,9,18,1.0000,1.0000,1.0000,1.0000,1.0000,,HIGH,A complete fragment occurs verbatim after removing comments and layout.,NO,BALANCED_TOKEN_SEQUENCE,BALANCED_TOKEN_SEQUENCE,c8870b3d66c9973ca4d8d2d754ba04e31d31090cdc78935f5b32eeaefe7c494b,535f77d75527dc027adbf7ce5ebf851d08b0142e31a7f0a8d072913c4b0260a6,CLONE,TYPE_1,,2026-07-31T07:42:45.065Z
765,jackkolokasis,https://stackoverflow.com/questions/58993471,jackkolokasis/teraheap/jdk8u345/jdk/test/com/sun/crypto/provider/KeyAgreement/DHKeyAgreement2.java,toHexString,271,283,58993471/58993471_2_recent.java,method,1,363,CLONE,TYPE_3,272,283,352,362,0.9231,0.0674,0.0414,0.0414,0.9231,,MEDIUM,"A substantial ordered core of normalized statements was found with additions, deletions, or changes.",YES,BALANCED_TOKEN_SEQUENCE,BALANCED_TOKEN_SEQUENCE,05618cf16b20c08ec4b17959723e4af297ec40e95fe940638731eed9f56e5331,f776ff3e2c9a7566cb9e148cf653d56af10d4d37cb35490610182f5296c4e2f0,,,,
766,jackkolokasis,https://stackoverflow.com/questions/58993471,jackkolokasis/teraheap/jdk8u345/jdk/test/com/sun/crypto/provider/KeyAgreement/DHKeyAgreement3.java,toHexString,178,190,58993471/58993471_2_recent.java,method,1,363,CLONE,TYPE_3,179,190,352,362,0.9231,0.0674,0.0414,0.0414,0.9231,,MEDIUM,"A substantial ordered core of normalized statements was found with additions, deletions, or changes.",YES,BALANCED_TOKEN_SEQUENCE,BALANCED_TOKEN_SEQUENCE,05618cf16b20c08ec4b17959723e4af297ec40e95fe940638731eed9f56e5331,f776ff3e2c9a7566cb9e148cf653d56af10d4d37cb35490610182f5296c4e2f0,,,,
767,jackkolokasis,https://stackoverflow.com/questions/58993471,jackkolokasis/teraheap/jdk8u345/jdk/test/com/sun/crypto/provider/Cipher/Blowfish/BlowfishTestVector.java,toHexString,133,145,58993471/58993471_2_recent.java,method,1,363,CLONE,TYPE_3,134,145,352,362,0.9231,0.0674,0.0419,0.0419,0.9231,,MEDIUM,"A substantial ordered core of normalized statements was found with additions, deletions, or changes.",YES,BALANCED_TOKEN_SEQUENCE,BALANCED_TOKEN_SEQUENCE,a6b4d4fc6cf0381ae6e3199750130ffa9ce08332c18d4029c91a280eedd7c67a,f776ff3e2c9a7566cb9e148cf653d56af10d4d37cb35490610182f5296c4e2f0,,,,
768,jackkolokasis,https://stackoverflow.com/questions/58993471,jackkolokasis/teraheap/jdk8u345/jdk/test/com/sun/crypto/provider/TLS/TestLeadingZeroes.java,toHexString,130,142,58993471/58993471_2_recent.java,method,1,363,CLONE,TYPE_3,131,142,352,362,0.9231,0.0674,0.0414,0.0414,0.9231,,MEDIUM,"A substantial ordered core of normalized statements was found with additions, deletions, or changes.",YES,BALANCED_TOKEN_SEQUENCE,BALANCED_TOKEN_SEQUENCE,05618cf16b20c08ec4b17959723e4af297ec40e95fe940638731eed9f56e5331,f776ff3e2c9a7566cb9e148cf653d56af10d4d37cb35490610182f5296c4e2f0,,,,
769,jackkolokasis,https://stackoverflow.com/questions/58617321,jackkolokasis/teraheap/jdk8u345/jdk/test/javax/imageio/plugins/bmp/BMPSubsamplingTest.java,create3ByteImage,329,342,58617321/58617321_2_recent.java,method,1,17,CLONE,TYPE_3,330,342,5,17,0.8333,0.4545,0.6418,0.6923,0.8333,,MEDIUM,"A substantial ordered core of normalized statements was found with additions, deletions, or changes.",YES,BALANCED_TOKEN_SEQUENCE,BALANCED_TOKEN_SEQUENCE,1983a231675b46b19c8c0086d87df575a70ed50b74dc28310ed30b23bfc953e4,cf14625a123db4bab2ab7da6d70ad666935f22e4b1b3ba9e7317da7303bc3bf6,,,,
248,jankotek,https://stackoverflow.com/questions/19340685,jankotek/mapdb/src/main/java/org/mapdb/store/legacy/LongConcurrentHashMap.java,put,369,398,19340685/19340685_2_49198640.java,method,1,30,CLONE,TYPE_3,370,398,2,30,0.7778,0.7778,0.9175,0.9175,0.7778,,MEDIUM,"A substantial ordered core of normalized statements was found with additions, deletions, or changes.",YES,BALANCED_TOKEN_SEQUENCE,BALANCED_TOKEN_SEQUENCE,683a09189b1fee05da06b7771d883b47e544a6c114624126eb6526c9a1484633,18f3502e965b0327abf84e26ff748cb15baea7226c41bd6b0f5b2f1234640f84,,,,
173,java-aid,https://stackoverflow.com/questions/31386664,java-aid/hackerrank-solutions/HackerRankDashboard/CoreCS/DataStructures/src/main/java/com/javaaid/hackerrank/solutions/datastructures/trees/PreorderTraversal.java,preOrder,22,29,31386664/31386664_4_95005617.java,method,1,22,NOT_CLONE,,,,,,0.8333,0.3125,0.3306,0.3644,0.8333,,MEDIUM,No Type I/II containment or substantial ordered statement core was found.,NO,BALANCED_TOKEN_SEQUENCE,BALANCED_TOKEN_SEQUENCE,c4f1e9413ac2dd796988b89699a2e4631cc549a4fb0daa4d2aa9daf811822854,bf21e00f363807a913d5d6b8ddc039d29fa7caa2c9c9f7b0de90d4563232a96b,,,,
723,jcodec,https://stackoverflow.com/questions/2699270,jcodec/jcodec/src/main/java/org/jcodec/common/io/IOUtils.java,closeQuietly,27,34,2699270/2699270_2_recent.java,method,1,18,CLONE,TYPE_3,27,34,11,18,1.0000,0.4444,0.3976,0.4146,1.0000,,MEDIUM,"A substantial ordered core of normalized statements was found with additions, deletions, or changes.",YES,BALANCED_TOKEN_SEQUENCE,TOKEN_FALLBACK,e52be0e6b2099bb726e1cbe859ee71b0c7cc38b4a08450c591ae79e9f8868a1d,9c573156702f76308f6ff8b107ba9999d818ff5649980a7575e81dfc80d03364,,,,
239,jetbrains,https://stackoverflow.com/questions/3519182,jetbrains/jediterm/JediTerm/src/main/java/com/jediterm/ui/JTextFieldLimit.java,insertString,18,24,3519182/3519182_2_7342658.java,method,1,17,CLONE,TYPE_1,18,24,10,16,1.0000,0.6000,0.6000,0.6000,1.0000,,HIGH,A complete fragment occurs verbatim after removing comments and layout.,NO,BALANCED_TOKEN_SEQUENCE,BALANCED_TOKEN_SEQUENCE,291e08871a60b2de9c910f1f6ca05d7d2333a92112cc2a6e7e09346f4f29299e,175ce21a3728ea3e31819c317c1fb89014d2748fd3b0cea702e66581bf84bc89,CLONE,TYPE_1,,2026-07-31T07:42:48.214Z
99,jfxtras,https://stackoverflow.com/questions/20765715,jfxtras/jfxtras/jfxtras-icalendarfx/src/main/java/jfxtras/icalendarfx/utilities/ICalendarUtilities.java,tryAdvance,240,252,20765715/20765715_2_recent.java,method,1,22,CLONE,TYPE_1,240,252,5,17,1.0000,0.4146,0.4146,0.4146,1.0000,,HIGH,A complete fragment occurs verbatim after removing comments and layout.,NO,BALANCED_TOKEN_SEQUENCE,BALANCED_TOKEN_SEQUENCE,ff1217352fc084fcbd3d9866100543669bb4ccc48ed88a32f0fe6d99679b1ae7,9c11bec2ebf3df22607f3bba1c04f996dbcbbda24ad444021b5a53efb91cc846,CLONE,TYPE_1,,2026-07-31T07:42:52.549Z
100,jfxtras,https://stackoverflow.com/questions/20765715,jfxtras/jfxtras/jfxtras-icalendarfx/src/main/java/jfxtras/icalendarfx/properties/component/recurrence/rrule/RecurrenceRuleValue.java,tryAdvance,464,476,20765715/20765715_2_recent.java,method,1,22,CLONE,TYPE_1,464,476,5,17,1.0000,0.4146,0.4146,0.4146,1.0000,,HIGH,A complete fragment occurs verbatim after removing comments and layout.,NO,BALANCED_TOKEN_SEQUENCE,BALANCED_TOKEN_SEQUENCE,a904840d10a3ec16c5d5378cac8ffc8920228e76b5b319a44d91058e29f34f33,9c11bec2ebf3df22607f3bba1c04f996dbcbbda24ad444021b5a53efb91cc846,CLONE,TYPE_1,,2026-07-31T07:42:54.248Z
344,jhy,https://stackoverflow.com/questions/31868761,jhy/jsoup/src/main/java/org/jsoup/helper/HttpConnection.java,data,281,292,31868761/31868761_4_96856276.java,method,1,12,CLONE,TYPE_3,281,292,1,12,1.0000,1.0000,0.9630,1.0000,1.0000,,MEDIUM,"A substantial ordered core of normalized statements was found with additions, deletions, or changes.",YES,BALANCED_TOKEN_SEQUENCE,BALANCED_TOKEN_SEQUENCE,aa6f4ef638d3e2629cc90209caf4ae380ace86f8f97a6bd0134961546b1ef702,22886ca135cb98f1b5e1147bf37f34819a8e4f2b214a51adfd8c8c151ea8d68d,,,,
606,jonathangerbaud,https://stackoverflow.com/questions/27287511,jonathangerbaud/klyph/Klyph/src/com/abewy/android/apps/klyph/gcm/WakeLocker.java,acquire,10,18,27287511/27287511_2_79053914.java,method,1,18,UNCERTAIN,,,,,,0.8333,0.3846,0.4912,0.4912,0.8333,,LOW,Similarity is suggestive but does not satisfy the conservative Type III rule.,YES,BALANCED_TOKEN_SEQUENCE,BALANCED_TOKEN_SEQUENCE,7581fa8eaccf58a57839fe433c951ee13274cb5fcf185d5955a8aa7d5bbe0bd9,9b1431594507a36dc21f95ea538242f1b082c40a49ce0ac9124671a38a37fc4a,,,,
607,jonathangerbaud,https://stackoverflow.com/questions/27287511,jonathangerbaud/klyph/Klyph/src/com/abewy/android/apps/klyph/gcm/WakeLocker.java,release,20,26,27287511/27287511_2_79053914.java,method,1,18,CLONE,TYPE_1,20,26,15,17,1.0000,0.2105,0.2105,0.2105,1.0000,,HIGH,A complete fragment occurs verbatim after removing comments and layout.,NO,BALANCED_TOKEN_SEQUENCE,BALANCED_TOKEN_SEQUENCE,3f0470b35d825e09386d4fd7bbed6af71911789f2726057267e1552148de6a40,9b1431594507a36dc21f95ea538242f1b082c40a49ce0ac9124671a38a37fc4a,CLONE,TYPE_1,,2026-07-31T07:42:57.847Z
792,jorensix,https://stackoverflow.com/questions/19689932,jorensix/tarsosdsp/jvm/src/main/java/be/tarsos/dsp/ui/layers/TooltipLayer.java,sleep,47,53,19689932/19689932_6_147013208.java,method,1,16,CLONE,TYPE_3,48,53,12,16,0.8571,0.3529,0.2875,0.3038,0.8571,,MEDIUM,"A substantial ordered core of normalized statements was found with additions, deletions, or changes.",YES,BALANCED_TOKEN_SEQUENCE,BALANCED_TOKEN_SEQUENCE,65f41d9bbebcf93f2dbec61628910419b26f8864d54c6ed7ffe9a92f17be6f38,bc44b0c41278919e65730e33007db1bf40c41948de2c37e4d22359a414242a36,,,,
126,journaldev,https://stackoverflow.com/questions/39717275,journaldev/journaldev/Android/EfficientSearch/app/src/main/java/com/journaldev/efficientsearch/ListViewAdapter.java,publishResults,144,151,39717275/39717275_2_recent.java,method,1,34,CLONE,TYPE_2,144,151,29,34,1.0000,0.1115,0.1074,0.1115,1.0000,,HIGH,A complete fragment has identical normalized syntax with consistent identifier mapping.,NO,BALANCED_TOKEN_SEQUENCE,TOKEN_FALLBACK,e5df32b1772252c663fa5379d3ddbf64c03cc125738b99f2296ade2092c6b569,10c965d34dcf68ea159a4458198fcda452a07a25d5d477f6b69696b8538c03b9,CLONE,TYPE_2,,2026-07-31T07:56:52.633Z
127,journaldev,https://stackoverflow.com/questions/10195366,journaldev/journaldev/Spring/Spring-Controller/src/main/java/com/journaldev/spring/controller/HomeController.java,home,14,21,10195366/10195366_2_recent.java,method,1,21,CLONE,TYPE_3,16,21,5,21,0.8571,0.4615,0.4133,0.4422,0.8571,,MEDIUM,"A substantial ordered core of normalized statements was found with additions, deletions, or changes.",YES,BALANCED_TOKEN_SEQUENCE,BALANCED_TOKEN_SEQUENCE,38fbb141db980d6e7bc5e63b7ad67458e93755e9c9b90ebf9662acfbac9a8d59,55731e677712f23637783e8065ec9b159d7ae850f6e8c3af573e2d4c44d951bb,,,,
128,journaldev,https://stackoverflow.com/questions/10195366,journaldev/journaldev/Spring/SpringMVCSecurity/src/main/java/com/journaldev/spring/controller/HomeController.java,home,22,33,10195366/10195366_2_recent.java,method,1,21,CLONE,TYPE_3,22,33,1,21,0.8750,0.5385,0.5267,0.5578,0.8750,,MEDIUM,"A substantial ordered core of normalized statements was found with additions, deletions, or changes.",YES,BALANCED_TOKEN_SEQUENCE,BALANCED_TOKEN_SEQUENCE,7382a2a0de154a2abefa3bfaf4dc41c7cda21327591ff77bddf390ae1bbf470e,55731e677712f23637783e8065ec9b159d7ae850f6e8c3af573e2d4c44d951bb,,,,
129,journaldev,https://stackoverflow.com/questions/10195366,journaldev/journaldev/Spring/SpringMVCExample/src/main/java/com/journaldev/spring/HomeController.java,home,26,38,10195366/10195366_2_recent.java,method,1,21,CLONE,TYPE_3,26,38,1,21,0.8750,0.5385,0.5369,0.5578,0.8750,,MEDIUM,"A substantial ordered core of normalized statements was found with additions, deletions, or changes.",YES,BALANCED_TOKEN_SEQUENCE,BALANCED_TOKEN_SEQUENCE,57fb414fb6b0e9c949ac184db531297d459d5526578f38d0fa9a5b6c4f6e8b17,55731e677712f23637783e8065ec9b159d7ae850f6e8c3af573e2d4c44d951bb,,,,
121,kartaview,https://stackoverflow.com/questions/54349072,kartaview/android/app/src/main/java/com/telenav/osv/ui/custom/RoundedCornerLayout.java,createMask,71,84,54349072/54349072_2_190220971.java,createMask,59,72,CLONE,TYPE_2,71,84,59,72,1.0000,1.0000,0.9658,1.0000,1.0000,,HIGH,A complete fragment has identical normalized syntax with consistent identifier mapping.,NO,BALANCED_TOKEN_SEQUENCE,BALANCED_TOKEN_SEQUENCE,90657f19217d2a2d292a10b680ac7a037e2b4a73c6a2a1a2d3be3bb2d3742f0f,f138769bf1c0504ea2a5bb2aff21c1ac1bf32b469447b1706767ee1f9aec1d3c,CLONE,TYPE_2,,2026-07-31T07:57:10.388Z
583,kickflip,https://stackoverflow.com/questions/9293885,kickflip/kickflip-android-sdk/sdk/src/main/java/io/kickflip/sdk/FileUtils.java,copy,152,164,9293885/9293885_2_recent.java,method,1,18,CLONE,TYPE_3,152,164,1,18,1.0000,0.5789,0.8788,0.8788,1.0000,,MEDIUM,"A substantial ordered core of normalized statements was found with additions, deletions, or changes.",YES,BALANCED_TOKEN_SEQUENCE,BALANCED_TOKEN_SEQUENCE,6a7a10d8c27517f198e345472ee6e309bfd5235fe3af71b64490b9c3d7a7cd5d,2a7bfcda094a8dd312bb8740fe545d7bdce7f2ed7470f4dafaef302a58f8d157,,,,
204,kiegroup,https://stackoverflow.com/questions/36214665,kiegroup/kie-tools/packages/dashbuilder/kie-soup-dataset/kie-soup-dataset-core/src/main/java/org/dashbuilder/dataset/UUIDGeneratorImpl.java,uuidToBase64,39,45,36214665/36214665_2_114074670.java,method,1,19,NOT_CLONE,,,,,,0.8571,0.3158,0.3646,0.3646,0.8571,,MEDIUM,No Type I/II containment or substantial ordered statement core was found.,NO,BALANCED_TOKEN_SEQUENCE,BALANCED_TOKEN_SEQUENCE,e536230b809c655b76b81332284d2b285edec7b7c20d91c38d6df687907a161c,dab87313229748e8b32cb9f5b8dcf605879826fe9b023f5a7f788b9f10775866,,,,
205,kiegroup,https://stackoverflow.com/questions/36214665,kiegroup/kogito-tooling/packages/dashbuilder/kie-soup-dataset/kie-soup-dataset-core/src/main/java/org/dashbuilder/dataset/UUIDGeneratorImpl.java,uuidToBase64,39,45,36214665/36214665_2_114074670.java,method,1,19,NOT_CLONE,,,,,,0.8571,0.3158,0.3646,0.3646,0.8571,,MEDIUM,No Type I/II containment or substantial ordered statement core was found.,NO,BALANCED_TOKEN_SEQUENCE,BALANCED_TOKEN_SEQUENCE,e536230b809c655b76b81332284d2b285edec7b7c20d91c38d6df687907a161c,dab87313229748e8b32cb9f5b8dcf605879826fe9b023f5a7f788b9f10775866,,,,
215,klinker24,https://stackoverflow.com/questions/28039909,klinker24/talon-for-twitter-android/app/src/main/java/com/klinker/android/twitter_l/activities/compose/Compose.java,buildGoogleApiClient,243,251,28039909/28039909_2_recent.java,method,1,13,UNCERTAIN,,,,,,0.7500,0.3750,0.5972,0.6429,0.7500,,LOW,Similarity is suggestive but does not satisfy the conservative Type III rule.,YES,BALANCED_TOKEN_SEQUENCE,BALANCED_TOKEN_SEQUENCE,e1115f37347c1ab771fe6f76a49eec940e9de725fe0924aa461127c1634d6823,0aff9da6263a754c6a37faa135d67dc88613f7e7ae2d24b9ebadf2b7e10026e7,,,,
267,knowagelabs,https://stackoverflow.com/questions/4429257,knowagelabs/knowage-server/knowage-api/src/main/java/it/eng/knowage/knowageapi/utils/messages/UTF8Control.java,newBundle,32,63,4429257/4429257_2_9347476.java,newBundle,2,32,CLONE,TYPE_1,32,63,2,32,1.0000,1.0000,1.0000,1.0000,1.0000,,HIGH,A complete fragment occurs verbatim after removing comments and layout.,NO,BALANCED_TOKEN_SEQUENCE,BALANCED_TOKEN_SEQUENCE,7b4dfa1e80edf252d90e2a6370c24262e0cc52c1eba27a80c472b2d889cd035c,c219b187dd01b975e3a79d596f983c3128f58ccf761e0fdc7fa4f3adb7546fa2,CLONE,TYPE_1,,2026-07-31T07:43:01.865Z
268,knowagelabs,https://stackoverflow.com/questions/20680556,knowagelabs/knowage-server/knowage-core/src/main/java/it/eng/spagobi/sdk/documents/impl/DocumentsServiceImpl.java,accept,1322,1328,20680556/20680556_2_recent.java,accept,5,17,CLONE,TYPE_3,1322,1328,5,17,1.0000,0.5455,0.4355,0.4355,1.0000,,MEDIUM,"A substantial ordered core of normalized statements was found with additions, deletions, or changes.",YES,BALANCED_TOKEN_SEQUENCE,BALANCED_TOKEN_SEQUENCE,c2a6c9483fd73582d48ba26b0a9288751acc56a2abd5b55cbbc70bab9509890c,5c7c988744e5f0db9da3c7f7c2969b275cbf989c440d7f6efe1905b995afbae1,,,,
269,knowagelabs,https://stackoverflow.com/questions/56611483,knowagelabs/knowage-server/knowage-core/src/main/java/it/eng/spagobi/sdk/documents/impl/DocumentsServiceImpl.java,accept,1336,1342,56611483/56611483_2_recent.java,method,1,66,NOT_CLONE,,,,,,0.8333,0.0909,0.0699,0.0751,0.8333,,MEDIUM,No Type I/II containment or substantial ordered statement core was found.,NO,BALANCED_TOKEN_SEQUENCE,BALANCED_TOKEN_SEQUENCE,c0f5786f580a6ae6167f5a771072c3d05594dd8f176ebec9ec28f2b50d153350,7df0f108fcb297335a8e23ee96c38a7537416475d64e182546d9330eacd81a58,,,,
270,knowagelabs,https://stackoverflow.com/questions/4429257,knowagelabs/knowage-server/knowageutils/src/main/java/it/eng/spagobi/utilities/messages/UTF8Control.java,newBundle,32,63,4429257/4429257_2_9347476.java,newBundle,2,32,CLONE,TYPE_1,32,63,2,32,1.0000,1.0000,1.0000,1.0000,1.0000,,HIGH,A complete fragment occurs verbatim after removing comments and layout.,NO,BALANCED_TOKEN_SEQUENCE,BALANCED_TOKEN_SEQUENCE,7b4dfa1e80edf252d90e2a6370c24262e0cc52c1eba27a80c472b2d889cd035c,c219b187dd01b975e3a79d596f983c3128f58ccf761e0fdc7fa4f3adb7546fa2,CLONE,TYPE_1,,2026-07-31T07:43:02.914Z
271,knowagelabs,https://stackoverflow.com/questions/11838438,knowagelabs/knowage-server/knowageutils/src/main/java/it/eng/spagobi/utilities/scripting/SpagoBIScriptManager.java,printInfo,294,311,11838438/11838438_2_recent.java,main,6,31,CLONE,TYPE_3,295,311,8,31,0.8824,0.8824,0.8733,0.9514,0.8824,,MEDIUM,"A substantial ordered core of normalized statements was found with additions, deletions, or changes.",YES,BALANCED_TOKEN_SEQUENCE,BALANCED_TOKEN_SEQUENCE,4ee4a2b37f636cf1e1c51dd3caf0d85e9db3217a25e2083b1dd0d5035a3db4eb,fc60c82fbfc66e072f265729776751524cae7fde2e5741e5dc7bfe5c233e4e2d,,,,
272,knowagelabs,https://stackoverflow.com/questions/4429257,knowagelabs/knowage-server/knowage-spring-boot-api-common/src/main/java/it/eng/knowage/boot/utils/UTF8Control.java,newBundle,32,63,4429257/4429257_2_9347476.java,newBundle,2,32,CLONE,TYPE_1,32,63,2,32,1.0000,1.0000,1.0000,1.0000,1.0000,,HIGH,A complete fragment occurs verbatim after removing comments and layout.,NO,BALANCED_TOKEN_SEQUENCE,BALANCED_TOKEN_SEQUENCE,7b4dfa1e80edf252d90e2a6370c24262e0cc52c1eba27a80c472b2d889cd035c,c219b187dd01b975e3a79d596f983c3128f58ccf761e0fdc7fa4f3adb7546fa2,CLONE,TYPE_1,,2026-07-31T07:43:04.590Z
588,knowm,https://stackoverflow.com/questions/6702420,knowm/xchart/xchart-demo/src/main/java/org/knowm/xchart/demo/XChartStyleDemo.java,main,51,64,6702420/6702420_2_89518975.java,main,9,18,CLONE,TYPE_3,51,64,9,18,0.8750,0.8750,0.9512,0.9512,0.8750,,MEDIUM,"A substantial ordered core of normalized statements was found with additions, deletions, or changes.",YES,BALANCED_TOKEN_SEQUENCE,BALANCED_TOKEN_SEQUENCE,99f2398dd5311786fa49c7bd8d7ffe41d31625477fb1ed10506825420ede7fd9,535f77d75527dc027adbf7ce5ebf851d08b0142e31a7f0a8d072913c4b0260a6,,,,
589,knowm,https://stackoverflow.com/questions/6702420,knowm/xchart/xchart-demo/src/main/java/org/knowm/xchart/demo/XChartDemo.java,main,165,178,6702420/6702420_2_89518975.java,main,9,18,CLONE,TYPE_3,165,178,9,18,0.8750,0.8750,0.9512,0.9512,0.8750,,MEDIUM,"A substantial ordered core of normalized statements was found with additions, deletions, or changes.",YES,BALANCED_TOKEN_SEQUENCE,BALANCED_TOKEN_SEQUENCE,99f2398dd5311786fa49c7bd8d7ffe41d31625477fb1ed10506825420ede7fd9,535f77d75527dc027adbf7ce5ebf851d08b0142e31a7f0a8d072913c4b0260a6,,,,
590,knowm,https://stackoverflow.com/questions/6702420,knowm/xchart/xchart-demo/src/main/java/org/knowm/xchart/standalone/SwingDemo.java,main,35,48,6702420/6702420_2_89518975.java,main,9,18,CLONE,TYPE_3,35,48,9,18,0.8750,0.8750,0.9512,0.9512,0.8750,,MEDIUM,"A substantial ordered core of normalized statements was found with additions, deletions, or changes.",YES,BALANCED_TOKEN_SEQUENCE,BALANCED_TOKEN_SEQUENCE,99f2398dd5311786fa49c7bd8d7ffe41d31625477fb1ed10506825420ede7fd9,535f77d75527dc027adbf7ce5ebf851d08b0142e31a7f0a8d072913c4b0260a6,,,,
9,kontalk,https://stackoverflow.com/questions/3519182,kontalk/desktopclient-java/src/main/java/org/kontalk/view/ComponentUtils.java,insertString,959,967,3519182/3519182_2_7342658.java,method,1,17,UNCERTAIN,,,,,,0.6667,0.3077,0.5914,0.6264,0.6667,,LOW,Similarity is suggestive but does not satisfy the conservative Type III rule.,YES,BALANCED_TOKEN_SEQUENCE,BALANCED_TOKEN_SEQUENCE,a908cf42106cbeca369000b2ab02458db76e3458939e386256b255ab6177ff53,175ce21a3728ea3e31819c317c1fb89014d2748fd3b0cea702e66581bf84bc89,,,,
244,kruize,https://stackoverflow.com/questions/26046107,kruize/autotune/src/main/java/com/autotune/analyzer/utils/GsonUTCDateAdapter.java,deserialize,45,52,26046107/26046107_2_124698665.java,method,1,21,CLONE,TYPE_1,45,52,14,20,1.0000,0.3672,0.3672,0.3672,1.0000,,HIGH,A complete fragment occurs verbatim after removing comments and layout.,NO,BALANCED_TOKEN_SEQUENCE,BALANCED_TOKEN_SEQUENCE,fde0d321f2bc67fa6663e30db9be58833fd53969c2b0f106a165b91c2e25022d,48ca43fd16056d4a512f0ddf105ef2cc2f232af38aaac60b485f26081dc59516,CLONE,TYPE_1,,2026-07-31T07:43:08.649Z
773,kubabar1,https://stackoverflow.com/questions/30868562,kubabar1/carrental/CarRental/src/main/java/com/carrental/config/SecurityConfiguration.java,authProvider,31,37,30868562/30868562_6_92947534.java,method,1,11,CLONE,TYPE_3,31,37,1,11,0.8333,0.5556,0.6000,0.6000,0.8333,,MEDIUM,"A substantial ordered core of normalized statements was found with additions, deletions, or changes.",YES,BALANCED_TOKEN_SEQUENCE,BALANCED_TOKEN_SEQUENCE,5e32ea26723f907c1bf8e2e93ba213cf9b9ee7dfbff84159c1b1d341d6d7124e,4003de5a1f2c62ffa6704534f03ceb17d616f344ca9b6eb45bc406a5dc8321a9,,,,
488,ldoublem,https://stackoverflow.com/questions/34590765,ldoublem/loadingview/loadingviewlib/src/main/java/com/ldoublem/loadingviewlib/view/LVCircularZoom.java,initPaint,76,83,34590765/34590765_2_recent.java,init,28,65,NOT_CLONE,,,,,,0.8333,0.1351,0.0998,0.1025,0.8333,,MEDIUM,No Type I/II containment or substantial ordered statement core was found.,NO,BALANCED_TOKEN_SEQUENCE,BALANCED_TOKEN_SEQUENCE,a62a101b77dfacb45e3b1b6ced2b7dc03bc6a6fc1ddfcc28eef86786788761cb,8799e715add6adacecaa246cb126416233318f0b0ff30a90a4b2b92c5a672c7e,,,,
489,ldoublem,https://stackoverflow.com/questions/34590765,ldoublem/loadingview/loadingviewlib/src/main/java/com/ldoublem/loadingviewlib/view/LVCircularJump.java,initPaint,76,83,34590765/34590765_2_recent.java,init,28,65,NOT_CLONE,,,,,,0.8333,0.1351,0.0998,0.1025,0.8333,,MEDIUM,No Type I/II containment or substantial ordered statement core was found.,NO,BALANCED_TOKEN_SEQUENCE,BALANCED_TOKEN_SEQUENCE,a62a101b77dfacb45e3b1b6ced2b7dc03bc6a6fc1ddfcc28eef86786788761cb,8799e715add6adacecaa246cb126416233318f0b0ff30a90a4b2b92c5a672c7e,,,,
490,ldoublem,https://stackoverflow.com/questions/34590765,ldoublem/loadingview/loadingviewlib/src/main/java/com/ldoublem/loadingviewlib/view/LVWifi.java,initPaint,37,44,34590765/34590765_2_recent.java,init,28,65,NOT_CLONE,,,,,,0.8333,0.1351,0.0970,0.1025,0.8333,,MEDIUM,No Type I/II containment or substantial ordered statement core was found.,NO,BALANCED_TOKEN_SEQUENCE,BALANCED_TOKEN_SEQUENCE,8cc65bf8251422ca80b0e9479e031f792a9b56fc5b07b763ab85d49fdd65c992,8799e715add6adacecaa246cb126416233318f0b0ff30a90a4b2b92c5a672c7e,,,,
491,ldoublem,https://stackoverflow.com/questions/34590765,ldoublem/loadingview/loadingviewlib/src/main/java/com/ldoublem/loadingviewlib/LVSunSetView.java,initPaint,158,165,34590765/34590765_2_recent.java,init,28,65,NOT_CLONE,,,,,,0.7143,0.1351,0.1144,0.1200,0.7143,,MEDIUM,No Type I/II containment or substantial ordered statement core was found.,NO,BALANCED_TOKEN_SEQUENCE,BALANCED_TOKEN_SEQUENCE,78d3080c80755208930a63e8997f18ee0aa33b953c151ec0dde985f6407227cf,8799e715add6adacecaa246cb126416233318f0b0ff30a90a4b2b92c5a672c7e,,,,
782,leapcode,https://stackoverflow.com/questions/7649183,leapcode/bitmask_android/app/src/main/java/de/blinkt/openvpn/views/SeekBarTicks.java,SeekBarTicks,31,39,7649183/7649183_2_57377731.java,method,1,10,UNCERTAIN,,,,,,0.7500,0.3333,0.5088,0.5926,0.7500,,LOW,Similarity is suggestive but does not satisfy the conservative Type III rule.,YES,BALANCED_TOKEN_SEQUENCE,BALANCED_TOKEN_SEQUENCE,dcee2980a68b2539ad3b3095145cfc7b5f8701c37f995cce64ea611a0fc66813,d03b3ae9548c5184561cc088497755c110290e7d629b6c5579c5721f7413328a,,,,
16,leapframework,https://stackoverflow.com/questions/41471859,leapframework/framework/base/core/src/main/java/leap/core/security/crypto/bcrypt/BCryptPasswordEncoder.java,encode,62,76,41471859/41471859_4_135239059.java,method,1,15,CLONE,TYPE_3,62,76,1,15,0.9333,0.9333,0.9221,0.9474,0.9333,,MEDIUM,"A substantial ordered core of normalized statements was found with additions, deletions, or changes.",YES,BALANCED_TOKEN_SEQUENCE,BALANCED_TOKEN_SEQUENCE,6632f6bddc25ec273299304e328fb379b5ef047d8281b2eff26f686885964f82,a4646713e7ae23e9018b56247f604bbd97a0518229959de975f79e394edcd6b7,,,,
17,leapframework,https://stackoverflow.com/questions/31868761,leapframework/framework/base/lang/src/main/java/leap/lang/jsoup/helper/HttpConnection.java,data,122,133,31868761/31868761_4_96856276.java,method,1,12,CLONE,TYPE_1,122,133,1,12,1.0000,1.0000,1.0000,1.0000,1.0000,,HIGH,A complete fragment occurs verbatim after removing comments and layout.,NO,BALANCED_TOKEN_SEQUENCE,BALANCED_TOKEN_SEQUENCE,787a8301a647eb82647366bc7659d9a993cb3b9c798b253b341367dd2cfa97d1,22886ca135cb98f1b5e1147bf37f34819a8e4f2b214a51adfd8c8c151ea8d68d,CLONE,TYPE_1,,2026-07-31T07:43:10.950Z
216,lecturestudio,https://stackoverflow.com/questions/61780137,lecturestudio/lecturestudio/lect-media/src/main/java/org/lecturestudio/media/playback/FileEventExecutor.java,await,314,326,61780137/61780137_2_recent.java,method,1,50,NOT_CLONE,,,,,,0.8182,0.2647,0.1348,0.1391,0.8182,,MEDIUM,No Type I/II containment or substantial ordered statement core was found.,NO,BALANCED_TOKEN_SEQUENCE,BALANCED_TOKEN_SEQUENCE,364cb26f378fee388da8e1a2f7775043da0be1775e39edb0bebfb42f2039d2b8,93a33afa7f5cbb9472e9a0e964095a64cd45eadeb88cf15913b90567c79739c1,,,,
628,lenve,https://stackoverflow.com/questions/52148106,lenve/javaeetest/Test18-SpringMVC3/src/main/java/org/sang/MVCConfig.java,viewResolver,17,24,52148106/52148106_4_181012547.java,method,1,13,CLONE,TYPE_3,17,24,5,13,0.8571,0.6667,0.6721,0.7288,0.8571,,MEDIUM,"A substantial ordered core of normalized statements was found with additions, deletions, or changes.",YES,BALANCED_TOKEN_SEQUENCE,BALANCED_TOKEN_SEQUENCE,f3ce552d85b507196613c378bdf276365921e4610b0144ecd1f781700f35dfa1,138171008c927af08327a9ceef6bacfd9772f1248905d4ed6754ebf6aa7acb4b,,,,
629,lenve,https://stackoverflow.com/questions/52148106,lenve/javaeetest/MyBlog/src/main/java/org/sang/config/MyMVCConfig.java,viewResolver,30,37,52148106/52148106_4_181012547.java,method,1,13,CLONE,TYPE_3,30,37,5,13,0.8571,0.6667,0.6721,0.7288,0.8571,,MEDIUM,"A substantial ordered core of normalized statements was found with additions, deletions, or changes.",YES,BALANCED_TOKEN_SEQUENCE,BALANCED_TOKEN_SEQUENCE,c209e5ad2befe8c1aefb4e388084afc0a69e31fcc2ee49e8832654575abc8937,138171008c927af08327a9ceef6bacfd9772f1248905d4ed6754ebf6aa7acb4b,,,,
630,lenve,https://stackoverflow.com/questions/52148106,lenve/javaeetest/Test18-SpringMVC1/src/main/java/org/sang/MyMVCConfig.java,viewResolver,17,26,52148106/52148106_4_181012547.java,method,1,13,CLONE,TYPE_3,17,26,5,13,0.8571,0.6667,0.6721,0.7288,0.8571,,MEDIUM,"A substantial ordered core of normalized statements was found with additions, deletions, or changes.",YES,BALANCED_TOKEN_SEQUENCE,BALANCED_TOKEN_SEQUENCE,4eef58913df70537592bdef5e0c793f54ad0d1a09b9b28cbcf21c0b65f4ea24d,138171008c927af08327a9ceef6bacfd9772f1248905d4ed6754ebf6aa7acb4b,,,,
631,lenve,https://stackoverflow.com/questions/52148106,lenve/javaeetest/Test18-SpringMVC2/src/main/java/org/sang/MVCConfig.java,viewResolver,17,24,52148106/52148106_4_181012547.java,method,1,13,CLONE,TYPE_3,17,24,5,13,0.8571,0.6667,0.6721,0.7288,0.8571,,MEDIUM,"A substantial ordered core of normalized statements was found with additions, deletions, or changes.",YES,BALANCED_TOKEN_SEQUENCE,BALANCED_TOKEN_SEQUENCE,f3ce552d85b507196613c378bdf276365921e4610b0144ecd1f781700f35dfa1,138171008c927af08327a9ceef6bacfd9772f1248905d4ed6754ebf6aa7acb4b,,,,
632,lenve,https://stackoverflow.com/questions/52148106,lenve/javaeetest/Test18-FileUpload/src/main/java/org/sang/MVCConfig.java,viewResolver,21,28,52148106/52148106_4_181012547.java,method,1,13,CLONE,TYPE_3,21,28,5,13,0.8571,0.6667,0.6721,0.7288,0.8571,,MEDIUM,"A substantial ordered core of normalized statements was found with additions, deletions, or changes.",YES,BALANCED_TOKEN_SEQUENCE,BALANCED_TOKEN_SEQUENCE,f3ce552d85b507196613c378bdf276365921e4610b0144ecd1f781700f35dfa1,138171008c927af08327a9ceef6bacfd9772f1248905d4ed6754ebf6aa7acb4b,,,,
221,linkedin,https://stackoverflow.com/questions/2180534,linkedin/rest.li/pegasus-common/src/main/java/com/linkedin/common/callback/FutureCallback.java,isCancelled,45,51,2180534/2180534_2_recent.java,method,1,58,NOT_CLONE,,,,,,0.6667,0.0455,0.0472,0.0472,0.6667,,MEDIUM,No Type I/II containment or substantial ordered statement core was found.,NO,BALANCED_TOKEN_SEQUENCE,BALANCED_TOKEN_SEQUENCE,6d3ab9e9085af46499d578e9bab0eb1c4bc1c07855ce10d0024e5d107931ad9f,768112a15fb64d9934efb45049d46f5972258baf290e6a6ca4e0933d19ed3eb8,,,,
325,linlinjava,https://stackoverflow.com/questions/41471859,linlinjava/litemall/litemall-core/src/main/java/org/linlinjava/litemall/core/util/bcrypt/BCryptPasswordEncoder.java,encode,62,74,41471859/41471859_4_135239059.java,method,1,15,CLONE,TYPE_1,62,74,1,15,1.0000,1.0000,1.0000,1.0000,1.0000,,HIGH,A complete fragment occurs verbatim after removing comments and layout.,NO,BALANCED_TOKEN_SEQUENCE,BALANCED_TOKEN_SEQUENCE,e3db1e691aa93743c31c7657f8d224aef17e3ba210c4c691cd0f39c97c482cb8,a4646713e7ae23e9018b56247f604bbd97a0518229959de975f79e394edcd6b7,CLONE,TYPE_1,,2026-07-31T07:43:13.815Z
85,liquibase,https://stackoverflow.com/questions/18454342,liquibase/liquibase/liquibase-core/src/main/java/liquibase/resource/AbstractPathResourceAccessor.java,visitFile,97,104,18454342/18454342_2_recent.java,method,1,29,CLONE,TYPE_3,97,104,21,29,0.8333,0.1923,0.1691,0.1748,0.8333,,MEDIUM,"A substantial ordered core of normalized statements was found with additions, deletions, or changes.",YES,BALANCED_TOKEN_SEQUENCE,BALANCED_TOKEN_SEQUENCE,9819026a52621b849874cdcd5c44c8b637423aa468f48a1714b7d18290f97e2c,1ca5d870aac777c6deff9544dd4f00c6711d9851ed9941b26b178510f91e1747,,,,
618,longjuncai,https://stackoverflow.com/questions/33612373,longjuncai/deepdriver/src/deepDriver/dl/aml/math/MathUtilBase.java,reset2zero,116,122,33612373/33612373_2_103731026.java,method,1,13,CLONE,TYPE_3,117,122,6,13,0.9091,0.5882,0.3987,0.4172,0.9091,,MEDIUM,"A substantial ordered core of normalized statements was found with additions, deletions, or changes.",YES,BALANCED_TOKEN_SEQUENCE,BALANCED_TOKEN_SEQUENCE,5fd8d1d60f2d0d5b9f601718891dc1caf045141c260975009167e0f9f62c2d5b,7711d67edb9b99a4fa5ffeb91613e3455908b931255073b1e7b132bed851b850,,,,
347,luohuayu,https://stackoverflow.com/questions/24127188,luohuayu/catserver/src/fmllauncher/java/com/google/gson/internal/bind/TypeAdapters$EnumTypeAdapter.java,read,35,41,24127188/24127188_2_recent.java,method,1,32,CLONE,TYPE_3,36,41,23,32,0.8571,0.1765,0.1776,0.1822,0.8571,,MEDIUM,"A substantial ordered core of normalized statements was found with additions, deletions, or changes.",YES,BALANCED_TOKEN_SEQUENCE,BALANCED_TOKEN_SEQUENCE,df5fa4a6f8f175e6cf9898a531938dd78b1007c2519fbedde6844decca4264bc,9c613d25f05a3f7b48a39ccdb5a2a629fa527c6ff199f86249eeef159d142f85,,,,
471,mabe02,https://stackoverflow.com/questions/4429257,mabe02/lanterna/src/main/java/com/googlecode/lanterna/bundle/BundleLocator.java,newBundle,81,111,4429257/4429257_2_9347476.java,newBundle,2,32,CLONE,TYPE_3,86,111,7,32,0.9286,0.9286,0.9515,0.9755,0.9286,,MEDIUM,"A substantial ordered core of normalized statements was found with additions, deletions, or changes.",YES,BALANCED_TOKEN_SEQUENCE,BALANCED_TOKEN_SEQUENCE,25f8b919200a6835e0123363bff06f0b11f781e9505c3b65425437bad5792b1e,c219b187dd01b975e3a79d596f983c3128f58ccf761e0fdc7fa4f3adb7546fa2,,,,
743,macrozheng,https://stackoverflow.com/questions/58370217,macrozheng/mall-learning/mall-tiny-oss/src/main/java/com/macro/mall/tiny/config/GlobalCorsConfig.java,corsFilter,19,33,58370217/58370217_2_recent.java,method,1,45,NOT_CLONE,,,,,,0.8000,0.2222,0.2482,0.2482,0.8000,,MEDIUM,No Type I/II containment or substantial ordered statement core was found.,NO,BALANCED_TOKEN_SEQUENCE,BALANCED_TOKEN_SEQUENCE,425477b2ff00c685fa656ba75c926c846a254c96542f233060fcb92ffb5580b5,e5d1a9afc2e2c93478994f4bf08bfa6d0f75d4850cc19d2718ea81477a23b239,,,,
744,macrozheng,https://stackoverflow.com/questions/58370217,macrozheng/mall-learning/mall-tiny-redis/src/main/java/com/macro/mall/tiny/config/GlobalCorsConfig.java,corsFilter,19,33,58370217/58370217_2_recent.java,method,1,45,NOT_CLONE,,,,,,0.8000,0.2222,0.2482,0.2482,0.8000,,MEDIUM,No Type I/II containment or substantial ordered statement core was found.,NO,BALANCED_TOKEN_SEQUENCE,BALANCED_TOKEN_SEQUENCE,425477b2ff00c685fa656ba75c926c846a254c96542f233060fcb92ffb5580b5,e5d1a9afc2e2c93478994f4bf08bfa6d0f75d4850cc19d2718ea81477a23b239,,,,
745,macrozheng,https://stackoverflow.com/questions/58370217,macrozheng/mall-learning/mall-tiny/src/main/java/com/macro/mall/tiny/config/GlobalCorsConfig.java,corsFilter,19,33,58370217/58370217_2_recent.java,method,1,45,NOT_CLONE,,,,,,0.8000,0.2222,0.2482,0.2482,0.8000,,MEDIUM,No Type I/II containment or substantial ordered statement core was found.,NO,BALANCED_TOKEN_SEQUENCE,BALANCED_TOKEN_SEQUENCE,425477b2ff00c685fa656ba75c926c846a254c96542f233060fcb92ffb5580b5,e5d1a9afc2e2c93478994f4bf08bfa6d0f75d4850cc19d2718ea81477a23b239,,,,
746,macrozheng,https://stackoverflow.com/questions/58370217,macrozheng/mall-tiny/src/main/java/com/macro/mall/tiny/config/GlobalCorsConfig.java,corsFilter,19,35,58370217/58370217_2_recent.java,method,1,45,NOT_CLONE,,,,,,0.8000,0.2222,0.2437,0.2482,0.8000,,MEDIUM,No Type I/II containment or substantial ordered statement core was found.,NO,BALANCED_TOKEN_SEQUENCE,BALANCED_TOKEN_SEQUENCE,58b44eb5c205c6db390a5e33079dce271ffef06325632c2bbc8eb3cab1296654,e5d1a9afc2e2c93478994f4bf08bfa6d0f75d4850cc19d2718ea81477a23b239,,,,
747,macrozheng,https://stackoverflow.com/questions/58370217,macrozheng/mall/mall-admin/src/main/java/com/macro/mall/config/GlobalCorsConfig.java,corsFilter,19,33,58370217/58370217_2_recent.java,method,1,45,NOT_CLONE,,,,,,0.8000,0.2222,0.2437,0.2482,0.8000,,MEDIUM,No Type I/II containment or substantial ordered statement core was found.,NO,BALANCED_TOKEN_SEQUENCE,BALANCED_TOKEN_SEQUENCE,0de5752448130aac3a2373b0ec02889deb7fb1164ffe63b93fc17cb3adccb08d,e5d1a9afc2e2c93478994f4bf08bfa6d0f75d4850cc19d2718ea81477a23b239,,,,
748,macrozheng,https://stackoverflow.com/questions/58370217,macrozheng/mall/mall-portal/src/main/java/com/macro/mall/portal/config/GlobalCorsConfig.java,corsFilter,19,33,58370217/58370217_2_recent.java,method,1,45,NOT_CLONE,,,,,,0.8000,0.2222,0.2437,0.2482,0.8000,,MEDIUM,No Type I/II containment or substantial ordered statement core was found.,NO,BALANCED_TOKEN_SEQUENCE,BALANCED_TOKEN_SEQUENCE,0de5752448130aac3a2373b0ec02889deb7fb1164ffe63b93fc17cb3adccb08d,e5d1a9afc2e2c93478994f4bf08bfa6d0f75d4850cc19d2718ea81477a23b239,,,,
738,marlinski,https://stackoverflow.com/questions/52144662,marlinski/rumble/app/src/main/java/org/disrupted/rumble/util/FileUtil.java,isExternalStorageWritable,70,76,52144662/52144662_2_181397043.java,method,1,97,CLONE,TYPE_3,71,76,91,96,0.8571,0.0674,0.0427,0.0427,0.8571,,MEDIUM,"A substantial ordered core of normalized statements was found with additions, deletions, or changes.",YES,BALANCED_TOKEN_SEQUENCE,TOKEN_FALLBACK,4aa3c06370d19977854e72b29c90bc20238b3b29ef4237603c44e78620553474,a0a758e1acec5e8c1d447e3e9ee771b74b0365261c507f2efafa3d7c2c5fe1b6,,,,
580,massivecraft,https://stackoverflow.com/questions/24127188,massivecraft/massivecore/src/com/massivecraft/massivecore/adapter/AdapterModdedEnumType.java,read,60,66,24127188/24127188_2_recent.java,method,1,32,CLONE,TYPE_1,60,66,22,28,1.0000,0.1790,0.1790,0.1790,1.0000,,HIGH,A complete fragment occurs verbatim after removing comments and layout.,NO,BALANCED_TOKEN_SEQUENCE,BALANCED_TOKEN_SEQUENCE,ebd13af3635066f107f1892157d492ed1870fa840121b09b1e30103f9e9f5db1,9c613d25f05a3f7b48a39ccdb5a2a629fa527c6ff199f86249eeef159d142f85,CLONE,TYPE_1,,2026-07-31T07:43:17.731Z
481,matsim-org,https://stackoverflow.com/questions/29575747,matsim-org/matsim-libs/contribs/pseudosimulation/src/main/java/org/matsim/contrib/pseudosimulation/distributed/io/SimpleFileServer.java,main,16,49,29575747/29575747_2_recent.java,main,21,60,CLONE,TYPE_3,16,49,21,60,1.0000,0.9722,0.9690,0.9844,1.0000,,MEDIUM,"A substantial ordered core of normalized statements was found with additions, deletions, or changes.",YES,BALANCED_TOKEN_SEQUENCE,BALANCED_TOKEN_SEQUENCE,9b22abfcb845dd541401e5ef1a088467931988e4736ba711dc3e71939dfbeb5a,a626f43a3959c0f41022bfdd8b467b30e0cc7b5452da5dd86cf205aef60ce931,,,,
482,matsim-org,https://stackoverflow.com/questions/65112087,matsim-org/matsim-libs/matsim/src/main/java/org/matsim/pt/counts/SimpleWriter.java,close,90,97,65112087/65112087_2_236114933.java,method,1,14,CLONE,TYPE_3,92,97,6,12,0.8750,0.5385,0.2842,0.3118,0.8750,,MEDIUM,"A substantial ordered core of normalized statements was found with additions, deletions, or changes.",YES,BALANCED_TOKEN_SEQUENCE,BALANCED_TOKEN_SEQUENCE,c611d9475e7f5144eda52785d84441889ec01981ea2f8d2777de446f00978dad,bfd25b0cefc5ac3560bffbf7a591dd233b12e23d2be9c87d4c4896c653822424,,,,
483,matsim-org,https://stackoverflow.com/questions/65112087,matsim-org/matsim-libs/matsim/src/main/java/org/matsim/pt/counts/SimpleWriter.java,flush,99,106,65112087/65112087_2_recent.java,method,1,14,CLONE,TYPE_3,101,106,6,14,0.8750,0.5000,0.2368,0.2589,0.8750,,MEDIUM,"A substantial ordered core of normalized statements was found with additions, deletions, or changes.",YES,BALANCED_TOKEN_SEQUENCE,BALANCED_TOKEN_SEQUENCE,d58bc15448ff13dcec44d60d7d3c9c57e779dba11fdc22edb9fe0e0f44e6274c,71b17ab0dfef241038698cbe84f936e0729edbf566847627be4c2299f2e71464,,,,
324,meituan-dianping,https://stackoverflow.com/questions/37957745,meituan-dianping/zebra/zebra-client/src/main/java/com/dianping/zebra/util/StringUtils.java,md5,185,194,37957745/37957745_2_recent.java,method,1,27,CLONE,TYPE_3,186,194,14,27,0.8000,0.3200,0.4167,0.4489,0.8000,,MEDIUM,"A substantial ordered core of normalized statements was found with additions, deletions, or changes.",YES,BALANCED_TOKEN_SEQUENCE,BALANCED_TOKEN_SEQUENCE,f8f99271b20e7fd0fbc14b6d0f63ed6558214a95520e038917153e0091802df5,8939a108f339bbe400d36a237dafdb9c6e823cc7b355e172411716a2c58b8716,,,,
183,mercyblitz,https://stackoverflow.com/questions/45590884,mercyblitz/geekbang-lessons/projects/stage-1/user-platform/servlet-web/src/main/java/org/geektimes/projects/servlet/filter/EncodingFilter.java,doFilter,38,45,45590884/45590884_2_recent.java,method,1,25,NOT_CLONE,,,,,,0.7143,0.2632,0.3758,0.4138,0.7143,,MEDIUM,No Type I/II containment or substantial ordered statement core was found.,NO,BALANCED_TOKEN_SEQUENCE,TOKEN_FALLBACK,2c1766a0e83bac101f5c5b13c9e5c579e4d6b1c7afbf9a6619d6175258589bdd,1e1c5986c1d4b1630d1c075da7e6f6aa2a176866a56623e300574a7546bd130c,,,,
20,mesquiteproject,https://stackoverflow.com/questions/9293885,mesquiteproject/mesquitecore/Source/mesquite/lib/MesquiteFile.java,copy,311,323,9293885/9293885_2_recent.java,method,1,18,CLONE,TYPE_3,311,323,1,18,1.0000,0.5789,0.8788,0.8788,1.0000,,MEDIUM,"A substantial ordered core of normalized statements was found with additions, deletions, or changes.",YES,BALANCED_TOKEN_SEQUENCE,BALANCED_TOKEN_SEQUENCE,eec1e7cfe3fc357e603d55fca55b0b1259b379509e739abc0b86f8385353ef11,2a7bfcda094a8dd312bb8740fe545d7bdce7f2ed7470f4dafaef302a58f8d157,,,,
206,micromata,https://stackoverflow.com/questions/23839705,micromata/projectforge/projectforge-business/src/main/java/org/projectforge/business/teamcal/servlet/TeamCalResponseServlet.java,init,81,88,23839705/23839705_2_65821537.java,method,1,15,CLONE,TYPE_2,81,88,6,12,1.0000,0.6000,0.5814,0.6000,1.0000,,HIGH,A complete fragment has identical normalized syntax with consistent identifier mapping.,NO,BALANCED_TOKEN_SEQUENCE,TOKEN_FALLBACK,8858333beff3eca5d90ad9aa5c0a2231bfa10ed76b3b4cfc739ba18b7122c6d9,a0d2824f566134462ffb703279f18bd3aa507f4ebc1257c9dc9e0bb4c57499ec,CLONE,TYPE_1,,2026-07-31T07:57:55.486Z
677,minecraftmoddevelopment,https://stackoverflow.com/questions/51608517,minecraftmoddevelopment/mmdbot/src/painter/java/com/mcmoddev/mmdbot/painter/util/ImageUtils.java,generateMask,64,80,51608517/51608517_2_recent.java,method,1,149,CLONE,TYPE_3,64,80,136,149,0.9231,0.0876,0.1073,0.1073,0.9231,,MEDIUM,"A substantial ordered core of normalized statements was found with additions, deletions, or changes.",YES,BALANCED_TOKEN_SEQUENCE,TOKEN_FALLBACK,509524229d3780fac596ccd0527c7b8bd10b71df3521ec2e198cbfcb88a1a909,ad69813b769521467d19463ccbca5beb345e91795b5192453204018f3fffdc0c,,,,
678,minecraftmoddevelopment,https://stackoverflow.com/questions/51608517,minecraftmoddevelopment/mmdbot/src/painter/java/com/mcmoddev/mmdbot/painter/util/ImageUtils.java,generatePaintMask,82,98,51608517/51608517_2_recent.java,method,1,149,CLONE,TYPE_3,82,98,136,149,0.9231,0.0876,0.1034,0.1073,0.9231,,MEDIUM,"A substantial ordered core of normalized statements was found with additions, deletions, or changes.",YES,BALANCED_TOKEN_SEQUENCE,TOKEN_FALLBACK,dd0439e383ccc1410d568f747c54a3cd887effa411be18336bfba74502453732,ad69813b769521467d19463ccbca5beb345e91795b5192453204018f3fffdc0c,,,,
111,mirakelx,https://stackoverflow.com/questions/27436796,mirakelx/mirakel-android/new_ui/src/main/java/de/azapps/mirakel/new_ui/views/ProgressDoneView.java,drawableToBitmap,226,237,27436796/27436796_2_recent.java,method,1,69,NOT_CLONE,,,,,,0.8000,0.1509,0.2519,0.2519,0.8000,,MEDIUM,No Type I/II containment or substantial ordered statement core was found.,NO,BALANCED_TOKEN_SEQUENCE,BALANCED_TOKEN_SEQUENCE,491a2ca62612012e5d84d7a451bf22a4a3a731dee1a05e001d92bc035151c724,013fc74b4b1e50d7151fc65fefa8cc44da4b053589a2734d54ef3a8a8aba2240,,,,
647,mitchtabian,https://stackoverflow.com/questions/50930455,mitchtabian/android-instagram-clone/app/src/main/java/tabian/com/instagramclone2/Utils/FirebaseMethods.java,addNewUser,592,617,50930455/50930455_6_recent.java,method,1,16,UNCERTAIN,,,,,,0.5000,0.5000,0.8444,0.9302,0.5000,,LOW,Similarity is suggestive but does not satisfy the conservative Type III rule.,YES,BALANCED_TOKEN_SEQUENCE,BALANCED_TOKEN_SEQUENCE,4463a4b905125e067429b34e3729372025392a13df71a0d8084ff537d6a8d983,c5ad7236a188e2dba13915659e26058438d539d777c6cf78e7c507e01bba75fa,,,,
772,miyabayt,https://stackoverflow.com/questions/13956092,miyabayt/spring-boot-doma2-sample/sample-web-base/src/main/java/com/bigtreetc/sample/web/base/filter/ClearMDCFilter.java,doFilterInternal,16,26,13956092/13956092_2_recent.java,method,1,25,NOT_CLONE,,,,,,1.0000,0.4706,0.3661,0.3784,1.0000,,MEDIUM,No Type I/II containment or substantial ordered statement core was found.,NO,BALANCED_TOKEN_SEQUENCE,BALANCED_TOKEN_SEQUENCE,cf99706bbe6b442a88d100cbf42400ce33a04bc324a14819eecb08dca2817658,fc96e321b959ca9d374fd452a60161f81cd89f8a76e95eb7e7a43f37d0c8821e,,,,
131,mkl-public,https://stackoverflow.com/questions/57398454,mkl-public/testarea-itext5/src/main/java/mkl/testarea/itext5/content/SimpleTextRemover.java,remove,78,90,57398454/57398454_2_recent.java,method,1,289,CLONE,TYPE_1,78,90,7,19,1.0000,0.0570,0.0570,0.0570,1.0000,,HIGH,A complete fragment occurs verbatim after removing comments and layout.,NO,BALANCED_TOKEN_SEQUENCE,TOKEN_FALLBACK,0aa0c90c942ff23d065d3503bb96d03d62be6e751b8d63537b45b135d96d6aed,51d3cb558f9612b71ece676d90577aa4b560351af02292fe344de388460acce4,CLONE,TYPE_1,,2026-07-31T07:43:23.648Z
132,mkl-public,https://stackoverflow.com/questions/57398454,mkl-public/testarea-itext5/src/main/java/mkl/testarea/itext5/content/SimpleTextRemover.java,process,130,143,57398454/57398454_2_recent.java,method,1,289,CLONE,TYPE_1,130,143,59,72,1.0000,0.0645,0.0645,0.0645,1.0000,,HIGH,A complete fragment occurs verbatim after removing comments and layout.,NO,BALANCED_TOKEN_SEQUENCE,TOKEN_FALLBACK,96538b6e4fae21d66d15d9254e59494741182daa361f88420cb547242ca32aaa,51d3cb558f9612b71ece676d90577aa4b560351af02292fe344de388460acce4,CLONE,TYPE_1,,2026-07-31T07:43:30.065Z
133,mkl-public,https://stackoverflow.com/questions/57398454,mkl-public/testarea-itext5/src/main/java/mkl/testarea/itext5/content/SimpleTextRemover.java,processTextShowingOp,154,205,57398454/57398454_2_recent.java,method,1,289,CLONE,TYPE_1,154,205,83,134,1.0000,0.2815,0.2815,0.2815,1.0000,,HIGH,A complete fragment occurs verbatim after removing comments and layout.,NO,BALANCED_TOKEN_SEQUENCE,TOKEN_FALLBACK,71c63422e6c84eee5c06e2b1ddd92478bc0d407ec9aad6e1fdb4d4b4b2c27c2d,51d3cb558f9612b71ece676d90577aa4b560351af02292fe344de388460acce4,CLONE,TYPE_1,,2026-07-31T07:43:46.198Z
134,mkl-public,https://stackoverflow.com/questions/57398454,mkl-public/testarea-itext5/src/main/java/mkl/testarea/itext5/content/SimpleTextRemover.java,countStrings,211,221,57398454/57398454_2_recent.java,method,1,289,CLONE,TYPE_1,211,221,140,150,1.0000,0.0373,0.0373,0.0373,1.0000,,HIGH,A complete fragment occurs verbatim after removing comments and layout.,NO,BALANCED_TOKEN_SEQUENCE,TOKEN_FALLBACK,70a0007ff05af0218fb9c21b251588f0015edf1982f4b9371ea373d09ea34b15,51d3cb558f9612b71ece676d90577aa4b560351af02292fe344de388460acce4,CLONE,TYPE_1,,2026-07-31T07:43:56.248Z
135,mkl-public,https://stackoverflow.com/questions/57398454,mkl-public/testarea-itext5/src/main/java/mkl/testarea/itext5/content/SimpleTextRemover.java,renderText,254,270,57398454/57398454_2_recent.java,method,1,289,CLONE,TYPE_1,254,270,183,199,1.0000,0.0957,0.0957,0.0957,1.0000,,HIGH,A complete fragment occurs verbatim after removing comments and layout.,NO,BALANCED_TOKEN_SEQUENCE,TOKEN_FALLBACK,54e113fdd1f520e35d8c05a7db419a25730c96a1c6ac55e06a27eb234ef9573e,51d3cb558f9612b71ece676d90577aa4b560351af02292fe344de388460acce4,CLONE,TYPE_1,,2026-07-31T07:44:01.914Z
136,mkl-public,https://stackoverflow.com/questions/57398454,mkl-public/testarea-itext5/src/main/java/mkl/testarea/itext5/content/SimpleTextRemover.java,reduceToPartialMatch,277,290,57398454/57398454_2_recent.java,method,1,289,CLONE,TYPE_1,277,290,206,219,1.0000,0.0522,0.0522,0.0522,1.0000,,HIGH,A complete fragment occurs verbatim after removing comments and layout.,NO,BALANCED_TOKEN_SEQUENCE,TOKEN_FALLBACK,b5dd8c47e10223b3d844575507c52495dfb5a657a8f2a622a052a1ee8e7e736d,51d3cb558f9612b71ece676d90577aa4b560351af02292fe344de388460acce4,CLONE,TYPE_1,,2026-07-31T07:44:07.265Z
137,mkl-public,https://stackoverflow.com/questions/41751396,mkl-public/testarea-itext5/src/test/java/mkl/testarea/itext5/extract/ExtractPaths.java,renderPath,63,123,41751396/41751396_8_136432238.java,method,1,123,CLONE,TYPE_1,63,123,16,71,1.0000,0.4395,0.4395,0.4395,1.0000,,HIGH,A complete fragment occurs verbatim after removing comments and layout.,NO,BALANCED_TOKEN_SEQUENCE,BALANCED_TOKEN_SEQUENCE,b2103d063b8e486f85e722167663c369fa1aefc5925f86d26567d9f638b7f199,b6163466e5b4998da9ae539b779c232eea33aba7b0aef12d7c4091f9e3681cd0,CLONE,TYPE_1,,2026-07-31T07:44:23.981Z
138,mkl-public,https://stackoverflow.com/questions/41751396,mkl-public/testarea-itext5/src/test/java/mkl/testarea/itext5/extract/ExtractPaths.java,transform,130,141,41751396/41751396_8_136432238.java,method,1,123,CLONE,TYPE_1,130,141,76,87,1.0000,0.1333,0.1333,0.1333,1.0000,,HIGH,A complete fragment occurs verbatim after removing comments and layout.,NO,BALANCED_TOKEN_SEQUENCE,BALANCED_TOKEN_SEQUENCE,1a9a7cfc0b183670c33126f00809bd208463a0e340a2d6cd86ef77678672b8dc,b6163466e5b4998da9ae539b779c232eea33aba7b0aef12d7c4091f9e3681cd0,CLONE,TYPE_1,,2026-07-31T07:44:33.098Z
139,mkl-public,https://stackoverflow.com/questions/41751396,mkl-public/testarea-itext5/src/test/java/mkl/testarea/itext5/extract/ExtractPaths.java,expandRectangleCoordinates,143,153,41751396/41751396_8_136432238.java,method,1,123,CLONE,TYPE_1,143,153,88,98,1.0000,0.1367,0.1367,0.1367,1.0000,,HIGH,A complete fragment occurs verbatim after removing comments and layout.,NO,BALANCED_TOKEN_SEQUENCE,BALANCED_TOKEN_SEQUENCE,51c1daef8cb9af49d322ac9e07f59cf8073675b381503712de33b2e8b7108262,b6163466e5b4998da9ae539b779c232eea33aba7b0aef12d7c4091f9e3681cd0,CLONE,TYPE_1,,2026-07-31T07:44:37.032Z
342,mpue,https://stackoverflow.com/questions/62722315,mpue/blackboard/src/org/pmedv/core/gui/controller/ApplicationLoginController.java,keyPressed,188,195,62722315/62722315_2_recent.java,method,1,292,NOT_CLONE,,,,,,0.6667,0.0143,0.0158,0.0167,0.6667,,MEDIUM,No Type I/II containment or substantial ordered statement core was found.,NO,BALANCED_TOKEN_SEQUENCE,BALANCED_TOKEN_SEQUENCE,c563f85ec717176986e6266f037b1621b5f057ada9bc1a33c18f63bd1213a004,e2ac616925ea8d4ae04ebf349fe282d7c2023af94144d869fbdfe818423a4356,,,,
43,mrcrayfish,https://stackoverflow.com/questions/36950444,mrcrayfish/modelcreator/src/main/java/com/mrcrayfish/modelcreator/Exporter.java,space,64,73,36950444/36950444_6_116982498.java,method,1,38,CLONE,TYPE_3,66,73,33,38,0.8889,0.1818,0.1519,0.1643,0.8889,,MEDIUM,"A substantial ordered core of normalized statements was found with additions, deletions, or changes.",YES,BALANCED_TOKEN_SEQUENCE,BALANCED_TOKEN_SEQUENCE,0c17ca97592bc5e2573371e85c3c9146a479a59f8c400980f0e0d797b371979f,92972a8e4c15d9bb32be2ee1c17d15a09b78c47f9ccb61c905c29d17359f7f9e,,,,
86,mucommander,https://stackoverflow.com/questions/36805363,mucommander/mucommander/mucommander-viewer-image/src/main/java/com/mucommander/viewer/image/ImageViewer.java,mouseDragged,173,189,36805363/36805363_2_recent.java,method,1,87,CLONE,TYPE_2,173,189,61,74,1.0000,0.1818,0.1774,0.1818,1.0000,,HIGH,A complete fragment has identical normalized syntax with consistent identifier mapping.,NO,BALANCED_TOKEN_SEQUENCE,BALANCED_TOKEN_SEQUENCE,4ecf9de9ea08c1045396c00bc0b367656141cbcef069b54084dbb75fc72ee9fe,0b3c5ee603e76dab4229063802e1a467054d3c82a11e50ee3e7424550dcfcdeb,CLONE,TYPE_2,,2026-07-31T07:58:17.223Z
283,mycatapache,https://stackoverflow.com/questions/60266789,mycatapache/mycat2/common/src/main/java/io/mycat/util/HexFormatUtil.java,bytesToHexString,33,41,60266789/60266789_2_recent.java,method,1,13,CLONE,TYPE_3,33,41,2,13,1.0000,0.7333,0.7863,0.7863,1.0000,,MEDIUM,"A substantial ordered core of normalized statements was found with additions, deletions, or changes.",YES,BALANCED_TOKEN_SEQUENCE,BALANCED_TOKEN_SEQUENCE,140f606f257cf1534097de1013e4dce6d19d31788324f4202154a04b9ad2c895,f5d0f99e551986ab714a5c9071b6dfd07fd610c30bde3c0915af92838cb3e23c,,,,
284,mycatapache,https://stackoverflow.com/questions/60266789,mycatapache/mycat-server/src/main/java/io/mycat/util/HexFormatUtil.java,bytesToHexString,33,41,60266789/60266789_2_recent.java,method,1,13,CLONE,TYPE_3,33,41,2,13,1.0000,0.7333,0.7863,0.7863,1.0000,,MEDIUM,"A substantial ordered core of normalized statements was found with additions, deletions, or changes.",YES,BALANCED_TOKEN_SEQUENCE,BALANCED_TOKEN_SEQUENCE,87112e2772e951d4e908bece087f067e62939828f624b5034f90ac0000397eea,f5d0f99e551986ab714a5c9071b6dfd07fd610c30bde3c0915af92838cb3e23c,,,,
585,nasaworldwind,https://stackoverflow.com/questions/13542540,nasaworldwind/worldwindjava/src/gov/nasa/worldwindx/examples/SimpleShapeDragging.java,run,80,86,13542540/13542540_2_recent.java,run,12,21,CLONE,TYPE_3,82,86,14,21,0.8333,0.5556,0.5294,0.5522,0.8333,,MEDIUM,"A substantial ordered core of normalized statements was found with additions, deletions, or changes.",YES,BALANCED_TOKEN_SEQUENCE,BALANCED_TOKEN_SEQUENCE,fd58dcbb03ecd21eb33152e144e32078b4c9f77f5e7aa2145984fef0460cfa80,169e8ead3b0761488eaa7254b870fc12de69546d92d44c45bc7bf2c61081eb1c,,,,
586,nasaworldwind,https://stackoverflow.com/questions/13542540,nasaworldwind/worldwindjava/src/gov/nasa/worldwindx/examples/SimplestPossibleExample.java,run,55,61,13542540/13542540_2_recent.java,run,12,21,CLONE,TYPE_3,57,61,14,21,0.8333,0.5556,0.5294,0.5522,0.8333,,MEDIUM,"A substantial ordered core of normalized statements was found with additions, deletions, or changes.",YES,BALANCED_TOKEN_SEQUENCE,BALANCED_TOKEN_SEQUENCE,a3fe649a37dc9e3b09ef9cef870f568be0a981d5124a302228cb811f3cb9e344,169e8ead3b0761488eaa7254b870fc12de69546d92d44c45bc7bf2c61081eb1c,,,,
791,nationalsecurityagency,https://stackoverflow.com/questions/62722315,nationalsecurityagency/ghidra/Ghidra/Framework/Docking/src/main/java/docking/widgets/filechooser/DirectoryList.java,keyPressed,151,157,62722315/62722315_2_recent.java,method,1,292,NOT_CLONE,,,,,,0.8333,0.0179,0.0158,0.0162,0.8333,,MEDIUM,No Type I/II containment or substantial ordered statement core was found.,NO,BALANCED_TOKEN_SEQUENCE,BALANCED_TOKEN_SEQUENCE,2c518c21abf82f4eec4cce20a8df1b336ca2c2651f85f121ddfb09e67ef915c9,e2ac616925ea8d4ae04ebf349fe282d7c2023af94144d869fbdfe818423a4356,,,,
315,nativejdb,https://stackoverflow.com/questions/29866762,nativejdb/nativejdb/src/test/data/Hellosources/java/util/ComparableTimSort.java,sort,179,224,29866762/29866762_2_89013107.java,method,1,40,CLONE,TYPE_3,182,224,4,40,0.7500,0.7500,0.8510,0.8805,0.7500,,MEDIUM,"A substantial ordered core of normalized statements was found with additions, deletions, or changes.",YES,BALANCED_TOKEN_SEQUENCE,BALANCED_TOKEN_SEQUENCE,1c2e6b7fad207a73b341b48235581ded12015fae31385c8d66729b9574424255,f2d6cbd0090a5f2d602e8ecb6f9e7d1f017c9b1874ab1fd7662f6c775d2ff52c,,,,
316,nativejdb,https://stackoverflow.com/questions/29866762,nativejdb/nativejdb/src/test/data/Hellosources/java/util/TimSort.java,sort,210,256,29866762/29866762_2_89013107.java,method,1,40,CLONE,TYPE_1,210,256,1,40,1.0000,1.0000,1.0000,1.0000,1.0000,,HIGH,A complete fragment occurs verbatim after removing comments and layout.,NO,BALANCED_TOKEN_SEQUENCE,BALANCED_TOKEN_SEQUENCE,1bba7e024cd985253d3247dd4f5cdc15ac591c639876dac78382e99978767e4a,f2d6cbd0090a5f2d602e8ecb6f9e7d1f017c9b1874ab1fd7662f6c775d2ff52c,CLONE,TYPE_1,,2026-07-31T07:44:44.515Z
317,nativejdb,https://stackoverflow.com/questions/46830988,nativejdb/nativejdb/src/test/data/Hellosources/java/util/HashMap.java,putMapEntries,496,514,46830988/46830988_4_158689916.java,method,1,19,CLONE,TYPE_1,496,514,1,19,1.0000,1.0000,1.0000,1.0000,1.0000,,HIGH,A complete fragment occurs verbatim after removing comments and layout.,NO,BALANCED_TOKEN_SEQUENCE,BALANCED_TOKEN_SEQUENCE,b469a303e48b332826bea2ef3f41947dd12eb9c1b4ae1767beefa06774090899,73ad567e827a0c242a3d4dca670e673db9bfe0077c48eaf8d743be9a61a6bd3c,CLONE,TYPE_1,,2026-07-31T07:44:49.415Z
318,nativejdb,https://stackoverflow.com/questions/62919983,nativejdb/nativejdb/src/test/data/Hellosources/java/util/Random.java,seedUniquifier,108,117,62919983/62919983_2_recent.java,method,1,17,CLONE,TYPE_1,108,117,4,13,1.0000,0.5114,0.5114,0.5114,1.0000,,HIGH,A complete fragment occurs verbatim after removing comments and layout.,NO,BALANCED_TOKEN_SEQUENCE,BALANCED_TOKEN_SEQUENCE,78cfe9d4b45262d038cc20e23886c79d802d4e1c0358a6ae089a8c774a13c1d0,c018fe2d3a4e1c9c2735a33281bfc762a1234856424614f3c93f717baf97815e,CLONE,TYPE_1,,2026-07-31T07:44:52.771Z
319,nativejdb,https://stackoverflow.com/questions/50578162,nativejdb/nativejdb/src/test/data/Hellosources/java/nio/DirectByteBuffer.java,DirectByteBuffer,112,140,50578162/50578162_2_recent.java,method,1,22,CLONE,TYPE_3,112,135,1,22,0.9167,0.9565,0.9462,0.9674,0.9565,,MEDIUM,"A substantial ordered core of normalized statements was found with additions, deletions, or changes.",YES,BALANCED_TOKEN_SEQUENCE,TOKEN_FALLBACK,bd91e4bbbb81a5ab885ba6b340a9f54b25ff2a80afc0d685f1efb26f3e59541f,0aede1d97bb844fb057280b72a193d2f1f68437bd90be7fc4f3123b4f7538705,,,,
320,nativejdb,https://stackoverflow.com/questions/29330741,nativejdb/nativejdb/src/test/data/Hellosources/java/math/BigDecimal.java,divide,5699,5711,29330741/29330741_6_86929181.java,method,1,13,CLONE,TYPE_3,5700,5711,2,13,0.8571,0.8571,0.9630,0.9630,0.8571,,MEDIUM,"A substantial ordered core of normalized statements was found with additions, deletions, or changes.",YES,BALANCED_TOKEN_SEQUENCE,BALANCED_TOKEN_SEQUENCE,36bb1e471b0767e848c2679d03fa87127f228da64e78d264ac92014c1a71a189,9307832391140acf4a96db84b514584bd55eca9e37b43841df3abf69ad712e43,,,,
321,nativejdb,https://stackoverflow.com/questions/29330741,nativejdb/nativejdb/src/test/data/Hellosources/java/math/BigDecimal.java,divide,5713,5725,29330741/29330741_6_86929181.java,method,1,13,CLONE,TYPE_1,5713,5725,1,13,1.0000,1.0000,1.0000,1.0000,1.0000,,HIGH,A complete fragment occurs verbatim after removing comments and layout.,NO,BALANCED_TOKEN_SEQUENCE,BALANCED_TOKEN_SEQUENCE,4d0557069d419a2f356c1e19658e7b2fa7e49d137f528e95ad6b23d93fec629c,9307832391140acf4a96db84b514584bd55eca9e37b43841df3abf69ad712e43,CLONE,TYPE_1,,2026-07-31T07:44:54.049Z
710,neo4j,https://stackoverflow.com/questions/65112087,neo4j/graph-data-science/io/csv/src/main/java/org/neo4j/gds/core/io/file/csv/UserInfoVisitor.java,close,53,61,65112087/65112087_2_236114933.java,method,1,14,CLONE,TYPE_3,55,61,6,12,0.7778,0.5385,0.3474,0.3763,0.7778,,MEDIUM,"A substantial ordered core of normalized statements was found with additions, deletions, or changes.",YES,BALANCED_TOKEN_SEQUENCE,BALANCED_TOKEN_SEQUENCE,bf2ffe1896a04e742f4cda4edc45e8f4a79445dd31eae79742f637e2bfc19050,bfd25b0cefc5ac3560bffbf7a591dd233b12e23d2be9c87d4c4896c653822424,,,,
15,nervenetwork,https://stackoverflow.com/questions/54298032,nervenetwork/nerve/common/nuls-core/src/main/java/io/nuls/core/crypto/ByteStreams.java,copy,47,62,54298032/54298032_2_190009745.java,copy,52,65,CLONE,TYPE_3,51,62,54,65,0.8000,0.9231,0.8043,0.8242,0.9231,,MEDIUM,"A substantial ordered core of normalized statements was found with additions, deletions, or changes.",YES,BALANCED_TOKEN_SEQUENCE,BALANCED_TOKEN_SEQUENCE,8bf600e7a232539a9d76169afda5853927ee863f3b405719d3f6b8d0b7a3788d,08521e65a5ecc5c79e8dc6c719bce0b7bb1b7d79088b73dae9cc009eefa5decc,,,,
162,netty,https://stackoverflow.com/questions/20274776,netty/netty/common/src/test/java/io/netty/util/internal/ObjectCleanerTest.java,run,42,49,20274776/20274776_2_recent.java,method,1,29,NOT_CLONE,,,,,,0.8571,0.2069,0.1486,0.1644,0.8571,,MEDIUM,No Type I/II containment or substantial ordered statement core was found.,NO,BALANCED_TOKEN_SEQUENCE,BALANCED_TOKEN_SEQUENCE,9f99acbb7e32e306d4d4e84c107d87bb457d4c8c6d288ddbe46e25458ed26621,6ba55751d71bed7221760a0b9460341fcff8b6245c82ecf56f57310458e27eb9,,,,
163,netty,https://stackoverflow.com/questions/20274776,netty/netty/common/src/test/java/io/netty/util/internal/ObjectCleanerTest.java,run,79,86,20274776/20274776_2_recent.java,method,1,29,NOT_CLONE,,,,,,0.8571,0.2069,0.1486,0.1644,0.8571,,MEDIUM,No Type I/II containment or substantial ordered statement core was found.,NO,BALANCED_TOKEN_SEQUENCE,BALANCED_TOKEN_SEQUENCE,9f99acbb7e32e306d4d4e84c107d87bb457d4c8c6d288ddbe46e25458ed26621,6ba55751d71bed7221760a0b9460341fcff8b6245c82ecf56f57310458e27eb9,,,,
164,netty,https://stackoverflow.com/questions/42681543,netty/netty/example/src/main/java/io/netty/example/proxy/HexDumpProxyBackendHandler.java,channelRead,37,49,42681543/42681543_4_recent.java,method,1,166,NOT_CLONE,,,,,,1.0000,0.1398,0.1152,0.1152,1.0000,,MEDIUM,No Type I/II containment or substantial ordered statement core was found.,NO,BALANCED_TOKEN_SEQUENCE,BALANCED_TOKEN_SEQUENCE,e832cbdcaf8549c2cf4ed8eed9f08ce6c5cba3049b487b8518a13b646dd0ae15,cea4e78cd66b0ececa31d3a51c7b9e75b79d79c5fc7d531eeacd69850e3ca56a,,,,
165,netty,https://stackoverflow.com/questions/42681543,netty/netty/example/src/main/java/io/netty/example/proxy/HexDumpProxyFrontendHandler.java,channelActive,41,65,42681543/42681543_4_recent.java,method,1,166,NOT_CLONE,,,,,,1.0000,0.1935,0.1979,0.2106,1.0000,,MEDIUM,No Type I/II containment or substantial ordered statement core was found.,NO,BALANCED_TOKEN_SEQUENCE,BALANCED_TOKEN_SEQUENCE,79c5b88989970a802d414a1591c443e16022ce7d42d3c1b112bbe2e4f166ba73,cea4e78cd66b0ececa31d3a51c7b9e75b79d79c5fc7d531eeacd69850e3ca56a,,,,
166,netty,https://stackoverflow.com/questions/42681543,netty/netty/example/src/main/java/io/netty/example/proxy/HexDumpProxyFrontendHandler.java,channelRead,67,82,42681543/42681543_4_recent.java,method,1,166,NOT_CLONE,,,,,,1.0000,0.1613,0.1269,0.1303,1.0000,,MEDIUM,No Type I/II containment or substantial ordered statement core was found.,NO,BALANCED_TOKEN_SEQUENCE,BALANCED_TOKEN_SEQUENCE,09e7fc5b562ecf3c461321ca62689f9df966ab5a9f94d5e4d5702982d0ed982b,cea4e78cd66b0ececa31d3a51c7b9e75b79d79c5fc7d531eeacd69850e3ca56a,,,,
547,neuroph,https://stackoverflow.com/questions/6133827,neuroph/neuroph/neuroph-2.9/Samples/src/main/java/org/neuroph/samples/mnist/master/FuNet1.java,updateCanvas,60,79,6133827/6133827_2_recent.java,updateCanvas,19,34,CLONE,TYPE_2,60,79,19,34,1.0000,1.0000,0.9060,1.0000,1.0000,,HIGH,A complete fragment has identical normalized syntax with consistent identifier mapping.,NO,BALANCED_TOKEN_SEQUENCE,BALANCED_TOKEN_SEQUENCE,93d4e5cbc3292d3f06e5f4ea4f308db53ff48be41522b80fed7f919a9f275661,e84a1b92268b3698f6f81487d52855d0d6d1e014f52022aaa39854a24b8d45eb,CLONE,TYPE_2,,2026-07-31T07:58:49.390Z
548,neuroph,https://stackoverflow.com/questions/38367701,neuroph/neuroph/NeurophStudio/NeurophClassificationSample/src/org/neuroph/netbeans/classificationsample/SelectInputsDialog.java,main,171,211,38367701/38367701_2_recent.java,method,1,132,CLONE,TYPE_3,171,211,91,131,0.8286,0.2397,0.3019,0.3238,0.8286,,MEDIUM,"A substantial ordered core of normalized statements was found with additions, deletions, or changes.",YES,BALANCED_TOKEN_SEQUENCE,BALANCED_TOKEN_SEQUENCE,867d2cd76a4532edd8e1bc5a023ccb44e8f8c4e2fbe45d6deae6c5850604d7ab,1e9cd4fd7705c788c2cdb7f53ebee711ba578ac7ce2915f3523ae046388039e7,,,,
740,nextgenhealthcare,https://stackoverflow.com/questions/62722315,nextgenhealthcare/connect/client/src/com/mirth/connect/client/ui/FindRplDialog.java,keyPressed,81,87,62722315/62722315_2_recent.java,method,1,292,NOT_CLONE,,,,,,0.6250,0.0179,0.0213,0.0218,0.6250,,MEDIUM,No Type I/II containment or substantial ordered statement core was found.,NO,BALANCED_TOKEN_SEQUENCE,BALANCED_TOKEN_SEQUENCE,01e55ef687a6d9a88331f405b73f4de6d27c39c6ec2bf875a6a66432976eb264,e2ac616925ea8d4ae04ebf349fe282d7c2023af94144d869fbdfe818423a4356,,,,
608,nightscoutfoundation,https://stackoverflow.com/questions/32061893,nightscoutfoundation/xdrip/wear/src/main/java/com/eveningoutpost/dexdrip/ListenerService.java,pickBestNodeId,2567,2577,32061893/32061893_2_recent.java,method,1,23,CLONE,TYPE_2,2567,2577,1,11,1.0000,0.3354,0.3272,0.3354,1.0000,,HIGH,A complete fragment has identical normalized syntax with consistent identifier mapping.,NO,BALANCED_TOKEN_SEQUENCE,BALANCED_TOKEN_SEQUENCE,d58da1c34ad665626a26fbee43d7908eb857caad4b0f0e1e67216d7348205399,43c820c5bfce9e9d89b102a4294a2050e9885e62077fcd5fc3fe3beab114c575,CLONE,TYPE_2,,2026-07-31T07:59:15.691Z
609,nightscoutfoundation,https://stackoverflow.com/questions/32061893,nightscoutfoundation/xdrip/app/src/main/java/com/eveningoutpost/dexdrip/wearintegration/WatchUpdaterService.java,pickBestNodeId,1071,1081,32061893/32061893_2_recent.java,method,1,23,CLONE,TYPE_2,1071,1081,1,11,1.0000,0.3354,0.3272,0.3354,1.0000,,HIGH,A complete fragment has identical normalized syntax with consistent identifier mapping.,NO,BALANCED_TOKEN_SEQUENCE,BALANCED_TOKEN_SEQUENCE,38ea4e9e99ddd0b0ffd2022514a4471cdfd6180dd214c2538572b710aa47c69d,43c820c5bfce9e9d89b102a4294a2050e9885e62077fcd5fc3fe3beab114c575,CLONE,TYPE_2,,2026-07-31T07:59:23.025Z
725,novskey,https://stackoverflow.com/questions/28797486,novskey/pallettown/src/pallettown/PalletTown.java,newLineExists,131,143,28797486/28797486_2_recent.java,method,1,33,CLONE,TYPE_3,132,143,19,33,0.8333,0.3125,0.3941,0.3941,0.8333,,MEDIUM,"A substantial ordered core of normalized statements was found with additions, deletions, or changes.",YES,BALANCED_TOKEN_SEQUENCE,BALANCED_TOKEN_SEQUENCE,da5073b4ccb677590c30e09c2c6d0e83fe7eea7c48b1213f10ea8d4aa86ecbca,7ca24deec46afc02937fa871df9fde32c63ccb57381a5a30da2bc649ae32516a,,,,
492,nuls-io,https://stackoverflow.com/questions/54298032,nuls-io/nuls-v2/common/nuls-core/src/main/java/io/nuls/core/crypto/ByteStreams.java,copy,47,62,54298032/54298032_2_190009745.java,copy,52,65,CLONE,TYPE_3,51,62,54,65,0.8000,0.9231,0.8043,0.8242,0.9231,,MEDIUM,"A substantial ordered core of normalized statements was found with additions, deletions, or changes.",YES,BALANCED_TOKEN_SEQUENCE,BALANCED_TOKEN_SEQUENCE,8bf600e7a232539a9d76169afda5853927ee863f3b405719d3f6b8d0b7a3788d,08521e65a5ecc5c79e8dc6c719bce0b7bb1b7d79088b73dae9cc009eefa5decc,,,,
245,nvv,https://stackoverflow.com/questions/4305365,nvv/far-on-droid/farondroid/src/main/java/com/github/junrar/MVTest.java,main,18,55,4305365/4305365_2_recent.java,main,6,43,CLONE,TYPE_2,18,55,6,43,1.0000,1.0000,0.9907,1.0000,1.0000,,HIGH,A complete fragment has identical normalized syntax with consistent identifier mapping.,NO,BALANCED_TOKEN_SEQUENCE,BALANCED_TOKEN_SEQUENCE,b16765de01cea5021f8c9b01766f053df1064d0870c69c52ba07f5405077f257,ae91164e183f05a63ad5db5928243f09150df180e1ac587a5a27b4c19f3e525f,,,,
246,nvv,https://stackoverflow.com/questions/189739,nvv/far-on-droid/farondroid/src/main/java/com/openfarmanager/android/filesystem/FileSystemScanner.java,addFilesRecursively,67,75,189739/189739_2_recent.java,method,1,14,CLONE,TYPE_3,69,75,8,14,0.7778,0.5000,0.5140,0.5429,0.7778,,MEDIUM,"A substantial ordered core of normalized statements was found with additions, deletions, or changes.",YES,BALANCED_TOKEN_SEQUENCE,BALANCED_TOKEN_SEQUENCE,f57da7e31ce4bda46e965535a47ea070f54f89969eec4ecafc415df579ae5609,11436f23a99c3d71791c7a2d0578732507c161d62a393a42b6456877a666d3f0,,,,
695,oauth-apis,https://stackoverflow.com/questions/52148106,oauth-apis/apis/apis-example-client-app/src/main/java/org/surfnet/oaaas/config/SpringConfiguration.java,viewResolver,47,53,52148106/52148106_4_181012547.java,method,1,13,CLONE,TYPE_3,47,53,5,13,1.0000,0.6667,0.5500,0.5763,1.0000,,MEDIUM,"A substantial ordered core of normalized statements was found with additions, deletions, or changes.",YES,BALANCED_TOKEN_SEQUENCE,BALANCED_TOKEN_SEQUENCE,b24c0f3a9ac928b4010ac4ad814b24c5f554af42672eaf752b2152b68b8fa6cb,138171008c927af08327a9ceef6bacfd9772f1248905d4ed6754ebf6aa7acb4b,,,,
690,odoo-mobile,https://stackoverflow.com/questions/24127188,odoo-mobile/framework/app/src/main/java/com/google/gson/Gson.java,read,254,260,24127188/24127188_2_recent.java,method,1,32,CLONE,TYPE_3,255,260,23,32,0.7143,0.1471,0.1494,0.1628,0.7143,,MEDIUM,"A substantial ordered core of normalized statements was found with additions, deletions, or changes.",YES,BALANCED_TOKEN_SEQUENCE,BALANCED_TOKEN_SEQUENCE,3f8d8ffbe62a7ccda3f52f9c1b8562df037cb501b72d0d269d6fffa494056b63,9c613d25f05a3f7b48a39ccdb5a2a629fa527c6ff199f86249eeef159d142f85,,,,
691,odoo-mobile,https://stackoverflow.com/questions/24127188,odoo-mobile/framework/app/src/main/java/com/google/gson/Gson.java,read,310,316,24127188/24127188_2_recent.java,method,1,32,CLONE,TYPE_3,311,316,23,32,0.7143,0.1471,0.1494,0.1628,0.7143,,MEDIUM,"A substantial ordered core of normalized statements was found with additions, deletions, or changes.",YES,BALANCED_TOKEN_SEQUENCE,BALANCED_TOKEN_SEQUENCE,97c9383981f9db44c54d1537c6eea9daba38d16b57f5257de6ac0f152202f371,9c613d25f05a3f7b48a39ccdb5a2a629fa527c6ff199f86249eeef159d142f85,,,,
692,odoo-mobile,https://stackoverflow.com/questions/24127188,odoo-mobile/framework/app/src/main/java/com/google/gson/internal/bind/TypeAdapters.java,read,288,295,24127188/24127188_2_recent.java,method,1,32,CLONE,TYPE_3,290,295,23,32,0.7143,0.1471,0.1494,0.1628,0.7143,,MEDIUM,"A substantial ordered core of normalized statements was found with additions, deletions, or changes.",YES,BALANCED_TOKEN_SEQUENCE,BALANCED_TOKEN_SEQUENCE,433982177748dfab48b10d1cab6d0c9f5d593b1abcd6b98bead336034ae8d380,9c613d25f05a3f7b48a39ccdb5a2a629fa527c6ff199f86249eeef159d142f85,,,,
693,odoo-mobile,https://stackoverflow.com/questions/24127188,odoo-mobile/framework/app/src/main/java/com/google/gson/internal/bind/TypeAdapters.java,read,736,742,24127188/24127188_2_recent.java,method,1,32,CLONE,TYPE_1,736,742,22,28,1.0000,0.1790,0.1790,0.1790,1.0000,,HIGH,A complete fragment occurs verbatim after removing comments and layout.,NO,BALANCED_TOKEN_SEQUENCE,BALANCED_TOKEN_SEQUENCE,492dc7ecfffa1b88ddf2dd3b45e922b2ae49a3f982da4e3b00f691166577385f,9c613d25f05a3f7b48a39ccdb5a2a629fa527c6ff199f86249eeef159d142f85,CLONE,TYPE_1,,2026-07-31T07:44:59.433Z
428,open-hand,https://stackoverflow.com/questions/22918204,open-hand/choerodon-starters/choerodon-gitlab4j-api/src/main/java/org/gitlab4j/api/utils/JacksonJson.java,serialize,206,218,22918204/22918204_2_62450522.java,serialize,3,14,CLONE,TYPE_2,206,218,3,14,1.0000,1.0000,0.8592,1.0000,1.0000,,HIGH,A complete fragment has identical normalized syntax with consistent identifier mapping.,NO,BALANCED_TOKEN_SEQUENCE,BALANCED_TOKEN_SEQUENCE,3c14f5de638932d66474f1ca97deb86bbf3cce3d6c9e175d82285f6f8c9b7171,e84984635b474eab02951615b62e8864912d70b68d3c3ea6fc0985dacd952e03,,,,
784,openclinica,https://stackoverflow.com/questions/359634,openclinica/openclinica/core/src/main/java/org/akaza/openclinica/logic/expressionTree/ArithmeticOpNode.java,isDouble,164,171,359634/359634_2_recent.java,method,1,46,CLONE,TYPE_3,165,171,37,46,0.8889,0.2051,0.1613,0.1676,0.8889,,MEDIUM,"A substantial ordered core of normalized statements was found with additions, deletions, or changes.",YES,BALANCED_TOKEN_SEQUENCE,BALANCED_TOKEN_SEQUENCE,a53a31b2ae14ba19c2059f7e6efc1e513675d35a3c98e60a77b4afad05f0088d,66e99e0d8b7540339ac9cb804e9ea99ad7ba28fa9bfd17bc8fa37c24f7662a9d,,,,
495,openda-association,https://stackoverflow.com/questions/14676464,openda-association/openda/core/java/src/org/openda/utils/io/FileSupport.java,recursive_list,138,152,14676464/14676464_2_recent.java,method,1,15,CLONE,TYPE_3,139,152,2,14,0.7857,0.8462,0.9158,0.9783,0.8462,,MEDIUM,"A substantial ordered core of normalized statements was found with additions, deletions, or changes.",YES,BALANCED_TOKEN_SEQUENCE,TOKEN_FALLBACK,fbcb23925c05873f02ef7e71aedc6e9b16653d817c297dc058b4efe51a34ca87,a238d91856fd9ff5856afef1a10724fc97d14a06e3ebbb6bd3603f6a21eef9c8,,,,
496,openda-association,https://stackoverflow.com/questions/6702420,openda-association/openda/application/java/src/org/openda/application/gui/TreeDemo.java,main,267,275,6702420/6702420_2_89518975.java,main,9,18,CLONE,TYPE_1,267,275,9,18,1.0000,1.0000,1.0000,1.0000,1.0000,,HIGH,A complete fragment occurs verbatim after removing comments and layout.,NO,BALANCED_TOKEN_SEQUENCE,BALANCED_TOKEN_SEQUENCE,db6d1900ce4f56295b3fa97b658ad28c10340bd58b171a02536d27f29d992565,535f77d75527dc027adbf7ce5ebf851d08b0142e31a7f0a8d072913c4b0260a6,CLONE,TYPE_1,,2026-07-31T07:45:01.866Z
330,openequella,https://stackoverflow.com/questions/18004334,openequella/openequella/Source/Plugins/Applet/com.tle.web.filemanager.applet/appletsrc/src/main/java/com/tle/web/filemanager/applet/actions/DesktopApi.java,browseDESKTOP,74,94,18004334/18004334_4_recent.java,browseDESKTOP,68,89,CLONE,TYPE_3,74,94,68,89,0.7895,0.7895,0.8435,0.9273,0.7895,,MEDIUM,"A substantial ordered core of normalized statements was found with additions, deletions, or changes.",YES,BALANCED_TOKEN_SEQUENCE,BALANCED_TOKEN_SEQUENCE,e6616e519d0355125fbdef856e43d7f5aa2388b253740129b071baee69d8926b,5d7082554874f658d7131d47b8dd1bd0fa716c08273942f57a80ecbd13fc366f,,,,
210,openintents,https://stackoverflow.com/questions/3519182,openintents/sensorsimulator/SensorSimulator/src/org/openintents/tools/simulator/util/JTextFieldLimit.java,insertString,70,80,3519182/3519182_2_7342658.java,method,1,17,CLONE,TYPE_3,70,80,10,17,0.8571,0.4615,0.6421,0.7143,0.8571,,MEDIUM,"A substantial ordered core of normalized statements was found with additions, deletions, or changes.",YES,BALANCED_TOKEN_SEQUENCE,BALANCED_TOKEN_SEQUENCE,def0664fe859234d440766eb30a2692a717b56178d0c2895f1fa1bf4efcccbdc,175ce21a3728ea3e31819c317c1fb89014d2748fd3b0cea702e66581bf84bc89,,,,
141,openjdk-mirror,https://stackoverflow.com/questions/13462440,openjdk-mirror/jdk7u-jdk/src/share/demo/jfc/SwingApplet/SwingApplet.java,init,74,91,13462440/13462440_6_32050882.java,init,30,44,CLONE,TYPE_2,74,91,30,44,1.0000,1.0000,0.9412,1.0000,1.0000,,HIGH,A complete fragment has identical normalized syntax with consistent identifier mapping.,NO,BALANCED_TOKEN_SEQUENCE,BALANCED_TOKEN_SEQUENCE,c777906d434f24444e5766212e4e96ab2b273341cad2275dd730cfe8117ad252,c0530b14241a3352f9715d1dd541f7f840ec25e4ec0dedce9c153c5d24fa2345,,,,
142,openjdk-mirror,https://stackoverflow.com/questions/58993471,openjdk-mirror/jdk7u-jdk/src/share/classes/sun/security/tools/KeyTool.java,toHexString,3055,3065,58993471/58993471_2_recent.java,method,1,363,CLONE,TYPE_3,3056,3065,352,362,0.9231,0.0674,0.0414,0.0414,0.9231,,MEDIUM,"A substantial ordered core of normalized statements was found with additions, deletions, or changes.",YES,BALANCED_TOKEN_SEQUENCE,BALANCED_TOKEN_SEQUENCE,cecde6bdb6cbc93dd85dda21e09eaba63ca3d08ab077bf610227b267d7a54601,f776ff3e2c9a7566cb9e148cf653d56af10d4d37cb35490610182f5296c4e2f0,,,,
143,openjdk-mirror,https://stackoverflow.com/questions/29866762,openjdk-mirror/jdk7u-jdk/src/share/classes/java/util/ComparableTimSort.java,sort,149,193,29866762/29866762_2_89013107.java,method,1,40,CLONE,TYPE_3,151,193,4,40,0.7500,0.7500,0.7393,0.7668,0.7500,,MEDIUM,"A substantial ordered core of normalized statements was found with additions, deletions, or changes.",YES,BALANCED_TOKEN_SEQUENCE,BALANCED_TOKEN_SEQUENCE,f8f61d9f613e3c36fb1eff6ef9119967fbd04eb7198b204f2bf22b26e2b24bdb,f2d6cbd0090a5f2d602e8ecb6f9e7d1f017c9b1874ab1fd7662f6c775d2ff52c,,,,
144,openjdk-mirror,https://stackoverflow.com/questions/29866762,openjdk-mirror/jdk7u-jdk/src/share/classes/java/util/TimSort.java,sort,176,225,29866762/29866762_2_89013107.java,method,1,40,CLONE,TYPE_3,183,225,4,40,0.7812,0.8929,0.8433,0.8642,0.8929,,MEDIUM,"A substantial ordered core of normalized statements was found with additions, deletions, or changes.",YES,BALANCED_TOKEN_SEQUENCE,BALANCED_TOKEN_SEQUENCE,596930f4e3cc492d342085dc9a7f2eff94523119d4668d9de06935572ddbfd68,f2d6cbd0090a5f2d602e8ecb6f9e7d1f017c9b1874ab1fd7662f6c775d2ff52c,,,,
145,openjdk-mirror,https://stackoverflow.com/questions/3870210,openjdk-mirror/jdk7u-jdk/src/share/classes/java/util/HashMap.java,HashIterator,791,798,3870210/3870210_4_recent.java,method,1,29,CLONE,TYPE_1,791,798,6,13,1.0000,0.2557,0.2557,0.2557,1.0000,,HIGH,A complete fragment occurs verbatim after removing comments and layout.,NO,BALANCED_TOKEN_SEQUENCE,BALANCED_TOKEN_SEQUENCE,040f958e41ed23b705ff12eb5236eaf62376dbba9421e04ba6b2518003168632,a1a6f6663976660036d12becac1cd2540321d5047a4760d7f9d574cef36c7411,CLONE,TYPE_1,,2026-07-31T07:45:04.516Z
146,openjdk-mirror,https://stackoverflow.com/questions/16799135,openjdk-mirror/jdk7u-jdk/src/share/classes/java/util/Timer.java,sched,386,412,16799135/16799135_10_41317480.java,method,1,23,CLONE,TYPE_1,386,412,1,23,1.0000,1.0000,1.0000,1.0000,1.0000,,HIGH,A complete fragment occurs verbatim after removing comments and layout.,NO,BALANCED_TOKEN_SEQUENCE,BALANCED_TOKEN_SEQUENCE,f36958fdd4a07ffb645cd9c60ff015ef4bfd01bfd537e5f1324c8a5fa1b490b8,b12229d17fef9aacb11c9f5c8ef437018af7c1106c85e26950e4e34a497e3664,CLONE,TYPE_1,,2026-07-31T07:45:08.365Z
147,openjdk-mirror,https://stackoverflow.com/questions/45774144,openjdk-mirror/jdk7u-jdk/src/share/classes/javax/swing/plaf/metal/MetalTabbedPaneUI.java,update,719,725,45774144/45774144_4_recent.java,method,1,21,NOT_CLONE,,,,,,0.7143,0.2632,0.3929,0.4130,0.7143,,MEDIUM,No Type I/II containment or substantial ordered statement core was found.,NO,BALANCED_TOKEN_SEQUENCE,BALANCED_TOKEN_SEQUENCE,fc0f73d5228a1cfebfd6fffbddf0f51fffd35969670208dd5aad517c583cf5fe,6f2d006bf421a42f38ba5c2aab1c42442d2dbf11d8d86b7321c81057421ee7a3,,,,
148,openjdk-mirror,https://stackoverflow.com/questions/54119640,openjdk-mirror/jdk7u-jdk/src/share/classes/javax/swing/plaf/basic/BasicTableHeaderUI.java,mouseClicked,99,116,54119640/54119640_4_189259651.java,mouseClicked,10,26,CLONE,TYPE_3,99,116,10,26,0.7500,0.8571,0.8571,0.9180,0.8571,,MEDIUM,"A substantial ordered core of normalized statements was found with additions, deletions, or changes.",YES,BALANCED_TOKEN_SEQUENCE,BALANCED_TOKEN_SEQUENCE,2a6732afef0ba34061445adeaf545b78528d8ecc0eebb1f4448a9b1027c70d10,59e2ef0f2ed93467dda31ef051eea5447fd9fa51dda2896417f0139abdbef8fc,,,,
149,openjdk-mirror,https://stackoverflow.com/questions/58993471,openjdk-mirror/jdk7u-jdk/test/sun/security/x509/X500Name/DerValueConstructor.java,toHexString,119,131,58993471/58993471_2_recent.java,method,1,363,CLONE,TYPE_1,119,131,149,159,1.0000,0.0419,0.0419,0.0419,1.0000,,HIGH,A complete fragment occurs verbatim after removing comments and layout.,NO,BALANCED_TOKEN_SEQUENCE,BALANCED_TOKEN_SEQUENCE,f40de59c659528869f54023f4da2b3856233b9d398b391625c21e70cf44fc00a,f776ff3e2c9a7566cb9e148cf653d56af10d4d37cb35490610182f5296c4e2f0,CLONE,TYPE_1,,2026-07-31T07:45:17.349Z
150,openjdk-mirror,https://stackoverflow.com/questions/6702420,openjdk-mirror/jdk7u-jdk/test/java/awt/im/6396526/IMLookAndFeel.java,main,68,76,6702420/6702420_2_89518975.java,main,9,18,CLONE,TYPE_1,68,76,9,18,1.0000,1.0000,1.0000,1.0000,1.0000,,HIGH,A complete fragment occurs verbatim after removing comments and layout.,NO,BALANCED_TOKEN_SEQUENCE,BALANCED_TOKEN_SEQUENCE,c8870b3d66c9973ca4d8d2d754ba04e31d31090cdc78935f5b32eeaefe7c494b,535f77d75527dc027adbf7ce5ebf851d08b0142e31a7f0a8d072913c4b0260a6,CLONE,TYPE_1,,2026-07-31T07:45:18.783Z
151,openjdk-mirror,https://stackoverflow.com/questions/58993471,openjdk-mirror/jdk7u-jdk/test/com/sun/crypto/provider/KeyAgreement/DHKeyAgreement2.java,toHexString,270,282,58993471/58993471_2_recent.java,method,1,363,CLONE,TYPE_3,271,282,352,362,0.9231,0.0674,0.0414,0.0414,0.9231,,MEDIUM,"A substantial ordered core of normalized statements was found with additions, deletions, or changes.",YES,BALANCED_TOKEN_SEQUENCE,BALANCED_TOKEN_SEQUENCE,05618cf16b20c08ec4b17959723e4af297ec40e95fe940638731eed9f56e5331,f776ff3e2c9a7566cb9e148cf653d56af10d4d37cb35490610182f5296c4e2f0,,,,
152,openjdk-mirror,https://stackoverflow.com/questions/58993471,openjdk-mirror/jdk7u-jdk/test/com/sun/crypto/provider/KeyAgreement/DHKeyAgreement3.java,toHexString,178,190,58993471/58993471_2_recent.java,method,1,363,CLONE,TYPE_3,179,190,352,362,0.9231,0.0674,0.0414,0.0414,0.9231,,MEDIUM,"A substantial ordered core of normalized statements was found with additions, deletions, or changes.",YES,BALANCED_TOKEN_SEQUENCE,BALANCED_TOKEN_SEQUENCE,05618cf16b20c08ec4b17959723e4af297ec40e95fe940638731eed9f56e5331,f776ff3e2c9a7566cb9e148cf653d56af10d4d37cb35490610182f5296c4e2f0,,,,
153,openjdk-mirror,https://stackoverflow.com/questions/58993471,openjdk-mirror/jdk7u-jdk/test/com/sun/crypto/provider/Cipher/Blowfish/BlowfishTestVector.java,toHexString,133,145,58993471/58993471_2_recent.java,method,1,363,CLONE,TYPE_3,134,145,352,362,0.9231,0.0674,0.0419,0.0419,0.9231,,MEDIUM,"A substantial ordered core of normalized statements was found with additions, deletions, or changes.",YES,BALANCED_TOKEN_SEQUENCE,BALANCED_TOKEN_SEQUENCE,a6b4d4fc6cf0381ae6e3199750130ffa9ce08332c18d4029c91a280eedd7c67a,f776ff3e2c9a7566cb9e148cf653d56af10d4d37cb35490610182f5296c4e2f0,,,,
154,openjdk-mirror,https://stackoverflow.com/questions/58617321,openjdk-mirror/jdk7u-jdk/test/javax/imageio/plugins/bmp/BMPSubsamplingTest.java,create3ByteImage,329,342,58617321/58617321_2_recent.java,method,1,17,CLONE,TYPE_3,330,342,5,17,0.8333,0.4545,0.6418,0.6923,0.8333,,MEDIUM,"A substantial ordered core of normalized statements was found with additions, deletions, or changes.",YES,BALANCED_TOKEN_SEQUENCE,BALANCED_TOKEN_SEQUENCE,1983a231675b46b19c8c0086d87df575a70ed50b74dc28310ed30b23bfc953e4,cf14625a123db4bab2ab7da6d70ad666935f22e4b1b3ba9e7317da7303bc3bf6,,,,
679,openliberty,https://stackoverflow.com/questions/44379671,openliberty/open-liberty/dev/com.ibm.ws.security.fat.common.backchannelLogout/test-applications/backchannelLogoutTestApp/src/com/ibm/ws/security/fat/backChannelLogoutTestApps/BackChannelLogout_logJSessionId_Servlet.java,doPost,40,47,44379671/44379671_6_recent.java,method,1,15,NOT_CLONE,,,,,,0.6667,0.1667,0.2087,0.2193,0.6667,,MEDIUM,No Type I/II containment or substantial ordered statement core was found.,NO,BALANCED_TOKEN_SEQUENCE,TOKEN_FALLBACK,0fabb6f6254dcca1df43a683f215b5e13fd979f2360701169a55ad6fc5fe70b2,ca616b64dbbd228764a08ffb85a681fca76f03f63b82b55dfca20c25b4cd15a8,,,,
680,openliberty,https://stackoverflow.com/questions/40317313,openliberty/open-liberty/dev/com.ibm.ws.jdbc_fat_krb5/fat/src/com/ibm/ws/jdbc/fat/krb5/containers/KerberosPlatformRule.java,apply,38,48,40317313/40317313_6_130395681.java,apply,15,27,CLONE,TYPE_3,38,48,15,27,0.9000,0.7500,0.7167,0.7759,0.9000,,MEDIUM,"A substantial ordered core of normalized statements was found with additions, deletions, or changes.",YES,BALANCED_TOKEN_SEQUENCE,BALANCED_TOKEN_SEQUENCE,29e116bcc40c71d582744199d647eda46efa16826128ee02a378ee33691368af,fe2a6b18c206c19c9a4db14b2f7e23e11bd51d1694b8ad50074d1549b8ffcf1f,,,,
681,openliberty,https://stackoverflow.com/questions/40317313,openliberty/open-liberty/dev/com.ibm.ws.jdbc_fat_krb5/fat/src/com/ibm/ws/jdbc/fat/krb5/OracleKerberosTest.java,apply,143,153,40317313/40317313_6_130395681.java,apply,15,27,CLONE,TYPE_3,143,153,15,27,0.9000,0.7500,0.7167,0.7759,0.9000,,MEDIUM,"A substantial ordered core of normalized statements was found with additions, deletions, or changes.",YES,BALANCED_TOKEN_SEQUENCE,BALANCED_TOKEN_SEQUENCE,71bf331778194534d5a4dce3e171b03672d89a87fe9457fca9f84c347edd8e49,fe2a6b18c206c19c9a4db14b2f7e23e11bd51d1694b8ad50074d1549b8ffcf1f,,,,
737,openpnp,https://stackoverflow.com/questions/4429257,openpnp/openpnp/src/main/java/org/openpnp/Translations.java,newBundle,26,53,4429257/4429257_2_9347476.java,newBundle,2,32,CLONE,TYPE_3,29,53,7,32,0.9286,0.9286,0.9515,0.9755,0.9286,,MEDIUM,"A substantial ordered core of normalized statements was found with additions, deletions, or changes.",YES,BALANCED_TOKEN_SEQUENCE,BALANCED_TOKEN_SEQUENCE,4a27cfe177a9a8f3434f6f47593b526fbfbfa578c5fe9c56d1ee7e4437e3988e,c219b187dd01b975e3a79d596f983c3128f58ccf761e0fdc7fa4f3adb7546fa2,,,,
721,opensearch-project,https://stackoverflow.com/questions/33561612,opensearch-project/opensearch/server/src/test/java/org/opensearch/cluster/service/TaskExecutorTests.java,run,223,230,33561612/33561612_2_recent.java,method,1,33,NOT_CLONE,,,,,,0.8750,0.2500,0.1657,0.1788,0.8750,,MEDIUM,No Type I/II containment or substantial ordered statement core was found.,NO,BALANCED_TOKEN_SEQUENCE,TOKEN_FALLBACK,211a9110e914476268a9f53b0c482977b9e954498199b8188cc37541d50a21d6,3f06c9271458533d7554ee99988b3cf1b1b5852312c3bb4835fda325781c9e12,,,,
327,orcid,https://stackoverflow.com/questions/4429257,orcid/orcid-source/orcid-core/src/main/java/org/orcid/core/utils/UTF8Control.java,newBundle,14,44,4429257/4429257_2_9347476.java,newBundle,2,32,CLONE,TYPE_1,14,44,2,32,1.0000,1.0000,1.0000,1.0000,1.0000,,HIGH,A complete fragment occurs verbatim after removing comments and layout.,NO,BALANCED_TOKEN_SEQUENCE,BALANCED_TOKEN_SEQUENCE,9450bf5e9789021ccc71219569f85885f28b9a99335695a9c0f1b0bd554a34ca,c219b187dd01b975e3a79d596f983c3128f58ccf761e0fdc7fa4f3adb7546fa2,CLONE,TYPE_1,,2026-07-31T07:45:20.084Z
537,osgi,https://stackoverflow.com/questions/19689932,osgi/osgi/org.osgi.test.cases.cm/src/org/osgi/test/cases/cm/junit/CMCoordinationTestCase.java,sleep,135,141,19689932/19689932_6_147013208.java,method,1,16,CLONE,TYPE_3,136,141,12,16,0.7143,0.2941,0.2875,0.3038,0.7143,,MEDIUM,"A substantial ordered core of normalized statements was found with additions, deletions, or changes.",YES,BALANCED_TOKEN_SEQUENCE,BALANCED_TOKEN_SEQUENCE,f861e32e662203dabb82589f06df1e07f3c620cb464bda633bd7a009639a978f,bc44b0c41278919e65730e33007db1bf40c41948de2c37e4d22359a414242a36,,,,
538,osgi,https://stackoverflow.com/questions/2325407,osgi/osgi/org.osgi.test.cases.rest/src/org/osgi/test/cases/rest/junit/RestServiceXMLTestCase.java,printDocument,1040,1058,2325407/2325407_2_recent.java,method,1,12,CLONE,TYPE_3,1043,1058,2,12,0.6000,0.9000,0.8730,0.8730,0.9000,,MEDIUM,"A substantial ordered core of normalized statements was found with additions, deletions, or changes.",YES,BALANCED_TOKEN_SEQUENCE,BALANCED_TOKEN_SEQUENCE,7ba7a4b58427cf6a305cf66dfd8b87b57c5ff5059f8901bc62d7ffb72cc4a406,8933a1f1f1ab6071d6aedbb2e55e1d65bca9e84eeb43a994505c08a83b5268f2,,,,
113,overturetool,https://stackoverflow.com/questions/25985720,overturetool/overture/core/combinatorialtesting/ctruntime/src/main/java/org/overture/ct/ctruntime/server/common/Utils.java,isInt,42,52,25985720/25985720_14_recent.java,method,1,21,CLONE,TYPE_3,44,52,15,21,0.8889,0.4211,0.2667,0.2773,0.8889,,MEDIUM,"A substantial ordered core of normalized statements was found with additions, deletions, or changes.",YES,BALANCED_TOKEN_SEQUENCE,BALANCED_TOKEN_SEQUENCE,3fa6b6b4a3a37316ad31bd57e4ad4be28a35502ed46b40dc07c29ee3f80c5e65,f9d527dce981b6e07b9c1a042661b0aad3a84b94651f494e0d71549617fbb07f,,,,
114,overturetool,https://stackoverflow.com/questions/25985720,overturetool/overture/ide/plugins/combinatorialtesting/src/main/java/org/overture/combinatorialtesting/vdmj/server/common/Utils.java,isInt,46,56,25985720/25985720_14_recent.java,method,1,21,CLONE,TYPE_3,48,56,15,21,0.8889,0.4211,0.2667,0.2773,0.8889,,MEDIUM,"A substantial ordered core of normalized statements was found with additions, deletions, or changes.",YES,BALANCED_TOKEN_SEQUENCE,BALANCED_TOKEN_SEQUENCE,3fa6b6b4a3a37316ad31bd57e4ad4be28a35502ed46b40dc07c29ee3f80c5e65,f9d527dce981b6e07b9c1a042661b0aad3a84b94651f494e0d71549617fbb07f,,,,
539,owasp,https://stackoverflow.com/questions/52144662,owasp/mastg-hacking-playground/Android/MSTG-Android-Java-App/app/src/main/java/sg/vp/owasp_mobile/OMTG_Android/OMTG_DATAST_001_ExternalStorage.java,isExternalStorageReadable,60,67,52144662/52144662_2_181397043.java,method,1,97,CLONE,TYPE_3,60,67,90,96,0.8571,0.0674,0.0473,0.0524,0.8571,,MEDIUM,"A substantial ordered core of normalized statements was found with additions, deletions, or changes.",YES,BALANCED_TOKEN_SEQUENCE,TOKEN_FALLBACK,28cc0dd4e75563e21f2d51476c220846df559bf741b2675cf06c63ed80815b64,a0a758e1acec5e8c1d447e3e9ee771b74b0365261c507f2efafa3d7c2c5fe1b6,,,,
651,p2abcengine,https://stackoverflow.com/questions/9293885,p2abcengine/p2abcengine/Code/core-abce/abce-components/src/main/java/eu/abc4trust/util/StorageUtil.java,copy,256,268,9293885/9293885_2_recent.java,method,1,18,CLONE,TYPE_3,257,268,2,18,0.9091,0.5263,0.8600,0.8600,0.9091,,MEDIUM,"A substantial ordered core of normalized statements was found with additions, deletions, or changes.",YES,BALANCED_TOKEN_SEQUENCE,BALANCED_TOKEN_SEQUENCE,ad54a7bbebe34c7bb53223a612afb6d5ab21b459c9a8b1935ee287d33c40fd17,2a7bfcda094a8dd312bb8740fe545d7bdce7f2ed7470f4dafaef302a58f8d157,,,,
410,pamguard,https://stackoverflow.com/questions/28137956,pamguard/pamguard/src/soundtrap/BCLReader.java,close,71,80,28137956/28137956_4_recent.java,method,1,79,NOT_CLONE,,,,,,0.9091,0.1235,0.0739,0.0759,0.9091,,MEDIUM,No Type I/II containment or substantial ordered statement core was found.,NO,BALANCED_TOKEN_SEQUENCE,TOKEN_FALLBACK,55141a694a1114b6adeee6fdffedf23c1b8a31d37ef0cf9c95abb2eacec94fc0,c42dd60ce0cd8c97929c7c38feb94f4cf6c28b09759348a1ca51b73eac56ac2e,,,,
411,pamguard,https://stackoverflow.com/questions/17627497,pamguard/pamguard/src/difar/display/SonobuoyManagerPanel.java,resizeColumnWidth,192,203,17627497/17627497_2_recent.java,method,1,14,CLONE,TYPE_3,192,203,1,14,1.0000,0.9412,0.9091,0.9237,1.0000,,MEDIUM,"A substantial ordered core of normalized statements was found with additions, deletions, or changes.",YES,BALANCED_TOKEN_SEQUENCE,BALANCED_TOKEN_SEQUENCE,0376472c867e3fa8c2b5533ec2078e13bb122bddca3f0342f8d5bff25e552ee8,c2f1aeb3dfec79b9f30e7bca69bea534eb3cb0d4c733f428f0f0e045cbf2f8c8,,,,
749,pebbletemplates,https://stackoverflow.com/questions/4429257,pebbletemplates/pebble/pebble/src/main/java/io/pebbletemplates/pebble/extension/i18n/UTF8Control.java,newBundle,15,45,4429257/4429257_2_9347476.java,newBundle,2,32,CLONE,TYPE_3,20,45,7,32,0.9286,0.9286,0.9401,0.9636,0.9286,,MEDIUM,"A substantial ordered core of normalized statements was found with additions, deletions, or changes.",YES,BALANCED_TOKEN_SEQUENCE,BALANCED_TOKEN_SEQUENCE,2f7b2801e57fcf586cd0e4a03c5b6634bcd12a95bab855d071c4f2cacbc98d10,c219b187dd01b975e3a79d596f983c3128f58ccf761e0fdc7fa4f3adb7546fa2,,,,
130,peergos,https://stackoverflow.com/questions/56815,peergos/peergos/src/peergos/server/storage/S3AdminRequests.java,initialValue,57,64,56815/56815_2_recent.java,method,1,15,CLONE,TYPE_3,57,64,3,15,0.8750,0.6364,0.5692,0.5692,0.8750,,MEDIUM,"A substantial ordered core of normalized statements was found with additions, deletions, or changes.",YES,BALANCED_TOKEN_SEQUENCE,BALANCED_TOKEN_SEQUENCE,3a1e5d093810e9037f3a9b3fff8f0203126ca0a8d65f51e01b6aba9de79ed475,b36be72b0b6cb23bf907e34bed19d1a50c9dd2b79438feb618435991e0e31902,,,,
233,penguinsquad,https://stackoverflow.com/questions/53110509,penguinsquad/harvest-festival/src/main/java/uk/joshiejack/harvestcore/world/mine/dimension/floors/RoomGeneratorTemplate.java,rotate,142,150,53110509/53110509_2_185004841.java,method,1,10,CLONE,TYPE_3,142,150,1,10,0.8000,0.8000,0.9783,1.0000,0.8000,,MEDIUM,"A substantial ordered core of normalized statements was found with additions, deletions, or changes.",YES,BALANCED_TOKEN_SEQUENCE,BALANCED_TOKEN_SEQUENCE,e3d2196d64f209d1484d680a019dedf22ee589f5e4de4a0ee3308e257ad432b3,f07d5603692a15b0a3f217aca9e3469216ffc89094774454b047d2d09ac75b94,,,,
207,pentaho,https://stackoverflow.com/questions/30316055,pentaho/pentaho-platform/extensions/src/main/java/org/pentaho/platform/web/http/api/resources/utils/EscapeUtils.java,HTMLCharacterEscapes,36,48,30316055/30316055_2_recent.java,method,1,42,NOT_CLONE,,,,,,0.8889,0.2963,0.3559,0.3714,0.8889,,MEDIUM,No Type I/II containment or substantial ordered statement core was found.,NO,BALANCED_TOKEN_SEQUENCE,BALANCED_TOKEN_SEQUENCE,8d286ae860242b908e9473fe3c8f5284844a0f82dad48ed32e54842625f8cc03,8b5de6f0b81a8190513bc7f5bc5b12943bb3a3fddb3babe0c26c6cab34f4cde4,,,,
18,pgmdev,https://stackoverflow.com/questions/4429257,pgmdev/pgm/util/src/main/java/tc/oc/pgm/util/text/UTF8Control.java,newBundle,24,53,4429257/4429257_2_9347476.java,newBundle,2,32,CLONE,TYPE_3,28,53,7,32,0.9286,0.9286,0.9515,0.9755,0.9286,,MEDIUM,"A substantial ordered core of normalized statements was found with additions, deletions, or changes.",YES,BALANCED_TOKEN_SEQUENCE,BALANCED_TOKEN_SEQUENCE,80a9fdfa3081fe522e7a58e4cbe3e33cfae5a0bdea04e36967b0171ab2290c75,c219b187dd01b975e3a79d596f983c3128f58ccf761e0fdc7fa4f3adb7546fa2,,,,
587,phoenixctms,https://stackoverflow.com/questions/50241292,phoenixctms/ctsms/web/src/main/java/org/phoenixctms/ctsms/web/jersey/provider/CORSFilter.java,filter,12,22,50241292/50241292_2_173099365.java,filter,2,14,CLONE,TYPE_1,12,22,2,14,1.0000,1.0000,1.0000,1.0000,1.0000,,HIGH,A complete fragment occurs verbatim after removing comments and layout.,NO,BALANCED_TOKEN_SEQUENCE,BALANCED_TOKEN_SEQUENCE,fe0d67c5223d7bd7b33287a32da342c740aa027262419f69ef6e7aeb01892c40,da3db2dd1bbe86d3c5733c121ce9b242a8271994b2568e9ecf03dd746d280acb,CLONE,TYPE_1,,2026-07-31T07:45:26.233Z
502,pig-mesh,https://stackoverflow.com/questions/58370217,pig-mesh/pig/pig-register/src/main/java/com/alibaba/nacos/config/ConsoleConfig.java,corsFilter,60,72,58370217/58370217_2_recent.java,method,1,45,NOT_CLONE,,,,,,0.7500,0.2500,0.2756,0.2986,0.7500,,MEDIUM,No Type I/II containment or substantial ordered statement core was found.,NO,BALANCED_TOKEN_SEQUENCE,BALANCED_TOKEN_SEQUENCE,f2364e357ae1e11a30e70beddadc896194a70db78f953d5bea09cfcd5e91101e,e5d1a9afc2e2c93478994f4bf08bfa6d0f75d4850cc19d2718ea81477a23b239,,,,
417,pippokill,https://stackoverflow.com/questions/1520212,pippokill/tri/src/main/java/di/uniba/it/tri/changepoint/v2/ComputeCPTTaylor.java,shuffleArray,36,45,1520212/1520212_2_recent.java,shuffleArray,19,31,CLONE,TYPE_3,38,45,23,31,0.8182,0.8182,0.8659,0.9367,0.8182,,MEDIUM,"A substantial ordered core of normalized statements was found with additions, deletions, or changes.",YES,BALANCED_TOKEN_SEQUENCE,BALANCED_TOKEN_SEQUENCE,e9fbeaf32bc089cc5c41d7149d31e83a76c2e5cd0ee3b481af85c66f9bbe19ee,d3b8072193cac2766100ac50631f480ca70ed5058b863d247abb5ba2dba85714,,,,
202,piwigo,https://stackoverflow.com/questions/52144662,piwigo/piwigo-android/app/src/main/java/org/piwigo/data/repository/ImageRepository.java,isExternalStorageWritable,352,358,52144662/52144662_2_181397043.java,method,1,97,CLONE,TYPE_3,353,358,91,96,0.8571,0.0674,0.0427,0.0427,0.8571,,MEDIUM,"A substantial ordered core of normalized statements was found with additions, deletions, or changes.",YES,BALANCED_TOKEN_SEQUENCE,TOKEN_FALLBACK,65205c2515cc5fd8fb23caaad2b8c35640f4ea11ee042955a3359f2b246947bb,a0a758e1acec5e8c1d447e3e9ee771b74b0365261c507f2efafa3d7c2c5fe1b6,,,,
241,pixelmaid,https://stackoverflow.com/questions/54704257,pixelmaid/dresscode_v0.5/src/com/pixelmaid/dresscode/app/CodeField.java,insertUpdate,243,251,54704257/54704257_2_recent.java,method,1,12,CLONE,TYPE_2,243,251,3,4,1.0000,0.1930,0.1930,0.1930,1.0000,,HIGH,A complete fragment has identical normalized syntax with consistent identifier mapping.,NO,BALANCED_TOKEN_SEQUENCE,BALANCED_TOKEN_SEQUENCE,b85b0508c806dcfc0787384652b9b2f73d30cde3c84d768aeb9b115e9ee5940f,d6eb93852ce5dc8ba3722715f2fd0551e005fc721da45422ee24688aa353af68,,,,
32,pkainulainen,https://stackoverflow.com/questions/52148106,pkainulainen/spring-data-jpa-examples/tutorial-part-eight/src/main/java/net/petrikainulainen/spring/datajpa/config/ApplicationContext.java,viewResolver,111,120,52148106/52148106_4_181012547.java,method,1,13,CLONE,TYPE_3,111,120,5,13,0.7143,0.5556,0.6721,0.7288,0.7143,,MEDIUM,"A substantial ordered core of normalized statements was found with additions, deletions, or changes.",YES,BALANCED_TOKEN_SEQUENCE,BALANCED_TOKEN_SEQUENCE,c6b487fe372e3c126a9ba0805bb4a86eefb8875e4882ef75e784695c6445c653,138171008c927af08327a9ceef6bacfd9772f1248905d4ed6754ebf6aa7acb4b,,,,
33,pkainulainen,https://stackoverflow.com/questions/52148106,pkainulainen/spring-data-jpa-examples/tutorial-part-seven/src/main/java/net/petrikainulainen/spring/datajpa/config/ApplicationContext.java,viewResolver,111,120,52148106/52148106_4_181012547.java,method,1,13,CLONE,TYPE_3,111,120,5,13,0.7143,0.5556,0.6721,0.7288,0.7143,,MEDIUM,"A substantial ordered core of normalized statements was found with additions, deletions, or changes.",YES,BALANCED_TOKEN_SEQUENCE,BALANCED_TOKEN_SEQUENCE,c6b487fe372e3c126a9ba0805bb4a86eefb8875e4882ef75e784695c6445c653,138171008c927af08327a9ceef6bacfd9772f1248905d4ed6754ebf6aa7acb4b,,,,
34,pkainulainen,https://stackoverflow.com/questions/52148106,pkainulainen/spring-data-solr-examples/query-methods-pagination/src/main/java/net/petrikainulainen/spring/datasolr/config/ExampleApplicationContext.java,viewResolver,80,89,52148106/52148106_4_181012547.java,method,1,13,CLONE,TYPE_3,80,89,5,13,0.7143,0.5556,0.6721,0.7288,0.7143,,MEDIUM,"A substantial ordered core of normalized statements was found with additions, deletions, or changes.",YES,BALANCED_TOKEN_SEQUENCE,BALANCED_TOKEN_SEQUENCE,c6b487fe372e3c126a9ba0805bb4a86eefb8875e4882ef75e784695c6445c653,138171008c927af08327a9ceef6bacfd9772f1248905d4ed6754ebf6aa7acb4b,,,,
35,pkainulainen,https://stackoverflow.com/questions/52148106,pkainulainen/spring-data-solr-examples/query-methods/src/main/java/net/petrikainulainen/spring/datasolr/config/ExampleApplicationContext.java,viewResolver,69,78,52148106/52148106_4_181012547.java,method,1,13,CLONE,TYPE_3,69,78,5,13,0.7143,0.5556,0.6721,0.7288,0.7143,,MEDIUM,"A substantial ordered core of normalized statements was found with additions, deletions, or changes.",YES,BALANCED_TOKEN_SEQUENCE,BALANCED_TOKEN_SEQUENCE,c6b487fe372e3c126a9ba0805bb4a86eefb8875e4882ef75e784695c6445c653,138171008c927af08327a9ceef6bacfd9772f1248905d4ed6754ebf6aa7acb4b,,,,
36,pkainulainen,https://stackoverflow.com/questions/52148106,pkainulainen/spring-data-solr-examples/criteria-pagination/src/main/java/net/petrikainulainen/spring/datasolr/config/ExampleApplicationContext.java,viewResolver,80,89,52148106/52148106_4_181012547.java,method,1,13,CLONE,TYPE_3,80,89,5,13,0.7143,0.5556,0.6721,0.7288,0.7143,,MEDIUM,"A substantial ordered core of normalized statements was found with additions, deletions, or changes.",YES,BALANCED_TOKEN_SEQUENCE,BALANCED_TOKEN_SEQUENCE,c6b487fe372e3c126a9ba0805bb4a86eefb8875e4882ef75e784695c6445c653,138171008c927af08327a9ceef6bacfd9772f1248905d4ed6754ebf6aa7acb4b,,,,
37,pkainulainen,https://stackoverflow.com/questions/52148106,pkainulainen/spring-data-solr-examples/custom-repository-all/src/main/java/net/petrikainulainen/spring/datasolr/config/ExampleApplicationContext.java,viewResolver,80,89,52148106/52148106_4_181012547.java,method,1,13,CLONE,TYPE_3,80,89,5,13,0.7143,0.5556,0.6721,0.7288,0.7143,,MEDIUM,"A substantial ordered core of normalized statements was found with additions, deletions, or changes.",YES,BALANCED_TOKEN_SEQUENCE,BALANCED_TOKEN_SEQUENCE,c6b487fe372e3c126a9ba0805bb4a86eefb8875e4882ef75e784695c6445c653,138171008c927af08327a9ceef6bacfd9772f1248905d4ed6754ebf6aa7acb4b,,,,
38,pkainulainen,https://stackoverflow.com/questions/52148106,pkainulainen/spring-data-solr-examples/criteria/src/main/java/net/petrikainulainen/spring/datasolr/config/ExampleApplicationContext.java,viewResolver,69,78,52148106/52148106_4_181012547.java,method,1,13,CLONE,TYPE_3,69,78,5,13,0.7143,0.5556,0.6721,0.7288,0.7143,,MEDIUM,"A substantial ordered core of normalized statements was found with additions, deletions, or changes.",YES,BALANCED_TOKEN_SEQUENCE,BALANCED_TOKEN_SEQUENCE,c6b487fe372e3c126a9ba0805bb4a86eefb8875e4882ef75e784695c6445c653,138171008c927af08327a9ceef6bacfd9772f1248905d4ed6754ebf6aa7acb4b,,,,
503,playframework,https://stackoverflow.com/questions/46887834,playframework/play1/samples-and-tests/just-test-cases/test/Chunked2Test.java,sleep,37,43,46887834/46887834_2_recent.java,method,1,14,CLONE,TYPE_3,38,43,6,13,0.8571,0.4000,0.3143,0.3333,0.8571,,MEDIUM,"A substantial ordered core of normalized statements was found with additions, deletions, or changes.",YES,BALANCED_TOKEN_SEQUENCE,BALANCED_TOKEN_SEQUENCE,7d7bbd17c5738cb86e2cb13406cda46ba1138a911510688e6ac66b730c8cc223,d7ee5c40913edec17a358574d33363cde48c6d9227acfc45aa8bbd7c3f27b22c,,,,
571,plutext,https://stackoverflow.com/questions/9293885,plutext/jaxb-2_2_5_1/samples/src/processor/util/Util.java,copy,57,69,9293885/9293885_2_recent.java,method,1,18,CLONE,TYPE_3,57,69,1,18,1.0000,0.5789,0.8788,0.8788,1.0000,,MEDIUM,"A substantial ordered core of normalized statements was found with additions, deletions, or changes.",YES,BALANCED_TOKEN_SEQUENCE,BALANCED_TOKEN_SEQUENCE,6a7a10d8c27517f198e345472ee6e309bfd5235fe3af71b64490b9c3d7a7cd5d,2a7bfcda094a8dd312bb8740fe545d7bdce7f2ed7470f4dafaef302a58f8d157,,,,
155,pokefenn,https://stackoverflow.com/questions/63631995,pokefenn/chisel/src/main/java/info/jbcs/minecraft/chisel/client/gui/GuiElement.java,GuiElement,18,24,63631995/63631995_6_recent.java,method,1,110,NOT_CLONE,,,,,,0.8333,0.0769,0.0772,0.0794,0.8333,,MEDIUM,No Type I/II containment or substantial ordered statement core was found.,NO,BALANCED_TOKEN_SEQUENCE,BALANCED_TOKEN_SEQUENCE,969892a37b711fdc41db7a01b2a25148669aacf3d0652a360a2a82c8a54d280c,87e08afe29e566d8f4b5cfd27b5c4c668d313ba6d0423dc2afc51a2633e0d737,,,,
96,polypheny,https://stackoverflow.com/questions/34511731,polypheny/polypheny-db/webui/src/main/java/org/polypheny/db/webui/models/DbColumn.java,handleInteger,176,183,34511731/34511731_2_recent.java,read,2,14,CLONE,TYPE_3,177,183,4,14,0.8889,0.5714,0.3922,0.4343,0.8889,,MEDIUM,"A substantial ordered core of normalized statements was found with additions, deletions, or changes.",YES,BALANCED_TOKEN_SEQUENCE,BALANCED_TOKEN_SEQUENCE,5e25567805d6744349243e82d72e8332a647a19d6b4fbc260c5781ddcfbf286b,2417673b4d2ed98a4a69860936e8a6c197d50ee7e050c55e7a434f06a0d4da41,,,,
403,polystat,https://stackoverflow.com/questions/5061920,polystat/j2eo/src/test/resources/test_candidates/ch_10_arrays/sec_10_4_array_access/DisplayMatrixSquare.java,main,2,17,5061920/5061920_1_recent.java,method,1,11,CLONE,TYPE_3,5,17,2,11,0.7727,0.8947,0.8000,0.8151,0.8947,,MEDIUM,"A substantial ordered core of normalized statements was found with additions, deletions, or changes.",YES,BALANCED_TOKEN_SEQUENCE,BALANCED_TOKEN_SEQUENCE,08bf0948f9440e62141dac24140431a21bad8de3e4c0c386e95eda546f5383a2,7e9ed9337acc4c6d4f3b756e24aa71ba09f7cbbe173121909817e72fb7aa5ad2,,,,
404,polystat,https://stackoverflow.com/questions/5061920,polystat/j2eo/src/test/resources/test_candidates/ch_10_arrays/sec_10_4_array_access/DisplayMatrixNoSquare.java,main,2,16,5061920/5061920_1_recent.java,method,1,11,CLONE,TYPE_3,4,16,2,11,0.6364,0.7368,0.7500,0.7949,0.7368,,MEDIUM,"A substantial ordered core of normalized statements was found with additions, deletions, or changes.",YES,BALANCED_TOKEN_SEQUENCE,BALANCED_TOKEN_SEQUENCE,1169a9081bfe2797255e72fc901e5b2cb0e10b794d076332f4d8c51cb5150932,7e9ed9337acc4c6d4f3b756e24aa71ba09f7cbbe173121909817e72fb7aa5ad2,,,,
550,powernukkitx,https://stackoverflow.com/questions/57997601,powernukkitx/powernukkitx/src/main/java/cn/nukkit/utils/Utils.java,visitFile,415,421,57997601/57997601_2_recent.java,method,1,22,CLONE,TYPE_3,417,421,6,13,0.8333,0.3571,0.3034,0.3107,0.8333,,MEDIUM,"A substantial ordered core of normalized statements was found with additions, deletions, or changes.",YES,BALANCED_TOKEN_SEQUENCE,BALANCED_TOKEN_SEQUENCE,c9ab3bd123cbb95c2ea15d54be713f97975f8c1515d18dec425d0c4b266c8263,6ba8c8e8a60ee070eb2b4fc18a0d331a0fe907a54834664759a06b42f67b85dc,,,,
187,processing,https://stackoverflow.com/questions/60929154,processing/processing4/java/src/processing/mode/java/CompletionPanel.java,mouseClicked,122,128,60929154/60929154_2_218030952.java,createSuggestionList,48,66,NOT_CLONE,,,,,,0.8333,0.2632,0.2190,0.2370,0.8333,,MEDIUM,No Type I/II containment or substantial ordered statement core was found.,NO,BALANCED_TOKEN_SEQUENCE,BALANCED_TOKEN_SEQUENCE,b7a27eb1c66906354449e1959505b15c18ff5e039d315804a1a0a6b7d408d84b,a1995b9edbc85ba9e2d2a1010e9779c757f8f175b48f8cb38203ddf5b94ab60c,,,,
188,processing,https://stackoverflow.com/questions/58346204,processing/processing/core/src/processing/core/PApplet.java,parseInt,9668,9678,58346204/58346204_2_recent.java,method,1,103,CLONE,TYPE_1,9668,9678,47,57,1.0000,0.1152,0.1152,0.1152,1.0000,,HIGH,A complete fragment occurs verbatim after removing comments and layout.,NO,BALANCED_TOKEN_SEQUENCE,TOKEN_FALLBACK,f6a57a36233d6b83b0253e0fd64ed2efa8d349e20ba20bf287d76212b5bce178,b2321bb0e5fd19e2d47cfe63f63d317a45888a0d2dbe392486763c34dfc3a94c,CLONE,TYPE_1,,2026-07-31T07:45:33.432Z
189,processing,https://stackoverflow.com/questions/7607044,processing/processing/app/src/processing/app/ui/Welcome2.java,itemStateChanged,242,248,7607044/7607044_2_recent.java,getTableCellEditorComponent,11,57,NOT_CLONE,,,,,,1.0000,0.1220,0.0966,0.1003,1.0000,,MEDIUM,No Type I/II containment or substantial ordered statement core was found.,NO,BALANCED_TOKEN_SEQUENCE,BALANCED_TOKEN_SEQUENCE,c3fa31dd8b60169e80ff24aa216112d4219aef122fe21d7386e5ac95b31175a5,495aff75d5216c49e766b7ac1856319d443e2f758ad6d0fe48eafcc95359823d,,,,
190,processing,https://stackoverflow.com/questions/60929154,processing/processing/java/src/processing/mode/java/pdex/CompletionPanel.java,mouseClicked,142,148,60929154/60929154_2_218030952.java,createSuggestionList,48,66,NOT_CLONE,,,,,,0.8333,0.2632,0.2190,0.2370,0.8333,,MEDIUM,No Type I/II containment or substantial ordered statement core was found.,NO,BALANCED_TOKEN_SEQUENCE,BALANCED_TOKEN_SEQUENCE,b7a27eb1c66906354449e1959505b15c18ff5e039d315804a1a0a6b7d408d84b,a1995b9edbc85ba9e2d2a1010e9779c757f8f175b48f8cb38203ddf5b94ab60c,,,,
229,projectbuendia,https://stackoverflow.com/questions/19876516,projectbuendia/client/third_party/odkcollect/src/main/java/org/odk/collect/android/widgets/AutoCompleteWidget.java,publishResults,288,299,19876516/19876516_2_recent.java,method,1,33,CLONE,TYPE_3,291,299,27,33,0.8889,0.2963,0.2952,0.3190,0.8889,,MEDIUM,"A substantial ordered core of normalized statements was found with additions, deletions, or changes.",YES,BALANCED_TOKEN_SEQUENCE,BALANCED_TOKEN_SEQUENCE,617321bc5942c762d7468aadeeb08b076eb17a7a14ae23009c134d5282dfa808,7c09a311f574ad8dda2b6f32167d4803dcdefacefae79464346ef4f815626d28,,,,
230,projectbuendia,https://stackoverflow.com/questions/55003173,projectbuendia/client/third_party/odkcollect/src/main/java/org/odk/collect/android/preferences/AggregatePreferencesActivity.java,filter,155,163,55003173/55003173_2_recent.java,method,1,12,CLONE,TYPE_3,155,163,2,11,0.9000,0.5625,0.6100,0.6263,0.9000,,MEDIUM,"A substantial ordered core of normalized statements was found with additions, deletions, or changes.",YES,BALANCED_TOKEN_SEQUENCE,BALANCED_TOKEN_SEQUENCE,0f9c59cce2528806aa04b8e6cac817a17905794a98bf1b09d39459669072ae5b,1b1c4b1325fea9561f254bee4d3a39a583053aaa3e9fbe1183b2c1012f7ee6ff,,,,
528,prometheus,https://stackoverflow.com/questions/18454342,prometheus/client_java/integration_tests/it_common/src/test/java/io/prometheus/client/it/common/Volume.java,visitFile,68,74,18454342/18454342_2_recent.java,method,1,29,CLONE,TYPE_3,68,74,21,29,0.8333,0.1923,0.1779,0.1893,0.8333,,MEDIUM,"A substantial ordered core of normalized statements was found with additions, deletions, or changes.",YES,BALANCED_TOKEN_SEQUENCE,BALANCED_TOKEN_SEQUENCE,fea1a4d046e80f09cf5a0c158a80a97db706de3979e6001be46af52e999b3ef7,1ca5d870aac777c6deff9544dd4f00c6711d9851ed9941b26b178510f91e1747,,,,
224,proofpoint,https://stackoverflow.com/questions/30316055,proofpoint/platform/jaxrs/src/main/java/com/proofpoint/jaxrs/JsonMapper.java,HTMLCharacterEscapes,253,265,30316055/30316055_2_recent.java,method,1,42,NOT_CLONE,,,,,,0.8750,0.2593,0.3276,0.3276,0.8750,,MEDIUM,No Type I/II containment or substantial ordered statement core was found.,NO,BALANCED_TOKEN_SEQUENCE,BALANCED_TOKEN_SEQUENCE,5545b20e46bcadc47a0b462364081af1520917e7d5749117fedb19f5596c035f,8b5de6f0b81a8190513bc7f5bc5b12943bb3a3fddb3babe0c26c6cab34f4cde4,,,,
212,punchthrough,https://stackoverflow.com/questions/60266789,punchthrough/bean-sdk-android/sdk/src/main/java/com/punchthrough/bean/sdk/internal/utility/Convert.java,bytesToHexString,19,27,60266789/60266789_2_recent.java,method,1,13,CLONE,TYPE_3,19,27,2,13,1.0000,0.7333,0.7863,0.7863,1.0000,,MEDIUM,"A substantial ordered core of normalized statements was found with additions, deletions, or changes.",YES,BALANCED_TOKEN_SEQUENCE,BALANCED_TOKEN_SEQUENCE,184c336631bf71d3e59f7c9844e30d7da56f03d85f8557c0ce617db8899d0716,f5d0f99e551986ab714a5c9071b6dfd07fd610c30bde3c0915af92838cb3e23c,,,,
718,puniverse,https://stackoverflow.com/questions/54298032,puniverse/quasar/quasar-core/src/main/java/co/paralleluniverse/fibers/instrument/QuasarInstrumentor.java,copy,315,328,54298032/54298032_2_recent.java,copy,58,72,CLONE,TYPE_3,317,328,60,72,0.9231,0.8571,0.7653,0.7835,0.9231,,MEDIUM,"A substantial ordered core of normalized statements was found with additions, deletions, or changes.",YES,BALANCED_TOKEN_SEQUENCE,BALANCED_TOKEN_SEQUENCE,614e5bd633d0432f45ecf7d7b8f630d6e293c58d6e3319b4be28b6c675c9badd,0a5f84bd99cab8242b347ba1ca13e07d1364ea59b57d81087bfaf519b17497f6,,,,
616,pylersm,https://stackoverflow.com/questions/9293885,pylersm/xinstaller/src/com/pyler/xinstaller/Utils.java,copyFile,142,153,9293885/9293885_2_recent.java,method,1,18,CLONE,TYPE_3,143,153,2,18,0.9091,0.5263,0.8500,0.8687,0.9091,,MEDIUM,"A substantial ordered core of normalized statements was found with additions, deletions, or changes.",YES,BALANCED_TOKEN_SEQUENCE,BALANCED_TOKEN_SEQUENCE,0cd2fc06fb34818c18517c5388048be9d308322c86625c80bb6f6944f3104b50,2a7bfcda094a8dd312bb8740fe545d7bdce7f2ed7470f4dafaef302a58f8d157,,,,
487,qalingo,https://stackoverflow.com/questions/5079864,qalingo/qalingo-engine/apis/api-core/api-core-common/src/main/java/org/hoteia/qalingo/core/web/util/BeanUtilsBean.java,copyNotNullProperties,17,24,5079864/5079864_2_136918794.java,method,1,13,CLONE,TYPE_2,17,24,1,13,1.0000,1.0000,0.9701,1.0000,1.0000,,HIGH,A complete fragment has identical normalized syntax with consistent identifier mapping.,NO,BALANCED_TOKEN_SEQUENCE,BALANCED_TOKEN_SEQUENCE,1a5914ff13decccd5f68ac646c819ef9fbf394104e5ff46788ef3bc08caa0b67,1dbf7c5814fd8297b5dea75cb114b2cba2161b41206a5f1d97ff785aef23a4e3,,,,
776,qiurunze123,https://stackoverflow.com/questions/55986044,qiurunze123/threadandjuc/src/main/java/com/geekagain/jmm/FieldVisibility.java,run,25,33,55986044/55986044_2_recent.java,method,1,107,NOT_CLONE,,,,,,0.8889,0.0792,0.0541,0.0591,0.8889,,MEDIUM,No Type I/II containment or substantial ordered statement core was found.,NO,BALANCED_TOKEN_SEQUENCE,BALANCED_TOKEN_SEQUENCE,63174d3f0a750876e325e52ba08013e21fcf723f0d4ede80a3bfe1744a9b6be0,1c0d54ed4ba855e7efdd7f47700ffe751ceef1190ade624add30fae754575cc0,,,,
777,qiurunze123,https://stackoverflow.com/questions/55986044,qiurunze123/threadandjuc/thread-interview/src/main/java/com/apollo/threadinterview/threadjmm/ThreadJmm3.java,run,40,49,55986044/55986044_2_recent.java,method,1,107,NOT_CLONE,,,,,,0.8889,0.0792,0.0541,0.0591,0.8889,,MEDIUM,No Type I/II containment or substantial ordered statement core was found.,NO,BALANCED_TOKEN_SEQUENCE,BALANCED_TOKEN_SEQUENCE,fad4bf8787632ccd14c1b57298caadc86e1040cdb0278b7e1a0f42b9350e8645,1c0d54ed4ba855e7efdd7f47700ffe751ceef1190ade624add30fae754575cc0,,,,
778,qiurunze123,https://stackoverflow.com/questions/55986044,qiurunze123/threadandjuc/thread-interview/src/main/java/com/apollo/threadinterview/threadjmm/FieldVisibilityMind.java,run,33,41,55986044/55986044_2_recent.java,method,1,107,NOT_CLONE,,,,,,0.8889,0.0792,0.0541,0.0591,0.8889,,MEDIUM,No Type I/II containment or substantial ordered statement core was found.,NO,BALANCED_TOKEN_SEQUENCE,BALANCED_TOKEN_SEQUENCE,63174d3f0a750876e325e52ba08013e21fcf723f0d4ede80a3bfe1744a9b6be0,1c0d54ed4ba855e7efdd7f47700ffe751ceef1190ade624add30fae754575cc0,,,,
779,qiurunze123,https://stackoverflow.com/questions/55986044,qiurunze123/threadandjuc/thread-interview/src/main/java/com/apollo/threadinterview/threadjmm/ThreadJmm4.java,run,30,38,55986044/55986044_2_recent.java,method,1,107,NOT_CLONE,,,,,,0.8889,0.0792,0.0541,0.0591,0.8889,,MEDIUM,No Type I/II containment or substantial ordered statement core was found.,NO,BALANCED_TOKEN_SEQUENCE,BALANCED_TOKEN_SEQUENCE,63174d3f0a750876e325e52ba08013e21fcf723f0d4ede80a3bfe1744a9b6be0,1c0d54ed4ba855e7efdd7f47700ffe751ceef1190ade624add30fae754575cc0,,,,
108,raj-m01,https://stackoverflow.com/questions/6788456,raj-m01/android-chat-app/app/src/main/java/com/example/chatapp/AESUtils.java,encrypt,35,41,6788456/6788456_2_209269621.java,method,1,15,CLONE,TYPE_3,35,41,9,15,1.0000,0.5000,0.4891,0.5000,1.0000,,MEDIUM,"A substantial ordered core of normalized statements was found with additions, deletions, or changes.",YES,BALANCED_TOKEN_SEQUENCE,BALANCED_TOKEN_SEQUENCE,0a895eb6dd0a576f10adfcd19f1f7ea58976c02d91117d0fac2f58240b8ed056,74f46c7469a8cac7109a15523ed82392e977e8a3cf42ee80f9b285753a74b4dd,,,,
109,raj-m01,https://stackoverflow.com/questions/6788456,raj-m01/android-chat-app/app/src/main/java/com/example/chatapp/AESUtils.java,decrypt,43,50,6788456/6788456_2_209269621.java,method,1,15,CLONE,TYPE_3,45,50,10,15,0.8571,0.4286,0.4420,0.4632,0.8571,,MEDIUM,"A substantial ordered core of normalized statements was found with additions, deletions, or changes.",YES,BALANCED_TOKEN_SEQUENCE,BALANCED_TOKEN_SEQUENCE,42535c07f004f1e7f8653949d0d9963ed74dc76939c7305332b1145d80a12366,74f46c7469a8cac7109a15523ed82392e977e8a3cf42ee80f9b285753a74b4dd,,,,
227,ralphite,https://stackoverflow.com/questions/64804977,ralphite/j7cc/Chap1/Chap1_13.java,run,48,55,64804977/64804977_4_recent.java,method,1,20,NOT_CLONE,,,,,,0.8750,0.3333,0.3626,0.3778,0.8750,,MEDIUM,No Type I/II containment or substantial ordered statement core was found.,NO,BALANCED_TOKEN_SEQUENCE,BALANCED_TOKEN_SEQUENCE,6ccbb9e4b32b0056ef03ecd2e0b90af361cf5e8bf05a29262fa3fae8e3c1e0af,fa7c2474c77529f96d418929091f6e8a17dbd03a99f03984c2dc539f4a83e723,,,,
123,ramack,https://stackoverflow.com/questions/52144662,ramack/activitydiary/app/src/main/java/de/rampro/activitydiary/helpers/GraphicsHelper.java,isExternalStorageWritable,54,60,52144662/52144662_2_181397043.java,method,1,97,CLONE,TYPE_3,55,60,91,96,0.8571,0.0674,0.0427,0.0427,0.8571,,MEDIUM,"A substantial ordered core of normalized statements was found with additions, deletions, or changes.",YES,BALANCED_TOKEN_SEQUENCE,TOKEN_FALLBACK,65205c2515cc5fd8fb23caaad2b8c35640f4ea11ee042955a3359f2b246947bb,a0a758e1acec5e8c1d447e3e9ee771b74b0365261c507f2efafa3d7c2c5fe1b6,,,,
532,red5,https://stackoverflow.com/questions/7901334,red5/red5-server/common/src/main/java/org/red5/server/ClientList.java,remove,52,65,7901334/7901334_2_recent.java,method,1,124,NOT_CLONE,,,,,,0.9231,0.0916,0.0864,0.0864,0.9231,,MEDIUM,No Type I/II containment or substantial ordered statement core was found.,NO,BALANCED_TOKEN_SEQUENCE,BALANCED_TOKEN_SEQUENCE,954ef6c8a15434dc2a94439b008bec4460e62ce489b482e99fc3044cc9e2a5cd,a9aad277dc12990c1bb58181039e0f5eaeb76da1990e1f50c75561f975f98e12,,,,
533,red5,https://stackoverflow.com/questions/7901334,red5/red5-server/common/src/main/java/org/red5/server/ClientList.java,removeReleased,90,96,7901334/7901334_2_recent.java,method,1,124,NOT_CLONE,,,,,,0.8571,0.0458,0.0457,0.0457,0.8571,,MEDIUM,No Type I/II containment or substantial ordered statement core was found.,NO,BALANCED_TOKEN_SEQUENCE,BALANCED_TOKEN_SEQUENCE,e1548dcad2faf3068d248255345c45d833d0fb3f638f96f65a2fb1e9227d6cb2,a9aad277dc12990c1bb58181039e0f5eaeb76da1990e1f50c75561f975f98e12,,,,
402,refactoringguru,https://stackoverflow.com/questions/9709606,refactoringguru/design-patterns-java/src/refactoring_guru/visitor/example/shapes/Rectangle.java,Rectangle,12,18,9709606/9709606_2_recent.java,method,1,19,CLONE,TYPE_3,13,18,12,18,0.8571,0.3333,0.3456,0.3759,0.8571,,MEDIUM,"A substantial ordered core of normalized statements was found with additions, deletions, or changes.",YES,BALANCED_TOKEN_SEQUENCE,BALANCED_TOKEN_SEQUENCE,c3476621cc056309c728132119786a25fc6339cbb2d3a54151f1ee5dc5ab5997,1a5084296fd7d236000720935f0f495186e9ee7e9b6cf8a831dec9abfdd2dab0,,,,
181,reneargento,https://stackoverflow.com/questions/46887834,reneargento/algorithms-sedgewick-wayne/src/chapter4/section2/Exercise55_StrongComponents.java,sleep,149,155,46887834/46887834_2_recent.java,method,1,14,CLONE,TYPE_3,150,155,6,13,0.8571,0.4000,0.3143,0.3333,0.8571,,MEDIUM,"A substantial ordered core of normalized statements was found with additions, deletions, or changes.",YES,BALANCED_TOKEN_SEQUENCE,BALANCED_TOKEN_SEQUENCE,7a40d8b2d549e7162fc846ae7bce60ed85a63fee092b5c2e2a4244667606bc6c,d7ee5c40913edec17a358574d33363cde48c6d9227acfc45aa8bbd7c3f27b22c,,,,
182,reneargento,https://stackoverflow.com/questions/46887834,reneargento/algorithms-sedgewick-wayne/src/chapter4/section1/Exercise50_ConnectedComponents.java,sleep,147,153,46887834/46887834_2_recent.java,method,1,14,CLONE,TYPE_3,148,153,6,13,0.8571,0.4000,0.3143,0.3333,0.8571,,MEDIUM,"A substantial ordered core of normalized statements was found with additions, deletions, or changes.",YES,BALANCED_TOKEN_SEQUENCE,BALANCED_TOKEN_SEQUENCE,7a40d8b2d549e7162fc846ae7bce60ed85a63fee092b5c2e2a4244667606bc6c,d7ee5c40913edec17a358574d33363cde48c6d9227acfc45aa8bbd7c3f27b22c,,,,
697,renrenio,https://stackoverflow.com/questions/41471859,renrenio/renren-security/renren-admin/src/main/java/io/renren/modules/security/password/BCryptPasswordEncoder.java,encode,51,66,41471859/41471859_4_135239059.java,method,1,15,CLONE,TYPE_1,52,66,1,15,0.9744,1.0000,0.9744,0.9744,1.0000,,HIGH,A complete fragment occurs verbatim after removing comments and layout.,NO,BALANCED_TOKEN_SEQUENCE,BALANCED_TOKEN_SEQUENCE,1cc6556804937c00d90b7c37c453e395ea5690614968132057cf5e2a5bb5d1e0,a4646713e7ae23e9018b56247f604bbd97a0518229959de975f79e394edcd6b7,CLONE,TYPE_1,,2026-07-31T07:45:35.734Z
551,repast,https://stackoverflow.com/questions/6236324,repast/repast.simphony/repast.simphony.gui/src/repast/simphony/ui/widget/MovieMaker.java,dataSinkUpdate,240,252,6236324/6236324_2_recent.java,method,1,521,NOT_CLONE,,,,,,1.0000,0.0452,0.0254,0.0254,1.0000,,MEDIUM,No Type I/II containment or substantial ordered statement core was found.,NO,BALANCED_TOKEN_SEQUENCE,TOKEN_FALLBACK,0529800b05f3b32d4b83efc8c0aebcae502efdb3103904c76e9d825baf86b6a8,8bd330a5c0fec90e76e15c2fbd6c6f1bff45921151b4a65ee07ffe3c8397d904,,,,
469,restlet,https://stackoverflow.com/questions/28943344,restlet/restlet-framework-java/modules/org.restlet.ext.gae/src/main/java/org/restlet/ext/gae/GaeAuthenticator.java,authenticate,101,126,28943344/28943344_6_85432010.java,method,1,30,CLONE,TYPE_3,101,126,1,30,1.0000,0.8333,0.8054,0.8054,1.0000,,MEDIUM,"A substantial ordered core of normalized statements was found with additions, deletions, or changes.",YES,BALANCED_TOKEN_SEQUENCE,BALANCED_TOKEN_SEQUENCE,3cff34befa2247a895c4f67e87915bace65b980b1ecc623b73d58b70c51c97f5,b0dce7d57803f47073cdca247772856ec55ef34cc971d3344732075c396172d6,,,,
416,ripmeapp,https://stackoverflow.com/questions/4429257,ripmeapp/ripme/src/main/java/com/rarchives/ripme/utils/UTF8Control.java,newBundle,15,45,4429257/4429257_2_9347476.java,newBundle,2,32,CLONE,TYPE_1,15,45,2,32,1.0000,1.0000,1.0000,1.0000,1.0000,,HIGH,A complete fragment occurs verbatim after removing comments and layout.,NO,BALANCED_TOKEN_SEQUENCE,BALANCED_TOKEN_SEQUENCE,cc423746b111ff7322f35352de202b1f7d39b90e3c0fb264a888cfaa77cb13ab,c219b187dd01b975e3a79d596f983c3128f58ccf761e0fdc7fa4f3adb7546fa2,CLONE,TYPE_1,,2026-07-31T07:45:39.666Z
581,robolectric,https://stackoverflow.com/questions/20274776,robolectric/robolectric/robolectric/src/test/java/org/robolectric/shadows/ShadowPausedLooperTest.java,run,571,577,20274776/20274776_2_recent.java,method,1,29,NOT_CLONE,,,,,,0.8571,0.2069,0.1565,0.1644,0.8571,,MEDIUM,No Type I/II containment or substantial ordered statement core was found.,NO,BALANCED_TOKEN_SEQUENCE,BALANCED_TOKEN_SEQUENCE,fdc71456211f8bb07bcb76c32004a88eec0e7b46556f6dd167d4befca03e8de0,6ba55751d71bed7221760a0b9460341fcff8b6245c82ecf56f57310458e27eb9,,,,
689,robotmedia,https://stackoverflow.com/questions/4305365,robotmedia/droid-comic-viewer/src/com/github/junrar/MVTest.java,main,18,55,4305365/4305365_2_recent.java,main,6,43,CLONE,TYPE_2,18,55,6,43,1.0000,1.0000,0.9907,1.0000,1.0000,,HIGH,A complete fragment has identical normalized syntax with consistent identifier mapping.,NO,BALANCED_TOKEN_SEQUENCE,BALANCED_TOKEN_SEQUENCE,b16765de01cea5021f8c9b01766f053df1064d0870c69c52ba07f5405077f257,ae91164e183f05a63ad5db5928243f09150df180e1ac587a5a27b4c19f3e525f,,,,
729,ronancpl,https://stackoverflow.com/questions/14676464,ronancpl/heavenms/tools/MapleCashDropFetcher/src/maplecashdropfetcher/MapleCashDropFetcher.java,listFiles,224,236,14676464/14676464_2_recent.java,method,1,15,CLONE,TYPE_3,225,236,2,14,0.8333,0.7692,0.8316,0.8913,0.8333,,MEDIUM,"A substantial ordered core of normalized statements was found with additions, deletions, or changes.",YES,BALANCED_TOKEN_SEQUENCE,TOKEN_FALLBACK,c6bc2a493698fcf448fd7e1bbcde46a25ae2b426c6cddb1cb97f042ebd1fe4d7,a238d91856fd9ff5856afef1a10724fc97d14a06e3ebbb6bd3603f6a21eef9c8,,,,
730,ronancpl,https://stackoverflow.com/questions/14676464,ronancpl/heavenms/tools/MapleMapFieldLimitChecker/src/maplemapfieldlimitchecker/MapleMapFieldLimitChecker.java,listFiles,108,120,14676464/14676464_2_recent.java,method,1,15,CLONE,TYPE_3,109,120,2,14,0.8333,0.7692,0.8316,0.8913,0.8333,,MEDIUM,"A substantial ordered core of normalized statements was found with additions, deletions, or changes.",YES,BALANCED_TOKEN_SEQUENCE,TOKEN_FALLBACK,c6bc2a493698fcf448fd7e1bbcde46a25ae2b426c6cddb1cb97f042ebd1fe4d7,a238d91856fd9ff5856afef1a10724fc97d14a06e3ebbb6bd3603f6a21eef9c8,,,,
731,ronancpl,https://stackoverflow.com/questions/14676464,ronancpl/heavenms/tools/MapleIdRetriever/src/mapleidretriever/MapleIdRetriever.java,listFiles,70,82,14676464/14676464_2_recent.java,method,1,15,CLONE,TYPE_3,71,82,2,14,0.8333,0.7692,0.8316,0.8913,0.8333,,MEDIUM,"A substantial ordered core of normalized statements was found with additions, deletions, or changes.",YES,BALANCED_TOKEN_SEQUENCE,TOKEN_FALLBACK,fbabff605ad9c4e53708a2463a3dcae45ca6bff470d6a2c46380829d5cac9fc0,a238d91856fd9ff5856afef1a10724fc97d14a06e3ebbb6bd3603f6a21eef9c8,,,,
732,ronancpl,https://stackoverflow.com/questions/14676464,ronancpl/heavenms/tools/MapleCashCosmeticsChecker/src/maplecashcosmeticschecker/MapleCashCosmeticsChecker.java,listFiles,199,211,14676464/14676464_2_recent.java,method,1,15,CLONE,TYPE_3,200,211,2,14,0.8333,0.7692,0.8316,0.8913,0.8333,,MEDIUM,"A substantial ordered core of normalized statements was found with additions, deletions, or changes.",YES,BALANCED_TOKEN_SEQUENCE,TOKEN_FALLBACK,c6bc2a493698fcf448fd7e1bbcde46a25ae2b426c6cddb1cb97f042ebd1fe4d7,a238d91856fd9ff5856afef1a10724fc97d14a06e3ebbb6bd3603f6a21eef9c8,,,,
733,ronancpl,https://stackoverflow.com/questions/14676464,ronancpl/heavenms/tools/MapleEmptyItemWzChecker/src/mapleemptyitemwzchecker/MapleEmptyItemWzChecker.java,listFiles,108,120,14676464/14676464_2_recent.java,method,1,15,CLONE,TYPE_3,109,120,2,14,0.8333,0.7692,0.8316,0.8913,0.8333,,MEDIUM,"A substantial ordered core of normalized statements was found with additions, deletions, or changes.",YES,BALANCED_TOKEN_SEQUENCE,TOKEN_FALLBACK,c6bc2a493698fcf448fd7e1bbcde46a25ae2b426c6cddb1cb97f042ebd1fe4d7,a238d91856fd9ff5856afef1a10724fc97d14a06e3ebbb6bd3603f6a21eef9c8,,,,
734,ronancpl,https://stackoverflow.com/questions/14676464,ronancpl/heavenms/tools/MapleCashCosmeticsFetcher/src/maplecashcosmeticsfetcher/MapleCashCosmeticsFetcher.java,listFiles,56,68,14676464/14676464_2_recent.java,method,1,15,CLONE,TYPE_3,57,68,2,14,0.8333,0.7692,0.8316,0.8913,0.8333,,MEDIUM,"A substantial ordered core of normalized statements was found with additions, deletions, or changes.",YES,BALANCED_TOKEN_SEQUENCE,TOKEN_FALLBACK,c6bc2a493698fcf448fd7e1bbcde46a25ae2b426c6cddb1cb97f042ebd1fe4d7,a238d91856fd9ff5856afef1a10724fc97d14a06e3ebbb6bd3603f6a21eef9c8,,,,
735,ronancpl,https://stackoverflow.com/questions/32855556,ronancpl/heavenms/src/net/server/handlers/login/LoginPasswordHandler.java,disposeSql,166,178,32855556/32855556_4_100737457.java,method,1,12,CLONE,TYPE_3,167,178,2,12,0.8462,0.6875,0.8000,0.8571,0.8462,,MEDIUM,"A substantial ordered core of normalized statements was found with additions, deletions, or changes.",YES,BALANCED_TOKEN_SEQUENCE,BALANCED_TOKEN_SEQUENCE,9c4f794a40c0b2fc8ba2762693f4df7f0c0cad19cae284aca82a2beffec27804,d38d855bb2dd2c500f587c08e1509c4aa6cb3dff0eea86430df2ac4a8e55fe17,,,,
736,ronancpl,https://stackoverflow.com/questions/14676464,ronancpl/heavenms/src/server/MapleSkillbookInformationProvider.java,listFiles,192,204,14676464/14676464_2_recent.java,method,1,15,CLONE,TYPE_3,193,204,2,14,0.8333,0.7692,0.8316,0.8913,0.8333,,MEDIUM,"A substantial ordered core of normalized statements was found with additions, deletions, or changes.",YES,BALANCED_TOKEN_SEQUENCE,TOKEN_FALLBACK,c6bc2a493698fcf448fd7e1bbcde46a25ae2b426c6cddb1cb97f042ebd1fe4d7,a238d91856fd9ff5856afef1a10724fc97d14a06e3ebbb6bd3603f6a21eef9c8,,,,
42,rosemoe,https://stackoverflow.com/questions/35094888,rosemoe/codeeditor/editor-lsp/src/main/java/io/github/rosemoe/sora/lsp/client/connection/SocketStreamConnectionProvider.java,close,75,82,35094888/35094888_2_recent.java,method,1,61,CLONE,TYPE_3,77,82,50,61,0.8750,0.1061,0.0929,0.0965,0.8750,,MEDIUM,"A substantial ordered core of normalized statements was found with additions, deletions, or changes.",YES,BALANCED_TOKEN_SEQUENCE,TOKEN_FALLBACK,6681181d38831280f5eb23778f97b8e3882a2e1eb6b47231b9e89b5626a278d5,b8476515be63d66c862387d4f1b7ea348a1f25f7782854fdcdc67cd838f5633a,,,,
218,rptools,https://stackoverflow.com/questions/32650814,rptools/maptool/src/main/java/net/rptools/maptool/util/ExtractImagesFromPDF.java,close,143,151,32650814/32650814_2_recent.java,method,1,197,CLONE,TYPE_3,144,151,189,197,0.9000,0.0520,0.0277,0.0277,0.9000,,MEDIUM,"A substantial ordered core of normalized statements was found with additions, deletions, or changes.",YES,BALANCED_TOKEN_SEQUENCE,BALANCED_TOKEN_SEQUENCE,d6f7a1b95d1d8c71988b911e9e098de422d3b5920f5cdcc040af39fc0e603f36,0c5b80c3796d60e7fa9693bbdf656d8d4c972922cf64e93f587a48d81b42e97e,,,,
219,rptools,https://stackoverflow.com/questions/62722315,rptools/maptool/src/main/java/net/rptools/maptool/client/ui/token/dialog/edit/EditTokenDialog.java,keyPressed,1583,1589,62722315/62722315_2_recent.java,method,1,292,NOT_CLONE,,,,,,0.8333,0.0179,0.0162,0.0172,0.8333,,MEDIUM,No Type I/II containment or substantial ordered statement core was found.,NO,BALANCED_TOKEN_SEQUENCE,BALANCED_TOKEN_SEQUENCE,9e6fe7042e82960b8542c250072d982271849569c5fd37e81eabf4824dc8c18d,e2ac616925ea8d4ae04ebf349fe282d7c2023af94144d869fbdfe818423a4356,,,,
220,rptools,https://stackoverflow.com/questions/62722315,rptools/maptool/src/main/java/net/rptools/maptool/client/ui/token/dialog/edit/EditTokenDialog.java,keyPressed,1617,1623,62722315/62722315_2_recent.java,method,1,292,NOT_CLONE,,,,,,0.8333,0.0179,0.0162,0.0172,0.8333,,MEDIUM,No Type I/II containment or substantial ordered statement core was found.,NO,BALANCED_TOKEN_SEQUENCE,BALANCED_TOKEN_SEQUENCE,cd12c8bc1e99f69d43a15d78b0028cc90215381600f9c25bd20aba9b87fbfe48,e2ac616925ea8d4ae04ebf349fe282d7c2023af94144d869fbdfe818423a4356,,,,
672,rstudio,https://stackoverflow.com/questions/9709606,rstudio/rstudio/src/gwt/src/org/rstudio/core/client/Rectangle.java,Rectangle,19,25,9709606/9709606_2_recent.java,method,1,19,CLONE,TYPE_3,19,25,8,18,1.0000,0.3333,0.3083,0.3083,1.0000,,MEDIUM,"A substantial ordered core of normalized statements was found with additions, deletions, or changes.",YES,BALANCED_TOKEN_SEQUENCE,BALANCED_TOKEN_SEQUENCE,f7898886eaf591bf39f089af983c504a31856b09355207353c12353c5fbda617,1a5084296fd7d236000720935f0f495186e9ee7e9b6cf8a831dec9abfdd2dab0,,,,
95,rubenlagus,https://stackoverflow.com/questions/4429257,rubenlagus/telegrambotsexample/src/main/java/org/telegram/services/LocalisationService.java,newBundle,184,211,4429257/4429257_2_9347476.java,newBundle,2,32,CLONE,TYPE_3,184,211,2,32,0.9286,0.9286,0.9756,0.9756,0.9286,,MEDIUM,"A substantial ordered core of normalized statements was found with additions, deletions, or changes.",YES,BALANCED_TOKEN_SEQUENCE,BALANCED_TOKEN_SEQUENCE,f351a7b6a480fe85f0f06d4365171ff244371c4be69d104e4ab9f285932d9541,c219b187dd01b975e3a79d596f983c3128f58ccf761e0fdc7fa4f3adb7546fa2,,,,
31,rythmengine,https://stackoverflow.com/questions/4429257,rythmengine/rythmengine/src/main/java/org/rythmengine/conf/RythmConfiguration.java,newBundle,581,609,4429257/4429257_2_9347476.java,newBundle,2,32,CLONE,TYPE_3,584,609,7,32,0.9286,0.9286,0.9758,0.9758,0.9286,,MEDIUM,"A substantial ordered core of normalized statements was found with additions, deletions, or changes.",YES,BALANCED_TOKEN_SEQUENCE,BALANCED_TOKEN_SEQUENCE,7ac1810d4569fbef24a33c2b7a290fbce45cb91e88411b499a1faae3a25425aa,c219b187dd01b975e3a79d596f983c3128f58ccf761e0fdc7fa4f3adb7546fa2,,,,
105,safetysystemtechnology,https://stackoverflow.com/questions/28039909,safetysystemtechnology/location-tracker-background/location-tracker-background/src/main/java/br/com/safety/locationlistenerhelper/core/LocationService.java,buildGoogleApiClient,81,89,28039909/28039909_2_recent.java,method,1,13,UNCERTAIN,,,,,,1.0000,0.5000,0.5915,0.6143,1.0000,,LOW,Similarity is suggestive but does not satisfy the conservative Type III rule.,YES,BALANCED_TOKEN_SEQUENCE,BALANCED_TOKEN_SEQUENCE,94f55edd037fb97ca060b28ceb1323e6af0e3847137683c057856d891e867fd0,0aff9da6263a754c6a37faa135d67dc88613f7e7ae2d24b9ebadf2b7e10026e7,,,,
498,samczsun,https://stackoverflow.com/questions/54298032,samczsun/skype4j/src/main/java/com/samczsun/skype4j/internal/Utils.java,copy,157,169,54298032/54298032_2_recent.java,copy,58,72,CLONE,TYPE_3,159,169,61,72,0.8462,0.7857,0.7475,0.7653,0.8462,,MEDIUM,"A substantial ordered core of normalized statements was found with additions, deletions, or changes.",YES,BALANCED_TOKEN_SEQUENCE,BALANCED_TOKEN_SEQUENCE,d301fa6327022c5efe374b3b6e710f1bebe1ab60f775d20b65d42199df1b50a5,0a5f84bd99cab8242b347ba1ca13e07d1364ea59b57d81087bfaf519b17497f6,,,,
97,scada-lts,https://stackoverflow.com/questions/9293885,scada-lts/scada-lts/src/br/org/scadabr/db/configuration/ConfigurationDB.java,copy,14,25,9293885/9293885_2_recent.java,method,1,18,CLONE,TYPE_3,14,25,1,18,1.0000,0.5789,0.8600,0.8788,1.0000,,MEDIUM,"A substantial ordered core of normalized statements was found with additions, deletions, or changes.",YES,BALANCED_TOKEN_SEQUENCE,BALANCED_TOKEN_SEQUENCE,a8ed5308bc00e0b28b5924d2f3d27a65e59d11131ed1261f585f6669c57d1ec2,2a7bfcda094a8dd312bb8740fe545d7bdce7f2ed7470f4dafaef302a58f8d157,,,,
89,sci2sugr,https://stackoverflow.com/questions/12738229,sci2sugr/keel/src/keel/Algorithms/UnsupervisedLearning/AssociationRules/Visualization/keelassotiationrulesbarchart/ResultsProccessor.java,sortByValues,399,417,12738229/12738229_2_30063703.java,sortByValue,5,21,CLONE,TYPE_3,400,417,6,21,0.8824,0.8824,0.8372,0.9152,0.8824,,MEDIUM,"A substantial ordered core of normalized statements was found with additions, deletions, or changes.",YES,BALANCED_TOKEN_SEQUENCE,BALANCED_TOKEN_SEQUENCE,da041b947e781c6a14d8c0ac02c8f97030e4b0b474bdcbb83408aac8212ad1b8,6eb7fa30fd9ae7582c1ab241a3dd5d0b6926e5fb5f1b424636721212d5b17a0c,,,,
90,sci2sugr,https://stackoverflow.com/questions/12738229,sci2sugr/keel/src/keel/Algorithms/UnsupervisedLearning/AssociationRules/Visualization/KeelToPMML/KeelToPMMLProcessor.java,sortByValues,464,482,12738229/12738229_2_30063703.java,sortByValue,5,21,CLONE,TYPE_3,465,482,6,21,0.8824,0.8824,0.8372,0.9152,0.8824,,MEDIUM,"A substantial ordered core of normalized statements was found with additions, deletions, or changes.",YES,BALANCED_TOKEN_SEQUENCE,BALANCED_TOKEN_SEQUENCE,da041b947e781c6a14d8c0ac02c8f97030e4b0b474bdcbb83408aac8212ad1b8,6eb7fa30fd9ae7582c1ab241a3dd5d0b6926e5fb5f1b424636721212d5b17a0c,,,,
91,sci2sugr,https://stackoverflow.com/questions/12738229,sci2sugr/keel/src/keel/Algorithms/UnsupervisedLearning/AssociationRules/Visualization/KeelToPMML/KeelToPMMLFuzzyProcessor.java,sortByValues,543,561,12738229/12738229_2_30063703.java,sortByValue,5,21,CLONE,TYPE_3,544,561,6,21,0.8824,0.8824,0.8372,0.9152,0.8824,,MEDIUM,"A substantial ordered core of normalized statements was found with additions, deletions, or changes.",YES,BALANCED_TOKEN_SEQUENCE,BALANCED_TOKEN_SEQUENCE,da041b947e781c6a14d8c0ac02c8f97030e4b0b474bdcbb83408aac8212ad1b8,6eb7fa30fd9ae7582c1ab241a3dd5d0b6926e5fb5f1b424636721212d5b17a0c,,,,
92,sci2sugr,https://stackoverflow.com/questions/12738229,sci2sugr/keel/src/keel/Algorithms/UnsupervisedLearning/AssociationRules/Visualization/keellatextables/ResultsProccessor.java,sortByValues,374,392,12738229/12738229_2_30063703.java,sortByValue,5,21,CLONE,TYPE_3,375,392,6,21,0.8824,0.8824,0.8372,0.9152,0.8824,,MEDIUM,"A substantial ordered core of normalized statements was found with additions, deletions, or changes.",YES,BALANCED_TOKEN_SEQUENCE,BALANCED_TOKEN_SEQUENCE,da041b947e781c6a14d8c0ac02c8f97030e4b0b474bdcbb83408aac8212ad1b8,6eb7fa30fd9ae7582c1ab241a3dd5d0b6926e5fb5f1b424636721212d5b17a0c,,,,
124,seleniumhq,https://stackoverflow.com/questions/36004572,seleniumhq/selenium/java/src/org/openqa/selenium/support/pagefactory/DefaultFieldDecorator.java,decorate,50,69,36004572/36004572_4_recent.java,method,1,24,CLONE,TYPE_3,50,69,1,24,0.9444,0.8095,0.6857,0.6857,0.9444,,MEDIUM,"A substantial ordered core of normalized statements was found with additions, deletions, or changes.",YES,BALANCED_TOKEN_SEQUENCE,BALANCED_TOKEN_SEQUENCE,460ed48f6bdaa1ccfd7a27a63b79cdc6ae4be7807478b9b8c612e0eb3e12cbe0,4058d89a5b30fd153998a09e6175976f1a5d251e0df39bdfaa3a87b648c65d31,,,,
125,seleniumhq,https://stackoverflow.com/questions/57997601,seleniumhq/selenium/java/src/org/openqa/selenium/firefox/AddHasExtensions.java,visitFile,106,112,57997601/57997601_2_recent.java,method,1,22,CLONE,TYPE_3,108,112,6,13,0.8333,0.3571,0.2961,0.3107,0.8333,,MEDIUM,"A substantial ordered core of normalized statements was found with additions, deletions, or changes.",YES,BALANCED_TOKEN_SEQUENCE,BALANCED_TOKEN_SEQUENCE,a655b234633bb5df9f663ed7dfc3d12363a127e5a589e4e96ca263c23a9a6943,6ba8c8e8a60ee070eb2b4fc18a0d331a0fe907a54834664759a06b42f67b85dc,,,,
348,sendowlorganization,https://stackoverflow.com/questions/59430454,sendowlorganization/sendowl/src/main/java/com/example/sendowl/config/OpenApiConfig.java,customOpenAPI,14,20,59430454/59430454_2_recent.java,method,1,72,NOT_CLONE,,,,,,0.6667,0.2857,0.2684,0.2751,0.6667,,MEDIUM,No Type I/II containment or substantial ordered statement core was found.,NO,BALANCED_TOKEN_SEQUENCE,TOKEN_FALLBACK,06b55813268cd345258c626f8a862a4ab9511e1fb1378e9718b388f5d1369e36,5bf05911f08eeedfa9841d8f696d35941494081748e1fe40755ab52c6945c0bf,,,,
213,sepinf-inc,https://stackoverflow.com/questions/4429257,sepinf-inc/iped/iped-api/src/main/java/iped/localization/Messages.java,newBundle,55,84,4429257/4429257_2_9347476.java,newBundle,2,32,CLONE,TYPE_3,59,84,7,32,0.9286,0.9286,0.9641,0.9641,0.9286,,MEDIUM,"A substantial ordered core of normalized statements was found with additions, deletions, or changes.",YES,BALANCED_TOKEN_SEQUENCE,BALANCED_TOKEN_SEQUENCE,55c8b5a60f47b81f76ea1b1cb7da2262ea3730e429bc5dbfedd508deef973f65,c219b187dd01b975e3a79d596f983c3128f58ccf761e0fdc7fa4f3adb7546fa2,,,,
247,sergueik,https://stackoverflow.com/questions/32164598,sergueik/selenium_java/swet_javafx/src/main/java/com/github/sergueik/swet_javafx/TableViewExtendedEx.java,startEdit,318,327,32164598/32164598_8_recent.java,method,1,15,CLONE,TYPE_2,318,327,1,15,1.0000,1.0000,0.9556,1.0000,1.0000,,HIGH,A complete fragment has identical normalized syntax with consistent identifier mapping.,NO,BALANCED_TOKEN_SEQUENCE,BALANCED_TOKEN_SEQUENCE,e6940fa6beb3d9b515a06805583ab2779f94dda75c3bf9c1feffc34cdecad09f,af2f3b2d3535b9b160b6fb5541de8eba1cdece49d577bc7ea9c189213e33d9e1,,,,
700,ses-fortiss,https://stackoverflow.com/questions/59664498,ses-fortiss/smartgridcosimulation/examples/extendedExamples/src/main/java/smartMeterExample/M2MDisplay.java,run,25,31,59664498/59664498_2_recent.java,method,1,68,CLONE,TYPE_3,26,31,59,67,0.8750,0.1321,0.0735,0.0763,0.8750,,MEDIUM,"A substantial ordered core of normalized statements was found with additions, deletions, or changes.",YES,BALANCED_TOKEN_SEQUENCE,BALANCED_TOKEN_SEQUENCE,fdac10c28678458cdc96787ad0dcfaafa469728e9e434621924776c758b0aed5,d189ac23b570433f4a4be0e0e8d05bd0c002cd4470213fac1b803667eb5b5698,,,,
701,ses-fortiss,https://stackoverflow.com/questions/59664498,ses-fortiss/smartgridcosimulation/examples/memap/src/main/java/memap/external/M2MDisplay.java,run,25,31,59664498/59664498_2_recent.java,method,1,68,CLONE,TYPE_3,26,31,59,67,0.8750,0.1321,0.0735,0.0763,0.8750,,MEDIUM,"A substantial ordered core of normalized statements was found with additions, deletions, or changes.",YES,BALANCED_TOKEN_SEQUENCE,BALANCED_TOKEN_SEQUENCE,00ffd7050c3f9edbb197ccc7b73d5f9bef8e02da450bb4e817d81da3ea0c3677,d189ac23b570433f4a4be0e0e8d05bd0c002cd4470213fac1b803667eb5b5698,,,,
702,ses-fortiss,https://stackoverflow.com/questions/59664498,ses-fortiss/smartgridcosimulation/examples/exampleMemapScenario/src/main/java/exampleScenario/external/M2MDisplay.java,run,25,31,59664498/59664498_2_recent.java,method,1,68,CLONE,TYPE_3,26,31,59,67,0.8750,0.1321,0.0735,0.0763,0.8750,,MEDIUM,"A substantial ordered core of normalized statements was found with additions, deletions, or changes.",YES,BALANCED_TOKEN_SEQUENCE,BALANCED_TOKEN_SEQUENCE,fdac10c28678458cdc96787ad0dcfaafa469728e9e434621924776c758b0aed5,d189ac23b570433f4a4be0e0e8d05bd0c002cd4470213fac1b803667eb5b5698,,,,
703,ses-fortiss,https://stackoverflow.com/questions/59664498,ses-fortiss/smartgridcosimulation/examples/exampleMemapScenario/src/main/java/exampleScenario/external/M2MDisplay.java,stop,37,43,59664498/59664498_2_recent.java,method,1,68,CLONE,TYPE_3,38,43,59,67,0.8750,0.1321,0.0735,0.0763,0.8750,,MEDIUM,"A substantial ordered core of normalized statements was found with additions, deletions, or changes.",YES,BALANCED_TOKEN_SEQUENCE,BALANCED_TOKEN_SEQUENCE,e5c1fe2564603a601165d1c85235c6570c3c795d52a3e8d102e8aecf5413bec1,d189ac23b570433f4a4be0e0e8d05bd0c002cd4470213fac1b803667eb5b5698,,,,
704,ses-fortiss,https://stackoverflow.com/questions/59664498,ses-fortiss/smartgridcosimulation/projects/memapCore/src/main/java/memap/external/M2MDisplay.java,run,25,31,59664498/59664498_2_recent.java,method,1,68,CLONE,TYPE_3,26,31,59,67,0.8750,0.1321,0.0735,0.0763,0.8750,,MEDIUM,"A substantial ordered core of normalized statements was found with additions, deletions, or changes.",YES,BALANCED_TOKEN_SEQUENCE,BALANCED_TOKEN_SEQUENCE,fdac10c28678458cdc96787ad0dcfaafa469728e9e434621924776c758b0aed5,d189ac23b570433f4a4be0e0e8d05bd0c002cd4470213fac1b803667eb5b5698,,,,
705,ses-fortiss,https://stackoverflow.com/questions/59664498,ses-fortiss/smartgridcosimulation/projects/previousProjects/memapLinProgDenisThesisArchive/src/main/java/linprogMPC/external/M2MDisplay.java,run,25,31,59664498/59664498_2_recent.java,method,1,68,CLONE,TYPE_3,26,31,59,67,0.8750,0.1321,0.0735,0.0763,0.8750,,MEDIUM,"A substantial ordered core of normalized statements was found with additions, deletions, or changes.",YES,BALANCED_TOKEN_SEQUENCE,BALANCED_TOKEN_SEQUENCE,fdac10c28678458cdc96787ad0dcfaafa469728e9e434621924776c758b0aed5,d189ac23b570433f4a4be0e0e8d05bd0c002cd4470213fac1b803667eb5b5698,,,,
706,ses-fortiss,https://stackoverflow.com/questions/59664498,ses-fortiss/smartgridcosimulation/projects/previousProjects/memapLinProgDenisPlayground/src/main/java/linprogMPC/external/M2MDisplay.java,run,25,31,59664498/59664498_2_recent.java,method,1,68,CLONE,TYPE_3,26,31,59,67,0.8750,0.1321,0.0735,0.0763,0.8750,,MEDIUM,"A substantial ordered core of normalized statements was found with additions, deletions, or changes.",YES,BALANCED_TOKEN_SEQUENCE,BALANCED_TOKEN_SEQUENCE,fdac10c28678458cdc96787ad0dcfaafa469728e9e434621924776c758b0aed5,d189ac23b570433f4a4be0e0e8d05bd0c002cd4470213fac1b803667eb5b5698,,,,
707,ses-fortiss,https://stackoverflow.com/questions/59664498,ses-fortiss/smartgridcosimulation/projects/previousProjects/memapLinProgHDN/src/main/java/linprogMPC/external/M2MDisplay.java,run,25,31,59664498/59664498_2_recent.java,method,1,68,CLONE,TYPE_3,26,31,59,67,0.8750,0.1321,0.0735,0.0763,0.8750,,MEDIUM,"A substantial ordered core of normalized statements was found with additions, deletions, or changes.",YES,BALANCED_TOKEN_SEQUENCE,BALANCED_TOKEN_SEQUENCE,fdac10c28678458cdc96787ad0dcfaafa469728e9e434621924776c758b0aed5,d189ac23b570433f4a4be0e0e8d05bd0c002cd4470213fac1b803667eb5b5698,,,,
708,ses-fortiss,https://stackoverflow.com/questions/59664498,ses-fortiss/smartgridcosimulation/projects/previousProjects/memapLinProgDenisThesis_2Houses/src/main/java/linprogMPC/external/M2MDisplay.java,run,25,31,59664498/59664498_2_recent.java,method,1,68,CLONE,TYPE_3,26,31,59,67,0.8750,0.1321,0.0735,0.0763,0.8750,,MEDIUM,"A substantial ordered core of normalized statements was found with additions, deletions, or changes.",YES,BALANCED_TOKEN_SEQUENCE,BALANCED_TOKEN_SEQUENCE,fdac10c28678458cdc96787ad0dcfaafa469728e9e434621924776c758b0aed5,d189ac23b570433f4a4be0e0e8d05bd0c002cd4470213fac1b803667eb5b5698,,,,
709,ses-fortiss,https://stackoverflow.com/questions/59664498,ses-fortiss/smartgridcosimulation/projects/previousProjects/memapLinProgDenisThesis/src/main/java/linprogMPC/external/M2MDisplay.java,run,25,31,59664498/59664498_2_recent.java,method,1,68,CLONE,TYPE_3,26,31,59,67,0.8750,0.1321,0.0735,0.0763,0.8750,,MEDIUM,"A substantial ordered core of normalized statements was found with additions, deletions, or changes.",YES,BALANCED_TOKEN_SEQUENCE,BALANCED_TOKEN_SEQUENCE,fdac10c28678458cdc96787ad0dcfaafa469728e9e434621924776c758b0aed5,d189ac23b570433f4a4be0e0e8d05bd0c002cd4470213fac1b803667eb5b5698,,,,
635,sevenex,https://stackoverflow.com/questions/58370217,sevenex/bitrade-parent/exchange/src/main/java/cn/ztuo/bitrade/config/CorsConfig.java,corsFilter,12,22,58370217/58370217_2_recent.java,method,1,45,NOT_CLONE,,,,,,0.9000,0.2500,0.2482,0.2482,0.9000,,MEDIUM,No Type I/II containment or substantial ordered statement core was found.,NO,BALANCED_TOKEN_SEQUENCE,BALANCED_TOKEN_SEQUENCE,36eaf7ac74231b287f8b905cb9ad2e2c7cc48f06fd6881b78ab498dd20ea6ac8,e5d1a9afc2e2c93478994f4bf08bfa6d0f75d4850cc19d2718ea81477a23b239,,,,
636,sevenex,https://stackoverflow.com/questions/58370217,sevenex/bitrade-parent/open-api/src/main/java/cn/ztuo/bitrade/config/ApplicationConfig.java,corsFilter,22,32,58370217/58370217_2_recent.java,method,1,45,NOT_CLONE,,,,,,0.9000,0.2500,0.2482,0.2482,0.9000,,MEDIUM,No Type I/II containment or substantial ordered statement core was found.,NO,BALANCED_TOKEN_SEQUENCE,BALANCED_TOKEN_SEQUENCE,1aadc1921acf606910b5a5ebceac335860bb0c296787ecf4970cd19b1d5f13fd,e5d1a9afc2e2c93478994f4bf08bfa6d0f75d4850cc19d2718ea81477a23b239,,,,
637,sevenex,https://stackoverflow.com/questions/58370217,sevenex/bitrade-parent/market/src/main/java/cn/ztuo/bitrade/config/ContextConfig.java,corsFilter,12,22,58370217/58370217_2_recent.java,method,1,45,NOT_CLONE,,,,,,0.9000,0.2500,0.2482,0.2482,0.9000,,MEDIUM,No Type I/II containment or substantial ordered statement core was found.,NO,BALANCED_TOKEN_SEQUENCE,BALANCED_TOKEN_SEQUENCE,36eaf7ac74231b287f8b905cb9ad2e2c7cc48f06fd6881b78ab498dd20ea6ac8,e5d1a9afc2e2c93478994f4bf08bfa6d0f75d4850cc19d2718ea81477a23b239,,,,
638,sevenex,https://stackoverflow.com/questions/58370217,sevenex/bitrade-parent/ucenter-api/src/main/java/cn/ztuo/bitrade/config/ApplicationConfig.java,corsFilter,69,80,58370217/58370217_2_recent.java,method,1,45,NOT_CLONE,,,,,,0.9091,0.2778,0.2598,0.2734,0.9091,,MEDIUM,No Type I/II containment or substantial ordered statement core was found.,NO,BALANCED_TOKEN_SEQUENCE,BALANCED_TOKEN_SEQUENCE,e9190ee6225111cee510c1222c82c112eff39c4dde4f25ab3012eaff9efb703d,e5d1a9afc2e2c93478994f4bf08bfa6d0f75d4850cc19d2718ea81477a23b239,,,,
639,sevenex,https://stackoverflow.com/questions/58370217,sevenex/bitrade-parent/otc-api/src/main/java/cn/ztuo/bitrade/config/ApplicationConfig.java,corsFilter,23,33,58370217/58370217_2_recent.java,method,1,45,NOT_CLONE,,,,,,0.9000,0.2500,0.2482,0.2482,0.9000,,MEDIUM,No Type I/II containment or substantial ordered statement core was found.,NO,BALANCED_TOKEN_SEQUENCE,BALANCED_TOKEN_SEQUENCE,1aadc1921acf606910b5a5ebceac335860bb0c296787ecf4970cd19b1d5f13fd,e5d1a9afc2e2c93478994f4bf08bfa6d0f75d4850cc19d2718ea81477a23b239,,,,
640,sevenex,https://stackoverflow.com/questions/58370217,sevenex/bitrade-parent/admin/src/main/java/cn/ztuo/bitrade/config/ApplicationConfig.java,corsFilter,38,48,58370217/58370217_2_recent.java,method,1,45,NOT_CLONE,,,,,,0.9000,0.2500,0.2482,0.2482,0.9000,,MEDIUM,No Type I/II containment or substantial ordered statement core was found.,NO,BALANCED_TOKEN_SEQUENCE,BALANCED_TOKEN_SEQUENCE,1aadc1921acf606910b5a5ebceac335860bb0c296787ecf4970cd19b1d5f13fd,e5d1a9afc2e2c93478994f4bf08bfa6d0f75d4850cc19d2718ea81477a23b239,,,,
641,sevenex,https://stackoverflow.com/questions/58370217,sevenex/bitrade-parent/exchange-api/src/main/java/cn/ztuo/bitrade/config/ApplicationConfig.java,corsFilter,20,30,58370217/58370217_2_recent.java,method,1,45,NOT_CLONE,,,,,,0.9000,0.2500,0.2482,0.2482,0.9000,,MEDIUM,No Type I/II containment or substantial ordered statement core was found.,NO,BALANCED_TOKEN_SEQUENCE,BALANCED_TOKEN_SEQUENCE,1aadc1921acf606910b5a5ebceac335860bb0c296787ecf4970cd19b1d5f13fd,e5d1a9afc2e2c93478994f4bf08bfa6d0f75d4850cc19d2718ea81477a23b239,,,,
507,sfplayer1,https://stackoverflow.com/questions/2699270,sfplayer1/matcher/src/matcher/Util.java,closeSilently,128,136,2699270/2699270_2_recent.java,method,1,18,CLONE,TYPE_3,128,136,11,18,1.0000,0.4444,0.3976,0.4146,1.0000,,MEDIUM,"A substantial ordered core of normalized statements was found with additions, deletions, or changes.",YES,BALANCED_TOKEN_SEQUENCE,TOKEN_FALLBACK,f02a77b3c456c8f1c8ba66352236632aa0ffaa283123abe36719498049fa81c8,9c573156702f76308f6ff8b107ba9999d818ff5649980a7575e81dfc80d03364,,,,
352,sharispe,https://stackoverflow.com/questions/453067,sharispe/slib/slib-dsm/src/main/java/com/github/sharispe/slib/dsm/utils/Utils.java,countLines,332,351,453067/453067_2_recent.java,method,1,20,CLONE,TYPE_2,332,351,1,20,1.0000,1.0000,0.9695,1.0000,1.0000,,HIGH,A complete fragment has identical normalized syntax with consistent identifier mapping.,NO,BALANCED_TOKEN_SEQUENCE,BALANCED_TOKEN_SEQUENCE,fb023adf7f540c15dae5999e01bbfa8db8200ffa14a3b6e180157404d48ffc29,50adf61ebdca4f0974f96d3657ce7cc2318aba152f1e396352f03c105a987f42,,,,
106,shevchik,https://stackoverflow.com/questions/54298032,shevchik/autosaveworld/src/autosaveworld/zlibs/com/google/api/client/util/ByteStreams.java,copy,45,59,54298032/54298032_2_190009745.java,copy,52,65,CLONE,TYPE_3,48,59,54,65,0.8000,0.9231,0.8043,0.8242,0.9231,,MEDIUM,"A substantial ordered core of normalized statements was found with additions, deletions, or changes.",YES,BALANCED_TOKEN_SEQUENCE,BALANCED_TOKEN_SEQUENCE,eb92902e1d20ecf0264a69572d3e0cb0f90e38280612ea872626afdab6ab92cc,08521e65a5ecc5c79e8dc6c719bce0b7bb1b7d79088b73dae9cc009eefa5decc,,,,
351,shradha-khapra,https://stackoverflow.com/questions/46193578,shradha-khapra/apnacollege-alpha/10_Backtracking/Classroom.java,printSudoku,62,69,46193578/46193578_2_recent.java,method,1,62,NOT_CLONE,,,,,,0.9167,0.1507,0.1272,0.1272,0.9167,,MEDIUM,No Type I/II containment or substantial ordered statement core was found.,NO,BALANCED_TOKEN_SEQUENCE,BALANCED_TOKEN_SEQUENCE,a116de63659b61873da0c9e0d8ea8e8a612da2fb70cebb2d5dd2fd279a8fbe33,349fa3afd13d8abc646d4c730a8154d13a98bce8625468c0c931962e1a45a990,,,,
174,shulietech,https://stackoverflow.com/questions/54298032,shulietech/linkagent/instrument-modules/user-modules/module-pradar-register/src/main/java/com/shulie/instrument/module/register/zk/impl/ZipCompressionProvider.java,copy,73,85,54298032/54298032_2_recent.java,copy,58,72,CLONE,TYPE_3,75,85,61,72,0.8462,0.7857,0.7273,0.7449,0.8462,,MEDIUM,"A substantial ordered core of normalized statements was found with additions, deletions, or changes.",YES,BALANCED_TOKEN_SEQUENCE,BALANCED_TOKEN_SEQUENCE,3f5f1ee54f883027d4f8499071c876796b529939998050e4b85065e2f1cce51b,0a5f84bd99cab8242b347ba1ca13e07d1364ea59b57d81087bfaf519b17497f6,,,,
175,shulietech,https://stackoverflow.com/questions/58993471,shulietech/linkagent/instrument-modules/user-modules/module-pradar-core/src/main/java/com/pamirs/pradar/common/ByteUtils.java,byte2hex,137,144,58993471/58993471_2_recent.java,method,1,363,NOT_CLONE,,,,,,0.8889,0.0449,0.0512,0.0512,0.8889,,MEDIUM,No Type I/II containment or substantial ordered statement core was found.,NO,BALANCED_TOKEN_SEQUENCE,BALANCED_TOKEN_SEQUENCE,54bf7b83e33d1f01c44b2bb9b391fc5b9066e2b6a584d57e037148c3847d2dcb,f776ff3e2c9a7566cb9e148cf653d56af10d4d37cb35490610182f5296c4e2f0,,,,
486,siaorg,https://stackoverflow.com/questions/27469652,siaorg/sia-gateway/sia-gateway-admin/src/test/java/com/creditease/gateway/test/pressuretest/ConcurrentTest.java,run,89,101,27469652/27469652_4_recent.java,method,1,15,CLONE,TYPE_3,89,101,4,14,0.8889,0.5333,0.4789,0.5000,0.8889,,MEDIUM,"A substantial ordered core of normalized statements was found with additions, deletions, or changes.",YES,BALANCED_TOKEN_SEQUENCE,BALANCED_TOKEN_SEQUENCE,3cd263f37b7c1face59b041b4a9aa77a22e9af0fdac1257d6da9aa012c618e63,1f5882d62501f2759ef125e7bb6c83d9d1e276ae3ce86217990c51faf038bfa8,,,,
214,sikuli,https://stackoverflow.com/questions/36004572,sikuli/sikuli-slides/src/main/java/org/sikuli/slides/driver/DefaultFieldDecorator.java,decorate,25,42,36004572/36004572_4_recent.java,method,1,24,CLONE,TYPE_3,28,42,7,24,0.8667,0.6190,0.5000,0.5257,0.8667,,MEDIUM,"A substantial ordered core of normalized statements was found with additions, deletions, or changes.",YES,BALANCED_TOKEN_SEQUENCE,BALANCED_TOKEN_SEQUENCE,8edbdf0329ab1ebb45f3a046cd00b7a56652fc5f5dccf8f7eb7abf3bf53bca50,4058d89a5b30fd153998a09e6175976f1a5d251e0df39bdfaa3a87b648c65d31,,,,
654,skriptlang,https://stackoverflow.com/questions/24127188,skriptlang/skript/src/main/java/ch/njol/util/EnumTypeAdapter.java,read,69,75,24127188/24127188_2_recent.java,method,1,32,CLONE,TYPE_3,70,75,23,32,0.8571,0.1765,0.1776,0.1822,0.8571,,MEDIUM,"A substantial ordered core of normalized statements was found with additions, deletions, or changes.",YES,BALANCED_TOKEN_SEQUENCE,BALANCED_TOKEN_SEQUENCE,ccc89f65e6d9a292dd9258c13bd08351ab03e1dc0d223a8265d9db093a8b448c,9c613d25f05a3f7b48a39ccdb5a2a629fa527c6ff199f86249eeef159d142f85,,,,
26,snowblossomcoin,https://stackoverflow.com/questions/29548090,snowblossomcoin/snowblossom/lib/src/OverlayMap.java,put,84,92,29548090/29548090_4_recent.java,method,1,78,NOT_CLONE,,,,,,0.6667,0.0800,0.0975,0.1036,0.6667,,MEDIUM,No Type I/II containment or substantial ordered statement core was found.,NO,BALANCED_TOKEN_SEQUENCE,BALANCED_TOKEN_SEQUENCE,a8adc7d3fbc8a5fae8d7e285cd97023f022a1a9e1abd0046598bfc41a277e912,9f7e8685039d021fb3399b7c3c436c57eb37ee08b2ed4f700b521c80050fc60b,,,,
350,sofastack,https://stackoverflow.com/questions/60266789,sofastack/sofa-jraft/jraft-core/src/main/java/com/alipay/sofa/jraft/util/BytesUtil.java,toHex,150,161,60266789/60266789_2_recent.java,method,1,13,CLONE,TYPE_3,151,161,3,13,0.8571,0.8000,0.8347,0.8814,0.8571,,MEDIUM,"A substantial ordered core of normalized statements was found with additions, deletions, or changes.",YES,BALANCED_TOKEN_SEQUENCE,BALANCED_TOKEN_SEQUENCE,73b3bb0925d758d97c482e3dad31ace544411b839fd59f6ec32bebadfc681c83,f5d0f99e551986ab714a5c9071b6dfd07fd610c30bde3c0915af92838cb3e23c,,,,
274,spoonlabs,https://stackoverflow.com/questions/31868761,spoonlabs/astor/examples/librepair-experiments-jhy-jsoup-285353482-20171009-062400_bugonly_with_package_info/src/main/java/org/jsoup/helper/HttpConnection.java,data,212,223,31868761/31868761_4_96856276.java,method,1,12,CLONE,TYPE_1,212,223,1,12,1.0000,1.0000,1.0000,1.0000,1.0000,,HIGH,A complete fragment occurs verbatim after removing comments and layout.,NO,BALANCED_TOKEN_SEQUENCE,BALANCED_TOKEN_SEQUENCE,787a8301a647eb82647366bc7659d9a993cb3b9c798b253b341367dd2cfa97d1,22886ca135cb98f1b5e1147bf37f34819a8e4f2b214a51adfd8c8c151ea8d68d,CLONE,TYPE_1,,2026-07-31T07:45:43.999Z
275,spoonlabs,https://stackoverflow.com/questions/31868761,spoonlabs/astor/examples/jsoup31be24/src/main/java/org/jsoup/helper/HttpConnection.java,data,156,167,31868761/31868761_4_96856276.java,method,1,12,CLONE,TYPE_1,156,167,1,12,1.0000,1.0000,1.0000,1.0000,1.0000,,HIGH,A complete fragment occurs verbatim after removing comments and layout.,NO,BALANCED_TOKEN_SEQUENCE,BALANCED_TOKEN_SEQUENCE,787a8301a647eb82647366bc7659d9a993cb3b9c798b253b341367dd2cfa97d1,22886ca135cb98f1b5e1147bf37f34819a8e4f2b214a51adfd8c8c151ea8d68d,CLONE,TYPE_1,,2026-07-31T07:45:44.866Z
276,spoonlabs,https://stackoverflow.com/questions/31868761,spoonlabs/astor/examples/librepair-experiments-jhy-jsoup-285353482-20171009-062400_bugonly/src/main/java/org/jsoup/helper/HttpConnection.java,data,212,223,31868761/31868761_4_96856276.java,method,1,12,CLONE,TYPE_1,212,223,1,12,1.0000,1.0000,1.0000,1.0000,1.0000,,HIGH,A complete fragment occurs verbatim after removing comments and layout.,NO,BALANCED_TOKEN_SEQUENCE,BALANCED_TOKEN_SEQUENCE,787a8301a647eb82647366bc7659d9a993cb3b9c798b253b341367dd2cfa97d1,22886ca135cb98f1b5e1147bf37f34819a8e4f2b214a51adfd8c8c151ea8d68d,CLONE,TYPE_1,,2026-07-31T07:45:45.550Z
593,spring-projects,https://stackoverflow.com/questions/33270545,spring-projects/spring-integration/spring-integration-file/src/main/java/org/springframework/integration/file/splitter/FileSplitter.java,addHeaders,267,284,33270545/33270545_2_102375019.java,addHeaders,25,45,CLONE,TYPE_3,267,284,25,45,0.8824,0.6818,0.8333,0.8797,0.8824,,MEDIUM,"A substantial ordered core of normalized statements was found with additions, deletions, or changes.",YES,BALANCED_TOKEN_SEQUENCE,BALANCED_TOKEN_SEQUENCE,f15ec4950a30b9b05db88b1b0ba4e1337c418617b00f9c429a98aa280af49c03,89139b26e4123f40424e3d8a866dbe846446ce01074c362fe9df3e94815701a1,,,,
594,spring-projects,https://stackoverflow.com/questions/2086792,spring-projects/spring-integration/spring-integration-zip/src/main/java/org/springframework/integration/zip/transformer/SpringZipUtils.java,isValid,123,135,2086792/2086792_2_recent.java,method,1,17,CLONE,TYPE_3,123,135,1,17,0.9231,0.6000,0.6528,0.7000,0.9231,,MEDIUM,"A substantial ordered core of normalized statements was found with additions, deletions, or changes.",YES,BALANCED_TOKEN_SEQUENCE,BALANCED_TOKEN_SEQUENCE,5f4ea937cd7aee09091b58b74ed50f93ea938d43bfd199ae6e76ec1c391627e2,5cc551aba120d7079b09463d3eb9842eda2d1b649ed842fe8ec771846f9e63e5,,,,
595,spring-projects,https://stackoverflow.com/questions/58496526,spring-projects/spring-kafka/spring-kafka-docs/src/main/java/org/springframework/kafka/jdocs/started/noboot/Config.java,senderProps,91,99,58496526/58496526_2_207696359.java,method,1,19,CLONE,TYPE_3,92,99,9,18,0.8750,0.3889,0.3906,0.4053,0.8750,,MEDIUM,"A substantial ordered core of normalized statements was found with additions, deletions, or changes.",YES,BALANCED_TOKEN_SEQUENCE,BALANCED_TOKEN_SEQUENCE,6bbadcc5766e5b26a5a99eae35aa563982434b5fc3af79be5c6f59ba23764280,b26333b10302a66855318ea04f8ffbafa958357f96ed8c1628d70d34c98c9a0f,,,,
596,spring-projects,https://stackoverflow.com/questions/52148106,spring-projects/spring-boot/spring-boot-tests/spring-boot-smoke-tests/spring-boot-smoke-test-traditional/src/main/java/smoketest/traditional/config/WebConfig.java,viewResolver,39,45,52148106/52148106_4_181012547.java,method,1,13,CLONE,TYPE_3,39,45,5,13,1.0000,0.6667,0.5500,0.5763,1.0000,,MEDIUM,"A substantial ordered core of normalized statements was found with additions, deletions, or changes.",YES,BALANCED_TOKEN_SEQUENCE,BALANCED_TOKEN_SEQUENCE,7921e654657cb5882f2bf1268e72d2d8915a5704bc231b6b751ac9a6dedd4850,138171008c927af08327a9ceef6bacfd9772f1248905d4ed6754ebf6aa7acb4b,,,,
597,spring-projects,https://stackoverflow.com/questions/10195366,spring-projects/sts4/headless-services/spring-boot-language-server/src/test/resources/test-projects/test-xml-validations/src/main/java/u/t/r/HomeController.java,home,25,37,10195366/10195366_2_recent.java,method,1,21,CLONE,TYPE_3,25,37,1,21,0.8750,0.5385,0.5369,0.5578,0.8750,,MEDIUM,"A substantial ordered core of normalized statements was found with additions, deletions, or changes.",YES,BALANCED_TOKEN_SEQUENCE,BALANCED_TOKEN_SEQUENCE,57fb414fb6b0e9c949ac184db531297d459d5526578f38d0fa9a5b6c4f6e8b17,55731e677712f23637783e8065ec9b159d7ae850f6e8c3af573e2d4c44d951bb,,,,
598,spring-projects,https://stackoverflow.com/questions/10195366,spring-projects/sts4/headless-services/spring-boot-language-server/src/test/resources/test-projects/test-xml-hyperlinks/src/main/java/u/t/r/HomeController.java,home,25,37,10195366/10195366_2_recent.java,method,1,21,CLONE,TYPE_3,25,37,1,21,0.8750,0.5385,0.5369,0.5578,0.8750,,MEDIUM,"A substantial ordered core of normalized statements was found with additions, deletions, or changes.",YES,BALANCED_TOKEN_SEQUENCE,BALANCED_TOKEN_SEQUENCE,57fb414fb6b0e9c949ac184db531297d459d5526578f38d0fa9a5b6c4f6e8b17,55731e677712f23637783e8065ec9b159d7ae850f6e8c3af573e2d4c44d951bb,,,,
418,springdoc,https://stackoverflow.com/questions/59430454,springdoc/springdoc-openapi/springdoc-openapi-webmvc-core/src/test/java/test/org/springdoc/api/v30/app76/SpringDocApp76Test.java,openAPI,40,51,59430454/59430454_2_recent.java,method,1,72,NOT_CLONE,,,,,,0.6667,0.2857,0.3842,0.3915,0.6667,,MEDIUM,No Type I/II containment or substantial ordered statement core was found.,NO,BALANCED_TOKEN_SEQUENCE,TOKEN_FALLBACK,be3403f2893659d5bd09a13c693141c132af0e0ea3f017016ab435259bf92735,5bf05911f08eeedfa9841d8f696d35941494081748e1fe40755ab52c6945c0bf,,,,
419,springdoc,https://stackoverflow.com/questions/59430454,springdoc/springdoc-openapi/springdoc-openapi-javadoc/src/test/java/test/org/springdoc/api/app76/SpringDocApp76Test.java,openAPI,47,58,59430454/59430454_2_recent.java,method,1,72,NOT_CLONE,,,,,,0.6667,0.2857,0.3842,0.3915,0.6667,,MEDIUM,No Type I/II containment or substantial ordered statement core was found.,NO,BALANCED_TOKEN_SEQUENCE,TOKEN_FALLBACK,be3403f2893659d5bd09a13c693141c132af0e0ea3f017016ab435259bf92735,5bf05911f08eeedfa9841d8f696d35941494081748e1fe40755ab52c6945c0bf,,,,
420,sromku,https://stackoverflow.com/questions/52144662,sromku/android-storage/storage/src/main/java/com/snatik/storage/Storage.java,isExternalWritable,71,77,52144662/52144662_2_181397043.java,method,1,97,CLONE,TYPE_3,72,77,91,96,0.8571,0.0674,0.0414,0.0427,0.8571,,MEDIUM,"A substantial ordered core of normalized statements was found with additions, deletions, or changes.",YES,BALANCED_TOKEN_SEQUENCE,TOKEN_FALLBACK,a0908ddf87da97ad4095d4a52e031834a6d611036315b7800dffd6acf310a858,a0a758e1acec5e8c1d447e3e9ee771b74b0365261c507f2efafa3d7c2c5fe1b6,,,,
780,stanford-futuredata,https://stackoverflow.com/questions/453067,stanford-futuredata/macrobase/legacy/src/test/java/macrobase/pipeline/BasePipelineTest.java,countLines,19,38,453067/453067_2_recent.java,method,1,20,CLONE,TYPE_2,19,38,1,20,1.0000,1.0000,0.9846,1.0000,1.0000,,HIGH,A complete fragment has identical normalized syntax with consistent identifier mapping.,NO,BALANCED_TOKEN_SEQUENCE,BALANCED_TOKEN_SEQUENCE,0f0fad340f3c8684e0301cdbaf06942a04b85d75d36558a2997cd8779b3dfcc4,50adf61ebdca4f0974f96d3657ce7cc2318aba152f1e396352f03c105a987f42,,,,
669,stanfordnlp,https://stackoverflow.com/questions/15422801,stanfordnlp/corenlp/src/edu/stanford/nlp/util/ConfusionMatrix.java,mouseMoved,360,370,15422801/15422801_2_102469581.java,mouseMoved,48,68,UNCERTAIN,,,,,,0.8000,0.4444,0.4518,0.4518,0.8000,,LOW,Similarity is suggestive but does not satisfy the conservative Type III rule.,YES,BALANCED_TOKEN_SEQUENCE,BALANCED_TOKEN_SEQUENCE,33dd2f3cb15aae2b144a5a7121a879b769092c416a0d546034e04f555f68f25c,e37703d4a1e5eda2074c651c1134cfb487bcf2ea9c359fdae500fe050c6cfa55,,,,
670,stanfordnlp,https://stackoverflow.com/questions/15422801,stanfordnlp/corenlp/src/edu/stanford/nlp/util/ConfusionMatrix.java,Grid,356,373,15422801/15422801_2_recent.java,TestPane,44,68,CLONE,TYPE_3,356,373,44,68,0.8889,0.6667,0.6337,0.6433,0.8889,,MEDIUM,"A substantial ordered core of normalized statements was found with additions, deletions, or changes.",YES,BALANCED_TOKEN_SEQUENCE,BALANCED_TOKEN_SEQUENCE,7af01ad82faee86ef3927d3e6ff9822199b29a6e41a98dd11329552695924327,81089330efed50ff34c2e4368879bf3d5b43f7b1032e149e3e4107da52d74424,,,,
211,starexec,https://stackoverflow.com/questions/2086792,starexec/starexec/src/org/starexec/command/CommandValidator.java,isValidZip,840,855,2086792/2086792_2_recent.java,method,1,17,CLONE,TYPE_3,841,855,2,17,0.9474,0.9000,0.8630,0.9155,0.9474,,MEDIUM,"A substantial ordered core of normalized statements was found with additions, deletions, or changes.",YES,BALANCED_TOKEN_SEQUENCE,BALANCED_TOKEN_SEQUENCE,688502b3779037b69b9913e26881d06ba3561427959a3755ab4976b8f40216ad,5cc551aba120d7079b09463d3eb9842eda2d1b649ed842fe8ec771846f9e63e5,,,,
603,strapdata,https://stackoverflow.com/questions/33561612,strapdata/elassandra/server/src/test/java/org/elasticsearch/cluster/service/TaskExecutorTests.java,run,207,214,33561612/33561612_2_recent.java,method,1,33,NOT_CLONE,,,,,,0.8750,0.2500,0.1657,0.1788,0.8750,,MEDIUM,No Type I/II containment or substantial ordered statement core was found.,NO,BALANCED_TOKEN_SEQUENCE,TOKEN_FALLBACK,211a9110e914476268a9f53b0c482977b9e954498199b8188cc37541d50a21d6,3f06c9271458533d7554ee99988b3cf1b1b5852312c3bb4835fda325781c9e12,,,,
617,subhra74,https://stackoverflow.com/questions/3519182,subhra74/snowflake/muon-jediterm/src/main/java/com/jediterm/terminal/util/JTextFieldLimit.java,insertString,18,24,3519182/3519182_2_7342658.java,method,1,17,CLONE,TYPE_1,18,24,10,16,1.0000,0.6000,0.6000,0.6000,1.0000,,HIGH,A complete fragment occurs verbatim after removing comments and layout.,NO,BALANCED_TOKEN_SEQUENCE,BALANCED_TOKEN_SEQUENCE,291e08871a60b2de9c910f1f6ca05d7d2333a92112cc2a6e7e09346f4f29299e,175ce21a3728ea3e31819c317c1fb89014d2748fd3b0cea702e66581bf84bc89,CLONE,TYPE_1,,2026-07-31T07:45:48.750Z
409,sukritishah15,https://stackoverflow.com/questions/57560955,sukritishah15/ds-algo-point/Java/Algorithms/inorder.java,printInorder,28,41,57560955/57560955_2_recent.java,method,1,17,CLONE,TYPE_3,28,41,2,17,1.0000,0.7500,0.7925,0.8269,1.0000,,MEDIUM,"A substantial ordered core of normalized statements was found with additions, deletions, or changes.",YES,BALANCED_TOKEN_SEQUENCE,BALANCED_TOKEN_SEQUENCE,27e1da85fa5cdf5ac78de871f6bb6c8acb468c9197c9ff37c3bf1ec01f149822,68ff14a3d1581f985cc1c8db8cb3a569da679eb58c9b8bfb29b3f05703cf3ac9,,,,
184,svn2github,https://stackoverflow.com/questions/42527750,svn2github/icepdf/core/core-awt/src/main/java/org/icepdf/core/pobjects/acroform/signature/certificates/CertificateVerifier.java,verifyCertificate,126,155,42527750/42527750_2_recent.java,method,1,35,CLONE,TYPE_3,131,155,7,35,0.8571,0.7500,0.8903,0.9026,0.8571,,MEDIUM,"A substantial ordered core of normalized statements was found with additions, deletions, or changes.",YES,BALANCED_TOKEN_SEQUENCE,BALANCED_TOKEN_SEQUENCE,68f7a01f095a36ac8cc17ea7e9b15b1bbd6406b5b1c1b0b6e0ffb4780f7df118,3373001b62ded719c1702c45cd642710b2c8ff43f48ecb447b386ad29c254ace,,,,
185,svn2github,https://stackoverflow.com/questions/58993471,svn2github/icepdf/viewer/viewer-awt/src/main/java/org/icepdf/ri/common/views/annotations/signatures/CertificatePropertiesDialog.java,toHexString,242,252,58993471/58993471_2_recent.java,method,1,363,CLONE,TYPE_3,243,252,352,362,0.9231,0.0674,0.0414,0.0414,0.9231,,MEDIUM,"A substantial ordered core of normalized statements was found with additions, deletions, or changes.",YES,BALANCED_TOKEN_SEQUENCE,BALANCED_TOKEN_SEQUENCE,adf6dbc26a870c00ea301767a4cebce4269403c50bac7961e91d7351b6c75e90,f776ff3e2c9a7566cb9e148cf653d56af10d4d37cb35490610182f5296c4e2f0,,,,
572,swati4star,https://stackoverflow.com/questions/16877278,swati4star/images-to-pdf/app/src/main/java/swati4star/createpdf/util/InvertPdf.java,invertPage,108,122,16877278/16877278_2_recent.java,method,1,31,CLONE,TYPE_3,109,122,19,31,0.9286,0.4483,0.6038,0.6038,0.9286,,MEDIUM,"A substantial ordered core of normalized statements was found with additions, deletions, or changes.",YES,BALANCED_TOKEN_SEQUENCE,BALANCED_TOKEN_SEQUENCE,1575126e2e6482eadfc022db40be6cf8c7d724820b426df1d4cc00fa3d4913db,5abcc63744a69bc53d5a00877b0a7748727103523bf4b63c2d8336cdc319055e,,,,
615,swellrt,https://stackoverflow.com/questions/54298032,swellrt/swellrt/wave/src/main/java/com/google/wave/api/oauth/impl/OpenSocialHttpClient.java,copy,164,176,54298032/54298032_2_recent.java,copy,58,72,CLONE,TYPE_3,165,176,60,72,0.9231,0.8571,0.7653,0.7835,0.9231,,MEDIUM,"A substantial ordered core of normalized statements was found with additions, deletions, or changes.",YES,BALANCED_TOKEN_SEQUENCE,BALANCED_TOKEN_SEQUENCE,ae54b2cdf7d1c9eb6c79da4d7b297bb36676a00df289b43535060b560852c4f3,0a5f84bd99cab8242b347ba1ca13e07d1364ea59b57d81087bfaf519b17497f6,,,,
696,szhnet,https://stackoverflow.com/questions/3870210,szhnet/kcp-netty/kcp-netty/src/main/java/io/jpower/kcp/netty/internal/ReItrHashMap.java,HashIterator,721,728,3870210/3870210_4_recent.java,method,1,29,CLONE,TYPE_1,721,728,6,13,1.0000,0.2557,0.2557,0.2557,1.0000,,HIGH,A complete fragment occurs verbatim after removing comments and layout.,NO,BALANCED_TOKEN_SEQUENCE,BALANCED_TOKEN_SEQUENCE,040f958e41ed23b705ff12eb5236eaf62376dbba9421e04ba6b2518003168632,a1a6f6663976660036d12becac1cd2540321d5047a4760d7f9d574cef36c7411,CLONE,TYPE_1,,2026-07-31T07:45:51.517Z
201,tapdata,https://stackoverflow.com/questions/41251473,tapdata/tapdata/tapdata-cli/src/main/java/io/tapdata/pdk/cli/services/UploadFileService.java,writeTo,221,230,41251473/41251473_6_recent.java,method,1,20,CLONE,TYPE_3,221,230,10,20,0.9000,0.4091,0.3898,0.4017,0.9000,,MEDIUM,"A substantial ordered core of normalized statements was found with additions, deletions, or changes.",YES,BALANCED_TOKEN_SEQUENCE,BALANCED_TOKEN_SEQUENCE,e47a264419c19780e83f1d89e87fb344df37f9c7762fd68e5c4f339bf6f86453,2895ef2e11b37ff63a6796e06c8a0105f729d026ccfd139d8abcb923a8f927b9,,,,
98,teamapps-org,https://stackoverflow.com/questions/4429257,teamapps-org/teamapps/teamapps-ux/src/main/java/org/teamapps/ux/i18n/TeamAppsResourceBundleControl.java,newBundle,47,75,4429257/4429257_2_9347476.java,newBundle,2,32,CLONE,TYPE_3,50,75,7,32,0.8929,0.8929,0.9286,0.9518,0.8929,,MEDIUM,"A substantial ordered core of normalized statements was found with additions, deletions, or changes.",YES,BALANCED_TOKEN_SEQUENCE,BALANCED_TOKEN_SEQUENCE,59dae33e357579f55aa08ce938dbd340e4e3dc00ff912869c23a8ebf7c227126,c219b187dd01b975e3a79d596f983c3128f58ccf761e0fdc7fa4f3adb7546fa2,,,,
599,technicpack,https://stackoverflow.com/questions/2086792,technicpack/launcherv3/src/main/java/net/technicpack/launchercore/install/verifiers/ValidZipFileVerifier.java,isFileValid,28,46,2086792/2086792_2_recent.java,method,1,17,CLONE,TYPE_3,30,46,2,17,0.8182,0.9000,0.7711,0.8148,0.9000,,MEDIUM,"A substantial ordered core of normalized statements was found with additions, deletions, or changes.",YES,BALANCED_TOKEN_SEQUENCE,BALANCED_TOKEN_SEQUENCE,1f520fae6058b7207723b41e23e4f5f342f226c116fa91ffd8c515c7004c54c2,5cc551aba120d7079b09463d3eb9842eda2d1b649ed842fe8ec771846f9e63e5,,,,
295,tencent,https://stackoverflow.com/questions/13462440,tencent/tencentkona-8/jdk/src/share/demo/jfc/SwingApplet/SwingApplet.java,init,74,91,13462440/13462440_6_32050882.java,init,30,44,CLONE,TYPE_2,74,91,30,44,1.0000,1.0000,0.9412,1.0000,1.0000,,HIGH,A complete fragment has identical normalized syntax with consistent identifier mapping.,NO,BALANCED_TOKEN_SEQUENCE,BALANCED_TOKEN_SEQUENCE,c777906d434f24444e5766212e4e96ab2b273341cad2275dd730cfe8117ad252,c0530b14241a3352f9715d1dd541f7f840ec25e4ec0dedce9c153c5d24fa2345,,,,
296,tencent,https://stackoverflow.com/questions/58993471,tencent/tencentkona-8/jdk/src/share/classes/sun/security/tools/keytool/Main.java,toHexString,3371,3381,58993471/58993471_2_recent.java,method,1,363,CLONE,TYPE_3,3372,3381,352,362,0.9231,0.0674,0.0414,0.0414,0.9231,,MEDIUM,"A substantial ordered core of normalized statements was found with additions, deletions, or changes.",YES,BALANCED_TOKEN_SEQUENCE,BALANCED_TOKEN_SEQUENCE,cecde6bdb6cbc93dd85dda21e09eaba63ca3d08ab077bf610227b267d7a54601,f776ff3e2c9a7566cb9e148cf653d56af10d4d37cb35490610182f5296c4e2f0,,,,
297,tencent,https://stackoverflow.com/questions/29866762,tencent/tencentkona-8/jdk/src/share/classes/java/util/ComparableTimSort.java,sort,179,224,29866762/29866762_2_89013107.java,method,1,40,CLONE,TYPE_3,182,224,4,40,0.7500,0.7500,0.8510,0.8805,0.7500,,MEDIUM,"A substantial ordered core of normalized statements was found with additions, deletions, or changes.",YES,BALANCED_TOKEN_SEQUENCE,BALANCED_TOKEN_SEQUENCE,1c2e6b7fad207a73b341b48235581ded12015fae31385c8d66729b9574424255,f2d6cbd0090a5f2d602e8ecb6f9e7d1f017c9b1874ab1fd7662f6c775d2ff52c,,,,
298,tencent,https://stackoverflow.com/questions/29866762,tencent/tencentkona-8/jdk/src/share/classes/java/util/TimSort.java,sort,210,256,29866762/29866762_2_89013107.java,method,1,40,CLONE,TYPE_1,210,256,1,40,1.0000,1.0000,1.0000,1.0000,1.0000,,HIGH,A complete fragment occurs verbatim after removing comments and layout.,NO,BALANCED_TOKEN_SEQUENCE,BALANCED_TOKEN_SEQUENCE,1bba7e024cd985253d3247dd4f5cdc15ac591c639876dac78382e99978767e4a,f2d6cbd0090a5f2d602e8ecb6f9e7d1f017c9b1874ab1fd7662f6c775d2ff52c,CLONE,TYPE_1,,2026-07-31T07:45:57.799Z
299,tencent,https://stackoverflow.com/questions/46830988,tencent/tencentkona-8/jdk/src/share/classes/java/util/HashMap.java,putMapEntries,501,519,46830988/46830988_4_158689916.java,method,1,19,CLONE,TYPE_1,501,519,1,19,1.0000,1.0000,1.0000,1.0000,1.0000,,HIGH,A complete fragment occurs verbatim after removing comments and layout.,NO,BALANCED_TOKEN_SEQUENCE,BALANCED_TOKEN_SEQUENCE,b469a303e48b332826bea2ef3f41947dd12eb9c1b4ae1767beefa06774090899,73ad567e827a0c242a3d4dca670e673db9bfe0077c48eaf8d743be9a61a6bd3c,CLONE,TYPE_1,,2026-07-31T07:46:00.799Z
300,tencent,https://stackoverflow.com/questions/16799135,tencent/tencentkona-8/jdk/src/share/classes/java/util/Timer.java,sched,386,412,16799135/16799135_10_41317480.java,method,1,23,CLONE,TYPE_1,386,412,1,23,1.0000,1.0000,1.0000,1.0000,1.0000,,HIGH,A complete fragment occurs verbatim after removing comments and layout.,NO,BALANCED_TOKEN_SEQUENCE,BALANCED_TOKEN_SEQUENCE,f36958fdd4a07ffb645cd9c60ff015ef4bfd01bfd537e5f1324c8a5fa1b490b8,b12229d17fef9aacb11c9f5c8ef437018af7c1106c85e26950e4e34a497e3664,CLONE,TYPE_1,,2026-07-31T07:46:02.915Z
301,tencent,https://stackoverflow.com/questions/29330741,tencent/tencentkona-8/jdk/src/share/classes/java/math/BigDecimal.java,divide,5291,5303,29330741/29330741_6_86929181.java,method,1,13,CLONE,TYPE_3,5292,5303,2,13,0.8571,0.8571,0.9630,0.9630,0.8571,,MEDIUM,"A substantial ordered core of normalized statements was found with additions, deletions, or changes.",YES,BALANCED_TOKEN_SEQUENCE,BALANCED_TOKEN_SEQUENCE,36bb1e471b0767e848c2679d03fa87127f228da64e78d264ac92014c1a71a189,9307832391140acf4a96db84b514584bd55eca9e37b43841df3abf69ad712e43,,,,
302,tencent,https://stackoverflow.com/questions/29330741,tencent/tencentkona-8/jdk/src/share/classes/java/math/BigDecimal.java,divide,5305,5317,29330741/29330741_6_86929181.java,method,1,13,CLONE,TYPE_1,5305,5317,1,13,1.0000,1.0000,1.0000,1.0000,1.0000,,HIGH,A complete fragment occurs verbatim after removing comments and layout.,NO,BALANCED_TOKEN_SEQUENCE,BALANCED_TOKEN_SEQUENCE,4d0557069d419a2f356c1e19658e7b2fa7e49d137f528e95ad6b23d93fec629c,9307832391140acf4a96db84b514584bd55eca9e37b43841df3abf69ad712e43,CLONE,TYPE_1,,2026-07-31T07:46:04.250Z
303,tencent,https://stackoverflow.com/questions/45774144,tencent/tencentkona-8/jdk/src/share/classes/javax/swing/plaf/metal/MetalTabbedPaneUI.java,update,719,725,45774144/45774144_4_recent.java,method,1,21,NOT_CLONE,,,,,,0.7143,0.2632,0.3929,0.4130,0.7143,,MEDIUM,No Type I/II containment or substantial ordered statement core was found.,NO,BALANCED_TOKEN_SEQUENCE,BALANCED_TOKEN_SEQUENCE,fc0f73d5228a1cfebfd6fffbddf0f51fffd35969670208dd5aad517c583cf5fe,6f2d006bf421a42f38ba5c2aab1c42442d2dbf11d8d86b7321c81057421ee7a3,,,,
304,tencent,https://stackoverflow.com/questions/54119640,tencent/tencentkona-8/jdk/src/share/classes/javax/swing/plaf/basic/BasicTableHeaderUI.java,mouseClicked,99,116,54119640/54119640_4_189259651.java,mouseClicked,10,26,CLONE,TYPE_3,99,116,10,26,0.7500,0.8571,0.8571,0.9180,0.8571,,MEDIUM,"A substantial ordered core of normalized statements was found with additions, deletions, or changes.",YES,BALANCED_TOKEN_SEQUENCE,BALANCED_TOKEN_SEQUENCE,2a6732afef0ba34061445adeaf545b78528d8ecc0eebb1f4448a9b1027c70d10,59e2ef0f2ed93467dda31ef051eea5447fd9fa51dda2896417f0139abdbef8fc,,,,
305,tencent,https://stackoverflow.com/questions/58993471,tencent/tencentkona-8/jdk/test/sun/security/pkcs11/tls/TestLeadingZeroesP11.java,toHexString,124,136,58993471/58993471_2_recent.java,method,1,363,CLONE,TYPE_3,125,136,352,362,0.9231,0.0674,0.0414,0.0414,0.9231,,MEDIUM,"A substantial ordered core of normalized statements was found with additions, deletions, or changes.",YES,BALANCED_TOKEN_SEQUENCE,BALANCED_TOKEN_SEQUENCE,05618cf16b20c08ec4b17959723e4af297ec40e95fe940638731eed9f56e5331,f776ff3e2c9a7566cb9e148cf653d56af10d4d37cb35490610182f5296c4e2f0,,,,
306,tencent,https://stackoverflow.com/questions/58993471,tencent/tencentkona-8/jdk/test/sun/security/x509/X500Name/DerValueConstructor.java,toHexString,119,131,58993471/58993471_2_recent.java,method,1,363,CLONE,TYPE_1,119,131,149,159,1.0000,0.0419,0.0419,0.0419,1.0000,,HIGH,A complete fragment occurs verbatim after removing comments and layout.,NO,BALANCED_TOKEN_SEQUENCE,BALANCED_TOKEN_SEQUENCE,f40de59c659528869f54023f4da2b3856233b9d398b391625c21e70cf44fc00a,f776ff3e2c9a7566cb9e148cf653d56af10d4d37cb35490610182f5296c4e2f0,CLONE,TYPE_1,,2026-07-31T07:46:12.216Z
307,tencent,https://stackoverflow.com/questions/64938483,tencent/tencentkona-8/jdk/test/jdk/jfr/jcmd/TestJcmdStartWithSettings.java,run,167,176,64938483/64938483_2_recent.java,method,1,68,NOT_CLONE,,,,,,1.0000,0.1613,0.0914,0.0914,1.0000,,MEDIUM,No Type I/II containment or substantial ordered statement core was found.,NO,BALANCED_TOKEN_SEQUENCE,TOKEN_FALLBACK,c38839e2ee06e79efeeb9b59b8895a31aed7468eb7cc17ba9e1ada5c7ae563fc,7a7d226ceb229cb1a2032306bba7358de48086650875ea2c8bb7a0343506b220,,,,
308,tencent,https://stackoverflow.com/questions/6702420,tencent/tencentkona-8/jdk/test/java/awt/im/6396526/IMLookAndFeel.java,main,68,76,6702420/6702420_2_89518975.java,main,9,18,CLONE,TYPE_1,68,76,9,18,1.0000,1.0000,1.0000,1.0000,1.0000,,HIGH,A complete fragment occurs verbatim after removing comments and layout.,NO,BALANCED_TOKEN_SEQUENCE,BALANCED_TOKEN_SEQUENCE,c8870b3d66c9973ca4d8d2d754ba04e31d31090cdc78935f5b32eeaefe7c494b,535f77d75527dc027adbf7ce5ebf851d08b0142e31a7f0a8d072913c4b0260a6,CLONE,TYPE_1,,2026-07-31T07:46:14.251Z
309,tencent,https://stackoverflow.com/questions/58993471,tencent/tencentkona-8/jdk/test/com/sun/crypto/provider/KeyAgreement/DHKeyAgreement2.java,toHexString,271,283,58993471/58993471_2_recent.java,method,1,363,CLONE,TYPE_3,272,283,352,362,0.9231,0.0674,0.0414,0.0414,0.9231,,MEDIUM,"A substantial ordered core of normalized statements was found with additions, deletions, or changes.",YES,BALANCED_TOKEN_SEQUENCE,BALANCED_TOKEN_SEQUENCE,05618cf16b20c08ec4b17959723e4af297ec40e95fe940638731eed9f56e5331,f776ff3e2c9a7566cb9e148cf653d56af10d4d37cb35490610182f5296c4e2f0,,,,
310,tencent,https://stackoverflow.com/questions/58993471,tencent/tencentkona-8/jdk/test/com/sun/crypto/provider/KeyAgreement/DHKeyAgreement3.java,toHexString,178,190,58993471/58993471_2_recent.java,method,1,363,CLONE,TYPE_3,179,190,352,362,0.9231,0.0674,0.0414,0.0414,0.9231,,MEDIUM,"A substantial ordered core of normalized statements was found with additions, deletions, or changes.",YES,BALANCED_TOKEN_SEQUENCE,BALANCED_TOKEN_SEQUENCE,05618cf16b20c08ec4b17959723e4af297ec40e95fe940638731eed9f56e5331,f776ff3e2c9a7566cb9e148cf653d56af10d4d37cb35490610182f5296c4e2f0,,,,
311,tencent,https://stackoverflow.com/questions/58993471,tencent/tencentkona-8/jdk/test/com/sun/crypto/provider/Cipher/Blowfish/BlowfishTestVector.java,toHexString,133,145,58993471/58993471_2_recent.java,method,1,363,CLONE,TYPE_3,134,145,352,362,0.9231,0.0674,0.0419,0.0419,0.9231,,MEDIUM,"A substantial ordered core of normalized statements was found with additions, deletions, or changes.",YES,BALANCED_TOKEN_SEQUENCE,BALANCED_TOKEN_SEQUENCE,a6b4d4fc6cf0381ae6e3199750130ffa9ce08332c18d4029c91a280eedd7c67a,f776ff3e2c9a7566cb9e148cf653d56af10d4d37cb35490610182f5296c4e2f0,,,,
312,tencent,https://stackoverflow.com/questions/58993471,tencent/tencentkona-8/jdk/test/com/sun/crypto/provider/TLS/TestLeadingZeroes.java,toHexString,130,142,58993471/58993471_2_recent.java,method,1,363,CLONE,TYPE_3,131,142,352,362,0.9231,0.0674,0.0414,0.0414,0.9231,,MEDIUM,"A substantial ordered core of normalized statements was found with additions, deletions, or changes.",YES,BALANCED_TOKEN_SEQUENCE,BALANCED_TOKEN_SEQUENCE,05618cf16b20c08ec4b17959723e4af297ec40e95fe940638731eed9f56e5331,f776ff3e2c9a7566cb9e148cf653d56af10d4d37cb35490610182f5296c4e2f0,,,,
313,tencent,https://stackoverflow.com/questions/58617321,tencent/tencentkona-8/jdk/test/javax/imageio/plugins/bmp/BMPSubsamplingTest.java,create3ByteImage,329,342,58617321/58617321_2_recent.java,method,1,17,CLONE,TYPE_3,330,342,5,17,0.8333,0.4545,0.6418,0.6923,0.8333,,MEDIUM,"A substantial ordered core of normalized statements was found with additions, deletions, or changes.",YES,BALANCED_TOKEN_SEQUENCE,BALANCED_TOKEN_SEQUENCE,1983a231675b46b19c8c0086d87df575a70ed50b74dc28310ed30b23bfc953e4,cf14625a123db4bab2ab7da6d70ad666935f22e4b1b3ba9e7317da7303bc3bf6,,,,
770,thealgorithms,https://stackoverflow.com/questions/64124615,thealgorithms/java/src/main/java/com/thealgorithms/sorts/BitonicSort.java,printArray,63,69,64124615/64124615_2_recent.java,method,1,140,NOT_CLONE,,,,,,1.0000,0.0657,0.0376,0.0383,1.0000,,MEDIUM,No Type I/II containment or substantial ordered statement core was found.,NO,BALANCED_TOKEN_SEQUENCE,BALANCED_TOKEN_SEQUENCE,98409d697b98d233e246ed8a613b3b8a66d23c70a70d9b702b39e7a4133c04b9,287bd57966fba90fd1fb4195b2c662e0257f35551b7d2b408992793a1470b244,,,,
771,thealgorithms,https://stackoverflow.com/questions/57713309,thealgorithms/java/src/main/java/com/thealgorithms/others/LowestBasePalindrome.java,reverse,100,106,57713309/57713309_2_recent.java,method,1,11,CLONE,TYPE_3,101,106,6,11,0.8889,0.6667,0.7742,0.7742,0.8889,,MEDIUM,"A substantial ordered core of normalized statements was found with additions, deletions, or changes.",YES,BALANCED_TOKEN_SEQUENCE,BALANCED_TOKEN_SEQUENCE,e960ad3070dc2f27f735bd0dcedef2549c2b15d5cc69462113beab0ff401b307,67a6fe2a42449d01b5d917b7e24ec209f906fc77f12729c12a014e677df27ba9,,,,
633,thingsboard,https://stackoverflow.com/questions/19435226,thingsboard/thingsboard/rule-engine/rule-engine-components/src/main/java/org/thingsboard/rule/engine/credentials/CertPemCredentials.java,der,285,298,19435226/19435226_1_recent.java,method,1,78,CLONE,TYPE_1,285,298,53,66,1.0000,0.1531,0.1531,0.1531,1.0000,,HIGH,A complete fragment occurs verbatim after removing comments and layout.,NO,BALANCED_TOKEN_SEQUENCE,BALANCED_TOKEN_SEQUENCE,cfb8fb058e804672e88e0757822975fa35b39cddd80cafe2930812d0b68838a4,b571aba48ada20346a4e8efda955b3cdb452a3be03bcc620d45927444c2001e4,CLONE,TYPE_1,,2026-07-31T07:46:20.299Z
634,thingsboard,https://stackoverflow.com/questions/19435226,thingsboard/thingsboard/rule-engine/rule-engine-components/src/main/java/org/thingsboard/rule/engine/credentials/CertPemCredentials.java,decodeRSAPrivatePKCS1,300,313,19435226/19435226_1_recent.java,method,1,78,CLONE,TYPE_1,300,313,22,35,1.0000,0.2033,0.2033,0.2033,1.0000,,HIGH,A complete fragment occurs verbatim after removing comments and layout.,NO,BALANCED_TOKEN_SEQUENCE,BALANCED_TOKEN_SEQUENCE,145eddd5d2faea372cf4c16f4a8ff1dade960b5f173aa20e5273e1b0ef81b43e,b571aba48ada20346a4e8efda955b3cdb452a3be03bcc620d45927444c2001e4,CLONE,TYPE_1,,2026-07-31T07:46:27.033Z
530,threerings,https://stackoverflow.com/questions/9709606,threerings/getdown/core/src/main/java/com/threerings/getdown/util/Rectangle.java,Rectangle,18,24,9709606/9709606_2_recent.java,method,1,19,CLONE,TYPE_3,18,24,8,18,1.0000,0.3333,0.3083,0.3083,1.0000,,MEDIUM,"A substantial ordered core of normalized statements was found with additions, deletions, or changes.",YES,BALANCED_TOKEN_SEQUENCE,BALANCED_TOKEN_SEQUENCE,fd078d1f624b664a58811819bc92d2d1945fd64f535d48eddcbc8d2c7e675a20,1a5084296fd7d236000720935f0f495186e9ee7e9b6cf8a831dec9abfdd2dab0,,,,
568,tibcosoftware,https://stackoverflow.com/questions/6702029,tibcosoftware/jaspersoft-studio-ce/com.jaspersoft.studio/src/com/jaspersoft/studio/editor/gef/parts/band/NotMovablePartDragTracker.java,comparePath,285,307,6702029/6702029_1_117495632.java,method,1,31,CLONE,TYPE_3,287,307,16,31,0.8000,0.9231,0.9306,0.9441,0.9231,,MEDIUM,"A substantial ordered core of normalized statements was found with additions, deletions, or changes.",YES,BALANCED_TOKEN_SEQUENCE,BALANCED_TOKEN_SEQUENCE,1fe3bb8c8e2428864e87fb9d8b2e60fbeb51d05d245dd491d263aee66d87ba6d,196ebb0cae6750d8a02c0c5286dd031565314ed962be5e349e48984bacae8b31,,,,
513,timothymiko,https://stackoverflow.com/questions/16114563,timothymiko/narrate-android/app/src/main/java/com/datonicgroup/narrate/app/util/NetworkUtil.java,hasInternet,19,33,16114563/16114563_2_recent.java,method,1,40,CLONE,TYPE_3,23,33,31,40,0.8000,0.2667,0.2960,0.3136,0.8000,,MEDIUM,"A substantial ordered core of normalized statements was found with additions, deletions, or changes.",YES,BALANCED_TOKEN_SEQUENCE,BALANCED_TOKEN_SEQUENCE,522cd91ee787517afd9b75c14aee3aededcf5c68d8f4b28f24aca119fb509a7f,9c3ff2c088e95a5e0bee371e11fed504a014246f7ae1d650ba823fb95893af6a,,,,
600,togglz,https://stackoverflow.com/questions/54298032,togglz/togglz/core/src/main/java/org/togglz/core/util/IOUtils.java,copy,41,55,54298032/54298032_2_190009745.java,copy,52,65,CLONE,TYPE_3,44,55,54,65,0.8000,0.9231,0.8409,0.8621,0.9231,,MEDIUM,"A substantial ordered core of normalized statements was found with additions, deletions, or changes.",YES,BALANCED_TOKEN_SEQUENCE,BALANCED_TOKEN_SEQUENCE,d5263a52985782cb3f169ec807f40bf27e7e7bca4c766dba9b88dc14acbce7b6,08521e65a5ecc5c79e8dc6c719bce0b7bb1b7d79088b73dae9cc009eefa5decc,,,,
40,tomoya92,https://stackoverflow.com/questions/41471859,tomoya92/pybbs/src/main/java/co/yiiu/pybbs/util/bcrypt/BCryptPasswordEncoder.java,encode,63,75,41471859/41471859_4_135239059.java,method,1,15,CLONE,TYPE_1,63,75,1,15,1.0000,1.0000,1.0000,1.0000,1.0000,,HIGH,A complete fragment occurs verbatim after removing comments and layout.,NO,BALANCED_TOKEN_SEQUENCE,BALANCED_TOKEN_SEQUENCE,e3db1e691aa93743c31c7657f8d224aef17e3ba210c4c691cd0f39c97c482cb8,a4646713e7ae23e9018b56247f604bbd97a0518229959de975f79e394edcd6b7,CLONE,TYPE_1,,2026-07-31T07:46:29.733Z
405,tonikelope,https://stackoverflow.com/questions/2001205,tonikelope/megabasterd/src/main/java/com/tonikelope/megabasterd/BoundedExecutor.java,submitTask,30,50,2001205/2001205_2_recent.java,submitTask,10,27,CLONE,TYPE_3,33,50,12,27,0.9474,0.9000,0.9342,0.9342,0.9474,,MEDIUM,"A substantial ordered core of normalized statements was found with additions, deletions, or changes.",YES,BALANCED_TOKEN_SEQUENCE,BALANCED_TOKEN_SEQUENCE,80f3e2d6dbfcc2df16614f6ad08ac6eda193a2232d287135c62166eee1e4435b,2e0ce9d36772e9936ea231ba32e8e55d83998163ab3e1b18842006390650ab25,,,,
750,tony19,https://stackoverflow.com/questions/9293885,tony19/logback-android/logback-android/src/test/java/ch/qos/logback/core/rolling/helper/CompressTest.java,copy,130,140,9293885/9293885_2_recent.java,method,1,18,CLONE,TYPE_3,131,140,2,18,0.9091,0.5263,0.8500,0.8500,0.9091,,MEDIUM,"A substantial ordered core of normalized statements was found with additions, deletions, or changes.",YES,BALANCED_TOKEN_SEQUENCE,BALANCED_TOKEN_SEQUENCE,b01d61d0211677c3c409c05f902dd9f5877899f48910cf4c4c5927431a526cf8,2a7bfcda094a8dd312bb8740fe545d7bdce7f2ed7470f4dafaef302a58f8d157,,,,
234,top-q,https://stackoverflow.com/questions/10599247,top-q/difido-reports/server/difido-server/src/main/java/il/co/topq/report/business/elastic/ESController.java,cvtToGmt,500,517,10599247/10599247_2_recent.java,method,1,22,CLONE,TYPE_3,501,517,8,22,0.9091,0.5882,0.5850,0.5850,0.9091,,MEDIUM,"A substantial ordered core of normalized statements was found with additions, deletions, or changes.",YES,BALANCED_TOKEN_SEQUENCE,BALANCED_TOKEN_SEQUENCE,a47b76362688c9a5a9ee796e05d752239d2b97a81c3c6af8a064d3ed919c517e,eb38dae6094bdd8bbfea30cedc56a12bc9a1bbf110e34f5d05a39342012d1e3d,,,,
464,tranleduy2000,https://stackoverflow.com/questions/52144662,tranleduy2000/pascalnide/app/src/main/java/com/duy/pascal/ui/common/utils/SysUtils.java,isExternalStorageReadable,174,181,52144662/52144662_2_181397043.java,method,1,97,CLONE,TYPE_3,174,181,90,96,0.8571,0.0674,0.0473,0.0524,0.8571,,MEDIUM,"A substantial ordered core of normalized statements was found with additions, deletions, or changes.",YES,BALANCED_TOKEN_SEQUENCE,TOKEN_FALLBACK,28cc0dd4e75563e21f2d51476c220846df559bf741b2675cf06c63ed80815b64,a0a758e1acec5e8c1d447e3e9ee771b74b0365261c507f2efafa3d7c2c5fe1b6,,,,
465,tranleduy2000,https://stackoverflow.com/questions/59372145,tranleduy2000/pascalnide/app/src/main/java/com/duy/pascal/ui/activities/SplashScreenActivity.java,gotoSystemSetting,103,109,59372145/59372145_2_recent.java,method,1,18,NOT_CLONE,,,,,,0.7143,0.2941,0.2743,0.2965,0.7143,,MEDIUM,No Type I/II containment or substantial ordered statement core was found.,NO,BALANCED_TOKEN_SEQUENCE,BALANCED_TOKEN_SEQUENCE,7b2c79971205f992dcd4b8c8690b5d67064630db6212c04c498aa44a1aaf5f49,924e50f5a6d9b6df386a0150c19ac3396e601aa28b1cdd2be019e1a0748768f7,,,,
466,tranleduy2000,https://stackoverflow.com/questions/52144662,tranleduy2000/ncalc/app/src/main/java/com/duy/ncalc/utils/FileUtils.java,isExternalStorageWritable,53,59,52144662/52144662_2_181397043.java,method,1,97,CLONE,TYPE_3,54,59,91,96,0.8571,0.0674,0.0427,0.0427,0.8571,,MEDIUM,"A substantial ordered core of normalized statements was found with additions, deletions, or changes.",YES,BALANCED_TOKEN_SEQUENCE,TOKEN_FALLBACK,65205c2515cc5fd8fb23caaad2b8c35640f4ea11ee042955a3359f2b246947bb,a0a758e1acec5e8c1d447e3e9ee771b74b0365261c507f2efafa3d7c2c5fe1b6,,,,
27,triggerreactor,https://stackoverflow.com/questions/24127188,triggerreactor/triggerreactor/core/src/main/java/io/github/wysohn/gsoncopy/Gson.java,read,291,298,24127188/24127188_2_recent.java,method,1,32,CLONE,TYPE_3,293,298,23,32,0.7143,0.1471,0.1494,0.1628,0.7143,,MEDIUM,"A substantial ordered core of normalized statements was found with additions, deletions, or changes.",YES,BALANCED_TOKEN_SEQUENCE,BALANCED_TOKEN_SEQUENCE,6794344b2d4d4262c6f7d1998b1610bc9144d2b0befcf2ff198df97384ab3a9d,9c613d25f05a3f7b48a39ccdb5a2a629fa527c6ff199f86249eeef159d142f85,,,,
28,triggerreactor,https://stackoverflow.com/questions/24127188,triggerreactor/triggerreactor/core/src/main/java/io/github/wysohn/gsoncopy/Gson.java,read,399,406,24127188/24127188_2_recent.java,method,1,32,CLONE,TYPE_3,401,406,23,32,0.7143,0.1471,0.1494,0.1628,0.7143,,MEDIUM,"A substantial ordered core of normalized statements was found with additions, deletions, or changes.",YES,BALANCED_TOKEN_SEQUENCE,BALANCED_TOKEN_SEQUENCE,637551acd1688a8abfd4004aa5f835f64150c2cbdee855c1a95eb1f68d2078fb,9c613d25f05a3f7b48a39ccdb5a2a629fa527c6ff199f86249eeef159d142f85,,,,
29,triggerreactor,https://stackoverflow.com/questions/24127188,triggerreactor/triggerreactor/core/src/main/java/io/github/wysohn/gsoncopy/internal/bind/TypeAdapters.java,read,310,317,24127188/24127188_2_recent.java,method,1,32,CLONE,TYPE_3,312,317,23,32,0.7143,0.1471,0.1494,0.1628,0.7143,,MEDIUM,"A substantial ordered core of normalized statements was found with additions, deletions, or changes.",YES,BALANCED_TOKEN_SEQUENCE,BALANCED_TOKEN_SEQUENCE,9aa13dbc0c6ea5a8dcd6c6452e0b483de548214b1d0d5a3730bf60ce650d8b1f,9c613d25f05a3f7b48a39ccdb5a2a629fa527c6ff199f86249eeef159d142f85,,,,
30,triggerreactor,https://stackoverflow.com/questions/24127188,triggerreactor/triggerreactor/core/src/main/java/io/github/wysohn/gsoncopy/internal/bind/TypeAdapters.java,read,897,904,24127188/24127188_2_recent.java,method,1,32,CLONE,TYPE_3,899,904,23,32,0.8571,0.1765,0.1776,0.1822,0.8571,,MEDIUM,"A substantial ordered core of normalized statements was found with additions, deletions, or changes.",YES,BALANCED_TOKEN_SEQUENCE,BALANCED_TOKEN_SEQUENCE,b61807f8b8b5767748d1be90fb7d5c7aa18136c2131cefca2b98a659a896ce94,9c613d25f05a3f7b48a39ccdb5a2a629fa527c6ff199f86249eeef159d142f85,,,,
353,tsiemens,https://stackoverflow.com/questions/52144662,tsiemens/pathfinder-toolkit/pathfinder-toolkit/src/main/com/lateensoft/pathfinder/toolkit/util/FileUtils.java,isExternalStorageWritable,52,58,52144662/52144662_2_181397043.java,method,1,97,CLONE,TYPE_3,53,58,91,96,0.8571,0.0674,0.0427,0.0427,0.8571,,MEDIUM,"A substantial ordered core of normalized statements was found with additions, deletions, or changes.",YES,BALANCED_TOKEN_SEQUENCE,TOKEN_FALLBACK,65205c2515cc5fd8fb23caaad2b8c35640f4ea11ee042955a3359f2b246947bb,a0a758e1acec5e8c1d447e3e9ee771b74b0365261c507f2efafa3d7c2c5fe1b6,,,,
671,tyron12233,https://stackoverflow.com/questions/57997601,tyron12233/codeassist/build-tools/build-logic/src/main/java/com/tyron/builder/compiler/aab/AabTask.java,zipFolder,251,262,57997601/57997601_2_recent.java,method,1,22,CLONE,TYPE_3,253,262,4,13,0.8462,0.7857,0.5978,0.6067,0.8462,,MEDIUM,"A substantial ordered core of normalized statements was found with additions, deletions, or changes.",YES,BALANCED_TOKEN_SEQUENCE,BALANCED_TOKEN_SEQUENCE,545f1bdd74a86f8b7ee26ac916b49a3582e37432579ce477a30e69ba0ad5a22d,6ba8c8e8a60ee070eb2b4fc18a0d331a0fe907a54834664759a06b42f67b85dc,,,,
529,uavorg,https://stackoverflow.com/questions/3870210,uavorg/uavstack/com.creditease.uav.fastjson/src/main/java/com/alibaba/fastjson/util/AntiCollisionHashMap.java,HashIterator,705,712,3870210/3870210_4_recent.java,method,1,29,CLONE,TYPE_1,705,712,6,13,1.0000,0.2557,0.2557,0.2557,1.0000,,HIGH,A complete fragment occurs verbatim after removing comments and layout.,NO,BALANCED_TOKEN_SEQUENCE,BALANCED_TOKEN_SEQUENCE,040f958e41ed23b705ff12eb5236eaf62376dbba9421e04ba6b2518003168632,a1a6f6663976660036d12becac1cd2540321d5047a4760d7f9d574cef36c7411,CLONE,TYPE_1,,2026-07-31T07:46:30.701Z
781,ukwa,https://stackoverflow.com/questions/2275596,ukwa/webarchive-discovery/digipres-tika/src/main/java/uk/bl/wa/tika/CallableTest.java,main,40,53,2275596/2275596_2_recent.java,main,11,25,CLONE,TYPE_3,40,53,11,25,1.0000,0.9286,0.9346,0.9346,1.0000,,MEDIUM,"A substantial ordered core of normalized statements was found with additions, deletions, or changes.",YES,BALANCED_TOKEN_SEQUENCE,BALANCED_TOKEN_SEQUENCE,aadd13b17df406e15ad02a4f08065bd2a66a80add545c91ea3c1fb93a380cdae,57dfa3d9fb9df7992315acc3d71c536351a06001be8bd9e2fc2f64e8ab68eea5,,,,
191,unidata,https://stackoverflow.com/questions/6236324,unidata/idv/src/ucar/unidata/ui/JpegImagesToMovie.java,createDataSink,162,184,6236324/6236324_2_recent.java,method,1,521,NOT_CLONE,,,,,,0.8824,0.0484,0.0354,0.0372,0.8824,,MEDIUM,No Type I/II containment or substantial ordered statement core was found.,NO,BALANCED_TOKEN_SEQUENCE,TOKEN_FALLBACK,94dbb8be1daf7e896e3ed2c024d462e0858b4eca4d33b3e747f5c942b8d2354c,8bd330a5c0fec90e76e15c2fbd6c6f1bff45921151b4a65ee07ffe3c8397d904,,,,
192,unidata,https://stackoverflow.com/questions/6236324,unidata/idv/src/ucar/unidata/ui/JpegImagesToMovie.java,dataSinkUpdate,269,283,6236324/6236324_2_recent.java,method,1,521,CLONE,TYPE_1,269,283,221,235,1.0000,0.0271,0.0271,0.0271,1.0000,,HIGH,A complete fragment occurs verbatim after removing comments and layout.,NO,BALANCED_TOKEN_SEQUENCE,TOKEN_FALLBACK,09dbc236dcb90e6f881c0129b94e02fe829de801d885d25103de8c4153ca70c3,8bd330a5c0fec90e76e15c2fbd6c6f1bff45921151b4a65ee07ffe3c8397d904,CLONE,TYPE_1,,2026-07-31T07:46:39.483Z
193,unidata,https://stackoverflow.com/questions/52148106,unidata/rosetta/src/test/java/edu/ucar/unidata/rosetta/config/WebAppContext.java,jspViewResolver,30,38,52148106/52148106_4_181012547.java,method,1,13,CLONE,TYPE_3,30,38,5,13,1.0000,0.7778,0.7000,0.7288,1.0000,,MEDIUM,"A substantial ordered core of normalized statements was found with additions, deletions, or changes.",YES,BALANCED_TOKEN_SEQUENCE,BALANCED_TOKEN_SEQUENCE,f6e53ba1b95d0d4180321fcb365c7700c1981a5dc9a40dc5ad1e24cbe92cd1dd,138171008c927af08327a9ceef6bacfd9772f1248905d4ed6754ebf6aa7acb4b,,,,
102,us-cbp,https://stackoverflow.com/questions/10195366,us-cbp/gtas/gtas-parent/gtas-webapp/src/main/java/gov/gtas/controller/HomeController.java,home,29,36,10195366/10195366_2_recent.java,method,1,21,CLONE,TYPE_3,31,36,5,21,0.8571,0.4615,0.3986,0.4082,0.8571,,MEDIUM,"A substantial ordered core of normalized statements was found with additions, deletions, or changes.",YES,BALANCED_TOKEN_SEQUENCE,BALANCED_TOKEN_SEQUENCE,bc9a79f8adb0addf1f13788a6fd258559ff62fddaf0241fd2e8a310b6f3ffc0a,55731e677712f23637783e8065ec9b159d7ae850f6e8c3af573e2d4c44d951bb,,,,
398,vaadin,https://stackoverflow.com/questions/18531276,vaadin/framework/compatibility-server/src/test/java/com/vaadin/v7/data/util/BeanItemContainerGenerator.java,next,41,49,18531276/18531276_2_recent.java,method,1,59,NOT_CLONE,,,,,,0.9000,0.2045,0.1775,0.1775,0.9000,,MEDIUM,No Type I/II containment or substantial ordered statement core was found.,NO,BALANCED_TOKEN_SEQUENCE,BALANCED_TOKEN_SEQUENCE,47d62edd7a41af32da930a65c129dda62b99f08de40c027b7d3dc97fb1517c68,9781a07e7cde3a681bb916795e7d00fb7942fca8f1ea9d5e1b1ec47ce8dbf595,,,,
399,vaadin,https://stackoverflow.com/questions/18531276,vaadin/framework/uitest/src/main/java/com/vaadin/tests/util/PortableRandom.java,next,38,46,18531276/18531276_2_recent.java,method,1,59,NOT_CLONE,,,,,,0.9000,0.2045,0.1775,0.1775,0.9000,,MEDIUM,No Type I/II containment or substantial ordered statement core was found.,NO,BALANCED_TOKEN_SEQUENCE,BALANCED_TOKEN_SEQUENCE,703563231e3defae572e70e2d482ea11040f7cb13050877679081f7b1d768793,9781a07e7cde3a681bb916795e7d00fb7942fca8f1ea9d5e1b1ec47ce8dbf595,,,,
534,vespa-engine,https://stackoverflow.com/questions/36789749,vespa-engine/vespa/jdisc_core/src/main/java/com/yahoo/jdisc/client/AbstractClientApplication.java,run,31,38,36789749/36789749_6_116354184.java,method,1,22,NOT_CLONE,,,,,,1.0000,0.3478,0.3211,0.3333,1.0000,,MEDIUM,No Type I/II containment or substantial ordered statement core was found.,NO,BALANCED_TOKEN_SEQUENCE,BALANCED_TOKEN_SEQUENCE,e2ae917ca9579d42dbc4a9d84c2ad569ce2808c318de0d5794a2cf7d2c3da677,3cde6fdf9cb874ed5c4e7e7557a42ba9088e7a42779de456d570f1705ed64ed1,,,,
122,vipshop,https://stackoverflow.com/questions/64804977,vipshop/pallas/pallas-core/src/test/java/com/vip/pallas/thread/ExtendableThreadPoolExecutorTest.java,run,30,37,64804977/64804977_4_recent.java,method,1,20,NOT_CLONE,,,,,,0.8750,0.3333,0.3626,0.3778,0.8750,,MEDIUM,No Type I/II containment or substantial ordered statement core was found.,NO,BALANCED_TOKEN_SEQUENCE,BALANCED_TOKEN_SEQUENCE,c79f345f8c946d2828f721765f743b3d65b4e5abde2da677a115edeb0f85c616,fa7c2474c77529f96d418929091f6e8a17dbd03a99f03984c2dc539f4a83e723,,,,
177,vishesh,https://stackoverflow.com/questions/52144662,vishesh/sealnote/Sealnote/src/main/java/com/twistedplane/sealnote/storage/BackupUtils.java,isExternalStorageWritable,21,27,52144662/52144662_2_181397043.java,method,1,97,CLONE,TYPE_3,22,27,91,96,0.8571,0.0674,0.0427,0.0427,0.8571,,MEDIUM,"A substantial ordered core of normalized statements was found with additions, deletions, or changes.",YES,BALANCED_TOKEN_SEQUENCE,TOKEN_FALLBACK,65205c2515cc5fd8fb23caaad2b8c35640f4ea11ee042955a3359f2b246947bb,a0a758e1acec5e8c1d447e3e9ee771b74b0365261c507f2efafa3d7c2c5fe1b6,,,,
178,vishesh,https://stackoverflow.com/questions/9293885,vishesh/sealnote/Sealnote/src/main/java/com/twistedplane/sealnote/storage/BackupUtils.java,copy,42,54,9293885/9293885_2_recent.java,method,1,18,CLONE,TYPE_3,42,54,1,18,1.0000,0.5789,0.8788,0.8788,1.0000,,MEDIUM,"A substantial ordered core of normalized statements was found with additions, deletions, or changes.",YES,BALANCED_TOKEN_SEQUENCE,BALANCED_TOKEN_SEQUENCE,6a7a10d8c27517f198e345472ee6e309bfd5235fe3af71b64490b9c3d7a7cd5d,2a7bfcda094a8dd312bb8740fe545d7bdce7f2ed7470f4dafaef302a58f8d157,,,,
788,vmware,https://stackoverflow.com/questions/20680556,vmware/singleton/g11n-ws/modules/md-data-initdb/src/main/java/com/vmware/vip/initdb/utils/BundleProductUtils.java,accept,28,35,20680556/20680556_2_recent.java,accept,5,17,CLONE,TYPE_3,28,35,5,17,1.0000,0.5455,0.4355,0.4355,1.0000,,MEDIUM,"A substantial ordered core of normalized statements was found with additions, deletions, or changes.",YES,BALANCED_TOKEN_SEQUENCE,BALANCED_TOKEN_SEQUENCE,22a460459edcfb62b07d3a58f3702b0533f7d45963a795329e1896ebac2d4715,5c7c988744e5f0db9da3c7f7c2969b275cbf989c440d7f6efe1905b995afbae1,,,,
789,vmware,https://stackoverflow.com/questions/20680556,vmware/singleton/g11n-ws/modules/md-data-initdb/src/main/java/com/vmware/vip/initdb/utils/BundleProductUtils.java,accept,118,125,20680556/20680556_2_recent.java,accept,5,17,CLONE,TYPE_3,118,125,5,17,1.0000,0.5455,0.4355,0.4355,1.0000,,MEDIUM,"A substantial ordered core of normalized statements was found with additions, deletions, or changes.",YES,BALANCED_TOKEN_SEQUENCE,BALANCED_TOKEN_SEQUENCE,22a460459edcfb62b07d3a58f3702b0533f7d45963a795329e1896ebac2d4715,5c7c988744e5f0db9da3c7f7c2969b275cbf989c440d7f6efe1905b995afbae1,,,,
790,vmware,https://stackoverflow.com/questions/20680556,vmware/singleton/g11n-ws/modules/md-data-initdb/src/main/java/com/vmware/vip/initdb/utils/BundleProductUtils.java,accept,135,142,20680556/20680556_2_recent.java,accept,5,17,CLONE,TYPE_3,135,142,5,17,1.0000,0.5455,0.4355,0.4355,1.0000,,MEDIUM,"A substantial ordered core of normalized statements was found with additions, deletions, or changes.",YES,BALANCED_TOKEN_SEQUENCE,BALANCED_TOKEN_SEQUENCE,0ad42d4a7e934eb52e4e160e94100989504552c9b2a9bafe25c4a10db50bf99b,5c7c988744e5f0db9da3c7f7c2969b275cbf989c440d7f6efe1905b995afbae1,,,,
741,w3c,https://stackoverflow.com/questions/4429257,w3c/epubcheck/src/main/java/com/adobe/epubcheck/messages/LocalizedMessages.java,newBundle,176,221,4429257/4429257_2_9347476.java,newBundle,2,32,CLONE,TYPE_3,187,221,7,32,0.9286,0.9286,0.9415,0.9415,0.9286,,MEDIUM,"A substantial ordered core of normalized statements was found with additions, deletions, or changes.",YES,BALANCED_TOKEN_SEQUENCE,BALANCED_TOKEN_SEQUENCE,5ff9bef65bd7de9eb2b4ab1458d5f6a86bbbc3da195894c04f6da71e7ce71e71,c219b187dd01b975e3a79d596f983c3128f58ccf761e0fdc7fa4f3adb7546fa2,,,,
742,w3c,https://stackoverflow.com/questions/4429257,w3c/epubcheck/src/main/java/com/adobe/epubcheck/util/Messages.java,newBundle,154,199,4429257/4429257_2_9347476.java,newBundle,2,32,CLONE,TYPE_3,163,199,7,32,0.9286,0.9286,0.9415,0.9415,0.9286,,MEDIUM,"A substantial ordered core of normalized statements was found with additions, deletions, or changes.",YES,BALANCED_TOKEN_SEQUENCE,BALANCED_TOKEN_SEQUENCE,0428f184be1bf2e12efe5d6f7a989dd4fb07a1e71248c57d7167e13fbb38f3f9,c219b187dd01b975e3a79d596f983c3128f58ccf761e0fdc7fa4f3adb7546fa2,,,,
159,waikato,https://stackoverflow.com/questions/10774468,waikato/moa/moa/src/main/java/moa/classifiers/lazy/neighboursearch/NormalizableDistance.java,distance,294,359,10774468/10774468_2_recent.java,method,1,95,CLONE,TYPE_3,295,359,29,95,0.9800,0.8167,0.7948,0.7948,0.9800,,MEDIUM,"A substantial ordered core of normalized statements was found with additions, deletions, or changes.",YES,BALANCED_TOKEN_SEQUENCE,BALANCED_TOKEN_SEQUENCE,1c4e36dcd3866d935abd0fa178cab31d7a4ac587a8221b017a19ad4e9599422e,9e35989053f2b78c393b8d44a521b67ef3f11a117e544bcdd9ee1cca1d7b40cf,,,,
160,waikato,https://stackoverflow.com/questions/10774468,waikato/weka-trunk/weka/src/main/java/weka/core/NormalizableDistance.java,distance,410,477,10774468/10774468_2_recent.java,method,1,95,CLONE,TYPE_3,413,477,29,95,0.6984,0.7333,0.8045,0.8090,0.7333,,MEDIUM,"A substantial ordered core of normalized statements was found with additions, deletions, or changes.",YES,BALANCED_TOKEN_SEQUENCE,BALANCED_TOKEN_SEQUENCE,e36bece494fabac17e5365f5f295f747b601bb06d9837f744db8058d78bcc522,9e35989053f2b78c393b8d44a521b67ef3f11a117e544bcdd9ee1cca1d7b40cf,,,,
161,waikato,https://stackoverflow.com/questions/10774468,waikato/weka-3.8/weka/src/main/java/weka/core/NormalizableDistance.java,distance,410,477,10774468/10774468_2_recent.java,method,1,95,CLONE,TYPE_3,413,477,29,95,0.6984,0.7333,0.8045,0.8090,0.7333,,MEDIUM,"A substantial ordered core of normalized statements was found with additions, deletions, or changes.",YES,BALANCED_TOKEN_SEQUENCE,BALANCED_TOKEN_SEQUENCE,e36bece494fabac17e5365f5f295f747b601bb06d9837f744db8058d78bcc522,9e35989053f2b78c393b8d44a521b67ef3f11a117e544bcdd9ee1cca1d7b40cf,,,,
200,walmartlabs,https://stackoverflow.com/questions/41251473,walmartlabs/concord/client/src/main/java/com/walmartlabs/concord/client/ClientUtils.java,writeTo,240,249,41251473/41251473_6_recent.java,method,1,20,CLONE,TYPE_3,240,249,10,20,0.9000,0.4091,0.3898,0.4017,0.9000,,MEDIUM,"A substantial ordered core of normalized statements was found with additions, deletions, or changes.",YES,BALANCED_TOKEN_SEQUENCE,BALANCED_TOKEN_SEQUENCE,37363db17d7cf6bfdb8eb7049e0121ca7bd2955a4c1a4709701931b5b7794a6f,2895ef2e11b37ff63a6796e06c8a0105f729d026ccfd139d8abcb923a8f927b9,,,,
610,waylau,https://stackoverflow.com/questions/34717151,waylau/netty-4-user-guide-demos/netty4-demos/src/main/java/com/waylau/netty/demo/time/TimeServer.java,run,26,52,34717151/34717151_6_recent.java,method,1,60,NOT_CLONE,,,,,,0.8421,0.3265,0.4076,0.4192,0.8421,,MEDIUM,No Type I/II containment or substantial ordered statement core was found.,NO,BALANCED_TOKEN_SEQUENCE,BALANCED_TOKEN_SEQUENCE,29f9e80254a9e64e30e09073920fded10e37cddda0c75ccd95bc60399ef84cb6,8a238578ec0e00a03426375c0226620d4cad69049af1ab6735040ee43a7861e2,,,,
611,waylau,https://stackoverflow.com/questions/34717151,waylau/netty-4-user-guide-demos/netty4-demos/src/main/java/com/waylau/netty/demo/discard/DiscardServer.java,run,28,58,34717151/34717151_6_recent.java,method,1,60,NOT_CLONE,,,,,,0.8000,0.3265,0.4259,0.4454,0.8000,,MEDIUM,No Type I/II containment or substantial ordered statement core was found.,NO,BALANCED_TOKEN_SEQUENCE,BALANCED_TOKEN_SEQUENCE,d8428eb41eb1b2a21a9c14c86fa2557f96a0aba58046cae0fdc846d2a3819008,8a238578ec0e00a03426375c0226620d4cad69049af1ab6735040ee43a7861e2,,,,
612,waylau,https://stackoverflow.com/questions/34717151,waylau/netty-4-user-guide-demos/netty4-demos/src/main/java/com/waylau/netty/demo/pojo/TimeServer.java,run,23,50,34717151/34717151_6_recent.java,method,1,60,UNCERTAIN,,,,,,0.8000,0.3265,0.4417,0.4575,0.8000,,LOW,Similarity is suggestive but does not satisfy the conservative Type III rule.,YES,BALANCED_TOKEN_SEQUENCE,BALANCED_TOKEN_SEQUENCE,14e248ccd4794bc1ab9e1d51825aef25fb40fa9886e7b143c00fc2fb03146774,8a238578ec0e00a03426375c0226620d4cad69049af1ab6735040ee43a7861e2,,,,
5,webjournal,https://stackoverflow.com/questions/39717275,webjournal/journaldev/Android/EfficientSearch/app/src/main/java/com/journaldev/efficientsearch/ListViewAdapter.java,publishResults,144,151,39717275/39717275_2_recent.java,method,1,34,CLONE,TYPE_2,144,151,29,34,1.0000,0.1115,0.1074,0.1115,1.0000,,HIGH,A complete fragment has identical normalized syntax with consistent identifier mapping.,NO,BALANCED_TOKEN_SEQUENCE,TOKEN_FALLBACK,e5df32b1772252c663fa5379d3ddbf64c03cc125738b99f2296ade2092c6b569,10c965d34dcf68ea159a4458198fcda452a07a25d5d477f6b69696b8538c03b9,,,,
6,webjournal,https://stackoverflow.com/questions/10195366,webjournal/journaldev/Spring/Spring-Controller/src/main/java/com/journaldev/spring/controller/HomeController.java,home,14,21,10195366/10195366_2_recent.java,method,1,21,CLONE,TYPE_3,16,21,5,21,0.8571,0.4615,0.4133,0.4422,0.8571,,MEDIUM,"A substantial ordered core of normalized statements was found with additions, deletions, or changes.",YES,BALANCED_TOKEN_SEQUENCE,BALANCED_TOKEN_SEQUENCE,38fbb141db980d6e7bc5e63b7ad67458e93755e9c9b90ebf9662acfbac9a8d59,55731e677712f23637783e8065ec9b159d7ae850f6e8c3af573e2d4c44d951bb,,,,
7,webjournal,https://stackoverflow.com/questions/10195366,webjournal/journaldev/Spring/SpringMVCSecurity/src/main/java/com/journaldev/spring/controller/HomeController.java,home,22,33,10195366/10195366_2_recent.java,method,1,21,CLONE,TYPE_3,22,33,1,21,0.8750,0.5385,0.5267,0.5578,0.8750,,MEDIUM,"A substantial ordered core of normalized statements was found with additions, deletions, or changes.",YES,BALANCED_TOKEN_SEQUENCE,BALANCED_TOKEN_SEQUENCE,7382a2a0de154a2abefa3bfaf4dc41c7cda21327591ff77bddf390ae1bbf470e,55731e677712f23637783e8065ec9b159d7ae850f6e8c3af573e2d4c44d951bb,,,,
8,webjournal,https://stackoverflow.com/questions/10195366,webjournal/journaldev/Spring/SpringMVCExample/src/main/java/com/journaldev/spring/HomeController.java,home,26,38,10195366/10195366_2_recent.java,method,1,21,CLONE,TYPE_3,26,38,1,21,0.8750,0.5385,0.5369,0.5578,0.8750,,MEDIUM,"A substantial ordered core of normalized statements was found with additions, deletions, or changes.",YES,BALANCED_TOKEN_SEQUENCE,BALANCED_TOKEN_SEQUENCE,57fb414fb6b0e9c949ac184db531297d459d5526578f38d0fa9a5b6c4f6e8b17,55731e677712f23637783e8065ec9b159d7ae850f6e8c3af573e2d4c44d951bb,,,,
676,whamtet,https://stackoverflow.com/questions/10967469,whamtet/chunkmapper/src/com/chunkmapper/OpenURL.java,openWebpage,27,36,10967469/10967469_2_recent.java,method,1,20,UNCERTAIN,,,,,,0.9091,0.4545,0.5776,0.5913,0.9091,,LOW,Similarity is suggestive but does not satisfy the conservative Type III rule.,YES,BALANCED_TOKEN_SEQUENCE,BALANCED_TOKEN_SEQUENCE,5023524d54dcbc628ad7e0d816251c611623cf700151e663e438ef700a5a5973,3e7c4f1fe341b28f8fb308d941f5cb447f4d319342bdc4042123583b93fb5bde,,,,
329,wrensecurity,https://stackoverflow.com/questions/28329032,wrensecurity/wrends/opendj-server-legacy/src/test/java/org/opends/server/controls/PersistentSearchControlTest.java,run,539,545,28329032/28329032_6_147347267.java,method,1,10,CLONE,TYPE_3,539,545,2,10,1.0000,0.5000,0.2500,0.2632,1.0000,,MEDIUM,"A substantial ordered core of normalized statements was found with additions, deletions, or changes.",YES,BALANCED_TOKEN_SEQUENCE,BALANCED_TOKEN_SEQUENCE,19100b8b859e34bc06b77c1669153e415da29b3f17f9c448e6b8f7eacdf57f48,63bc67f141e9e119774b6d46b9acd4ea93d08a09f2b8f41d5321a384f31e6754,,,,
223,wso2,https://stackoverflow.com/questions/34303187,wso2/product-apim/modules/integration/tests-integration/tests-backend/src/test/java/org/wso2/am/integration/tests/ui/APIMANAGERUIIntegrationTestRunner.java,output,59,72,34303187/34303187_6_106529352.java,output,8,21,CLONE,TYPE_3,59,72,8,21,0.9333,0.9333,0.9780,0.9780,0.9333,,MEDIUM,"A substantial ordered core of normalized statements was found with additions, deletions, or changes.",YES,BALANCED_TOKEN_SEQUENCE,BALANCED_TOKEN_SEQUENCE,431fab23c8ae1c730e96ba41d5365d2a9b63c26159ec1f1ded799532bf880383,4faac27c05ed2528c82d8b9fdb4bc9bd7e547e1ebf0717e2d55ea240d326876e,,,,
331,wupeixuan,https://stackoverflow.com/questions/29866762,wupeixuan/jdksourcecode1.8/src/java/util/ComparableTimSort.java,sort,179,224,29866762/29866762_2_89013107.java,method,1,40,CLONE,TYPE_3,182,224,4,40,0.7500,0.7500,0.8510,0.8805,0.7500,,MEDIUM,"A substantial ordered core of normalized statements was found with additions, deletions, or changes.",YES,BALANCED_TOKEN_SEQUENCE,BALANCED_TOKEN_SEQUENCE,1c2e6b7fad207a73b341b48235581ded12015fae31385c8d66729b9574424255,f2d6cbd0090a5f2d602e8ecb6f9e7d1f017c9b1874ab1fd7662f6c775d2ff52c,,,,
332,wupeixuan,https://stackoverflow.com/questions/29866762,wupeixuan/jdksourcecode1.8/src/java/util/TimSort.java,sort,210,256,29866762/29866762_2_89013107.java,method,1,40,CLONE,TYPE_1,210,256,1,40,1.0000,1.0000,1.0000,1.0000,1.0000,,HIGH,A complete fragment occurs verbatim after removing comments and layout.,NO,BALANCED_TOKEN_SEQUENCE,BALANCED_TOKEN_SEQUENCE,1bba7e024cd985253d3247dd4f5cdc15ac591c639876dac78382e99978767e4a,f2d6cbd0090a5f2d602e8ecb6f9e7d1f017c9b1874ab1fd7662f6c775d2ff52c,CLONE,TYPE_1,,2026-07-31T07:46:46.399Z
333,wupeixuan,https://stackoverflow.com/questions/46830988,wupeixuan/jdksourcecode1.8/src/java/util/HashMap.java,putMapEntries,273,298,46830988/46830988_4_158689916.java,method,1,19,CLONE,TYPE_1,273,298,1,19,1.0000,1.0000,1.0000,1.0000,1.0000,,HIGH,A complete fragment occurs verbatim after removing comments and layout.,NO,BALANCED_TOKEN_SEQUENCE,BALANCED_TOKEN_SEQUENCE,0df6dfcb13082346485b3dc130136f4c38792e25e6462b09ba6572ace81163d6,73ad567e827a0c242a3d4dca670e673db9bfe0077c48eaf8d743be9a61a6bd3c,CLONE,TYPE_1,,2026-07-31T07:46:50.516Z
334,wupeixuan,https://stackoverflow.com/questions/16799135,wupeixuan/jdksourcecode1.8/src/java/util/Timer.java,sched,386,412,16799135/16799135_10_41317480.java,method,1,23,CLONE,TYPE_1,386,412,1,23,1.0000,1.0000,1.0000,1.0000,1.0000,,HIGH,A complete fragment occurs verbatim after removing comments and layout.,NO,BALANCED_TOKEN_SEQUENCE,BALANCED_TOKEN_SEQUENCE,f36958fdd4a07ffb645cd9c60ff015ef4bfd01bfd537e5f1324c8a5fa1b490b8,b12229d17fef9aacb11c9f5c8ef437018af7c1106c85e26950e4e34a497e3664,CLONE,TYPE_1,,2026-07-31T07:46:52.950Z
335,wupeixuan,https://stackoverflow.com/questions/29230939,wupeixuan/jdksourcecode1.8/src/java/util/stream/ReferencePipeline.java,flatMap,251,276,29230939/29230939_4_201996375.java,method,1,25,CLONE,TYPE_1,251,276,1,25,1.0000,1.0000,1.0000,1.0000,1.0000,,HIGH,A complete fragment occurs verbatim after removing comments and layout.,NO,BALANCED_TOKEN_SEQUENCE,BALANCED_TOKEN_SEQUENCE,5504c0b2280ba61224f7251dd25f41fa4f3a2a329339578ed29448d2a4e312d9,ccfa95fcc0ba216d9a68d4dfd1c4640497a2acf2c4f4e0febf691422e996b2c8,CLONE,TYPE_1,,2026-07-31T07:47:08.633Z
336,wupeixuan,https://stackoverflow.com/questions/29230939,wupeixuan/jdksourcecode1.8/src/java/util/stream/ReferencePipeline.java,opWrapSink,257,274,29230939/29230939_4_201996375.java,method,1,25,CLONE,TYPE_1,257,274,7,23,1.0000,0.5976,0.5976,0.5976,1.0000,,HIGH,A complete fragment occurs verbatim after removing comments and layout.,NO,BALANCED_TOKEN_SEQUENCE,BALANCED_TOKEN_SEQUENCE,c106ffb657a3ae73141345c9a384ee44ec3d615c21619f51c70e2fda29882116,ccfa95fcc0ba216d9a68d4dfd1c4640497a2acf2c4f4e0febf691422e996b2c8,CLONE,TYPE_1,,2026-07-31T07:47:13.916Z
337,wupeixuan,https://stackoverflow.com/questions/50578162,wupeixuan/jdksourcecode1.8/src/java/nio/DirectByteBuffer.java,DirectByteBuffer,117,144,50578162/50578162_2_recent.java,method,1,22,CLONE,TYPE_3,117,140,1,22,0.9167,0.9565,0.9674,0.9674,0.9565,,MEDIUM,"A substantial ordered core of normalized statements was found with additions, deletions, or changes.",YES,BALANCED_TOKEN_SEQUENCE,TOKEN_FALLBACK,3976c8c9fd91a2a3ff61f15005098fa68b51f30f08b4ce21c536f5079fe1ade2,0aede1d97bb844fb057280b72a193d2f1f68437bd90be7fc4f3123b4f7538705,,,,
338,wupeixuan,https://stackoverflow.com/questions/29330741,wupeixuan/jdksourcecode1.8/src/java/math/BigDecimal.java,divide,5229,5241,29330741/29330741_6_86929181.java,method,1,13,CLONE,TYPE_3,5230,5241,2,13,0.8571,0.8571,0.9630,0.9630,0.8571,,MEDIUM,"A substantial ordered core of normalized statements was found with additions, deletions, or changes.",YES,BALANCED_TOKEN_SEQUENCE,BALANCED_TOKEN_SEQUENCE,36bb1e471b0767e848c2679d03fa87127f228da64e78d264ac92014c1a71a189,9307832391140acf4a96db84b514584bd55eca9e37b43841df3abf69ad712e43,,,,
339,wupeixuan,https://stackoverflow.com/questions/29330741,wupeixuan/jdksourcecode1.8/src/java/math/BigDecimal.java,divide,5243,5255,29330741/29330741_6_86929181.java,method,1,13,CLONE,TYPE_1,5243,5255,1,13,1.0000,1.0000,1.0000,1.0000,1.0000,,HIGH,A complete fragment occurs verbatim after removing comments and layout.,NO,BALANCED_TOKEN_SEQUENCE,BALANCED_TOKEN_SEQUENCE,4d0557069d419a2f356c1e19658e7b2fa7e49d137f528e95ad6b23d93fec629c,9307832391140acf4a96db84b514584bd55eca9e37b43841df3abf69ad712e43,CLONE,TYPE_1,,2026-07-31T07:47:16.483Z
340,wupeixuan,https://stackoverflow.com/questions/45774144,wupeixuan/jdksourcecode1.8/src/javax/swing/plaf/metal/MetalTabbedPaneUI.java,update,719,725,45774144/45774144_4_recent.java,method,1,21,NOT_CLONE,,,,,,0.7143,0.2632,0.3929,0.4130,0.7143,,MEDIUM,No Type I/II containment or substantial ordered statement core was found.,NO,BALANCED_TOKEN_SEQUENCE,BALANCED_TOKEN_SEQUENCE,fc0f73d5228a1cfebfd6fffbddf0f51fffd35969670208dd5aad517c583cf5fe,6f2d006bf421a42f38ba5c2aab1c42442d2dbf11d8d86b7321c81057421ee7a3,,,,
341,wupeixuan,https://stackoverflow.com/questions/54119640,wupeixuan/jdksourcecode1.8/src/javax/swing/plaf/basic/BasicTableHeaderUI.java,mouseClicked,99,116,54119640/54119640_4_189259651.java,mouseClicked,10,26,CLONE,TYPE_3,99,116,10,26,0.7500,0.8571,0.8571,0.9180,0.8571,,MEDIUM,"A substantial ordered core of normalized statements was found with additions, deletions, or changes.",YES,BALANCED_TOKEN_SEQUENCE,BALANCED_TOKEN_SEQUENCE,2a6732afef0ba34061445adeaf545b78528d8ecc0eebb1f4448a9b1027c70d10,59e2ef0f2ed93467dda31ef051eea5447fd9fa51dda2896417f0139abdbef8fc,,,,
238,xdev-software,https://stackoverflow.com/questions/27437289,xdev-software/xapi/src/main/java/xdev/ui/XdevScrollPane.java,addImpl,947,957,27437289/27437289_16_106782972.java,method,1,13,CLONE,TYPE_1,947,957,7,13,1.0000,0.6944,0.6944,0.6944,1.0000,,HIGH,A complete fragment occurs verbatim after removing comments and layout.,NO,BALANCED_TOKEN_SEQUENCE,BALANCED_TOKEN_SEQUENCE,6e256d3e3ed86b3c82c147b823c3be8810139dcedf549d9f95254a9b18e9d811,08ff354c079c364cae621c4d3b136e43a5fe3a8f225858b3cbcc52fa89e994dd,CLONE,TYPE_1,,2026-07-31T07:47:18.817Z
237,xnnyygn,https://stackoverflow.com/questions/59664498,xnnyygn/xraft/xraft-kvstore/src/main/java/in/xnnyygn/xraft/kvstore/server/ServerLauncher.java,stopServer,165,171,59664498/59664498_2_recent.java,method,1,68,CLONE,TYPE_3,166,171,59,67,0.8750,0.1321,0.0735,0.0763,0.8750,,MEDIUM,"A substantial ordered core of normalized statements was found with additions, deletions, or changes.",YES,BALANCED_TOKEN_SEQUENCE,BALANCED_TOKEN_SEQUENCE,8173c6815ca95c7d9354330d75d62abb87051c1a9efc629aa9a59a2d8e59d8e7,d189ac23b570433f4a4be0e0e8d05bd0c002cd4470213fac1b803667eb5b5698,,,,
584,xuzhijvn,https://stackoverflow.com/questions/13558161,xuzhijvn/ifcs/src/test/java/ims/Test.java,run,18,28,13558161/13558161_6_32316591.java,run,82,99,CLONE,TYPE_3,20,28,83,99,0.9000,0.4737,0.3908,0.4070,0.9000,,MEDIUM,"A substantial ordered core of normalized statements was found with additions, deletions, or changes.",YES,BALANCED_TOKEN_SEQUENCE,BALANCED_TOKEN_SEQUENCE,74fac8de4578a26a7bf4fc330b5254f17bf608f9a9619ffaa22a7ba0c604b979,28c2f99bc12355f9683cd2273b83f0e2e9c8a670334741421afa43d9b7811fec,,,,
686,xwjie,https://stackoverflow.com/questions/10195366,xwjie/plmcodetemplate/javasource-springboot/src/main/java/cn/xiaowenjie/codetemplate/controllers/HomeController.java,home,29,42,10195366/10195366_2_recent.java,method,1,21,CLONE,TYPE_3,29,42,1,21,0.8750,0.5385,0.5267,0.5578,0.8750,,MEDIUM,"A substantial ordered core of normalized statements was found with additions, deletions, or changes.",YES,BALANCED_TOKEN_SEQUENCE,BALANCED_TOKEN_SEQUENCE,a16cb522c10131bae3070549bb35060742b4c75d0ee69d875943907b5bbae9e9,55731e677712f23637783e8065ec9b159d7ae850f6e8c3af573e2d4c44d951bb,,,,
687,xwjie,https://stackoverflow.com/questions/10195366,xwjie/plmcodetemplate/source/src/main/java/plm/controllers/HomeController.java,home,36,49,10195366/10195366_2_recent.java,method,1,21,CLONE,TYPE_3,36,49,1,21,0.8750,0.5385,0.5369,0.5578,0.8750,,MEDIUM,"A substantial ordered core of normalized statements was found with additions, deletions, or changes.",YES,BALANCED_TOKEN_SEQUENCE,BALANCED_TOKEN_SEQUENCE,340bdbf5a3b3f98e2ab97c37dae5dcd71bfe21b4fcdaee0d88a0bc5acb47a9e8,55731e677712f23637783e8065ec9b159d7ae850f6e8c3af573e2d4c44d951bb,,,,
509,yahoo,https://stackoverflow.com/questions/64741139,yahoo/elide/elide-model-config/src/test/java/com/yahoo/elide/modelconfig/verify/DynamicConfigVerifierTest.java,sign,117,123,64741139/64741139_2_recent.java,method,1,110,NOT_CLONE,,,,,,0.8571,0.0909,0.0920,0.0950,0.8571,,MEDIUM,No Type I/II containment or substantial ordered statement core was found.,NO,BALANCED_TOKEN_SEQUENCE,BALANCED_TOKEN_SEQUENCE,a1763f8e1e46c4d10729e371f5bd41bf43483c9f50e37bf9497d1b83ac3cb918,4dd51b0611e97bdfaf85f37ffa32b82ae38ab48594c4c0cb9e1f60d18ea2e6a4,,,,
510,yahoo,https://stackoverflow.com/questions/34174309,yahoo/elide/elide-model-config/src/test/java/com/yahoo/elide/modelconfig/verify/DynamicConfigVerifierTest.java,addFileToTarGz,138,156,34174309/34174309_2_recent.java,addFileToTar,87,115,CLONE,TYPE_3,138,156,87,115,0.8947,0.8095,0.8535,0.8896,0.8947,,MEDIUM,"A substantial ordered core of normalized statements was found with additions, deletions, or changes.",YES,BALANCED_TOKEN_SEQUENCE,BALANCED_TOKEN_SEQUENCE,04af7e96331f97b1365f32330c2f283cb77bb0c52171936a19d913eef1674576,123d353f97ce7abedba30e456321c062a930fdebe2e0accd22437b32e8b8c23b,,,,
197,yalcin-ata,https://stackoverflow.com/questions/52144662,yalcin-ata/godot-plugin-firebase/src/org/godotengine/godot/Utils.java,isExternalStorageWritable,271,278,52144662/52144662_2_181397043.java,method,1,97,CLONE,TYPE_3,272,278,91,96,0.8571,0.0674,0.0427,0.0427,0.8571,,MEDIUM,"A substantial ordered core of normalized statements was found with additions, deletions, or changes.",YES,BALANCED_TOKEN_SEQUENCE,TOKEN_FALLBACK,17745b2aae7a78769e8ea5682643156804dd0f0a9903fea44449317743b191c4,a0a758e1acec5e8c1d447e3e9ee771b74b0365261c507f2efafa3d7c2c5fe1b6,,,,
169,yangchong211,https://stackoverflow.com/questions/6788456,yangchong211/ycapptool/CommonLib/AppEncryptLib/src/main/java/com/yc/appencryptlib/AesEncryptUtils.java,decrypt,100,106,6788456/6788456_2_209269621.java,method,1,15,CLONE,TYPE_3,100,106,9,15,0.7143,0.3571,0.4571,0.5000,0.7143,,MEDIUM,"A substantial ordered core of normalized statements was found with additions, deletions, or changes.",YES,BALANCED_TOKEN_SEQUENCE,BALANCED_TOKEN_SEQUENCE,2897cfe5fc20945bcd470d00c16b0d566588f160b7b3fc0ee2b51d88f23f8b64,74f46c7469a8cac7109a15523ed82392e977e8a3cf42ee80f9b285753a74b4dd,,,,
170,yangchong211,https://stackoverflow.com/questions/6788456,yangchong211/lifehelper/CommonLib/AppEncryptLib/src/main/java/com/yc/appencryptlib/AesEncryptUtils.java,decrypt,100,106,6788456/6788456_2_209269621.java,method,1,15,CLONE,TYPE_3,100,106,9,15,0.7143,0.3571,0.4571,0.5000,0.7143,,MEDIUM,"A substantial ordered core of normalized statements was found with additions, deletions, or changes.",YES,BALANCED_TOKEN_SEQUENCE,BALANCED_TOKEN_SEQUENCE,2897cfe5fc20945bcd470d00c16b0d566588f160b7b3fc0ee2b51d88f23f8b64,74f46c7469a8cac7109a15523ed82392e977e8a3cf42ee80f9b285753a74b4dd,,,,
494,yangziwen,https://stackoverflow.com/questions/20274776,yangziwen/web-monitor/src/main/java/io/github/yangziwen/webmonitor/command/ImportDataCommand.java,blockMainThread,307,313,20274776/20274776_2_recent.java,method,1,29,NOT_CLONE,,,,,,1.0000,0.2414,0.1507,0.1586,1.0000,,MEDIUM,No Type I/II containment or substantial ordered statement core was found.,NO,BALANCED_TOKEN_SEQUENCE,BALANCED_TOKEN_SEQUENCE,21ad06a3188386d4e755293ec5f8064fd8db2c69be7e79b06962c98a03182752,6ba55751d71bed7221760a0b9460341fcff8b6245c82ecf56f57310458e27eb9,,,,
413,yangzongzhuan,https://stackoverflow.com/questions/58370217,yangzongzhuan/ruoyi-vue/ruoyi-framework/src/main/java/com/ruoyi/framework/config/ResourcesConfig.java,corsFilter,54,72,58370217/58370217_2_recent.java,method,1,45,NOT_CLONE,,,,,,0.8182,0.2500,0.2553,0.2734,0.8182,,MEDIUM,No Type I/II containment or substantial ordered statement core was found.,NO,BALANCED_TOKEN_SEQUENCE,BALANCED_TOKEN_SEQUENCE,0d5ca96a92cdd9a87d5a49af214c16564d4963d432b1ddccf10c7449be34b36c,e5d1a9afc2e2c93478994f4bf08bfa6d0f75d4850cc19d2718ea81477a23b239,,,,
208,yassirh,https://stackoverflow.com/questions/49393023,yassirh/digitalocean-swimmer/DigitalOceanSwimmer/src/main/java/android/support/v4/preference/PreferenceFragment.java,handleMessage,54,62,49393023/49393023_1_recent.java,handleMessage,20,41,CLONE,TYPE_3,54,62,20,41,0.8571,0.5455,0.3704,0.4051,0.8571,,MEDIUM,"A substantial ordered core of normalized statements was found with additions, deletions, or changes.",YES,BALANCED_TOKEN_SEQUENCE,BALANCED_TOKEN_SEQUENCE,679b106f964f64969282e89d537aac96b1a8cf94039feb1c7431820df323b5af,2d9cf6e1358b7b4224d52334a1c4de7474ce85a77494120f152286e2e3ffaf89,,,,
326,yyon,https://stackoverflow.com/questions/23916259,yyon/grapplemod/src/main/java/com/yyon/grapplinghook/utils/Vec.java,Vec,13,19,23916259/23916259_2_recent.java,method,1,25,NOT_CLONE,,,,,,0.6667,0.1818,0.1977,0.2118,0.6667,,MEDIUM,No Type I/II containment or substantial ordered statement core was found.,NO,BALANCED_TOKEN_SEQUENCE,BALANCED_TOKEN_SEQUENCE,3042fd7067e894671538070f98da394c056d17a10f7ed4bab5f5f9bc7b080612,aba08f51e26d122d794a9519fb0d008afe343351bab25c96ea2402dcaa992146,,,,
249,zelgimi,https://stackoverflow.com/questions/61391737,zelgimi/supersolarpanels/src/main/java/com/denfop/items/book/GUIBook.java,splitEqually,79,87,61391737/61391737_2_recent.java,method,1,20,UNCERTAIN,,,,,,0.7778,0.2800,0.4650,0.4650,0.7778,,LOW,Similarity is suggestive but does not satisfy the conservative Type III rule.,YES,BALANCED_TOKEN_SEQUENCE,BALANCED_TOKEN_SEQUENCE,d9a35007dc9817647d1afb3da2f89ce38fba4fdd36c97521188ac08b8291df42,1fa0faebc1a75f2c8a69b7ddd74203fc8b550c37c5024c4bdc88cb7787d9bcbe,,,,
22,zfdang,https://stackoverflow.com/questions/6788456,zfdang/asm-android-client-for-newsmth/src/com/athena/asm/util/SimpleCrypto.java,encrypt,58,64,6788456/6788456_2_209269621.java,method,1,15,CLONE,TYPE_1,58,64,1,7,1.0000,0.5000,0.5000,0.5000,1.0000,,HIGH,A complete fragment occurs verbatim after removing comments and layout.,NO,BALANCED_TOKEN_SEQUENCE,BALANCED_TOKEN_SEQUENCE,4c7414fe7b239f8d6c1284ae870318499d38429d3f91f2618f270dbd2d1561cc,74f46c7469a8cac7109a15523ed82392e977e8a3cf42ee80f9b285753a74b4dd,CLONE,TYPE_1,,2026-07-31T07:47:20.970Z
23,zfdang,https://stackoverflow.com/questions/6788456,zfdang/asm-android-client-for-newsmth/src/com/athena/asm/util/SimpleCrypto.java,decrypt,66,72,6788456/6788456_2_209269621.java,method,1,15,CLONE,TYPE_1,66,72,9,15,1.0000,0.5000,0.5000,0.5000,1.0000,,HIGH,A complete fragment occurs verbatim after removing comments and layout.,NO,BALANCED_TOKEN_SEQUENCE,BALANCED_TOKEN_SEQUENCE,e310fba8eacc7a11cac3813db2e24c4987e7bbae4c1626cad966ccb73753628f,74f46c7469a8cac7109a15523ed82392e977e8a3cf42ee80f9b285753a74b4dd,CLONE,TYPE_1,,2026-07-31T07:47:32.183Z
157,zhangkaitao,https://stackoverflow.com/questions/52148106,zhangkaitao/spring4-showcase/spring4-annotation/src/main/java/com/sishuok/spring4/MvcConfiguration.java,viewResolver,74,80,52148106/52148106_4_181012547.java,method,1,13,CLONE,TYPE_3,74,80,5,13,1.0000,0.6667,0.5500,0.5763,1.0000,,MEDIUM,"A substantial ordered core of normalized statements was found with additions, deletions, or changes.",YES,BALANCED_TOKEN_SEQUENCE,BALANCED_TOKEN_SEQUENCE,73b5e3b9dda5ba82e4b22f496e0f735b871a276d1359477ea0ba08585a796306,138171008c927af08327a9ceef6bacfd9772f1248905d4ed6754ebf6aa7acb4b,,,,
158,zhangkaitao,https://stackoverflow.com/questions/52148106,zhangkaitao/spring4-showcase/spring-mvc-test/src/main/java/com/sishuok/config/MvcConfig.java,viewResolver,26,32,52148106/52148106_4_181012547.java,method,1,13,CLONE,TYPE_3,26,32,5,13,1.0000,0.6667,0.5500,0.5763,1.0000,,MEDIUM,"A substantial ordered core of normalized statements was found with additions, deletions, or changes.",YES,BALANCED_TOKEN_SEQUENCE,BALANCED_TOKEN_SEQUENCE,73b5e3b9dda5ba82e4b22f496e0f735b871a276d1359477ea0ba08585a796306,138171008c927af08327a9ceef6bacfd9772f1248905d4ed6754ebf6aa7acb4b,,,,
719,zhaokaiqiang,https://stackoverflow.com/questions/47481521,zhaokaiqiang/jiandan/app/src/main/java/com/socks/jiandan/ui/ImageDetailActivity.java,img_has_loaded,235,242,47481521/47481521_1_recent.java,method,1,29,NOT_CLONE,,,,,,1.0000,0.2917,0.2261,0.2478,1.0000,,MEDIUM,No Type I/II containment or substantial ordered statement core was found.,NO,BALANCED_TOKEN_SEQUENCE,BALANCED_TOKEN_SEQUENCE,5adbcf8eebe82388ce18d28a77efa20357c8a41f11556cc3494a6d204d89a635,466939fe5bdaa717f6dc696948244ce8324eb69a49793b1627b60fb195627647,,,,
194,zhou-you,https://stackoverflow.com/questions/41251473,zhou-you/rxeasyhttp/rxeasyhttp/src/main/java/com/zhouyou/http/body/RequestBodyUtils.java,writeTo,55,64,41251473/41251473_6_recent.java,method,1,20,CLONE,TYPE_3,55,64,10,20,0.9000,0.4091,0.3898,0.4017,0.9000,,MEDIUM,"A substantial ordered core of normalized statements was found with additions, deletions, or changes.",YES,BALANCED_TOKEN_SEQUENCE,BALANCED_TOKEN_SEQUENCE,4bb5966947786a764cfff74b8f7263f4852bea51b7b66f96f0e20bf3ffa40e3a,2895ef2e11b37ff63a6796e06c8a0105f729d026ccfd139d8abcb923a8f927b9,,,,
1,ziliang001,https://stackoverflow.com/questions/58370217,ziliang001/etl-kettle-web/etl-kettle-admin/src/main/java/com/caixin/data/middle/etl/kettle/admin/config/GlobalCorsConfig.java,corsFilter,19,33,58370217/58370217_2_recent.java,method,1,45,NOT_CLONE,,,,,,0.8000,0.2222,0.2482,0.2482,0.8000,,MEDIUM,No Type I/II containment or substantial ordered statement core was found.,NO,BALANCED_TOKEN_SEQUENCE,BALANCED_TOKEN_SEQUENCE,425477b2ff00c685fa656ba75c926c846a254c96542f233060fcb92ffb5580b5,e5d1a9afc2e2c93478994f4bf08bfa6d0f75d4850cc19d2718ea81477a23b239,,,,
421,zitmen,https://stackoverflow.com/questions/40056844,zitmen/thunderstorm/src/main/java/cz/cuni/lf1/lge/ThunderSTORM/colocalization/CBC.java,eqCoords,140,150,40056844/40056844_2_recent.java,method,1,17,CLONE,TYPE_3,141,150,8,17,0.9231,0.6316,0.6500,0.7010,0.9231,,MEDIUM,"A substantial ordered core of normalized statements was found with additions, deletions, or changes.",YES,BALANCED_TOKEN_SEQUENCE,BALANCED_TOKEN_SEQUENCE,25eed4427fbc969167ad37dfc1fd581a778b15624844a73aa59cfcc6d82eabce,afe15d212a85e72f2d346781e044ab31cb89276f7483c6d494ca57ca860136bf,,,,
422,zitmen,https://stackoverflow.com/questions/61006461,zitmen/thunderstorm/src/main/java/cz/cuni/lf1/lge/ThunderSTORM/ImportExport/XMLImportExport.java,createNode,238,253,61006461/61006461_2_recent.java,method,1,96,CLONE,TYPE_2,238,253,36,52,1.0000,0.1667,0.1650,0.1667,1.0000,,HIGH,A complete fragment has identical normalized syntax with consistent identifier mapping.,NO,BALANCED_TOKEN_SEQUENCE,TOKEN_FALLBACK,7ad3857be1e33a57ef18d661dc425bcb207c30bc61fee05c8548920c6d0294e6,291e635c0c10e349da1f9c6190e86488836fcc7bf88d5b7f39ad7080b7671774,,,,
