No,GH Project,Link SO,GitHub Java File Path,GitHub Method Name,GitHub Start Line,GitHub End Line,Stack Overflow Java File Path,Stack Overflow Method Name,Stack Overflow Start Line,Stack Overflow End Line
787,1024-lab,https://stackoverflow.com/questions/58370217,1024-lab/smart-admin/smart-admin-api/sa-common/src/main/java/net/lab1024/sa/common/config/CorsFilterConfig.java,corsFilter,30,44,58370217/58370217_2_recent.java,method,1,45
497,abfab3d,https://stackoverflow.com/questions/21178275,abfab3d/abfab3d/src/java/abfab3d/shapejs/Project.java,extractZip,872,923,21178275/21178275_2_recent.java,method,1,55
349,actframework,https://stackoverflow.com/questions/4429257,actframework/actframework/src/main/java/act/conf/AppConfig.java,newBundle,3878,3910,4429257/4429257_2_9347476.java,newBundle,2,32
2,actiontech,https://stackoverflow.com/questions/60266789,actiontech/dble/src/main/java/com/actiontech/dble/util/HexFormatUtil.java,bytesToHexString,19,27,60266789/60266789_2_recent.java,method,1,13
614,addstarmc,https://stackoverflow.com/questions/4429257,addstarmc/minigames/Minigames/src/main/java/au/com/mineauz/minigames/managers/message/UTF8Control.java,newBundle,23,51,4429257/4429257_2_9347476.java,newBundle,2,32
555,adoptopenjdk,https://stackoverflow.com/questions/54298032,adoptopenjdk/icedtea-web/core/src/main/java/net/sourceforge/jnlp/util/docprovider/TextsProvider.java,copy,515,527,54298032/54298032_2_recent.java,copy,58,72
273,agreementmaker,https://stackoverflow.com/questions/6702420,agreementmaker/agreementmaker/projects/ui/src/main/java/am/ui/controlpanel/table/MatchersTablePanel.java,main,243,251,6702420/6702420_2_89518975.java,main,9,18
195,aicis,https://stackoverflow.com/questions/3775893,aicis/fresco/suite/spdz/src/test/java/dk/alexandra/fresco/suite/spdz/storage/InitializeStorage.java,deleteFileOrFolder,49,79,3775893/3775893_6_recent.java,method,1,25
196,aicis,https://stackoverflow.com/questions/3775893,aicis/fresco/suite/tinytables/src/test/java/dk/alexandra/fresco/suite/tinytables/TestTinyTables.java,deleteFileOrFolder,110,139,3775893/3775893_6_recent.java,method,1,25
12,aionnetwork,https://stackoverflow.com/questions/60266789,aionnetwork/aion/modPrecompiled/src/org/aion/precompiled/util/HexConvert.java,bytesToHexString,7,15,60266789/60266789_2_recent.java,method,1,13
13,aionnetwork,https://stackoverflow.com/questions/46830988,aionnetwork/aion/modUtil/src/main/java/org/aion/util/map/HashMap.java,putMapEntries,380,398,46830988/46830988_4_158689916.java,method,1,19
14,aionnetwork,https://stackoverflow.com/questions/60266789,aionnetwork/aion/modUtil/src/main/java/org/aion/util/types/HexConvert.java,bytesToHexString,7,15,60266789/60266789_2_recent.java,method,1,13
650,airlift,https://stackoverflow.com/questions/30316055,airlift/airlift/jaxrs/src/main/java/io/airlift/jaxrs/JsonMapper.java,HTMLCharacterEscapes,154,166,30316055/30316055_2_recent.java,method,1,42
217,alchitry,https://stackoverflow.com/questions/745987,alchitry/alchitry-labs/src/com/alchitry/labs/parsers/BigFunctions.java,ln,232,259,745987/745987_2_recent.java,method,1,148
429,algorithm004-01,https://stackoverflow.com/questions/62802127,algorithm004-01/algorithm004-01/Week 08/id_081/MaximalRectangle.java,largestRectangleArea,28,61,62802127/62802127_2_recent.java,method,1,39
434,alibaba,https://stackoverflow.com/questions/58370217,alibaba/spring-cloud-alibaba/spring-cloud-alibaba-examples/integrated-example/integrated-gateway/src/main/java/com/alibaba/cloud/integration/gateway/config/GatewayConfig.java,corsFilter,103,114,58370217/58370217_2_recent.java,method,1,45
435,alibaba,https://stackoverflow.com/questions/35360983,alibaba/compileflow-idea-designer/src/main/java/com/alibaba/compileflow/idea/graph/nodeview/component/ActionPanel.java,main,405,412,35360983/35360983_2_recent.java,Example,18,45
436,alibaba,https://stackoverflow.com/questions/35360983,alibaba/compileflow-idea-designer/src/main/java/com/alibaba/compileflow/idea/graph/nodeview/component/ScriptTaskParamsPanel.java,main,84,91,35360983/35360983_2_recent.java,Example,18,45
437,alibaba,https://stackoverflow.com/questions/35360983,alibaba/compileflow-idea-designer/src/main/java/com/alibaba/compileflow/idea/graph/nodeview/component/SubBpmCodeParamsPanel.java,main,105,113,35360983/35360983_2_recent.java,Example,18,45
438,alibaba,https://stackoverflow.com/questions/3870210,alibaba/mdrill/trunk/adhoc-solr/src/main/java/org/apache/solr/request/mdrill/QuickHashMap.java,HashIterator,666,673,3870210/3870210_4_recent.java,method,1,29
439,alibaba,https://stackoverflow.com/questions/10774468,alibaba/mdrill/trunk/adhoc-internal/src/main/java/weka/core/NormalizableDistance.java,distance,397,464,10774468/10774468_2_recent.java,method,1,95
440,alibaba,https://stackoverflow.com/questions/13462440,alibaba/dragonwell8/jdk/src/share/demo/jfc/SwingApplet/SwingApplet.java,init,74,91,13462440/13462440_6_32050882.java,init,30,44
441,alibaba,https://stackoverflow.com/questions/58993471,alibaba/dragonwell8/jdk/src/share/classes/sun/security/tools/keytool/Main.java,toHexString,3371,3381,58993471/58993471_2_recent.java,method,1,363
442,alibaba,https://stackoverflow.com/questions/29866762,alibaba/dragonwell8/jdk/src/share/classes/java/util/ComparableTimSort.java,sort,179,224,29866762/29866762_2_89013107.java,method,1,40
443,alibaba,https://stackoverflow.com/questions/29866762,alibaba/dragonwell8/jdk/src/share/classes/java/util/TimSort.java,sort,210,256,29866762/29866762_2_89013107.java,method,1,40
444,alibaba,https://stackoverflow.com/questions/46830988,alibaba/dragonwell8/jdk/src/share/classes/java/util/HashMap.java,putMapEntries,501,519,46830988/46830988_4_158689916.java,method,1,19
445,alibaba,https://stackoverflow.com/questions/16799135,alibaba/dragonwell8/jdk/src/share/classes/java/util/Timer.java,sched,386,412,16799135/16799135_10_41317480.java,method,1,23
446,alibaba,https://stackoverflow.com/questions/29330741,alibaba/dragonwell8/jdk/src/share/classes/java/math/BigDecimal.java,divide,5291,5303,29330741/29330741_6_86929181.java,method,1,13
447,alibaba,https://stackoverflow.com/questions/29330741,alibaba/dragonwell8/jdk/src/share/classes/java/math/BigDecimal.java,divide,5305,5317,29330741/29330741_6_86929181.java,method,1,13
448,alibaba,https://stackoverflow.com/questions/45774144,alibaba/dragonwell8/jdk/src/share/classes/javax/swing/plaf/metal/MetalTabbedPaneUI.java,update,719,725,45774144/45774144_4_recent.java,method,1,21
449,alibaba,https://stackoverflow.com/questions/54119640,alibaba/dragonwell8/jdk/src/share/classes/javax/swing/plaf/basic/BasicTableHeaderUI.java,mouseClicked,99,116,54119640/54119640_4_189259651.java,mouseClicked,10,26
450,alibaba,https://stackoverflow.com/questions/58993471,alibaba/dragonwell8/jdk/test/sun/security/pkcs11/tls/TestLeadingZeroesP11.java,toHexString,124,136,58993471/58993471_2_recent.java,method,1,363
451,alibaba,https://stackoverflow.com/questions/58993471,alibaba/dragonwell8/jdk/test/sun/security/x509/X500Name/DerValueConstructor.java,toHexString,119,131,58993471/58993471_2_recent.java,method,1,363
452,alibaba,https://stackoverflow.com/questions/64938483,alibaba/dragonwell8/jdk/test/jdk/jfr/jcmd/TestJcmdStartWithSettings.java,run,167,176,64938483/64938483_2_recent.java,method,1,68
453,alibaba,https://stackoverflow.com/questions/6702420,alibaba/dragonwell8/jdk/test/java/awt/im/6396526/IMLookAndFeel.java,main,68,76,6702420/6702420_2_89518975.java,main,9,18
454,alibaba,https://stackoverflow.com/questions/58993471,alibaba/dragonwell8/jdk/test/com/sun/crypto/provider/KeyAgreement/DHKeyAgreement2.java,toHexString,271,283,58993471/58993471_2_recent.java,method,1,363
455,alibaba,https://stackoverflow.com/questions/58993471,alibaba/dragonwell8/jdk/test/com/sun/crypto/provider/KeyAgreement/DHKeyAgreement3.java,toHexString,178,190,58993471/58993471_2_recent.java,method,1,363
456,alibaba,https://stackoverflow.com/questions/58993471,alibaba/dragonwell8/jdk/test/com/sun/crypto/provider/Cipher/Blowfish/BlowfishTestVector.java,toHexString,133,145,58993471/58993471_2_recent.java,method,1,363
457,alibaba,https://stackoverflow.com/questions/58993471,alibaba/dragonwell8/jdk/test/com/sun/crypto/provider/TLS/TestLeadingZeroes.java,toHexString,130,142,58993471/58993471_2_recent.java,method,1,363
458,alibaba,https://stackoverflow.com/questions/58617321,alibaba/dragonwell8/jdk/test/javax/imageio/plugins/bmp/BMPSubsamplingTest.java,create3ByteImage,329,342,58617321/58617321_2_recent.java,method,1,17
459,alibaba,https://stackoverflow.com/questions/58370217,alibaba/nacos/console/src/main/java/com/alibaba/nacos/console/config/ConsoleConfig.java,corsFilter,60,71,58370217/58370217_2_recent.java,method,1,45
460,alibaba,https://stackoverflow.com/questions/41842039,alibaba/atlas/atlas-gradle-plugin/dexpatch/src/main/java/com/taobao/android/tpatch/utils/PathUtils.java,decode,634,649,41842039/41842039_2_recent.java,method,1,43
461,alibaba,https://stackoverflow.com/questions/19440217,alibaba/druid/core/src/test/java/com/alibaba/druid/test/util/OracleUtilsTest.java,invoke,32,39,19440217/19440217_2_recent.java,method,1,18
462,alibaba,https://stackoverflow.com/questions/3870210,alibaba/fastjson/src/main/java/com/alibaba/fastjson/util/AntiCollisionHashMap.java,HashIterator,704,711,3870210/3870210_4_recent.java,method,1,29
463,alibaba,https://stackoverflow.com/questions/4429257,alibaba/alink/core/src/main/java/com/alibaba/alink/common/annotation/UTF8Control.java,newBundle,21,50,4429257/4429257_2_9347476.java,newBundle,2,32
400,aliview,https://stackoverflow.com/questions/6702420,aliview/aliview/src/main/java/aliview/test/CreateColorChooserDialog.java,main,44,59,6702420/6702420_2_89518975.java,main,9,18
688,aliyun,https://stackoverflow.com/questions/801987,aliyun/aliyun-odps-java-sdk/odps-sdk/odps-sdk-commons/src/main/java/com/aliyun/odps/utils/StringUtils.java,humanReadableInt,111,128,801987/801987_2_recent.java,method,1,26
103,allwefantasy,https://stackoverflow.com/questions/59664498,allwefantasy/serviceframework/serviceframework-web/src/main/java/net/csdn/modules/http/HttpServer.java,close,227,233,59664498/59664498_2_recent.java,method,1,68
3,alphaautoleak,https://stackoverflow.com/questions/25985720,alphaautoleak/zelix-injection/src/main/java/zelix/otherhacks/net/wurstclient/forge/utils/MathUtils.java,isInteger,5,13,25985720/25985720_14_recent.java,method,1,21
674,ambiverse-nlu,https://stackoverflow.com/questions/18454342,ambiverse-nlu/ambiverse-nlu/src/main/java/de/mpg/mpi_inf/ambiversenlu/nlu/ner/util/Util.java,postVisitDirectory,25,31,18454342/18454342_2_recent.java,method,1,29
727,ant-media,https://stackoverflow.com/questions/7901334,ant-media/ant-media-server/src/main/java/org/red5/server/ClientList.java,remove,63,76,7901334/7901334_2_recent.java,method,1,124
728,ant-media,https://stackoverflow.com/questions/7901334,ant-media/ant-media-server/src/main/java/org/red5/server/ClientList.java,removeReleased,101,107,7901334/7901334_2_recent.java,method,1,124
24,antonkast,https://stackoverflow.com/questions/359634,antonkast/lightzone/lightcrafts/src/com/lightcrafts/image/metadata/values/DoubleMetaValue.java,isLegalValue,147,155,359634/359634_2_recent.java,method,1,46
432,anuj-kumar-sharma,https://stackoverflow.com/questions/31386664,anuj-kumar-sharma/ds-algo/trees/Tree.java,inOrder,39,45,31386664/31386664_4_95005617.java,method,1,22
433,anuj-kumar-sharma,https://stackoverflow.com/questions/31386664,anuj-kumar-sharma/ds-algo/trees/Tree.java,postOrder,54,60,31386664/31386664_4_95005617.java,method,1,22
225,anuken,https://stackoverflow.com/questions/6711693,anuken/arc/arc-core/src/arc/util/Strings.java,formatMillis,606,619,6711693/6711693_2_recent.java,method,1,20
226,anuken,https://stackoverflow.com/questions/29866762,anuken/arc/arc-core/src/arc/struct/TimSort.java,sort,134,179,29866762/29866762_2_89013107.java,method,1,40
514,apache,https://stackoverflow.com/questions/6702420,apache/netbeans/enterprise/j2ee.ddloaders/src/org/netbeans/modules/j2ee/ddloaders/web/multiview/PagesMultiViewElement.java,run,80,86,6702420/6702420_2_89518975.java,main,9,18
515,apache,https://stackoverflow.com/questions/6702420,apache/netbeans/enterprise/j2ee.ddloaders/src/org/netbeans/modules/j2ee/ddloaders/web/multiview/ServletsMultiViewElement.java,run,84,90,6702420/6702420_2_89518975.java,main,9,18
516,apache,https://stackoverflow.com/questions/6702420,apache/netbeans/enterprise/j2ee.ddloaders/src/org/netbeans/modules/j2ee/ddloaders/web/multiview/OverviewMultiViewElement.java,run,76,82,6702420/6702420_2_89518975.java,main,9,18
517,apache,https://stackoverflow.com/questions/6702420,apache/netbeans/enterprise/j2ee.ddloaders/src/org/netbeans/modules/j2ee/ddloaders/web/multiview/ReferencesMultiViewElement.java,run,82,88,6702420/6702420_2_89518975.java,main,9,18
518,apache,https://stackoverflow.com/questions/6702420,apache/netbeans/enterprise/j2ee.ddloaders/src/org/netbeans/modules/j2ee/ddloaders/web/multiview/SecurityMultiViewElement.java,run,107,113,6702420/6702420_2_89518975.java,main,9,18
519,apache,https://stackoverflow.com/questions/6702420,apache/netbeans/enterprise/j2ee.ddloaders/src/org/netbeans/modules/j2ee/ddloaders/web/multiview/FiltersMultiViewElement.java,run,82,88,6702420/6702420_2_89518975.java,main,9,18
520,apache,https://stackoverflow.com/questions/28901180,apache/netbeans/javafx/javafx2.samples/ChartAdvancedStockLine/src/chartadvancedstockline/ChartAdvancedStockLine.java,init,56,72,28901180/28901180_2_recent.java,AnimatedChart,13,37
521,apache,https://stackoverflow.com/questions/9293885,apache/netbeans/java/form/test/qa-functional/src/org/netbeans/qa/form/VisualDevelopmentUtil.java,copy,38,50,9293885/9293885_2_recent.java,method,1,18
522,apache,https://stackoverflow.com/questions/58370217,apache/incubator-hugegraph-toolchain/hugegraph-hubble/hubble-be/src/main/java/org/apache/hugegraph/config/GlobalCorsConfig.java,corsFilter,30,44,58370217/58370217_2_recent.java,method,1,45
523,apache,https://stackoverflow.com/questions/42681543,apache/rocketmq/proxy/src/main/java/org/apache/rocketmq/proxy/remoting/protocol/http2proxy/Http2ProxyBackendHandler.java,channelRead,43,55,42681543/42681543_4_recent.java,method,1,166
524,apache,https://stackoverflow.com/questions/42681543,apache/rocketmq/proxy/src/main/java/org/apache/rocketmq/proxy/remoting/protocol/http2proxy/Http2ProxyFrontendHandler.java,channelRead,40,55,42681543/42681543_4_recent.java,method,1,166
525,apache,https://stackoverflow.com/questions/18454342,apache/iotdb/consensus/src/main/java/org/apache/iotdb/consensus/common/Utils.java,visitFile,50,57,18454342/18454342_2_recent.java,method,1,29
526,apache,https://stackoverflow.com/questions/42681543,apache/pulsar/pulsar-broker/src/test/java/org/apache/pulsar/broker/auth/PortForwarder.java,channelRead,129,144,42681543/42681543_4_recent.java,method,1,166
527,apache,https://stackoverflow.com/questions/42681543,apache/pulsar/pulsar-broker/src/test/java/org/apache/pulsar/broker/auth/PortForwarder.java,channelRead,173,185,42681543/42681543_4_recent.java,method,1,166
546,apna-college,https://stackoverflow.com/questions/46193578,apna-college/alpha/10_Backtracking/Classroom.java,printSudoku,62,69,46193578/46193578_2_recent.java,method,1,62
117,aragozin,https://stackoverflow.com/questions/61780137,aragozin/jvm-tools/bstub/src/test/java/org/gridkit/jvmtool/bstub/DummyWorker.java,run,5,13,61780137/61780137_2_recent.java,method,1,50
655,arduino,https://stackoverflow.com/questions/58346204,arduino/arduino/arduino-core/src/processing/app/legacy/PApplet.java,split,105,134,58346204/58346204_2_recent.java,method,1,103
656,arduino,https://stackoverflow.com/questions/58346204,arduino/arduino/arduino-core/src/processing/app/legacy/PApplet.java,parseInt,183,193,58346204/58346204_2_recent.java,method,1,103
712,artisynth,https://stackoverflow.com/questions/6236324,artisynth/artisynth_core/src/artisynth/core/moviemaker/MakeMovieFromData.java,doIt,77,168,6236324/6236324_2_recent.java,method,1,521
713,artisynth,https://stackoverflow.com/questions/6236324,artisynth/artisynth_core/src/artisynth/core/moviemaker/MakeMovieFromData.java,createDataSink,174,195,6236324/6236324_2_recent.java,method,1,521
714,artisynth,https://stackoverflow.com/questions/6236324,artisynth/artisynth_core/src/artisynth/core/moviemaker/MakeMovieFromData.java,dataSinkUpdate,261,275,6236324/6236324_2_recent.java,method,1,521
715,artisynth,https://stackoverflow.com/questions/6236324,artisynth/artisynth_core/src/artisynth/core/moviemaker/MakeMovieFromData.java,createMediaLocator,282,301,6236324/6236324_2_recent.java,method,1,521
716,artisynth,https://stackoverflow.com/questions/6236324,artisynth/artisynth_core/src/artisynth/core/moviemaker/MakeMovieFromData.java,read,412,459,6236324/6236324_2_recent.java,method,1,521
717,artisynth,https://stackoverflow.com/questions/6236324,artisynth/artisynth_core/src/artisynth/core/moviemaker/MakeMovieFromData.java,ImageSourceStream,389,399,6236324/6236324_2_recent.java,method,1,521
355,asolarlez,https://stackoverflow.com/questions/1520212,asolarlez/sketch-frontend/src/main/java/sketch/compiler/solvers/parallel/WilcoxonStrategy.java,shuffleArray,55,64,1520212/1520212_2_recent.java,shuffleArray,19,31
408,asystat,https://stackoverflow.com/questions/6702420,asystat/final-android-resizer/src/FinalResizer.java,main,31,39,6702420/6702420_2_89518975.java,main,9,18
793,atilika,https://stackoverflow.com/questions/35057638,atilika/kuromoji/kuromoji-benchmark/src/main/java/com/atilika/kuromoji/benchmark/UserDictionaryConverter.java,escape,77,83,35057638/35057638_2_109493925.java,method,1,16
118,atjiu,https://stackoverflow.com/questions/41471859,atjiu/pybbs/src/main/java/co/yiiu/pybbs/util/bcrypt/BCryptPasswordEncoder.java,encode,63,75,41471859/41471859_4_135239059.java,method,1,15
39,aws,https://stackoverflow.com/questions/32855556,aws/amazon-redshift-jdbc-driver/src/main/java/com/amazon/redshift/util/JdbcBlackHole.java,close,14,22,32855556/32855556_4_100737457.java,method,1,12
552,azure,https://stackoverflow.com/questions/30942772,azure/azure-sdk-for-java/sdk/cosmos/azure-cosmos/src/main/java/com/azure/cosmos/implementation/guava25/base/Splitter.java,computeNext,533,597,30942772/30942772_4_recent.java,method,1,62
553,azure,https://stackoverflow.com/questions/32365355,azure/azure-sdk-for-java/sdk/cosmos/azure-cosmos/src/test/java/com/azure/cosmos/implementation/directconnectivity/ConsistencyWriterTest.java,run,184,191,32365355/32365355_2_recent.java,main,8,71
554,azure,https://stackoverflow.com/questions/32365355,azure/azure-sdk-for-java/sdk/cosmos/azure-cosmos/src/test/java/com/azure/cosmos/implementation/directconnectivity/StoreReaderTest.java,run,80,87,32365355/32365355_2_recent.java,main,8,71
231,ballerina-platform,https://stackoverflow.com/questions/18454342,ballerina-platform/ballerina-lang/cli/ballerina-cli/src/main/java/io/ballerina/cli/launcher/util/BFileUtil.java,visitFile,94,100,18454342/18454342_2_recent.java,method,1,29
232,ballerina-platform,https://stackoverflow.com/questions/18454342,ballerina-platform/ballerina-lang/tests/ballerina-test-utils/src/main/java/org/ballerinalang/test/util/BFileUtil.java,visitFile,101,107,18454342/18454342_2_recent.java,method,1,29
536,barchart,https://stackoverflow.com/questions/58993471,barchart/barchart-udt/barchart-udt-reference-jdk6/src/main/java/sun/security/tools/KeyTool.java,toHexString,2383,2393,58993471/58993471_2_recent.java,method,1,363
569,bazelbuild,https://stackoverflow.com/questions/63342907,bazelbuild/bazel/src/tools/android/java/com/google/devtools/build/android/desugar/io/HeaderClassLoader.java,visit,94,104,63342907/63342907_2_recent.java,method,1,43
570,bazelbuild,https://stackoverflow.com/questions/54298032,bazelbuild/bazel/src/main/java/com/google/devtools/build/lib/vfs/FileSystemUtils.java,copyLargeBuffer,413,425,54298032/54298032_2_190009745.java,copy,52,65
556,bcgit,https://stackoverflow.com/questions/40056844,bcgit/bc-java/core/src/test/java/org/bouncycastle/asn1/test/OCSPTest.java,isSameAs,75,93,40056844/40056844_2_recent.java,method,1,17
557,bcgit,https://stackoverflow.com/questions/40056844,bcgit/bc-java/core/src/test/java/org/bouncycastle/crypto/test/PKCS12Test.java,isEqual,25,43,40056844/40056844_2_recent.java,method,1,17
558,bcgit,https://stackoverflow.com/questions/40056844,bcgit/bc-java/util/src/test/java/org/bouncycastle/asn1/smime/test/SMIMETest.java,isSameAs,25,43,40056844/40056844_2_recent.java,method,1,17
559,bcgit,https://stackoverflow.com/questions/40056844,bcgit/bc-java/util/src/test/java/org/bouncycastle/asn1/cms/test/CMSTest.java,isSameAs,125,143,40056844/40056844_2_recent.java,method,1,17
560,bcgit,https://stackoverflow.com/questions/40056844,bcgit/bc-java/prov/src/test/jdk1.3/org/bouncycastle/jce/provider/test/PSSTest.java,arrayEquals,41,59,40056844/40056844_2_recent.java,method,1,17
561,bcgit,https://stackoverflow.com/questions/40056844,bcgit/bc-java/prov/src/test/java/org/bouncycastle/jce/provider/test/PSSTest.java,arrayEquals,50,68,40056844/40056844_2_recent.java,method,1,17
562,bcgit,https://stackoverflow.com/questions/40056844,bcgit/bc-java/prov/src/test/java/org/bouncycastle/jce/provider/test/FIPSDESTest.java,equalArray,57,75,40056844/40056844_2_recent.java,method,1,17
563,bcgit,https://stackoverflow.com/questions/40056844,bcgit/bc-java/prov/src/test/java/org/bouncycastle/jce/provider/test/DESedeTest.java,equalArray,82,100,40056844/40056844_2_recent.java,method,1,17
564,bcgit,https://stackoverflow.com/questions/40056844,bcgit/bc-java/prov/src/test/jdk1.1/org/bouncycastle/jce/provider/test/RSATest.java,arrayEquals,53,71,40056844/40056844_2_recent.java,method,1,17
565,bcgit,https://stackoverflow.com/questions/40056844,bcgit/bc-java/prov/src/test/jdk1.4/org/bouncycastle/jce/provider/test/ECIESTest.java,sameAs,39,57,40056844/40056844_2_recent.java,method,1,17
566,bcgit,https://stackoverflow.com/questions/40056844,bcgit/bc-java/prov/src/test/jdk1.4/org/bouncycastle/jce/provider/test/DHTest.java,arrayEquals,478,496,40056844/40056844_2_recent.java,method,1,17
567,bcgit,https://stackoverflow.com/questions/40056844,bcgit/bc-java/prov/src/test/jdk1.4/org/bouncycastle/jce/provider/test/PSSTest.java,arrayEquals,44,62,40056844/40056844_2_recent.java,method,1,17
531,bluesoft-rnd,https://stackoverflow.com/questions/138950,bluesoft-rnd/aperte-workflow-core/core/editor/src/main/java/org/aperteworkflow/editor/actioneditor/EncodingFilter.java,doFilter,23,40,138950/138950_6_recent.java,doFilter,15,28
484,boecker-lab,https://stackoverflow.com/questions/12981202,boecker-lab/sirius/sirius_cli/src/main/java/de/unijena/bioinf/ms/frontend/core/PasswordCrypter.java,encrypt,58,64,12981202/12981202_2_recent.java,method,1,186
485,boecker-lab,https://stackoverflow.com/questions/12981202,boecker-lab/sirius/sirius_cli/src/main/java/de/unijena/bioinf/ms/frontend/core/PasswordCrypter.java,decrypt,70,76,12981202/12981202_2_recent.java,method,1,186
430,bookdash,https://stackoverflow.com/questions/54298032,bookdash/bookdash-android-app/app/src/main/java/org/bookdash/android/data/utils/ZipManager.java,copy,80,93,54298032/54298032_2_recent.java,copy,58,72
156,bramp,https://stackoverflow.com/questions/31764338,bramp/ffmpeg-cli-wrapper/src/main/java/net/bramp/commons/lang3/math/gson/FractionAdapter.java,write,66,73,31764338/31764338_6_96458495.java,write,15,24
508,breznak,https://stackoverflow.com/questions/16540679,breznak/opends-oss/src/eu/opends/settingsController/ConnectionHandler.java,loadXMLFromString,79,85,16540679/16540679_1_64924359.java,method,1,26
110,bumptech,https://stackoverflow.com/questions/33561612,bumptech/glide/instrumentation/src/androidTest/java/com/bumptech/glide/CachingTest.java,run,339,346,33561612/33561612_2_recent.java,method,1,33
591,bwssytems,https://stackoverflow.com/questions/12981202,bwssytems/ha-bridge/src/main/java/com/bwssystems/HABridge/BridgeSecurity.java,encrypt,404,410,12981202/12981202_2_recent.java,method,1,186
592,bwssytems,https://stackoverflow.com/questions/12981202,bwssytems/ha-bridge/src/main/java/com/bwssystems/HABridge/BridgeSecurity.java,decrypt,416,422,12981202/12981202_2_recent.java,method,1,186
115,camunda-community-hub,https://stackoverflow.com/questions/59430454,camunda-community-hub/camunda-8-lowcode-ui-template/src/main/java/org/example/camunda/process/solution/ProcessApplication.java,swaggerOpenAPI,22,33,59430454/59430454_2_recent.java,method,1,72
285,camunda-consulting,https://stackoverflow.com/questions/15160629,camunda-consulting/camunda-7-code-examples/snippets/camunda-migration-examples/src/test/java/org/camunda/ProcessScenarioTest.java,testHappyPath,49,68,15160629/15160629_2_recent.java,method,1,25
286,camunda-consulting,https://stackoverflow.com/questions/15160629,camunda-consulting/camunda-7-code-examples/snippets/auto-tenant-generator/dynamo/src/test/java/com/camunda/poc/demo/ProcessUnitTest.java,testHappyPath,50,77,15160629/15160629_2_recent.java,method,1,25
287,camunda-consulting,https://stackoverflow.com/questions/15160629,camunda-consulting/camunda-7-code-examples/snippets/auto-tenant-generator/dynamo/src/test/java/com/camunda/poc/demo/ProcessScenarioTest.java,testHappyPath,44,63,15160629/15160629_2_recent.java,method,1,25
288,camunda-consulting,https://stackoverflow.com/questions/15160629,camunda-consulting/camunda-7-code-examples/snippets/test-delegate-createinstances/src/test/java/org/camunda/bpm/ProcessScenarioTest.java,testHappyPath,49,68,15160629/15160629_2_recent.java,method,1,25
289,camunda-consulting,https://stackoverflow.com/questions/56259221,camunda-consulting/camunda-7-code-examples/one-time-examples/fitnesse-dmn/camunda-dmn-fitnesse-fixture/src/main/java/com/camunda/demo/dmntraining/taskrouting/fitnesse/SysoutClasspath.java,main,8,18,56259221/56259221_5_recent.java,method,1,13
290,camunda-consulting,https://stackoverflow.com/questions/15160629,camunda-consulting/code/snippets/camunda-migration-examples/src/test/java/org/camunda/ProcessScenarioTest.java,testHappyPath,49,68,15160629/15160629_2_recent.java,method,1,25
291,camunda-consulting,https://stackoverflow.com/questions/15160629,camunda-consulting/code/snippets/auto-tenant-generator/dynamo/src/test/java/com/camunda/poc/demo/ProcessUnitTest.java,testHappyPath,50,77,15160629/15160629_2_recent.java,method,1,25
292,camunda-consulting,https://stackoverflow.com/questions/15160629,camunda-consulting/code/snippets/auto-tenant-generator/dynamo/src/test/java/com/camunda/poc/demo/ProcessScenarioTest.java,testHappyPath,44,63,15160629/15160629_2_recent.java,method,1,25
293,camunda-consulting,https://stackoverflow.com/questions/15160629,camunda-consulting/code/snippets/test-delegate-createinstances/src/test/java/org/camunda/bpm/ProcessScenarioTest.java,testHappyPath,49,68,15160629/15160629_2_recent.java,method,1,25
294,camunda-consulting,https://stackoverflow.com/questions/56259221,camunda-consulting/code/one-time-examples/fitnesse-dmn/camunda-dmn-fitnesse-fixture/src/main/java/com/camunda/demo/dmntraining/taskrouting/fitnesse/SysoutClasspath.java,main,8,18,56259221/56259221_5_recent.java,method,1,13
682,carlspring,https://stackoverflow.com/questions/18454342,carlspring/s3fs-nio/src/test/java/org/carlspring/cloud/storage/s3fs/util/S3ClientMock.java,postVisitDirectory,158,169,18454342/18454342_2_recent.java,method,1,29
414,ccrama,https://stackoverflow.com/questions/27436796,ccrama/slide/app/src/main/java/me/ccrama/redditslide/util/DrawableUtil.java,drawCanvas,44,50,27436796/27436796_2_recent.java,method,1,69
396,changmingxie,https://stackoverflow.com/questions/58370217,changmingxie/tcc-transaction/tcc-transaction-dashboard/src/main/java/org/mengyun/tcctransaction/dashboard/security/SecurityConfig.java,corsFilter,90,101,58370217/58370217_2_recent.java,method,1,45
93,chatty,https://stackoverflow.com/questions/45262825,chatty/chatty/src/chatty/util/commands/Calc.java,eval,89,206,45262825/45262825_4_recent.java,method,1,124
94,chatty,https://stackoverflow.com/questions/45262825,chatty/chatty/src/chatty/util/commands/Calc.java,parseFactor,155,204,45262825/45262825_4_recent.java,method,1,124
314,chrislacy,https://stackoverflow.com/questions/9293885,chrislacy/tweetlanes/android/app/src/main/java/com/tweetlanes/android/core/view/ImageViewActivity.java,copy,184,196,9293885/9293885_2_recent.java,method,1,18
472,ciallo-dev,https://stackoverflow.com/questions/25985720,ciallo-dev/zelix-injection/src/main/java/zelix/otherhacks/net/wurstclient/forge/utils/MathUtils.java,isInteger,5,13,25985720/25985720_14_recent.java,method,1,21
104,citybench,https://stackoverflow.com/questions/12738229,citybench/benchmark/src/org/insight_centre/aceis/utils/MapUtils.java,sortByValue2,51,65,12738229/12738229_2_30063703.java,sortByValue,5,21
493,cityzenapp,https://stackoverflow.com/questions/60128473,cityzenapp/androidapp/CityZenApp/app/src/main/java/com/cityzen/cityzen/Models/DeviceLocationData.java,writeToParcel,47,53,60128473/60128473_8_recent.java,method,1,122
168,clouway,https://stackoverflow.com/questions/59664498,clouway/oauth2-server/oauth2-example-app/src/main/java/com/clouway/oauth2/app/AppServer.java,run,44,51,59664498/59664498_2_recent.java,method,1,68
203,code4craft,https://stackoverflow.com/questions/31868761,code4craft/jsoup-learning/src/main/java/org/jsoup/helper/HttpConnection.java,data,115,126,31868761/31868761_4_96856276.java,method,1,12
504,controlsfx,https://stackoverflow.com/questions/54491401,controlsfx/controlsfx/controlsfx-samples/src/main/java/org/controlsfx/samples/tablefilter/TableFilterMemoryTest.java,start,68,74,54491401/54491401_2_190812542.java,start,21,65
774,controlsystemstudio,https://stackoverflow.com/questions/32164598,controlsystemstudio/phoebus/app/logbook/olog/ui/src/main/java/org/phoebus/logbook/olog/ui/write/LogPropertiesEditorController.java,startEdit,376,382,32164598/32164598_8_recent.java,method,1,15
605,conventions,https://stackoverflow.com/questions/4429257,conventions/core/src/main/java/org/conventionsframework/util/ResourceBundle.java,newBundle,93,124,4429257/4429257_2_9347476.java,newBundle,2,32
87,convertapi,https://stackoverflow.com/questions/41251473,convertapi/convertapi-java/src/main/java/com/convertapi/client/RequestBodyStream.java,writeTo,31,40,41251473/41251473_6_recent.java,method,1,20
45,corretto,https://stackoverflow.com/questions/13462440,corretto/corretto-8/jdk/src/share/demo/jfc/SwingApplet/SwingApplet.java,init,74,91,13462440/13462440_6_32050882.java,init,30,44
46,corretto,https://stackoverflow.com/questions/58993471,corretto/corretto-8/jdk/src/share/classes/sun/security/tools/keytool/Main.java,toHexString,3371,3381,58993471/58993471_2_recent.java,method,1,363
47,corretto,https://stackoverflow.com/questions/29866762,corretto/corretto-8/jdk/src/share/classes/java/util/ComparableTimSort.java,sort,179,224,29866762/29866762_2_89013107.java,method,1,40
48,corretto,https://stackoverflow.com/questions/29866762,corretto/corretto-8/jdk/src/share/classes/java/util/TimSort.java,sort,210,256,29866762/29866762_2_89013107.java,method,1,40
49,corretto,https://stackoverflow.com/questions/46830988,corretto/corretto-8/jdk/src/share/classes/java/util/HashMap.java,putMapEntries,501,519,46830988/46830988_4_158689916.java,method,1,19
50,corretto,https://stackoverflow.com/questions/16799135,corretto/corretto-8/jdk/src/share/classes/java/util/Timer.java,sched,386,412,16799135/16799135_10_41317480.java,method,1,23
51,corretto,https://stackoverflow.com/questions/29330741,corretto/corretto-8/jdk/src/share/classes/java/math/BigDecimal.java,divide,5291,5303,29330741/29330741_6_86929181.java,method,1,13
52,corretto,https://stackoverflow.com/questions/29330741,corretto/corretto-8/jdk/src/share/classes/java/math/BigDecimal.java,divide,5305,5317,29330741/29330741_6_86929181.java,method,1,13
53,corretto,https://stackoverflow.com/questions/45774144,corretto/corretto-8/jdk/src/share/classes/javax/swing/plaf/metal/MetalTabbedPaneUI.java,update,719,725,45774144/45774144_4_recent.java,method,1,21
54,corretto,https://stackoverflow.com/questions/54119640,corretto/corretto-8/jdk/src/share/classes/javax/swing/plaf/basic/BasicTableHeaderUI.java,mouseClicked,99,116,54119640/54119640_4_189259651.java,mouseClicked,10,26
55,corretto,https://stackoverflow.com/questions/58993471,corretto/corretto-8/jdk/test/sun/security/pkcs11/tls/TestLeadingZeroesP11.java,toHexString,124,136,58993471/58993471_2_recent.java,method,1,363
56,corretto,https://stackoverflow.com/questions/58993471,corretto/corretto-8/jdk/test/sun/security/x509/X500Name/DerValueConstructor.java,toHexString,119,131,58993471/58993471_2_recent.java,method,1,363
57,corretto,https://stackoverflow.com/questions/64938483,corretto/corretto-8/jdk/test/jdk/jfr/jcmd/TestJcmdStartWithSettings.java,run,167,176,64938483/64938483_2_recent.java,method,1,68
58,corretto,https://stackoverflow.com/questions/6702420,corretto/corretto-8/jdk/test/java/awt/im/6396526/IMLookAndFeel.java,main,68,76,6702420/6702420_2_89518975.java,main,9,18
59,corretto,https://stackoverflow.com/questions/58993471,corretto/corretto-8/jdk/test/com/sun/crypto/provider/KeyAgreement/DHKeyAgreement2.java,toHexString,271,283,58993471/58993471_2_recent.java,method,1,363
60,corretto,https://stackoverflow.com/questions/58993471,corretto/corretto-8/jdk/test/com/sun/crypto/provider/KeyAgreement/DHKeyAgreement3.java,toHexString,178,190,58993471/58993471_2_recent.java,method,1,363
61,corretto,https://stackoverflow.com/questions/58993471,corretto/corretto-8/jdk/test/com/sun/crypto/provider/Cipher/Blowfish/BlowfishTestVector.java,toHexString,133,145,58993471/58993471_2_recent.java,method,1,363
62,corretto,https://stackoverflow.com/questions/58993471,corretto/corretto-8/jdk/test/com/sun/crypto/provider/TLS/TestLeadingZeroes.java,toHexString,130,142,58993471/58993471_2_recent.java,method,1,363
63,corretto,https://stackoverflow.com/questions/58617321,corretto/corretto-8/jdk/test/javax/imageio/plugins/bmp/BMPSubsamplingTest.java,create3ByteImage,329,342,58617321/58617321_2_recent.java,method,1,17
64,corretto,https://stackoverflow.com/questions/45774144,corretto/corretto-11/src/java.desktop/share/classes/javax/swing/plaf/metal/MetalTabbedPaneUI.java,update,809,815,45774144/45774144_4_recent.java,method,1,21
65,corretto,https://stackoverflow.com/questions/58993471,corretto/corretto-11/src/java.base/share/classes/sun/security/tools/keytool/Main.java,toHexString,3720,3730,58993471/58993471_2_recent.java,method,1,363
66,corretto,https://stackoverflow.com/questions/29866762,corretto/corretto-11/src/java.base/share/classes/java/util/ComparableTimSort.java,sort,179,224,29866762/29866762_2_89013107.java,method,1,40
67,corretto,https://stackoverflow.com/questions/29866762,corretto/corretto-11/src/java.base/share/classes/java/util/TimSort.java,sort,210,256,29866762/29866762_2_89013107.java,method,1,40
68,corretto,https://stackoverflow.com/questions/46830988,corretto/corretto-11/src/java.base/share/classes/java/util/HashMap.java,putMapEntries,496,514,46830988/46830988_4_158689916.java,method,1,19
69,corretto,https://stackoverflow.com/questions/62919983,corretto/corretto-11/src/java.base/share/classes/java/util/Random.java,seedUniquifier,108,117,62919983/62919983_2_recent.java,method,1,17
70,corretto,https://stackoverflow.com/questions/16799135,corretto/corretto-11/src/java.base/share/classes/java/util/Timer.java,sched,387,413,16799135/16799135_10_41317480.java,method,1,23
71,corretto,https://stackoverflow.com/questions/29330741,corretto/corretto-11/src/java.base/share/classes/java/math/BigDecimal.java,divide,5731,5743,29330741/29330741_6_86929181.java,method,1,13
72,corretto,https://stackoverflow.com/questions/29330741,corretto/corretto-11/src/java.base/share/classes/java/math/BigDecimal.java,divide,5745,5757,29330741/29330741_6_86929181.java,method,1,13
73,corretto,https://stackoverflow.com/questions/58993471,corretto/corretto-11/test/jdk/sun/security/pkcs11/PKCS11Test.java,byte2hex,126,133,58993471/58993471_2_recent.java,method,1,363
74,corretto,https://stackoverflow.com/questions/58993471,corretto/corretto-11/test/jdk/sun/security/pkcs11/PKCS11Test.java,toHexString,134,146,58993471/58993471_2_recent.java,method,1,363
75,corretto,https://stackoverflow.com/questions/58993471,corretto/corretto-11/test/jdk/sun/security/x509/X500Name/DerValueConstructor.java,toHexString,121,133,58993471/58993471_2_recent.java,method,1,363
76,corretto,https://stackoverflow.com/questions/64938483,corretto/corretto-11/test/jdk/jdk/jfr/jcmd/TestJcmdStartWithSettings.java,run,167,176,64938483/64938483_2_recent.java,method,1,68
77,corretto,https://stackoverflow.com/questions/6702420,corretto/corretto-11/test/jdk/java/awt/im/6396526/IMLookAndFeel.java,main,69,77,6702420/6702420_2_89518975.java,main,9,18
78,corretto,https://stackoverflow.com/questions/58993471,corretto/corretto-11/test/jdk/com/sun/crypto/provider/KeyAgreement/DHKeyAgreementPadding.java,toHexString,89,99,58993471/58993471_2_recent.java,method,1,363
79,corretto,https://stackoverflow.com/questions/58993471,corretto/corretto-11/test/jdk/com/sun/crypto/provider/KeyAgreement/DHKeyAgreement2.java,toHexString,268,280,58993471/58993471_2_recent.java,method,1,363
80,corretto,https://stackoverflow.com/questions/58993471,corretto/corretto-11/test/jdk/com/sun/crypto/provider/KeyAgreement/DHKeyAgreement3.java,toHexString,173,185,58993471/58993471_2_recent.java,method,1,363
81,corretto,https://stackoverflow.com/questions/58993471,corretto/corretto-11/test/jdk/com/sun/crypto/provider/Cipher/Blowfish/BlowfishTestVector.java,toHexString,131,143,58993471/58993471_2_recent.java,method,1,363
82,corretto,https://stackoverflow.com/questions/58993471,corretto/corretto-11/test/jdk/com/sun/crypto/provider/TLS/TestLeadingZeroes.java,toHexString,125,137,58993471/58993471_2_recent.java,method,1,363
83,corretto,https://stackoverflow.com/questions/1520212,corretto/corretto-11/test/jdk/javax/net/ssl/DTLS/DTLSSequenceNumberTest.java,shuffleArray,177,185,1520212/1520212_2_recent.java,shuffleArray,19,31
84,corretto,https://stackoverflow.com/questions/58617321,corretto/corretto-11/test/jdk/javax/imageio/plugins/bmp/BMPSubsamplingTest.java,create3ByteImage,329,342,58617321/58617321_2_recent.java,method,1,17
209,cplutte,https://stackoverflow.com/questions/13329885,cplutte/bts/org.bbaw.bts.ui.main/src/org/bbaw/bts/ui/main/wizards/newProject/ProjectCollectionPage.java,createTableViewerColumn,204,213,13329885/13329885_2_recent.java,method,1,154
345,crazyhitty,https://stackoverflow.com/questions/9109728,crazyhitty/munch/mindb/src/main/java/com/crazyhitty/chdev/ks/mindb/DatabaseHelper.java,copyDataBase,56,68,9109728/9109728_6_recent.java,copyDataBase,43,54
346,crazyhitty,https://stackoverflow.com/questions/9109728,crazyhitty/munch/mindb/src/main/java/com/crazyhitty/chdev/ks/mindb/DatabaseAdapter.java,createDatabase,24,32,9109728/9109728_8_133022768.java,createDatabase,18,30
328,cruxframework,https://stackoverflow.com/questions/41225553,cruxframework/crux/crux-dev/src/main/java/org/cruxframework/crux/core/declarativeui/ViewProcessor.java,resolveEntity,257,268,41225553/41225553_2_recent.java,method,1,34
186,cryptoguardoss,https://stackoverflow.com/questions/30952083,cryptoguardoss/cryptoguard/src/main/java/util/Utils.java,listf,1209,1222,30952083/30952083_2_93280714.java,method,1,31
653,ctripcorp,https://stackoverflow.com/questions/59664498,ctripcorp/x-pipe/redis/redis-core/src/test/java/com/ctrip/xpipe/redis/core/client/AsyncNettyClientTest.java,run,133,140,59664498/59664498_2_recent.java,method,1,68
582,cymcsg,https://stackoverflow.com/questions/20276324,cymcsg/ultimateandroid/deprecated/UltimateAndroidGradle/demoofui/src/main/java/com/marshalchen/common/demoofui/jsoup/UtilsDemoActivity.java,doInBackground,42,53,20276324/20276324_2_recent.java,method,1,12
236,cyriux,https://stackoverflow.com/questions/9293885,cyriux/mpcmaid/MpcMaid/src/com/mpcmaid/gui/Utils.java,copy,94,106,9293885/9293885_2_recent.java,method,1,18
665,daliyan,https://stackoverflow.com/questions/6788456,daliyan/mykeep/app/src/main/java/akiyama/mykeep/util/AESUtils.java,encrypt,44,50,6788456/6788456_2_209269621.java,method,1,15
666,daliyan,https://stackoverflow.com/questions/6788456,daliyan/mykeep/app/src/main/java/akiyama/mykeep/util/AESUtils.java,decrypt,52,59,6788456/6788456_2_209269621.java,method,1,15
19,datastax,https://stackoverflow.com/questions/18454342,datastax/dsbulk/tests/src/main/java/com/datastax/oss/dsbulk/tests/utils/FileUtils.java,postVisitDirectory,101,112,18454342/18454342_2_recent.java,method,1,29
427,davidwhitlock,https://stackoverflow.com/questions/29548090,davidwhitlock/portlandstatejava/projects-parent/projects/src/main/java/edu/pdx/cs410J/AbstractLRUMap.java,putAll,62,74,29548090/29548090_4_recent.java,method,1,78
406,daxiak,https://stackoverflow.com/questions/9293885,daxiak/mydiary/app/src/main/java/com/kiminonawa/mydiary/shared/FileManager.java,copy,268,280,9293885/9293885_2_recent.java,method,1,18
407,daxiak,https://stackoverflow.com/questions/30321780,daxiak/mydiary/app/src/main/java/com/kiminonawa/mydiary/entries/DiaryActivity.java,initGoogleAPi,194,202,30321780/30321780_2_recent.java,method,1,19
667,deeplearning4j,https://stackoverflow.com/questions/12738229,deeplearning4j/deeplearning4j/deeplearning4j/deeplearning4j-modelimport/src/main/java/org/deeplearning4j/nn/modelimport/keras/preprocessing/text/KerasTokenizer.java,reverseSortByValues,227,241,12738229/12738229_2_30063703.java,sortByValue,5,21
668,deeplearning4j,https://stackoverflow.com/questions/453067,deeplearning4j/deeplearning4j/nd4j/nd4j-common/src/main/java/org/nd4j/common/util/InputStreamUtil.java,countLines,36,56,453067/453067_2_recent.java,method,1,20
343,dengsinkiang,https://stackoverflow.com/questions/58370217,dengsinkiang/sk-admin/sk-system/src/main/java/com/dxj/config/ConfigurerAdapter.java,corsFilter,29,39,58370217/58370217_2_recent.java,method,1,45
119,denzilferreira,https://stackoverflow.com/questions/6788456,denzilferreira/aware-client/aware-core/src/main/java/com/aware/utils/Encrypter.java,encrypt,235,241,6788456/6788456_2_209269621.java,method,1,15
120,denzilferreira,https://stackoverflow.com/questions/6788456,denzilferreira/aware-client/aware-core/src/main/java/com/aware/utils/Encrypter.java,decrypt,243,249,6788456/6788456_2_209269621.java,method,1,15
266,devil-chen,https://stackoverflow.com/questions/52144662,devil-chen/dvmediaselector/library/src/main/java/com/devil/library/camera/util/FileUtil.java,isExternalStorageWritable,63,69,52144662/52144662_2_181397043.java,method,1,97
41,devs-immortal,https://stackoverflow.com/questions/65112087,devs-immortal/the-aether/src/main/java/net/id/paradiselost/util/UncheckedWriter.java,close,16,23,65112087/65112087_2_236114933.java,method,1,14
397,dietzm,https://stackoverflow.com/questions/10967469,dietzm/gcodeinfo/GCodeInfo/src/de/dietzm/gcodesim/GcodeSimulator.java,openWebpage,655,664,10967469/10967469_2_recent.java,method,1,20
675,dnmilne,https://stackoverflow.com/questions/138950,dnmilne/wikipediaminer/wikipedia-miner-web/src/main/java/org/wikipedia/miner/web/util/CharsetFilter.java,doFilter,22,38,138950/138950_6_recent.java,doFilter,15,28
722,dockstore,https://stackoverflow.com/questions/61006461,dockstore/dockstore/dockstore-webservice/src/main/java/io/dockstore/webservice/resources/rss/RSSWriter.java,createNode,71,82,61006461/61006461_2_recent.java,method,1,96
786,dougkeen,https://stackoverflow.com/questions/27287511,dougkeen/bartrunnerandroid/app/src/main/java/com/dougkeen/util/WakeLocker.java,acquire,11,21,27287511/27287511_2_79053914.java,method,1,18
601,douglascraigschmidt,https://stackoverflow.com/questions/27644392,douglascraigschmidt/livelessons/Folders/ParallelStreams/src/main/resources/works/LiveLessons/Java8/ex25/src/utils/ExceptionUtils.java,rethrowRunnable,57,65,27644392/27644392_4_103987644.java,method,1,67
602,douglascraigschmidt,https://stackoverflow.com/questions/27644392,douglascraigschmidt/livelessons/Java8/ex25/src/main/java/utils/ExceptionUtils.java,rethrowRunnable,57,65,27644392/27644392_4_103987644.java,method,1,67
423,dragome,https://stackoverflow.com/questions/29866762,dragome/dragome-sdk/dragome-js-jre/src/main/java/java/util/ComparableTimSort.java,sort,149,193,29866762/29866762_2_89013107.java,method,1,40
424,dragome,https://stackoverflow.com/questions/29866762,dragome/dragome-sdk/dragome-js-jre/src/main/java/java/util/TimSort.java,sort,176,225,29866762/29866762_2_89013107.java,method,1,40
425,dragome,https://stackoverflow.com/questions/16799135,dragome/dragome-sdk/dragome-js-jre/src/main/java/java/util/Timer.java,sched,396,424,16799135/16799135_10_41317480.java,method,1,23
426,dragome,https://stackoverflow.com/questions/55728841,dragome/dragome-sdk/dragome-js-jre/src/main/java/java/io/PrintStream.java,write,80,90,55728841/55728841_2_recent.java,method,1,37
101,dragon66,https://stackoverflow.com/questions/28458368,dragon66/icafe/src/com/icafe4j/test/TestMetadata.java,printMetadata,282,291,28458368/28458368_4_recent.java,method,1,35
323,drjia,https://stackoverflow.com/questions/52144662,drjia/androidlogcollector/LogCollector/src/com/qihoo/linker/logcollector/utils/LogCollectorUtility.java,isSDcardExsit,71,77,52144662/52144662_2_181397043.java,method,1,97
694,dromara,https://stackoverflow.com/questions/60266789,dromara/hodor/hodor-common/src/main/java/org/dromara/hodor/common/utils/BytesUtil.java,toHex,148,159,60266789/60266789_2_recent.java,method,1,13
642,dsibournemouth,https://stackoverflow.com/questions/10774468,dsibournemouth/autoweka/weka-3.7.7/src/main/java/weka/core/NormalizableDistance.java,distance,396,463,10774468/10774468_2_recent.java,method,1,95
107,dunwu,https://stackoverflow.com/questions/58496526,dunwu/spring-tutorial/codes/integration/mq/spring-boot-mq-kafka/src/test/java/io/github/dunwu/springboot/SpringKafkaTest.java,createTemplate,82,88,58496526/58496526_2_207696359.java,method,1,19
412,ebay,https://stackoverflow.com/questions/13731858,ebay/yidb/cms-core/web/src/test/java/com/ebay/cloud/cms/web/RunTestServer.java,run,180,187,13731858/13731858_2_recent.java,method,1,19
167,eclipse-cognicrypt,https://stackoverflow.com/questions/13329885,eclipse-cognicrypt/cognicrypt/plugins/de.cognicrypt.staticanalyzer/src/de/cognicrypt/staticanalyzer/view/StatisticsView.java,createTableViewerColumn,219,227,13329885/13329885_2_recent.java,method,1,154
540,eclipse-ee4j,https://stackoverflow.com/questions/4429257,eclipse-ee4j/yasson/src/main/java/org/eclipse/yasson/internal/properties/Messages.java,newBundle,73,101,4429257/4429257_2_9347476.java,newBundle,2,32
541,eclipse-ee4j,https://stackoverflow.com/questions/12646338,eclipse-ee4j/jersey/containers/simple-http/src/test/java/org/glassfish/jersey/simple/ParallelTest.java,sleep,65,71,12646338/12646338_8_recent.java,run,27,41
542,eclipse-ee4j,https://stackoverflow.com/questions/32484638,eclipse-ee4j/jersey/core-server/src/main/java/org/glassfish/jersey/server/filter/RolesAllowedDynamicFeature.java,filter,111,126,32484638/32484638_2_recent.java,method,1,63
543,eclipse-ee4j,https://stackoverflow.com/questions/12646338,eclipse-ee4j/jersey/connectors/grizzly-connector/src/test/java/org/glassfish/jersey/grizzly/connector/ParallelTest.java,sleep,70,76,12646338/12646338_8_recent.java,run,27,41
544,eclipse-ee4j,https://stackoverflow.com/questions/12646338,eclipse-ee4j/jersey/connectors/helidon-connector/src/test/java/org/glassfish/jersey/helidon/connector/ParallelTest.java,sleep,69,75,12646338/12646338_8_recent.java,run,27,41
545,eclipse-ee4j,https://stackoverflow.com/questions/12646338,eclipse-ee4j/jersey/connectors/netty-connector/src/test/java/org/glassfish/jersey/netty/connector/ParallelTest.java,sleep,69,75,12646338/12646338_8_recent.java,run,27,41
140,eclipse-jdt,https://stackoverflow.com/questions/19648723,eclipse-jdt/eclipse.jdt.core/org.eclipse.jdt.core.tests.model/workspace/Formatter/test086/A_out.java,isZero,3,13,19648723/19648723_1_recent.java,method,1,20
280,eclipse-platform,https://stackoverflow.com/questions/41588054,eclipse-platform/eclipse.platform.swt/examples/org.eclipse.swt.snippets/src/org/eclipse/swt/snippets/Snippet230.java,main,35,89,41588054/41588054_2_recent.java,method,1,64
281,eclipse-platform,https://stackoverflow.com/questions/41588054,eclipse-platform/eclipse.platform.swt/tests/org.eclipse.swt.tests.gtk/ManualTests/org/eclipse/swt/tests/gtk/snippets/Bug299045_TableLines.java,main,24,102,41588054/41588054_2_135725905.java,method,1,65
282,eclipse-platform,https://stackoverflow.com/questions/56297618,eclipse-platform/eclipse.platform.swt/tests/org.eclipse.swt.tests.gtk/ManualTests/org/eclipse/swt/tests/gtk/snippets/Bug528691_StyledTextNull.java,main,32,51,56297618/56297618_2_recent.java,main,6,49
473,eclipse,https://stackoverflow.com/questions/12738229,eclipse/deeplearning4j/deeplearning4j/deeplearning4j-modelimport/src/main/java/org/deeplearning4j/nn/modelimport/keras/preprocessing/text/KerasTokenizer.java,reverseSortByValues,227,241,12738229/12738229_2_30063703.java,sortByValue,5,21
474,eclipse,https://stackoverflow.com/questions/453067,eclipse/deeplearning4j/nd4j/nd4j-common/src/main/java/org/nd4j/common/util/InputStreamUtil.java,countLines,36,56,453067/453067_2_recent.java,method,1,20
475,eclipse,https://stackoverflow.com/questions/59664498,eclipse/packagedrone/testing/server-test/src/test/java/org/eclipse/packagedrone/testing/server/TestSuite.java,stopClient,129,136,59664498/59664498_2_recent.java,method,1,68
242,elastic,https://stackoverflow.com/questions/33561612,elastic/elasticsearch/server/src/test/java/org/elasticsearch/cluster/service/TaskExecutorTests.java,run,193,200,33561612/33561612_2_recent.java,method,1,33
720,elunez,https://stackoverflow.com/questions/58370217,elunez/eladmin/eladmin-system/src/main/java/me/zhengjie/config/ConfigurerAdapter.java,corsFilter,52,62,58370217/58370217_2_recent.java,method,1,45
685,emmanuelbernard,https://stackoverflow.com/questions/9293885,emmanuelbernard/hibernate-core-ogm/hibernate-core/src/matrix/java/org/hibernate/test/mappingexception/MappingExceptionTest.java,copy,245,256,9293885/9293885_2_recent.java,method,1,18
775,encryptedsystems,https://stackoverflow.com/questions/14676464,encryptedsystems/clusion/src/main/java/org/crypto/sse/TextProc.java,listf,86,98,14676464/14676464_2_recent.java,method,1,15
657,essexuniversitymcts,https://stackoverflow.com/questions/24127188,essexuniversitymcts/gvgai/clients/GVGAI-JavaClient/src/utils/com/google/gson/Gson.java,read,279,285,24127188/24127188_2_recent.java,method,1,32
658,essexuniversitymcts,https://stackoverflow.com/questions/24127188,essexuniversitymcts/gvgai/clients/GVGAI-JavaClient/src/utils/com/google/gson/Gson.java,read,335,341,24127188/24127188_2_recent.java,method,1,32
659,essexuniversitymcts,https://stackoverflow.com/questions/24127188,essexuniversitymcts/gvgai/clients/GVGAI-JavaClient/src/utils/com/google/gson/internal/bind/TypeAdapters.java,read,330,337,24127188/24127188_2_recent.java,method,1,32
660,essexuniversitymcts,https://stackoverflow.com/questions/24127188,essexuniversitymcts/gvgai/clients/GVGAI-JavaClient/src/utils/com/google/gson/internal/bind/TypeAdapters.java,read,794,800,24127188/24127188_2_recent.java,method,1,32
661,essexuniversitymcts,https://stackoverflow.com/questions/24127188,essexuniversitymcts/gvgai/src/tools/com/google/gson/Gson.java,read,279,285,24127188/24127188_2_recent.java,method,1,32
662,essexuniversitymcts,https://stackoverflow.com/questions/24127188,essexuniversitymcts/gvgai/src/tools/com/google/gson/Gson.java,read,335,341,24127188/24127188_2_recent.java,method,1,32
663,essexuniversitymcts,https://stackoverflow.com/questions/24127188,essexuniversitymcts/gvgai/src/tools/com/google/gson/internal/bind/TypeAdapters.java,read,330,337,24127188/24127188_2_recent.java,method,1,32
664,essexuniversitymcts,https://stackoverflow.com/questions/24127188,essexuniversitymcts/gvgai/src/tools/com/google/gson/internal/bind/TypeAdapters.java,read,794,800,24127188/24127188_2_recent.java,method,1,32
171,eternita,https://stackoverflow.com/questions/52148106,eternita/frontcache/frontcache-console/src/main/java/org/frontcache/console/config/WebMVCConfig.java,viewResolver,88,96,52148106/52148106_4_181012547.java,method,1,13
172,eternita,https://stackoverflow.com/questions/52148106,eternita/frontcache/examples/frontcache-spring/src/main/java/org/frontcache/example/WebConfig.java,viewResolver,27,33,52148106/52148106_4_181012547.java,method,1,13
619,eugenp,https://stackoverflow.com/questions/34717151,eugenp/tutorials/libraries-server/src/main/java/com/baeldung/netty/NettyServer.java,run,30,48,34717151/34717151_6_recent.java,method,1,60
620,eugenp,https://stackoverflow.com/questions/13730854,eugenp/tutorials/spring-boot-modules/spring-boot-properties/src/main/java/com/baeldung/properties/spring/PropertySourcesPlaceholderConfig.java,properties,15,22,13730854/13730854_2_recent.java,method,1,10
621,eugenp,https://stackoverflow.com/questions/53360610,eugenp/tutorials/core-java-modules/core-java-nio/src/test/java/com/baeldung/async/AsyncEchoClient.java,start,40,46,53360610/53360610_4_186072235.java,method,1,12
622,eugenp,https://stackoverflow.com/questions/33943576,eugenp/tutorials/core-java-modules/core-java-date-operations-2/src/main/java/com/baeldung/skipweekends/AddSubtractDaysSkippingWeekendsUtils.java,addDaysSkippingWeekends,8,18,33943576/33943576_2_175039647.java,method,1,15
623,eugenp,https://stackoverflow.com/questions/33085670,eugenp/tutorials/core-java-modules/core-java-security-2/src/main/java/com/baeldung/passwordhashing/SHA512Hasher.java,hash,13,29,33085670/33085670_2_recent.java,method,1,20
624,eugenp,https://stackoverflow.com/questions/20765715,eugenp/tutorials/core-java-modules/core-java-9-streams/src/main/java/com/baeldung/streams/breakforeach/CustomSpliterator.java,tryAdvance,20,30,20765715/20765715_2_recent.java,method,1,22
625,eugenp,https://stackoverflow.com/questions/52148106,eugenp/tutorials/spring-4/src/test/java/com/baeldung/spring43/attributeannotations/AttributeAnnotationConfiguration.java,viewResolver,17,23,52148106/52148106_4_181012547.java,method,1,13
626,eugenp,https://stackoverflow.com/questions/52148106,eugenp/tutorials/spring-4/src/test/java/com/baeldung/spring43/scopeannotations/ScopeAnnotationsConfiguration.java,viewResolver,15,21,52148106/52148106_4_181012547.java,method,1,13
627,eugenp,https://stackoverflow.com/questions/52148106,eugenp/tutorials/spring-4/src/test/java/com/baeldung/spring43/composedmapping/ComposedMappingConfiguration.java,viewResolver,24,30,52148106/52148106_4_181012547.java,method,1,13
648,evgenyzinoviev,https://stackoverflow.com/questions/52144662,evgenyzinoviev/gravitydefied/src/org/happysanta/gd/Storage/LevelsManager.java,isExternalStorageWritable,422,428,52144662/52144662_2_181397043.java,method,1,97
649,evgenyzinoviev,https://stackoverflow.com/questions/9293885,evgenyzinoviev/gravitydefied/src/org/happysanta/gd/Storage/LevelsManager.java,copy,456,468,9293885/9293885_2_recent.java,method,1,18
476,evosuite,https://stackoverflow.com/questions/19648723,evosuite/evosuite/master/src/test/java/com/examples/with/different/packagename/staticfield/StaticBlockCoverage.java,coverMe,24,30,19648723/19648723_1_recent.java,method,1,20
477,evosuite,https://stackoverflow.com/questions/19648723,evosuite/evosuite/plugins/maven-test/projects/CoverageModule/src/main/java/org/maven_test_project/cm/SimpleClass.java,isPositive,24,30,19648723/19648723_1_recent.java,method,1,20
478,evosuite,https://stackoverflow.com/questions/19648723,evosuite/evosuite/plugins/maven-test/projects/SimpleModule/src/main/java/org/maven_test_project/sm/SimpleClass.java,isPositive,24,30,19648723/19648723_1_recent.java,method,1,20
479,evosuite,https://stackoverflow.com/questions/19648723,evosuite/evosuite/plugins/maven-test/projects/ModuleWithOneDependency/src/main/java/org/maven_test_project/mwod/OneDependencyClass.java,isPositive,28,34,19648723/19648723_1_recent.java,method,1,20
480,evosuite,https://stackoverflow.com/questions/19648723,evosuite/evosuite/plugins/gradle/gradle-test-projects/SimpleProject/src/main/java/org/gradle_test_project/sm/SimpleClass.java,isPositive,24,30,19648723/19648723_1_recent.java,method,1,20
354,f117-sercet,https://stackoverflow.com/questions/58370217,f117-sercet/qztc-mall/Mall/Mall-admin/src/main/java/com/dsc/mall/config/GlobalCorsConfig.java,corsFilter,20,34,58370217/58370217_2_recent.java,method,1,45
21,facebook,https://stackoverflow.com/questions/54298032,facebook/fresco/fbcore/src/main/java/com/facebook/common/internal/ByteStreams.java,copy,53,67,54298032/54298032_2_190009745.java,copy,52,65
573,fanhongtao,https://stackoverflow.com/questions/29866762,fanhongtao/jdk/src/java/util/ComparableTimSort.java,sort,149,193,29866762/29866762_2_89013107.java,method,1,40
574,fanhongtao,https://stackoverflow.com/questions/29866762,fanhongtao/jdk/src/java/util/TimSort.java,sort,176,225,29866762/29866762_2_89013107.java,method,1,40
575,fanhongtao,https://stackoverflow.com/questions/3870210,fanhongtao/jdk/src/java/util/HashMap.java,HashIterator,911,918,3870210/3870210_4_recent.java,method,1,29
576,fanhongtao,https://stackoverflow.com/questions/16799135,fanhongtao/jdk/src/java/util/Timer.java,sched,386,412,16799135/16799135_10_41317480.java,method,1,23
577,fanhongtao,https://stackoverflow.com/questions/50578162,fanhongtao/jdk/src/java/nio/DirectByteBuffer.java,DirectByteBuffer,117,144,50578162/50578162_2_recent.java,method,1,22
578,fanhongtao,https://stackoverflow.com/questions/45774144,fanhongtao/jdk/src/javax/swing/plaf/metal/MetalTabbedPaneUI.java,update,719,725,45774144/45774144_4_recent.java,method,1,21
579,fanhongtao,https://stackoverflow.com/questions/54119640,fanhongtao/jdk/src/javax/swing/plaf/basic/BasicTableHeaderUI.java,mouseClicked,99,116,54119640/54119640_4_189259651.java,mouseClicked,10,26
10,fesch,https://stackoverflow.com/questions/9709606,fesch/canze/app/src/main/java/lu/fisch/canze/widgets/Label.java,Label,39,45,9709606/9709606_2_recent.java,method,1,19
11,fesch,https://stackoverflow.com/questions/9709606,fesch/canze/app/src/main/java/lu/fisch/awt/Rectangle.java,Rectangle,32,38,9709606/9709606_2_recent.java,method,1,19
279,firebase,https://stackoverflow.com/questions/59394165,firebase/snippets-android/firestore/app/src/main/java/com/google/example/firestore/DocSnippets.java,addAdaLovelace,147,171,59394165/59394165_2_211463641.java,method,1,26
783,flyve-mdm,https://stackoverflow.com/questions/52144662,flyve-mdm/android-mdm-agent/app/src/main/java/org/flyve/mdm/agent/utils/StorageFolder.java,isExternalStorageReadable,208,215,52144662/52144662_2_181397043.java,method,1,97
176,foxinmy,https://stackoverflow.com/questions/41251473,foxinmy/weixin4j/weixin4j-base/src/main/java/com/foxinmy/weixin4j/http/support/okhttp/OkHttpClient2.java,writeTo,134,143,41251473/41251473_6_recent.java,method,1,20
505,freedomotic,https://stackoverflow.com/questions/4429257,freedomotic/freedomotic/framework/freedomotic-core/src/main/java/com/freedomotic/i18n/I18nImpl.java,newBundle,184,217,4429257/4429257_2_9347476.java,newBundle,2,32
506,freedomotic,https://stackoverflow.com/questions/59823215,freedomotic/freedomotic/plugins/legacy/bluetooth-id/src/main/java/com/freedomotic/plugins/devices/bluetooth_id/BluetoothID.java,saveImage,91,105,59823215/59823215_2_recent.java,method,1,17
673,freeplane,https://stackoverflow.com/questions/61006461,freeplane/freeplane/freeplane_plugin_script/src/main/java/org/freeplane/plugin/script/PrecompiledClasses.java,createNode,115,133,61006461/61006461_2_recent.java,method,1,96
499,funwayguy,https://stackoverflow.com/questions/63631995,funwayguy/betterquesting/src/main/java/betterquesting/api2/client/gui/misc/GuiRectangle.java,GuiRectangle,15,22,63631995/63631995_6_recent.java,method,1,110
698,geoodk,https://stackoverflow.com/questions/19876516,geoodk/collect/app/src/main/java/com/geoodk/collect/android/widgets/AutoCompleteWidget.java,publishResults,290,301,19876516/19876516_2_recent.java,method,1,33
699,geoodk,https://stackoverflow.com/questions/55003173,geoodk/collect/app/src/main/java/com/geoodk/collect/android/preferences/AggregatePreferencesActivity.java,filter,155,163,55003173/55003173_2_recent.java,method,1,12
4,getodk,https://stackoverflow.com/questions/55003173,getodk/collect/collect_app/src/main/java/org/odk/collect/android/preferences/filters/WhitespaceFilter.java,filter,10,18,55003173/55003173_2_recent.java,method,1,12
199,giginet,https://stackoverflow.com/questions/9293885,giginet/ccsocialshare/CCSocialShare/android/java/src/org/kawaz/socialshare/SocialShare.java,copyFile,91,102,9293885/9293885_2_recent.java,method,1,18
228,giloutho,https://stackoverflow.com/questions/32164598,giloutho/logfly5/src/main/java/littlewins/winAirDraw.java,startEdit,257,266,32164598/32164598_8_recent.java,method,1,15
240,gitlab4j,https://stackoverflow.com/questions/22918204,gitlab4j/gitlab4j-api/src/main/java/org/gitlab4j/api/utils/JacksonJson.java,serialize,305,317,22918204/22918204_2_62450522.java,serialize,3,14
235,gluufederation,https://stackoverflow.com/questions/47622507,gluufederation/oxtrust/server/src/main/java/org/gluu/oxtrust/util/RecaptchaUtil.java,isCaptchaValid,69,87,47622507/47622507_4_196832552.java,method,1,29
322,gmu-swe,https://stackoverflow.com/questions/19340685,gmu-swe/phosphor/Phosphor/src/main/java/edu/columbia/cs/psl/phosphor/struct/harmony/util/ConcurrentHashMap.java,put,419,448,19340685/19340685_2_49198640.java,method,1,30
250,google,https://stackoverflow.com/questions/60565131,google/wycheproof/java/com/google/security/wycheproof/testcases/DhiesTest.java,ike2048,61,78,60565131/60565131_4_recent.java,method,1,18
251,google,https://stackoverflow.com/questions/41251473,google/data-transfer-project/extensions/data-transfer/portability-data-transfer-koofr/src/main/java/org/datatransferproject/transfer/koofr/common/InputStreamRequestBody.java,writeTo,34,45,41251473/41251473_6_134298162.java,method,1,20
252,google,https://stackoverflow.com/questions/29330741,google/j2objc/jre_emul/openjdk/src/share/classes/java/math/BigDecimal.java,divide,5196,5208,29330741/29330741_6_86929181.java,method,1,13
253,google,https://stackoverflow.com/questions/29330741,google/j2objc/jre_emul/openjdk/src/share/classes/java/math/BigDecimal.java,divide,5210,5222,29330741/29330741_6_86929181.java,method,1,13
254,google,https://stackoverflow.com/questions/29866762,google/j2objc/jre_emul/android/platform/libcore/ojluni/src/main/java/java/util/ComparableTimSort.java,sort,179,224,29866762/29866762_2_89013107.java,method,1,40
255,google,https://stackoverflow.com/questions/29866762,google/j2objc/jre_emul/android/platform/libcore/ojluni/src/main/java/java/util/TimSort.java,sort,210,256,29866762/29866762_2_89013107.java,method,1,40
256,google,https://stackoverflow.com/questions/46830988,google/j2objc/jre_emul/android/platform/libcore/ojluni/src/main/java/java/util/HashMap.java,putMapEntries,505,523,46830988/46830988_4_158689916.java,method,1,19
257,google,https://stackoverflow.com/questions/16799135,google/j2objc/jre_emul/android/platform/libcore/ojluni/src/main/java/java/util/Timer.java,sched,388,414,16799135/16799135_10_41317480.java,method,1,23
258,google,https://stackoverflow.com/questions/29230939,google/j2objc/jre_emul/android/platform/libcore/ojluni/src/main/java/java/util/stream/ReferencePipeline.java,flatMap,252,277,29230939/29230939_4_201996375.java,method,1,25
259,google,https://stackoverflow.com/questions/29230939,google/j2objc/jre_emul/android/platform/libcore/ojluni/src/main/java/java/util/stream/ReferencePipeline.java,opWrapSink,258,275,29230939/29230939_4_201996375.java,method,1,25
260,google,https://stackoverflow.com/questions/24127188,google/gson/gson/src/main/java/com/google/gson/Gson.java,read,403,409,24127188/24127188_2_recent.java,method,1,32
261,google,https://stackoverflow.com/questions/24127188,google/gson/gson/src/main/java/com/google/gson/Gson.java,read,462,468,24127188/24127188_2_recent.java,method,1,32
262,google,https://stackoverflow.com/questions/24127188,google/gson/gson/src/main/java/com/google/gson/internal/bind/TypeAdapters.java,read,369,376,24127188/24127188_2_recent.java,method,1,32
263,google,https://stackoverflow.com/questions/57997601,google/cdep/cdep/src/main/java/io/cdep/cdep/utils/ArchiveUtils.java,visitFile,83,89,57997601/57997601_2_recent.java,method,1,22
264,google,https://stackoverflow.com/questions/30942772,google/guava/android/guava/src/com/google/common/base/Splitter.java,computeNext,555,620,30942772/30942772_4_recent.java,method,1,62
265,google,https://stackoverflow.com/questions/30942772,google/guava/guava/src/com/google/common/base/Splitter.java,computeNext,572,637,30942772/30942772_4_recent.java,method,1,62
549,googleapis,https://stackoverflow.com/questions/54298032,googleapis/google-http-java-client/google-http-client/src/main/java/com/google/api/client/util/ByteStreams.java,copy,42,56,54298032/54298032_2_190009745.java,copy,52,65
739,googlecreativelab,https://stackoverflow.com/questions/28039909,googlecreativelab/landmarker/app/src/main/java/com/androidexperiments/landmarker/MainActivity.java,buildGoogleApiClient,131,137,28039909/28039909_2_recent.java,method,1,13
652,googlesamples,https://stackoverflow.com/questions/28039909,googlesamples/io2015-codelabs/geofence/GeoFenceCodeLab/app/src/main/java/com/lmoroney/geofencecodelab/MainActivity.java,buildGoogleApiClient,59,65,28039909/28039909_2_recent.java,method,1,13
470,grahamar,https://stackoverflow.com/questions/4429257,grahamar/cron-parser/cron-parser-core/src/main/java/net/redhogs/cronparser/I18nMessages.java,newBundle,35,62,4429257/4429257_2_9347476.java,newBundle,2,32
25,grakic,https://stackoverflow.com/questions/6702420,grakic/jfreesteel/eidviewer/src/main/java/net/devbase/jfreesteel/viewer/EidViewer.java,main,134,140,6702420/6702420_2_89518975.java,main,9,18
711,graxcode,https://stackoverflow.com/questions/3519182,graxcode/jbytemod-beta/src/main/java/me/grax/jbytemod/ui/dialogue/ClassDialogue.java,insertString,785,793,3519182/3519182_2_7342658.java,method,1,17
643,grpc-nebula,https://stackoverflow.com/questions/54298032,grpc-nebula/grpc-nebula-java/core/src/main/java/io/grpc/internal/IoUtils.java,copy,40,55,54298032/54298032_2_190009745.java,copy,52,65
644,grpc-nebula,https://stackoverflow.com/questions/54298032,grpc-nebula/grpc-nebula-java/services/src/main/java/io/grpc/services/BinaryLogProvider.java,copy,177,192,54298032/54298032_2_190009745.java,copy,52,65
645,grpc-nebula,https://stackoverflow.com/questions/54298032,grpc-nebula/grpc-nebula-java/protobuf-nano/src/main/java/io/grpc/protobuf/nano/NanoUtils.java,copy,84,98,54298032/54298032_2_190009745.java,copy,52,65
646,grpc-nebula,https://stackoverflow.com/questions/54298032,grpc-nebula/grpc-nebula-java/protobuf-lite/src/main/java/io/grpc/protobuf/lite/ProtoLiteUtils.java,copy,98,113,54298032/54298032_2_190009745.java,copy,52,65
500,grpc,https://stackoverflow.com/questions/54298032,grpc/grpc-java/gcp-observability/src/test/java/io/grpc/gcp/observability/interceptors/LogHelperTest.java,copy,782,797,54298032/54298032_2_190009745.java,copy,52,65
501,grpc,https://stackoverflow.com/questions/54298032,grpc/grpc-java/services/src/main/java/io/grpc/protobuf/services/BinaryLogProvider.java,copy,177,192,54298032/54298032_2_190009745.java,copy,52,65
415,h-mdm,https://stackoverflow.com/questions/4429257,h-mdm/hmdm-server/common/src/main/java/com/hmdm/util/ResourceBundleUTF8Control.java,newBundle,47,75,4429257/4429257_2_9347476.java,newBundle,2,32
277,h819,https://stackoverflow.com/questions/5079864,h819/spring-boot/spring-boot-webapp/src/main/java/com/base/spring/utils/Test.java,copyBeanProperties,89,98,5079864/5079864_2_136918794.java,method,1,13
785,hak5,https://stackoverflow.com/questions/6702420,hak5/usbrubberducky-payloads/payloads/library/remote_access/duckNet/Encoder/src/Encoder_GUI.java,main,47,55,6702420/6702420_2_89518975.java,main,9,18
44,hantsy,https://stackoverflow.com/questions/29226591,hantsy/quarkus-sample/post-service/src/main/java/com/example/web/StreamBodyWriter.java,writeTo,35,50,29226591/29226591_2_recent.java,method,1,30
179,hapjs-platform,https://stackoverflow.com/questions/19876516,hapjs-platform/hapjs/core/runtime/android/widgets/src/main/java/org/hapjs/widgets/input/Edit.java,publishResults,1037,1045,19876516/19876516_2_recent.java,method,1,33
180,hapjs-platform,https://stackoverflow.com/questions/52144662,hapjs-platform/hapjs/core/runtime/android/runtime/src/main/java/org/hapjs/common/utils/MediaUtils.java,isExternalStorageWritable,142,148,52144662/52144662_2_181397043.java,method,1,97
726,haptic-apps,https://stackoverflow.com/questions/27436796,haptic-apps/slide/app/src/main/java/me/ccrama/redditslide/util/DrawableUtil.java,drawCanvas,44,50,27436796/27436796_2_recent.java,method,1,69
431,haulmont,https://stackoverflow.com/questions/36494384,haulmont/jmix-core/jmix-reports/reports/src/main/java/io/jmix/reports/util/ReportsUtils.java,truncateToTime,95,102,36494384/36494384_1_174279059.java,method,1,14
116,hidroh,https://stackoverflow.com/questions/41800354,hidroh/materialistic/app/src/main/java/io/github/hidroh/materialistic/Preferences.java,migrate,97,111,41800354/41800354_2_recent.java,method,1,82
724,hiwepy,https://stackoverflow.com/questions/60123437,hiwepy/spring-boot-starter-samples/spring-boot-sample-pf4j/src/main/java/ro/fortsoft/pf4j/spring/boot/Pf4jApplication.java,run,32,57,60123437/60123437_2_recent.java,method,1,12
511,hmkcode,https://stackoverflow.com/questions/28039909,hmkcode/android/android-get-last-location-fused-api/src/com/hmkcode/locations/MainActivity.java,buildGoogleApiClient,66,72,28039909/28039909_2_recent.java,method,1,13
535,huanghongxun,https://stackoverflow.com/questions/4429257,huanghongxun/hmcl/HMCL/src/main/java/org/jackhuang/hmcl/util/i18n/UTF8Control.java,newBundle,37,65,4429257/4429257_2_9347476.java,newBundle,2,32
604,huawei-hadoop,https://stackoverflow.com/questions/59239733,huawei-hadoop/hindex/src/test/java/org/apache/hadoop/hbase/procedure/TestZKProcedure.java,answer,292,299,59239733/59239733_4_210806800.java,method,1,16
88,hudson,https://stackoverflow.com/questions/50738131,hudson/hudson-2.x/hudson-remoting/src/main/java/hudson/remoting/ProxyOutputStream.java,run,264,270,50738131/50738131_2_recent.java,run,3,30
243,hugegraph,https://stackoverflow.com/questions/58370217,hugegraph/hugegraph-loader/hugegraph-hubble/hubble-be/src/main/java/org/apache/hugegraph/config/GlobalCorsConfig.java,corsFilter,30,44,58370217/58370217_2_recent.java,method,1,45
356,ibmruntimes,https://stackoverflow.com/questions/13462440,ibmruntimes/openj9-openjdk-jdk8/jdk/src/share/demo/jfc/SwingApplet/SwingApplet.java,init,74,91,13462440/13462440_6_32050882.java,init,30,44
357,ibmruntimes,https://stackoverflow.com/questions/58993471,ibmruntimes/openj9-openjdk-jdk8/jdk/src/share/classes/sun/security/tools/keytool/Main.java,toHexString,3371,3381,58993471/58993471_2_recent.java,method,1,363
358,ibmruntimes,https://stackoverflow.com/questions/29866762,ibmruntimes/openj9-openjdk-jdk8/jdk/src/share/classes/java/util/ComparableTimSort.java,sort,179,224,29866762/29866762_2_89013107.java,method,1,40
359,ibmruntimes,https://stackoverflow.com/questions/29866762,ibmruntimes/openj9-openjdk-jdk8/jdk/src/share/classes/java/util/TimSort.java,sort,210,256,29866762/29866762_2_89013107.java,method,1,40
360,ibmruntimes,https://stackoverflow.com/questions/46830988,ibmruntimes/openj9-openjdk-jdk8/jdk/src/share/classes/java/util/HashMap.java,putMapEntries,501,519,46830988/46830988_4_158689916.java,method,1,19
361,ibmruntimes,https://stackoverflow.com/questions/16799135,ibmruntimes/openj9-openjdk-jdk8/jdk/src/share/classes/java/util/Timer.java,sched,386,412,16799135/16799135_10_41317480.java,method,1,23
362,ibmruntimes,https://stackoverflow.com/questions/29330741,ibmruntimes/openj9-openjdk-jdk8/jdk/src/share/classes/java/math/BigDecimal.java,divide,5291,5303,29330741/29330741_6_86929181.java,method,1,13
363,ibmruntimes,https://stackoverflow.com/questions/29330741,ibmruntimes/openj9-openjdk-jdk8/jdk/src/share/classes/java/math/BigDecimal.java,divide,5305,5317,29330741/29330741_6_86929181.java,method,1,13
364,ibmruntimes,https://stackoverflow.com/questions/45774144,ibmruntimes/openj9-openjdk-jdk8/jdk/src/share/classes/javax/swing/plaf/metal/MetalTabbedPaneUI.java,update,719,725,45774144/45774144_4_recent.java,method,1,21
365,ibmruntimes,https://stackoverflow.com/questions/54119640,ibmruntimes/openj9-openjdk-jdk8/jdk/src/share/classes/javax/swing/plaf/basic/BasicTableHeaderUI.java,mouseClicked,99,116,54119640/54119640_4_189259651.java,mouseClicked,10,26
366,ibmruntimes,https://stackoverflow.com/questions/58993471,ibmruntimes/openj9-openjdk-jdk8/jdk/test/sun/security/pkcs11/tls/TestLeadingZeroesP11.java,toHexString,124,136,58993471/58993471_2_recent.java,method,1,363
367,ibmruntimes,https://stackoverflow.com/questions/58993471,ibmruntimes/openj9-openjdk-jdk8/jdk/test/sun/security/x509/X500Name/DerValueConstructor.java,toHexString,119,131,58993471/58993471_2_recent.java,method,1,363
368,ibmruntimes,https://stackoverflow.com/questions/64938483,ibmruntimes/openj9-openjdk-jdk8/jdk/test/jdk/jfr/jcmd/TestJcmdStartWithSettings.java,run,167,176,64938483/64938483_2_recent.java,method,1,68
369,ibmruntimes,https://stackoverflow.com/questions/6702420,ibmruntimes/openj9-openjdk-jdk8/jdk/test/java/awt/im/6396526/IMLookAndFeel.java,main,68,76,6702420/6702420_2_89518975.java,main,9,18
370,ibmruntimes,https://stackoverflow.com/questions/58993471,ibmruntimes/openj9-openjdk-jdk8/jdk/test/com/sun/crypto/provider/KeyAgreement/DHKeyAgreement2.java,toHexString,271,283,58993471/58993471_2_recent.java,method,1,363
371,ibmruntimes,https://stackoverflow.com/questions/58993471,ibmruntimes/openj9-openjdk-jdk8/jdk/test/com/sun/crypto/provider/KeyAgreement/DHKeyAgreement3.java,toHexString,178,190,58993471/58993471_2_recent.java,method,1,363
372,ibmruntimes,https://stackoverflow.com/questions/58993471,ibmruntimes/openj9-openjdk-jdk8/jdk/test/com/sun/crypto/provider/Cipher/Blowfish/BlowfishTestVector.java,toHexString,133,145,58993471/58993471_2_recent.java,method,1,363
373,ibmruntimes,https://stackoverflow.com/questions/58993471,ibmruntimes/openj9-openjdk-jdk8/jdk/test/com/sun/crypto/provider/TLS/TestLeadingZeroes.java,toHexString,130,142,58993471/58993471_2_recent.java,method,1,363
374,ibmruntimes,https://stackoverflow.com/questions/58617321,ibmruntimes/openj9-openjdk-jdk8/jdk/test/javax/imageio/plugins/bmp/BMPSubsamplingTest.java,create3ByteImage,329,342,58617321/58617321_2_recent.java,method,1,17
375,ibmruntimes,https://stackoverflow.com/questions/45774144,ibmruntimes/openj9-openjdk-jdk11/src/java.desktop/share/classes/javax/swing/plaf/metal/MetalTabbedPaneUI.java,update,809,815,45774144/45774144_4_recent.java,method,1,21
376,ibmruntimes,https://stackoverflow.com/questions/58993471,ibmruntimes/openj9-openjdk-jdk11/src/java.base/share/classes/sun/security/tools/keytool/Main.java,toHexString,3720,3730,58993471/58993471_2_recent.java,method,1,363
377,ibmruntimes,https://stackoverflow.com/questions/29866762,ibmruntimes/openj9-openjdk-jdk11/src/java.base/share/classes/java/util/ComparableTimSort.java,sort,179,224,29866762/29866762_2_89013107.java,method,1,40
378,ibmruntimes,https://stackoverflow.com/questions/29866762,ibmruntimes/openj9-openjdk-jdk11/src/java.base/share/classes/java/util/TimSort.java,sort,210,256,29866762/29866762_2_89013107.java,method,1,40
379,ibmruntimes,https://stackoverflow.com/questions/46830988,ibmruntimes/openj9-openjdk-jdk11/src/java.base/share/classes/java/util/HashMap.java,putMapEntries,496,514,46830988/46830988_4_158689916.java,method,1,19
380,ibmruntimes,https://stackoverflow.com/questions/62919983,ibmruntimes/openj9-openjdk-jdk11/src/java.base/share/classes/java/util/Random.java,seedUniquifier,108,117,62919983/62919983_2_recent.java,method,1,17
381,ibmruntimes,https://stackoverflow.com/questions/16799135,ibmruntimes/openj9-openjdk-jdk11/src/java.base/share/classes/java/util/Timer.java,sched,421,447,16799135/16799135_10_41317480.java,method,1,23
382,ibmruntimes,https://stackoverflow.com/questions/29330741,ibmruntimes/openj9-openjdk-jdk11/src/java.base/share/classes/java/math/BigDecimal.java,divide,5731,5743,29330741/29330741_6_86929181.java,method,1,13
383,ibmruntimes,https://stackoverflow.com/questions/29330741,ibmruntimes/openj9-openjdk-jdk11/src/java.base/share/classes/java/math/BigDecimal.java,divide,5745,5757,29330741/29330741_6_86929181.java,method,1,13
384,ibmruntimes,https://stackoverflow.com/questions/58993471,ibmruntimes/openj9-openjdk-jdk11/test/jdk/sun/security/pkcs11/PKCS11Test.java,byte2hex,126,133,58993471/58993471_2_recent.java,method,1,363
385,ibmruntimes,https://stackoverflow.com/questions/58993471,ibmruntimes/openj9-openjdk-jdk11/test/jdk/sun/security/pkcs11/PKCS11Test.java,toHexString,134,146,58993471/58993471_2_recent.java,method,1,363
386,ibmruntimes,https://stackoverflow.com/questions/58993471,ibmruntimes/openj9-openjdk-jdk11/test/jdk/sun/security/x509/X500Name/DerValueConstructor.java,toHexString,121,133,58993471/58993471_2_recent.java,method,1,363
387,ibmruntimes,https://stackoverflow.com/questions/64938483,ibmruntimes/openj9-openjdk-jdk11/test/jdk/jdk/jfr/jcmd/TestJcmdStartWithSettings.java,run,167,176,64938483/64938483_2_recent.java,method,1,68
388,ibmruntimes,https://stackoverflow.com/questions/6702420,ibmruntimes/openj9-openjdk-jdk11/test/jdk/java/awt/im/6396526/IMLookAndFeel.java,main,69,77,6702420/6702420_2_89518975.java,main,9,18
389,ibmruntimes,https://stackoverflow.com/questions/58993471,ibmruntimes/openj9-openjdk-jdk11/test/jdk/com/sun/crypto/provider/KeyAgreement/DHKeyAgreementPadding.java,toHexString,89,99,58993471/58993471_2_recent.java,method,1,363
390,ibmruntimes,https://stackoverflow.com/questions/58993471,ibmruntimes/openj9-openjdk-jdk11/test/jdk/com/sun/crypto/provider/KeyAgreement/DHKeyAgreement2.java,toHexString,268,280,58993471/58993471_2_recent.java,method,1,363
391,ibmruntimes,https://stackoverflow.com/questions/58993471,ibmruntimes/openj9-openjdk-jdk11/test/jdk/com/sun/crypto/provider/KeyAgreement/DHKeyAgreement3.java,toHexString,173,185,58993471/58993471_2_recent.java,method,1,363
392,ibmruntimes,https://stackoverflow.com/questions/58993471,ibmruntimes/openj9-openjdk-jdk11/test/jdk/com/sun/crypto/provider/Cipher/Blowfish/BlowfishTestVector.java,toHexString,131,143,58993471/58993471_2_recent.java,method,1,363
393,ibmruntimes,https://stackoverflow.com/questions/58993471,ibmruntimes/openj9-openjdk-jdk11/test/jdk/com/sun/crypto/provider/TLS/TestLeadingZeroes.java,toHexString,125,137,58993471/58993471_2_recent.java,method,1,363
394,ibmruntimes,https://stackoverflow.com/questions/1520212,ibmruntimes/openj9-openjdk-jdk11/test/jdk/javax/net/ssl/DTLS/DTLSSequenceNumberTest.java,shuffleArray,177,185,1520212/1520212_2_recent.java,shuffleArray,19,31
395,ibmruntimes,https://stackoverflow.com/questions/58617321,ibmruntimes/openj9-openjdk-jdk11/test/jdk/javax/imageio/plugins/bmp/BMPSubsamplingTest.java,create3ByteImage,329,342,58617321/58617321_2_recent.java,method,1,17
512,icecooly,https://stackoverflow.com/questions/41251473,icecooly/fasthttpclient/src/main/java/io/itit/itf/okhttp/OkHttpRequest.java,writeTo,117,126,41251473/41251473_6_recent.java,method,1,20
467,icyphy,https://stackoverflow.com/questions/25890405,icyphy/ptii/ptolemy/verification/kernel/maude/RTMExpTranslator.java,_GCD,385,391,25890405/25890405_4_73691184.java,method,1,18
468,icyphy,https://stackoverflow.com/questions/60816572,icyphy/ptii/edu/umich/eecs/april/jmat/LinAlg.java,clear,1844,1850,60816572/60816572_6_recent.java,method,1,29
278,iiitv,https://stackoverflow.com/questions/31386664,iiitv/algos/binary_search_tree/Mirror_of_Binary_Search_Tree.java,inorder,41,48,31386664/31386664_4_95005617.java,method,1,22
198,iipc,https://stackoverflow.com/questions/4429257,iipc/openwayback/wayback-core/src/main/java/org/archive/wayback/core/UTF8Control.java,newBundle,27,56,4429257/4429257_2_9347476.java,newBundle,2,32
401,ilmila,https://stackoverflow.com/questions/18531276,ilmila/j2eescan/src/main/java/burp/j2ee/passive/strutstoken/ReplayRandom.java,next,17,25,18531276/18531276_2_recent.java,method,1,59
613,intuit,https://stackoverflow.com/questions/49348068,intuit/benten/benten-core/src/main/java/com/intuit/benten/channel/slack/SlackHelper.java,extractUserFromMessage,60,68,49348068/49348068_2_recent.java,method,1,18
683,iotoasis,https://stackoverflow.com/questions/25985720,iotoasis/si/si-modules/LWM2M_IPE_Server/leshan-server-core/src/main/java/org/eclipse/leshan/server/client/Client.java,isNumber,215,222,25985720/25985720_14_recent.java,method,1,21
684,iotoasis,https://stackoverflow.com/questions/10195366,iotoasis/si/si-modules/DM_Web_Server/src/main/java/net/herit/business/HomeController.java,home,33,45,10195366/10195366_2_recent.java,method,1,21
112,iqss,https://stackoverflow.com/questions/56259221,iqss/dataverse/src/main/java/edu/harvard/iq/dataverse/mydata/Pager.java,showClasspaths,326,334,56259221/56259221_5_recent.java,method,1,13
222,jaamsim,https://stackoverflow.com/questions/22968559,jaamsim/jaamsim/src/main/java/com/jaamsim/ui/GUIFrame.java,invokeRedo,3671,3678,22968559/22968559_2_recent.java,method,1,16
751,jackkolokasis,https://stackoverflow.com/questions/13462440,jackkolokasis/teraheap/jdk8u345/jdk/src/share/demo/jfc/SwingApplet/SwingApplet.java,init,74,91,13462440/13462440_6_32050882.java,init,30,44
752,jackkolokasis,https://stackoverflow.com/questions/58993471,jackkolokasis/teraheap/jdk8u345/jdk/src/share/classes/sun/security/tools/keytool/Main.java,toHexString,3371,3381,58993471/58993471_2_recent.java,method,1,363
753,jackkolokasis,https://stackoverflow.com/questions/29866762,jackkolokasis/teraheap/jdk8u345/jdk/src/share/classes/java/util/ComparableTimSort.java,sort,179,224,29866762/29866762_2_89013107.java,method,1,40
754,jackkolokasis,https://stackoverflow.com/questions/29866762,jackkolokasis/teraheap/jdk8u345/jdk/src/share/classes/java/util/TimSort.java,sort,210,256,29866762/29866762_2_89013107.java,method,1,40
755,jackkolokasis,https://stackoverflow.com/questions/46830988,jackkolokasis/teraheap/jdk8u345/jdk/src/share/classes/java/util/HashMap.java,putMapEntries,501,519,46830988/46830988_4_158689916.java,method,1,19
756,jackkolokasis,https://stackoverflow.com/questions/16799135,jackkolokasis/teraheap/jdk8u345/jdk/src/share/classes/java/util/Timer.java,sched,386,412,16799135/16799135_10_41317480.java,method,1,23
757,jackkolokasis,https://stackoverflow.com/questions/29330741,jackkolokasis/teraheap/jdk8u345/jdk/src/share/classes/java/math/BigDecimal.java,divide,5257,5269,29330741/29330741_6_86929181.java,method,1,13
758,jackkolokasis,https://stackoverflow.com/questions/29330741,jackkolokasis/teraheap/jdk8u345/jdk/src/share/classes/java/math/BigDecimal.java,divide,5271,5283,29330741/29330741_6_86929181.java,method,1,13
759,jackkolokasis,https://stackoverflow.com/questions/45774144,jackkolokasis/teraheap/jdk8u345/jdk/src/share/classes/javax/swing/plaf/metal/MetalTabbedPaneUI.java,update,719,725,45774144/45774144_4_recent.java,method,1,21
760,jackkolokasis,https://stackoverflow.com/questions/54119640,jackkolokasis/teraheap/jdk8u345/jdk/src/share/classes/javax/swing/plaf/basic/BasicTableHeaderUI.java,mouseClicked,99,116,54119640/54119640_4_189259651.java,mouseClicked,10,26
761,jackkolokasis,https://stackoverflow.com/questions/58993471,jackkolokasis/teraheap/jdk8u345/jdk/test/sun/security/pkcs11/tls/TestLeadingZeroesP11.java,toHexString,124,136,58993471/58993471_2_recent.java,method,1,363
762,jackkolokasis,https://stackoverflow.com/questions/58993471,jackkolokasis/teraheap/jdk8u345/jdk/test/sun/security/x509/X500Name/DerValueConstructor.java,toHexString,119,131,58993471/58993471_2_recent.java,method,1,363
763,jackkolokasis,https://stackoverflow.com/questions/64938483,jackkolokasis/teraheap/jdk8u345/jdk/test/jdk/jfr/jcmd/TestJcmdStartWithSettings.java,run,167,176,64938483/64938483_2_recent.java,method,1,68
764,jackkolokasis,https://stackoverflow.com/questions/6702420,jackkolokasis/teraheap/jdk8u345/jdk/test/java/awt/im/6396526/IMLookAndFeel.java,main,68,76,6702420/6702420_2_89518975.java,main,9,18
765,jackkolokasis,https://stackoverflow.com/questions/58993471,jackkolokasis/teraheap/jdk8u345/jdk/test/com/sun/crypto/provider/KeyAgreement/DHKeyAgreement2.java,toHexString,271,283,58993471/58993471_2_recent.java,method,1,363
766,jackkolokasis,https://stackoverflow.com/questions/58993471,jackkolokasis/teraheap/jdk8u345/jdk/test/com/sun/crypto/provider/KeyAgreement/DHKeyAgreement3.java,toHexString,178,190,58993471/58993471_2_recent.java,method,1,363
767,jackkolokasis,https://stackoverflow.com/questions/58993471,jackkolokasis/teraheap/jdk8u345/jdk/test/com/sun/crypto/provider/Cipher/Blowfish/BlowfishTestVector.java,toHexString,133,145,58993471/58993471_2_recent.java,method,1,363
768,jackkolokasis,https://stackoverflow.com/questions/58993471,jackkolokasis/teraheap/jdk8u345/jdk/test/com/sun/crypto/provider/TLS/TestLeadingZeroes.java,toHexString,130,142,58993471/58993471_2_recent.java,method,1,363
769,jackkolokasis,https://stackoverflow.com/questions/58617321,jackkolokasis/teraheap/jdk8u345/jdk/test/javax/imageio/plugins/bmp/BMPSubsamplingTest.java,create3ByteImage,329,342,58617321/58617321_2_recent.java,method,1,17
248,jankotek,https://stackoverflow.com/questions/19340685,jankotek/mapdb/src/main/java/org/mapdb/store/legacy/LongConcurrentHashMap.java,put,369,398,19340685/19340685_2_49198640.java,method,1,30
173,java-aid,https://stackoverflow.com/questions/31386664,java-aid/hackerrank-solutions/HackerRankDashboard/CoreCS/DataStructures/src/main/java/com/javaaid/hackerrank/solutions/datastructures/trees/PreorderTraversal.java,preOrder,22,29,31386664/31386664_4_95005617.java,method,1,22
723,jcodec,https://stackoverflow.com/questions/2699270,jcodec/jcodec/src/main/java/org/jcodec/common/io/IOUtils.java,closeQuietly,27,34,2699270/2699270_2_recent.java,method,1,18
239,jetbrains,https://stackoverflow.com/questions/3519182,jetbrains/jediterm/JediTerm/src/main/java/com/jediterm/ui/JTextFieldLimit.java,insertString,18,24,3519182/3519182_2_7342658.java,method,1,17
99,jfxtras,https://stackoverflow.com/questions/20765715,jfxtras/jfxtras/jfxtras-icalendarfx/src/main/java/jfxtras/icalendarfx/utilities/ICalendarUtilities.java,tryAdvance,240,252,20765715/20765715_2_recent.java,method,1,22
100,jfxtras,https://stackoverflow.com/questions/20765715,jfxtras/jfxtras/jfxtras-icalendarfx/src/main/java/jfxtras/icalendarfx/properties/component/recurrence/rrule/RecurrenceRuleValue.java,tryAdvance,464,476,20765715/20765715_2_recent.java,method,1,22
344,jhy,https://stackoverflow.com/questions/31868761,jhy/jsoup/src/main/java/org/jsoup/helper/HttpConnection.java,data,281,292,31868761/31868761_4_96856276.java,method,1,12
606,jonathangerbaud,https://stackoverflow.com/questions/27287511,jonathangerbaud/klyph/Klyph/src/com/abewy/android/apps/klyph/gcm/WakeLocker.java,acquire,10,18,27287511/27287511_2_79053914.java,method,1,18
607,jonathangerbaud,https://stackoverflow.com/questions/27287511,jonathangerbaud/klyph/Klyph/src/com/abewy/android/apps/klyph/gcm/WakeLocker.java,release,20,26,27287511/27287511_2_79053914.java,method,1,18
792,jorensix,https://stackoverflow.com/questions/19689932,jorensix/tarsosdsp/jvm/src/main/java/be/tarsos/dsp/ui/layers/TooltipLayer.java,sleep,47,53,19689932/19689932_6_147013208.java,method,1,16
126,journaldev,https://stackoverflow.com/questions/39717275,journaldev/journaldev/Android/EfficientSearch/app/src/main/java/com/journaldev/efficientsearch/ListViewAdapter.java,publishResults,144,151,39717275/39717275_2_recent.java,method,1,34
127,journaldev,https://stackoverflow.com/questions/10195366,journaldev/journaldev/Spring/Spring-Controller/src/main/java/com/journaldev/spring/controller/HomeController.java,home,14,21,10195366/10195366_2_recent.java,method,1,21
128,journaldev,https://stackoverflow.com/questions/10195366,journaldev/journaldev/Spring/SpringMVCSecurity/src/main/java/com/journaldev/spring/controller/HomeController.java,home,22,33,10195366/10195366_2_recent.java,method,1,21
129,journaldev,https://stackoverflow.com/questions/10195366,journaldev/journaldev/Spring/SpringMVCExample/src/main/java/com/journaldev/spring/HomeController.java,home,26,38,10195366/10195366_2_recent.java,method,1,21
121,kartaview,https://stackoverflow.com/questions/54349072,kartaview/android/app/src/main/java/com/telenav/osv/ui/custom/RoundedCornerLayout.java,createMask,71,84,54349072/54349072_2_190220971.java,createMask,59,72
583,kickflip,https://stackoverflow.com/questions/9293885,kickflip/kickflip-android-sdk/sdk/src/main/java/io/kickflip/sdk/FileUtils.java,copy,152,164,9293885/9293885_2_recent.java,method,1,18
204,kiegroup,https://stackoverflow.com/questions/36214665,kiegroup/kie-tools/packages/dashbuilder/kie-soup-dataset/kie-soup-dataset-core/src/main/java/org/dashbuilder/dataset/UUIDGeneratorImpl.java,uuidToBase64,39,45,36214665/36214665_2_114074670.java,method,1,19
205,kiegroup,https://stackoverflow.com/questions/36214665,kiegroup/kogito-tooling/packages/dashbuilder/kie-soup-dataset/kie-soup-dataset-core/src/main/java/org/dashbuilder/dataset/UUIDGeneratorImpl.java,uuidToBase64,39,45,36214665/36214665_2_114074670.java,method,1,19
215,klinker24,https://stackoverflow.com/questions/28039909,klinker24/talon-for-twitter-android/app/src/main/java/com/klinker/android/twitter_l/activities/compose/Compose.java,buildGoogleApiClient,243,251,28039909/28039909_2_recent.java,method,1,13
267,knowagelabs,https://stackoverflow.com/questions/4429257,knowagelabs/knowage-server/knowage-api/src/main/java/it/eng/knowage/knowageapi/utils/messages/UTF8Control.java,newBundle,32,63,4429257/4429257_2_9347476.java,newBundle,2,32
268,knowagelabs,https://stackoverflow.com/questions/20680556,knowagelabs/knowage-server/knowage-core/src/main/java/it/eng/spagobi/sdk/documents/impl/DocumentsServiceImpl.java,accept,1322,1328,20680556/20680556_2_recent.java,accept,5,17
269,knowagelabs,https://stackoverflow.com/questions/56611483,knowagelabs/knowage-server/knowage-core/src/main/java/it/eng/spagobi/sdk/documents/impl/DocumentsServiceImpl.java,accept,1336,1342,56611483/56611483_2_recent.java,method,1,66
270,knowagelabs,https://stackoverflow.com/questions/4429257,knowagelabs/knowage-server/knowageutils/src/main/java/it/eng/spagobi/utilities/messages/UTF8Control.java,newBundle,32,63,4429257/4429257_2_9347476.java,newBundle,2,32
271,knowagelabs,https://stackoverflow.com/questions/11838438,knowagelabs/knowage-server/knowageutils/src/main/java/it/eng/spagobi/utilities/scripting/SpagoBIScriptManager.java,printInfo,294,311,11838438/11838438_2_recent.java,main,6,31
272,knowagelabs,https://stackoverflow.com/questions/4429257,knowagelabs/knowage-server/knowage-spring-boot-api-common/src/main/java/it/eng/knowage/boot/utils/UTF8Control.java,newBundle,32,63,4429257/4429257_2_9347476.java,newBundle,2,32
588,knowm,https://stackoverflow.com/questions/6702420,knowm/xchart/xchart-demo/src/main/java/org/knowm/xchart/demo/XChartStyleDemo.java,main,51,64,6702420/6702420_2_89518975.java,main,9,18
589,knowm,https://stackoverflow.com/questions/6702420,knowm/xchart/xchart-demo/src/main/java/org/knowm/xchart/demo/XChartDemo.java,main,165,178,6702420/6702420_2_89518975.java,main,9,18
590,knowm,https://stackoverflow.com/questions/6702420,knowm/xchart/xchart-demo/src/main/java/org/knowm/xchart/standalone/SwingDemo.java,main,35,48,6702420/6702420_2_89518975.java,main,9,18
9,kontalk,https://stackoverflow.com/questions/3519182,kontalk/desktopclient-java/src/main/java/org/kontalk/view/ComponentUtils.java,insertString,959,967,3519182/3519182_2_7342658.java,method,1,17
244,kruize,https://stackoverflow.com/questions/26046107,kruize/autotune/src/main/java/com/autotune/analyzer/utils/GsonUTCDateAdapter.java,deserialize,45,52,26046107/26046107_2_124698665.java,method,1,21
773,kubabar1,https://stackoverflow.com/questions/30868562,kubabar1/carrental/CarRental/src/main/java/com/carrental/config/SecurityConfiguration.java,authProvider,31,37,30868562/30868562_6_92947534.java,method,1,11
488,ldoublem,https://stackoverflow.com/questions/34590765,ldoublem/loadingview/loadingviewlib/src/main/java/com/ldoublem/loadingviewlib/view/LVCircularZoom.java,initPaint,76,83,34590765/34590765_2_recent.java,init,28,65
489,ldoublem,https://stackoverflow.com/questions/34590765,ldoublem/loadingview/loadingviewlib/src/main/java/com/ldoublem/loadingviewlib/view/LVCircularJump.java,initPaint,76,83,34590765/34590765_2_recent.java,init,28,65
490,ldoublem,https://stackoverflow.com/questions/34590765,ldoublem/loadingview/loadingviewlib/src/main/java/com/ldoublem/loadingviewlib/view/LVWifi.java,initPaint,37,44,34590765/34590765_2_recent.java,init,28,65
491,ldoublem,https://stackoverflow.com/questions/34590765,ldoublem/loadingview/loadingviewlib/src/main/java/com/ldoublem/loadingviewlib/LVSunSetView.java,initPaint,158,165,34590765/34590765_2_recent.java,init,28,65
782,leapcode,https://stackoverflow.com/questions/7649183,leapcode/bitmask_android/app/src/main/java/de/blinkt/openvpn/views/SeekBarTicks.java,SeekBarTicks,31,39,7649183/7649183_2_57377731.java,method,1,10
16,leapframework,https://stackoverflow.com/questions/41471859,leapframework/framework/base/core/src/main/java/leap/core/security/crypto/bcrypt/BCryptPasswordEncoder.java,encode,62,76,41471859/41471859_4_135239059.java,method,1,15
17,leapframework,https://stackoverflow.com/questions/31868761,leapframework/framework/base/lang/src/main/java/leap/lang/jsoup/helper/HttpConnection.java,data,122,133,31868761/31868761_4_96856276.java,method,1,12
216,lecturestudio,https://stackoverflow.com/questions/61780137,lecturestudio/lecturestudio/lect-media/src/main/java/org/lecturestudio/media/playback/FileEventExecutor.java,await,314,326,61780137/61780137_2_recent.java,method,1,50
628,lenve,https://stackoverflow.com/questions/52148106,lenve/javaeetest/Test18-SpringMVC3/src/main/java/org/sang/MVCConfig.java,viewResolver,17,24,52148106/52148106_4_181012547.java,method,1,13
629,lenve,https://stackoverflow.com/questions/52148106,lenve/javaeetest/MyBlog/src/main/java/org/sang/config/MyMVCConfig.java,viewResolver,30,37,52148106/52148106_4_181012547.java,method,1,13
630,lenve,https://stackoverflow.com/questions/52148106,lenve/javaeetest/Test18-SpringMVC1/src/main/java/org/sang/MyMVCConfig.java,viewResolver,17,26,52148106/52148106_4_181012547.java,method,1,13
631,lenve,https://stackoverflow.com/questions/52148106,lenve/javaeetest/Test18-SpringMVC2/src/main/java/org/sang/MVCConfig.java,viewResolver,17,24,52148106/52148106_4_181012547.java,method,1,13
632,lenve,https://stackoverflow.com/questions/52148106,lenve/javaeetest/Test18-FileUpload/src/main/java/org/sang/MVCConfig.java,viewResolver,21,28,52148106/52148106_4_181012547.java,method,1,13
221,linkedin,https://stackoverflow.com/questions/2180534,linkedin/rest.li/pegasus-common/src/main/java/com/linkedin/common/callback/FutureCallback.java,isCancelled,45,51,2180534/2180534_2_recent.java,method,1,58
325,linlinjava,https://stackoverflow.com/questions/41471859,linlinjava/litemall/litemall-core/src/main/java/org/linlinjava/litemall/core/util/bcrypt/BCryptPasswordEncoder.java,encode,62,74,41471859/41471859_4_135239059.java,method,1,15
85,liquibase,https://stackoverflow.com/questions/18454342,liquibase/liquibase/liquibase-core/src/main/java/liquibase/resource/AbstractPathResourceAccessor.java,visitFile,97,104,18454342/18454342_2_recent.java,method,1,29
618,longjuncai,https://stackoverflow.com/questions/33612373,longjuncai/deepdriver/src/deepDriver/dl/aml/math/MathUtilBase.java,reset2zero,116,122,33612373/33612373_2_103731026.java,method,1,13
347,luohuayu,https://stackoverflow.com/questions/24127188,luohuayu/catserver/src/fmllauncher/java/com/google/gson/internal/bind/TypeAdapters$EnumTypeAdapter.java,read,35,41,24127188/24127188_2_recent.java,method,1,32
471,mabe02,https://stackoverflow.com/questions/4429257,mabe02/lanterna/src/main/java/com/googlecode/lanterna/bundle/BundleLocator.java,newBundle,81,111,4429257/4429257_2_9347476.java,newBundle,2,32
743,macrozheng,https://stackoverflow.com/questions/58370217,macrozheng/mall-learning/mall-tiny-oss/src/main/java/com/macro/mall/tiny/config/GlobalCorsConfig.java,corsFilter,19,33,58370217/58370217_2_recent.java,method,1,45
744,macrozheng,https://stackoverflow.com/questions/58370217,macrozheng/mall-learning/mall-tiny-redis/src/main/java/com/macro/mall/tiny/config/GlobalCorsConfig.java,corsFilter,19,33,58370217/58370217_2_recent.java,method,1,45
745,macrozheng,https://stackoverflow.com/questions/58370217,macrozheng/mall-learning/mall-tiny/src/main/java/com/macro/mall/tiny/config/GlobalCorsConfig.java,corsFilter,19,33,58370217/58370217_2_recent.java,method,1,45
746,macrozheng,https://stackoverflow.com/questions/58370217,macrozheng/mall-tiny/src/main/java/com/macro/mall/tiny/config/GlobalCorsConfig.java,corsFilter,19,35,58370217/58370217_2_recent.java,method,1,45
747,macrozheng,https://stackoverflow.com/questions/58370217,macrozheng/mall/mall-admin/src/main/java/com/macro/mall/config/GlobalCorsConfig.java,corsFilter,19,33,58370217/58370217_2_recent.java,method,1,45
748,macrozheng,https://stackoverflow.com/questions/58370217,macrozheng/mall/mall-portal/src/main/java/com/macro/mall/portal/config/GlobalCorsConfig.java,corsFilter,19,33,58370217/58370217_2_recent.java,method,1,45
738,marlinski,https://stackoverflow.com/questions/52144662,marlinski/rumble/app/src/main/java/org/disrupted/rumble/util/FileUtil.java,isExternalStorageWritable,70,76,52144662/52144662_2_181397043.java,method,1,97
580,massivecraft,https://stackoverflow.com/questions/24127188,massivecraft/massivecore/src/com/massivecraft/massivecore/adapter/AdapterModdedEnumType.java,read,60,66,24127188/24127188_2_recent.java,method,1,32
481,matsim-org,https://stackoverflow.com/questions/29575747,matsim-org/matsim-libs/contribs/pseudosimulation/src/main/java/org/matsim/contrib/pseudosimulation/distributed/io/SimpleFileServer.java,main,16,49,29575747/29575747_2_recent.java,main,21,60
482,matsim-org,https://stackoverflow.com/questions/65112087,matsim-org/matsim-libs/matsim/src/main/java/org/matsim/pt/counts/SimpleWriter.java,close,90,97,65112087/65112087_2_236114933.java,method,1,14
483,matsim-org,https://stackoverflow.com/questions/65112087,matsim-org/matsim-libs/matsim/src/main/java/org/matsim/pt/counts/SimpleWriter.java,flush,99,106,65112087/65112087_2_recent.java,method,1,14
324,meituan-dianping,https://stackoverflow.com/questions/37957745,meituan-dianping/zebra/zebra-client/src/main/java/com/dianping/zebra/util/StringUtils.java,md5,185,194,37957745/37957745_2_recent.java,method,1,27
183,mercyblitz,https://stackoverflow.com/questions/45590884,mercyblitz/geekbang-lessons/projects/stage-1/user-platform/servlet-web/src/main/java/org/geektimes/projects/servlet/filter/EncodingFilter.java,doFilter,38,45,45590884/45590884_2_recent.java,method,1,25
20,mesquiteproject,https://stackoverflow.com/questions/9293885,mesquiteproject/mesquitecore/Source/mesquite/lib/MesquiteFile.java,copy,311,323,9293885/9293885_2_recent.java,method,1,18
206,micromata,https://stackoverflow.com/questions/23839705,micromata/projectforge/projectforge-business/src/main/java/org/projectforge/business/teamcal/servlet/TeamCalResponseServlet.java,init,81,88,23839705/23839705_2_65821537.java,method,1,15
677,minecraftmoddevelopment,https://stackoverflow.com/questions/51608517,minecraftmoddevelopment/mmdbot/src/painter/java/com/mcmoddev/mmdbot/painter/util/ImageUtils.java,generateMask,64,80,51608517/51608517_2_recent.java,method,1,149
678,minecraftmoddevelopment,https://stackoverflow.com/questions/51608517,minecraftmoddevelopment/mmdbot/src/painter/java/com/mcmoddev/mmdbot/painter/util/ImageUtils.java,generatePaintMask,82,98,51608517/51608517_2_recent.java,method,1,149
111,mirakelx,https://stackoverflow.com/questions/27436796,mirakelx/mirakel-android/new_ui/src/main/java/de/azapps/mirakel/new_ui/views/ProgressDoneView.java,drawableToBitmap,226,237,27436796/27436796_2_recent.java,method,1,69
647,mitchtabian,https://stackoverflow.com/questions/50930455,mitchtabian/android-instagram-clone/app/src/main/java/tabian/com/instagramclone2/Utils/FirebaseMethods.java,addNewUser,592,617,50930455/50930455_6_recent.java,method,1,16
772,miyabayt,https://stackoverflow.com/questions/13956092,miyabayt/spring-boot-doma2-sample/sample-web-base/src/main/java/com/bigtreetc/sample/web/base/filter/ClearMDCFilter.java,doFilterInternal,16,26,13956092/13956092_2_recent.java,method,1,25
131,mkl-public,https://stackoverflow.com/questions/57398454,mkl-public/testarea-itext5/src/main/java/mkl/testarea/itext5/content/SimpleTextRemover.java,remove,78,90,57398454/57398454_2_recent.java,method,1,289
132,mkl-public,https://stackoverflow.com/questions/57398454,mkl-public/testarea-itext5/src/main/java/mkl/testarea/itext5/content/SimpleTextRemover.java,process,130,143,57398454/57398454_2_recent.java,method,1,289
133,mkl-public,https://stackoverflow.com/questions/57398454,mkl-public/testarea-itext5/src/main/java/mkl/testarea/itext5/content/SimpleTextRemover.java,processTextShowingOp,154,205,57398454/57398454_2_recent.java,method,1,289
134,mkl-public,https://stackoverflow.com/questions/57398454,mkl-public/testarea-itext5/src/main/java/mkl/testarea/itext5/content/SimpleTextRemover.java,countStrings,211,221,57398454/57398454_2_recent.java,method,1,289
135,mkl-public,https://stackoverflow.com/questions/57398454,mkl-public/testarea-itext5/src/main/java/mkl/testarea/itext5/content/SimpleTextRemover.java,renderText,254,270,57398454/57398454_2_recent.java,method,1,289
136,mkl-public,https://stackoverflow.com/questions/57398454,mkl-public/testarea-itext5/src/main/java/mkl/testarea/itext5/content/SimpleTextRemover.java,reduceToPartialMatch,277,290,57398454/57398454_2_recent.java,method,1,289
137,mkl-public,https://stackoverflow.com/questions/41751396,mkl-public/testarea-itext5/src/test/java/mkl/testarea/itext5/extract/ExtractPaths.java,renderPath,63,123,41751396/41751396_8_136432238.java,method,1,123
138,mkl-public,https://stackoverflow.com/questions/41751396,mkl-public/testarea-itext5/src/test/java/mkl/testarea/itext5/extract/ExtractPaths.java,transform,130,141,41751396/41751396_8_136432238.java,method,1,123
139,mkl-public,https://stackoverflow.com/questions/41751396,mkl-public/testarea-itext5/src/test/java/mkl/testarea/itext5/extract/ExtractPaths.java,expandRectangleCoordinates,143,153,41751396/41751396_8_136432238.java,method,1,123
342,mpue,https://stackoverflow.com/questions/62722315,mpue/blackboard/src/org/pmedv/core/gui/controller/ApplicationLoginController.java,keyPressed,188,195,62722315/62722315_2_recent.java,method,1,292
43,mrcrayfish,https://stackoverflow.com/questions/36950444,mrcrayfish/modelcreator/src/main/java/com/mrcrayfish/modelcreator/Exporter.java,space,64,73,36950444/36950444_6_116982498.java,method,1,38
86,mucommander,https://stackoverflow.com/questions/36805363,mucommander/mucommander/mucommander-viewer-image/src/main/java/com/mucommander/viewer/image/ImageViewer.java,mouseDragged,173,189,36805363/36805363_2_recent.java,method,1,87
283,mycatapache,https://stackoverflow.com/questions/60266789,mycatapache/mycat2/common/src/main/java/io/mycat/util/HexFormatUtil.java,bytesToHexString,33,41,60266789/60266789_2_recent.java,method,1,13
284,mycatapache,https://stackoverflow.com/questions/60266789,mycatapache/mycat-server/src/main/java/io/mycat/util/HexFormatUtil.java,bytesToHexString,33,41,60266789/60266789_2_recent.java,method,1,13
585,nasaworldwind,https://stackoverflow.com/questions/13542540,nasaworldwind/worldwindjava/src/gov/nasa/worldwindx/examples/SimpleShapeDragging.java,run,80,86,13542540/13542540_2_recent.java,run,12,21
586,nasaworldwind,https://stackoverflow.com/questions/13542540,nasaworldwind/worldwindjava/src/gov/nasa/worldwindx/examples/SimplestPossibleExample.java,run,55,61,13542540/13542540_2_recent.java,run,12,21
791,nationalsecurityagency,https://stackoverflow.com/questions/62722315,nationalsecurityagency/ghidra/Ghidra/Framework/Docking/src/main/java/docking/widgets/filechooser/DirectoryList.java,keyPressed,151,157,62722315/62722315_2_recent.java,method,1,292
315,nativejdb,https://stackoverflow.com/questions/29866762,nativejdb/nativejdb/src/test/data/Hellosources/java/util/ComparableTimSort.java,sort,179,224,29866762/29866762_2_89013107.java,method,1,40
316,nativejdb,https://stackoverflow.com/questions/29866762,nativejdb/nativejdb/src/test/data/Hellosources/java/util/TimSort.java,sort,210,256,29866762/29866762_2_89013107.java,method,1,40
317,nativejdb,https://stackoverflow.com/questions/46830988,nativejdb/nativejdb/src/test/data/Hellosources/java/util/HashMap.java,putMapEntries,496,514,46830988/46830988_4_158689916.java,method,1,19
318,nativejdb,https://stackoverflow.com/questions/62919983,nativejdb/nativejdb/src/test/data/Hellosources/java/util/Random.java,seedUniquifier,108,117,62919983/62919983_2_recent.java,method,1,17
319,nativejdb,https://stackoverflow.com/questions/50578162,nativejdb/nativejdb/src/test/data/Hellosources/java/nio/DirectByteBuffer.java,DirectByteBuffer,112,140,50578162/50578162_2_recent.java,method,1,22
320,nativejdb,https://stackoverflow.com/questions/29330741,nativejdb/nativejdb/src/test/data/Hellosources/java/math/BigDecimal.java,divide,5699,5711,29330741/29330741_6_86929181.java,method,1,13
321,nativejdb,https://stackoverflow.com/questions/29330741,nativejdb/nativejdb/src/test/data/Hellosources/java/math/BigDecimal.java,divide,5713,5725,29330741/29330741_6_86929181.java,method,1,13
710,neo4j,https://stackoverflow.com/questions/65112087,neo4j/graph-data-science/io/csv/src/main/java/org/neo4j/gds/core/io/file/csv/UserInfoVisitor.java,close,53,61,65112087/65112087_2_236114933.java,method,1,14
15,nervenetwork,https://stackoverflow.com/questions/54298032,nervenetwork/nerve/common/nuls-core/src/main/java/io/nuls/core/crypto/ByteStreams.java,copy,47,62,54298032/54298032_2_190009745.java,copy,52,65
162,netty,https://stackoverflow.com/questions/20274776,netty/netty/common/src/test/java/io/netty/util/internal/ObjectCleanerTest.java,run,42,49,20274776/20274776_2_recent.java,method,1,29
163,netty,https://stackoverflow.com/questions/20274776,netty/netty/common/src/test/java/io/netty/util/internal/ObjectCleanerTest.java,run,79,86,20274776/20274776_2_recent.java,method,1,29
164,netty,https://stackoverflow.com/questions/42681543,netty/netty/example/src/main/java/io/netty/example/proxy/HexDumpProxyBackendHandler.java,channelRead,37,49,42681543/42681543_4_recent.java,method,1,166
165,netty,https://stackoverflow.com/questions/42681543,netty/netty/example/src/main/java/io/netty/example/proxy/HexDumpProxyFrontendHandler.java,channelActive,41,65,42681543/42681543_4_recent.java,method,1,166
166,netty,https://stackoverflow.com/questions/42681543,netty/netty/example/src/main/java/io/netty/example/proxy/HexDumpProxyFrontendHandler.java,channelRead,67,82,42681543/42681543_4_recent.java,method,1,166
547,neuroph,https://stackoverflow.com/questions/6133827,neuroph/neuroph/neuroph-2.9/Samples/src/main/java/org/neuroph/samples/mnist/master/FuNet1.java,updateCanvas,60,79,6133827/6133827_2_recent.java,updateCanvas,19,34
548,neuroph,https://stackoverflow.com/questions/38367701,neuroph/neuroph/NeurophStudio/NeurophClassificationSample/src/org/neuroph/netbeans/classificationsample/SelectInputsDialog.java,main,171,211,38367701/38367701_2_recent.java,method,1,132
740,nextgenhealthcare,https://stackoverflow.com/questions/62722315,nextgenhealthcare/connect/client/src/com/mirth/connect/client/ui/FindRplDialog.java,keyPressed,81,87,62722315/62722315_2_recent.java,method,1,292
608,nightscoutfoundation,https://stackoverflow.com/questions/32061893,nightscoutfoundation/xdrip/wear/src/main/java/com/eveningoutpost/dexdrip/ListenerService.java,pickBestNodeId,2567,2577,32061893/32061893_2_recent.java,method,1,23
609,nightscoutfoundation,https://stackoverflow.com/questions/32061893,nightscoutfoundation/xdrip/app/src/main/java/com/eveningoutpost/dexdrip/wearintegration/WatchUpdaterService.java,pickBestNodeId,1071,1081,32061893/32061893_2_recent.java,method,1,23
725,novskey,https://stackoverflow.com/questions/28797486,novskey/pallettown/src/pallettown/PalletTown.java,newLineExists,131,143,28797486/28797486_2_recent.java,method,1,33
492,nuls-io,https://stackoverflow.com/questions/54298032,nuls-io/nuls-v2/common/nuls-core/src/main/java/io/nuls/core/crypto/ByteStreams.java,copy,47,62,54298032/54298032_2_190009745.java,copy,52,65
245,nvv,https://stackoverflow.com/questions/4305365,nvv/far-on-droid/farondroid/src/main/java/com/github/junrar/MVTest.java,main,18,55,4305365/4305365_2_recent.java,main,6,43
246,nvv,https://stackoverflow.com/questions/189739,nvv/far-on-droid/farondroid/src/main/java/com/openfarmanager/android/filesystem/FileSystemScanner.java,addFilesRecursively,67,75,189739/189739_2_recent.java,method,1,14
695,oauth-apis,https://stackoverflow.com/questions/52148106,oauth-apis/apis/apis-example-client-app/src/main/java/org/surfnet/oaaas/config/SpringConfiguration.java,viewResolver,47,53,52148106/52148106_4_181012547.java,method,1,13
690,odoo-mobile,https://stackoverflow.com/questions/24127188,odoo-mobile/framework/app/src/main/java/com/google/gson/Gson.java,read,254,260,24127188/24127188_2_recent.java,method,1,32
691,odoo-mobile,https://stackoverflow.com/questions/24127188,odoo-mobile/framework/app/src/main/java/com/google/gson/Gson.java,read,310,316,24127188/24127188_2_recent.java,method,1,32
692,odoo-mobile,https://stackoverflow.com/questions/24127188,odoo-mobile/framework/app/src/main/java/com/google/gson/internal/bind/TypeAdapters.java,read,288,295,24127188/24127188_2_recent.java,method,1,32
693,odoo-mobile,https://stackoverflow.com/questions/24127188,odoo-mobile/framework/app/src/main/java/com/google/gson/internal/bind/TypeAdapters.java,read,736,742,24127188/24127188_2_recent.java,method,1,32
428,open-hand,https://stackoverflow.com/questions/22918204,open-hand/choerodon-starters/choerodon-gitlab4j-api/src/main/java/org/gitlab4j/api/utils/JacksonJson.java,serialize,206,218,22918204/22918204_2_62450522.java,serialize,3,14
784,openclinica,https://stackoverflow.com/questions/359634,openclinica/openclinica/core/src/main/java/org/akaza/openclinica/logic/expressionTree/ArithmeticOpNode.java,isDouble,164,171,359634/359634_2_recent.java,method,1,46
495,openda-association,https://stackoverflow.com/questions/14676464,openda-association/openda/core/java/src/org/openda/utils/io/FileSupport.java,recursive_list,138,152,14676464/14676464_2_recent.java,method,1,15
496,openda-association,https://stackoverflow.com/questions/6702420,openda-association/openda/application/java/src/org/openda/application/gui/TreeDemo.java,main,267,275,6702420/6702420_2_89518975.java,main,9,18
330,openequella,https://stackoverflow.com/questions/18004334,openequella/openequella/Source/Plugins/Applet/com.tle.web.filemanager.applet/appletsrc/src/main/java/com/tle/web/filemanager/applet/actions/DesktopApi.java,browseDESKTOP,74,94,18004334/18004334_4_recent.java,browseDESKTOP,68,89
210,openintents,https://stackoverflow.com/questions/3519182,openintents/sensorsimulator/SensorSimulator/src/org/openintents/tools/simulator/util/JTextFieldLimit.java,insertString,70,80,3519182/3519182_2_7342658.java,method,1,17
141,openjdk-mirror,https://stackoverflow.com/questions/13462440,openjdk-mirror/jdk7u-jdk/src/share/demo/jfc/SwingApplet/SwingApplet.java,init,74,91,13462440/13462440_6_32050882.java,init,30,44
142,openjdk-mirror,https://stackoverflow.com/questions/58993471,openjdk-mirror/jdk7u-jdk/src/share/classes/sun/security/tools/KeyTool.java,toHexString,3055,3065,58993471/58993471_2_recent.java,method,1,363
143,openjdk-mirror,https://stackoverflow.com/questions/29866762,openjdk-mirror/jdk7u-jdk/src/share/classes/java/util/ComparableTimSort.java,sort,149,193,29866762/29866762_2_89013107.java,method,1,40
144,openjdk-mirror,https://stackoverflow.com/questions/29866762,openjdk-mirror/jdk7u-jdk/src/share/classes/java/util/TimSort.java,sort,176,225,29866762/29866762_2_89013107.java,method,1,40
145,openjdk-mirror,https://stackoverflow.com/questions/3870210,openjdk-mirror/jdk7u-jdk/src/share/classes/java/util/HashMap.java,HashIterator,791,798,3870210/3870210_4_recent.java,method,1,29
146,openjdk-mirror,https://stackoverflow.com/questions/16799135,openjdk-mirror/jdk7u-jdk/src/share/classes/java/util/Timer.java,sched,386,412,16799135/16799135_10_41317480.java,method,1,23
147,openjdk-mirror,https://stackoverflow.com/questions/45774144,openjdk-mirror/jdk7u-jdk/src/share/classes/javax/swing/plaf/metal/MetalTabbedPaneUI.java,update,719,725,45774144/45774144_4_recent.java,method,1,21
148,openjdk-mirror,https://stackoverflow.com/questions/54119640,openjdk-mirror/jdk7u-jdk/src/share/classes/javax/swing/plaf/basic/BasicTableHeaderUI.java,mouseClicked,99,116,54119640/54119640_4_189259651.java,mouseClicked,10,26
149,openjdk-mirror,https://stackoverflow.com/questions/58993471,openjdk-mirror/jdk7u-jdk/test/sun/security/x509/X500Name/DerValueConstructor.java,toHexString,119,131,58993471/58993471_2_recent.java,method,1,363
150,openjdk-mirror,https://stackoverflow.com/questions/6702420,openjdk-mirror/jdk7u-jdk/test/java/awt/im/6396526/IMLookAndFeel.java,main,68,76,6702420/6702420_2_89518975.java,main,9,18
151,openjdk-mirror,https://stackoverflow.com/questions/58993471,openjdk-mirror/jdk7u-jdk/test/com/sun/crypto/provider/KeyAgreement/DHKeyAgreement2.java,toHexString,270,282,58993471/58993471_2_recent.java,method,1,363
152,openjdk-mirror,https://stackoverflow.com/questions/58993471,openjdk-mirror/jdk7u-jdk/test/com/sun/crypto/provider/KeyAgreement/DHKeyAgreement3.java,toHexString,178,190,58993471/58993471_2_recent.java,method,1,363
153,openjdk-mirror,https://stackoverflow.com/questions/58993471,openjdk-mirror/jdk7u-jdk/test/com/sun/crypto/provider/Cipher/Blowfish/BlowfishTestVector.java,toHexString,133,145,58993471/58993471_2_recent.java,method,1,363
154,openjdk-mirror,https://stackoverflow.com/questions/58617321,openjdk-mirror/jdk7u-jdk/test/javax/imageio/plugins/bmp/BMPSubsamplingTest.java,create3ByteImage,329,342,58617321/58617321_2_recent.java,method,1,17
679,openliberty,https://stackoverflow.com/questions/44379671,openliberty/open-liberty/dev/com.ibm.ws.security.fat.common.backchannelLogout/test-applications/backchannelLogoutTestApp/src/com/ibm/ws/security/fat/backChannelLogoutTestApps/BackChannelLogout_logJSessionId_Servlet.java,doPost,40,47,44379671/44379671_6_recent.java,method,1,15
680,openliberty,https://stackoverflow.com/questions/40317313,openliberty/open-liberty/dev/com.ibm.ws.jdbc_fat_krb5/fat/src/com/ibm/ws/jdbc/fat/krb5/containers/KerberosPlatformRule.java,apply,38,48,40317313/40317313_6_130395681.java,apply,15,27
681,openliberty,https://stackoverflow.com/questions/40317313,openliberty/open-liberty/dev/com.ibm.ws.jdbc_fat_krb5/fat/src/com/ibm/ws/jdbc/fat/krb5/OracleKerberosTest.java,apply,143,153,40317313/40317313_6_130395681.java,apply,15,27
737,openpnp,https://stackoverflow.com/questions/4429257,openpnp/openpnp/src/main/java/org/openpnp/Translations.java,newBundle,26,53,4429257/4429257_2_9347476.java,newBundle,2,32
721,opensearch-project,https://stackoverflow.com/questions/33561612,opensearch-project/opensearch/server/src/test/java/org/opensearch/cluster/service/TaskExecutorTests.java,run,223,230,33561612/33561612_2_recent.java,method,1,33
327,orcid,https://stackoverflow.com/questions/4429257,orcid/orcid-source/orcid-core/src/main/java/org/orcid/core/utils/UTF8Control.java,newBundle,14,44,4429257/4429257_2_9347476.java,newBundle,2,32
537,osgi,https://stackoverflow.com/questions/19689932,osgi/osgi/org.osgi.test.cases.cm/src/org/osgi/test/cases/cm/junit/CMCoordinationTestCase.java,sleep,135,141,19689932/19689932_6_147013208.java,method,1,16
538,osgi,https://stackoverflow.com/questions/2325407,osgi/osgi/org.osgi.test.cases.rest/src/org/osgi/test/cases/rest/junit/RestServiceXMLTestCase.java,printDocument,1040,1058,2325407/2325407_2_recent.java,method,1,12
113,overturetool,https://stackoverflow.com/questions/25985720,overturetool/overture/core/combinatorialtesting/ctruntime/src/main/java/org/overture/ct/ctruntime/server/common/Utils.java,isInt,42,52,25985720/25985720_14_recent.java,method,1,21
114,overturetool,https://stackoverflow.com/questions/25985720,overturetool/overture/ide/plugins/combinatorialtesting/src/main/java/org/overture/combinatorialtesting/vdmj/server/common/Utils.java,isInt,46,56,25985720/25985720_14_recent.java,method,1,21
539,owasp,https://stackoverflow.com/questions/52144662,owasp/mastg-hacking-playground/Android/MSTG-Android-Java-App/app/src/main/java/sg/vp/owasp_mobile/OMTG_Android/OMTG_DATAST_001_ExternalStorage.java,isExternalStorageReadable,60,67,52144662/52144662_2_181397043.java,method,1,97
651,p2abcengine,https://stackoverflow.com/questions/9293885,p2abcengine/p2abcengine/Code/core-abce/abce-components/src/main/java/eu/abc4trust/util/StorageUtil.java,copy,256,268,9293885/9293885_2_recent.java,method,1,18
410,pamguard,https://stackoverflow.com/questions/28137956,pamguard/pamguard/src/soundtrap/BCLReader.java,close,71,80,28137956/28137956_4_recent.java,method,1,79
411,pamguard,https://stackoverflow.com/questions/17627497,pamguard/pamguard/src/difar/display/SonobuoyManagerPanel.java,resizeColumnWidth,192,203,17627497/17627497_2_recent.java,method,1,14
749,pebbletemplates,https://stackoverflow.com/questions/4429257,pebbletemplates/pebble/pebble/src/main/java/io/pebbletemplates/pebble/extension/i18n/UTF8Control.java,newBundle,15,45,4429257/4429257_2_9347476.java,newBundle,2,32
130,peergos,https://stackoverflow.com/questions/56815,peergos/peergos/src/peergos/server/storage/S3AdminRequests.java,initialValue,57,64,56815/56815_2_recent.java,method,1,15
233,penguinsquad,https://stackoverflow.com/questions/53110509,penguinsquad/harvest-festival/src/main/java/uk/joshiejack/harvestcore/world/mine/dimension/floors/RoomGeneratorTemplate.java,rotate,142,150,53110509/53110509_2_185004841.java,method,1,10
207,pentaho,https://stackoverflow.com/questions/30316055,pentaho/pentaho-platform/extensions/src/main/java/org/pentaho/platform/web/http/api/resources/utils/EscapeUtils.java,HTMLCharacterEscapes,36,48,30316055/30316055_2_recent.java,method,1,42
18,pgmdev,https://stackoverflow.com/questions/4429257,pgmdev/pgm/util/src/main/java/tc/oc/pgm/util/text/UTF8Control.java,newBundle,24,53,4429257/4429257_2_9347476.java,newBundle,2,32
587,phoenixctms,https://stackoverflow.com/questions/50241292,phoenixctms/ctsms/web/src/main/java/org/phoenixctms/ctsms/web/jersey/provider/CORSFilter.java,filter,12,22,50241292/50241292_2_173099365.java,filter,2,14
502,pig-mesh,https://stackoverflow.com/questions/58370217,pig-mesh/pig/pig-register/src/main/java/com/alibaba/nacos/config/ConsoleConfig.java,corsFilter,60,72,58370217/58370217_2_recent.java,method,1,45
417,pippokill,https://stackoverflow.com/questions/1520212,pippokill/tri/src/main/java/di/uniba/it/tri/changepoint/v2/ComputeCPTTaylor.java,shuffleArray,36,45,1520212/1520212_2_recent.java,shuffleArray,19,31
202,piwigo,https://stackoverflow.com/questions/52144662,piwigo/piwigo-android/app/src/main/java/org/piwigo/data/repository/ImageRepository.java,isExternalStorageWritable,352,358,52144662/52144662_2_181397043.java,method,1,97
241,pixelmaid,https://stackoverflow.com/questions/54704257,pixelmaid/dresscode_v0.5/src/com/pixelmaid/dresscode/app/CodeField.java,insertUpdate,243,251,54704257/54704257_2_recent.java,method,1,12
32,pkainulainen,https://stackoverflow.com/questions/52148106,pkainulainen/spring-data-jpa-examples/tutorial-part-eight/src/main/java/net/petrikainulainen/spring/datajpa/config/ApplicationContext.java,viewResolver,111,120,52148106/52148106_4_181012547.java,method,1,13
33,pkainulainen,https://stackoverflow.com/questions/52148106,pkainulainen/spring-data-jpa-examples/tutorial-part-seven/src/main/java/net/petrikainulainen/spring/datajpa/config/ApplicationContext.java,viewResolver,111,120,52148106/52148106_4_181012547.java,method,1,13
34,pkainulainen,https://stackoverflow.com/questions/52148106,pkainulainen/spring-data-solr-examples/query-methods-pagination/src/main/java/net/petrikainulainen/spring/datasolr/config/ExampleApplicationContext.java,viewResolver,80,89,52148106/52148106_4_181012547.java,method,1,13
35,pkainulainen,https://stackoverflow.com/questions/52148106,pkainulainen/spring-data-solr-examples/query-methods/src/main/java/net/petrikainulainen/spring/datasolr/config/ExampleApplicationContext.java,viewResolver,69,78,52148106/52148106_4_181012547.java,method,1,13
36,pkainulainen,https://stackoverflow.com/questions/52148106,pkainulainen/spring-data-solr-examples/criteria-pagination/src/main/java/net/petrikainulainen/spring/datasolr/config/ExampleApplicationContext.java,viewResolver,80,89,52148106/52148106_4_181012547.java,method,1,13
37,pkainulainen,https://stackoverflow.com/questions/52148106,pkainulainen/spring-data-solr-examples/custom-repository-all/src/main/java/net/petrikainulainen/spring/datasolr/config/ExampleApplicationContext.java,viewResolver,80,89,52148106/52148106_4_181012547.java,method,1,13
38,pkainulainen,https://stackoverflow.com/questions/52148106,pkainulainen/spring-data-solr-examples/criteria/src/main/java/net/petrikainulainen/spring/datasolr/config/ExampleApplicationContext.java,viewResolver,69,78,52148106/52148106_4_181012547.java,method,1,13
503,playframework,https://stackoverflow.com/questions/46887834,playframework/play1/samples-and-tests/just-test-cases/test/Chunked2Test.java,sleep,37,43,46887834/46887834_2_recent.java,method,1,14
571,plutext,https://stackoverflow.com/questions/9293885,plutext/jaxb-2_2_5_1/samples/src/processor/util/Util.java,copy,57,69,9293885/9293885_2_recent.java,method,1,18
155,pokefenn,https://stackoverflow.com/questions/63631995,pokefenn/chisel/src/main/java/info/jbcs/minecraft/chisel/client/gui/GuiElement.java,GuiElement,18,24,63631995/63631995_6_recent.java,method,1,110
96,polypheny,https://stackoverflow.com/questions/34511731,polypheny/polypheny-db/webui/src/main/java/org/polypheny/db/webui/models/DbColumn.java,handleInteger,176,183,34511731/34511731_2_recent.java,read,2,14
403,polystat,https://stackoverflow.com/questions/5061920,polystat/j2eo/src/test/resources/test_candidates/ch_10_arrays/sec_10_4_array_access/DisplayMatrixSquare.java,main,2,17,5061920/5061920_1_recent.java,method,1,11
404,polystat,https://stackoverflow.com/questions/5061920,polystat/j2eo/src/test/resources/test_candidates/ch_10_arrays/sec_10_4_array_access/DisplayMatrixNoSquare.java,main,2,16,5061920/5061920_1_recent.java,method,1,11
550,powernukkitx,https://stackoverflow.com/questions/57997601,powernukkitx/powernukkitx/src/main/java/cn/nukkit/utils/Utils.java,visitFile,415,421,57997601/57997601_2_recent.java,method,1,22
187,processing,https://stackoverflow.com/questions/60929154,processing/processing4/java/src/processing/mode/java/CompletionPanel.java,mouseClicked,122,128,60929154/60929154_2_218030952.java,createSuggestionList,48,66
188,processing,https://stackoverflow.com/questions/58346204,processing/processing/core/src/processing/core/PApplet.java,parseInt,9668,9678,58346204/58346204_2_recent.java,method,1,103
189,processing,https://stackoverflow.com/questions/7607044,processing/processing/app/src/processing/app/ui/Welcome2.java,itemStateChanged,242,248,7607044/7607044_2_recent.java,getTableCellEditorComponent,11,57
190,processing,https://stackoverflow.com/questions/60929154,processing/processing/java/src/processing/mode/java/pdex/CompletionPanel.java,mouseClicked,142,148,60929154/60929154_2_218030952.java,createSuggestionList,48,66
229,projectbuendia,https://stackoverflow.com/questions/19876516,projectbuendia/client/third_party/odkcollect/src/main/java/org/odk/collect/android/widgets/AutoCompleteWidget.java,publishResults,288,299,19876516/19876516_2_recent.java,method,1,33
230,projectbuendia,https://stackoverflow.com/questions/55003173,projectbuendia/client/third_party/odkcollect/src/main/java/org/odk/collect/android/preferences/AggregatePreferencesActivity.java,filter,155,163,55003173/55003173_2_recent.java,method,1,12
528,prometheus,https://stackoverflow.com/questions/18454342,prometheus/client_java/integration_tests/it_common/src/test/java/io/prometheus/client/it/common/Volume.java,visitFile,68,74,18454342/18454342_2_recent.java,method,1,29
224,proofpoint,https://stackoverflow.com/questions/30316055,proofpoint/platform/jaxrs/src/main/java/com/proofpoint/jaxrs/JsonMapper.java,HTMLCharacterEscapes,253,265,30316055/30316055_2_recent.java,method,1,42
212,punchthrough,https://stackoverflow.com/questions/60266789,punchthrough/bean-sdk-android/sdk/src/main/java/com/punchthrough/bean/sdk/internal/utility/Convert.java,bytesToHexString,19,27,60266789/60266789_2_recent.java,method,1,13
718,puniverse,https://stackoverflow.com/questions/54298032,puniverse/quasar/quasar-core/src/main/java/co/paralleluniverse/fibers/instrument/QuasarInstrumentor.java,copy,315,328,54298032/54298032_2_recent.java,copy,58,72
616,pylersm,https://stackoverflow.com/questions/9293885,pylersm/xinstaller/src/com/pyler/xinstaller/Utils.java,copyFile,142,153,9293885/9293885_2_recent.java,method,1,18
487,qalingo,https://stackoverflow.com/questions/5079864,qalingo/qalingo-engine/apis/api-core/api-core-common/src/main/java/org/hoteia/qalingo/core/web/util/BeanUtilsBean.java,copyNotNullProperties,17,24,5079864/5079864_2_136918794.java,method,1,13
776,qiurunze123,https://stackoverflow.com/questions/55986044,qiurunze123/threadandjuc/src/main/java/com/geekagain/jmm/FieldVisibility.java,run,25,33,55986044/55986044_2_recent.java,method,1,107
777,qiurunze123,https://stackoverflow.com/questions/55986044,qiurunze123/threadandjuc/thread-interview/src/main/java/com/apollo/threadinterview/threadjmm/ThreadJmm3.java,run,40,49,55986044/55986044_2_recent.java,method,1,107
778,qiurunze123,https://stackoverflow.com/questions/55986044,qiurunze123/threadandjuc/thread-interview/src/main/java/com/apollo/threadinterview/threadjmm/FieldVisibilityMind.java,run,33,41,55986044/55986044_2_recent.java,method,1,107
779,qiurunze123,https://stackoverflow.com/questions/55986044,qiurunze123/threadandjuc/thread-interview/src/main/java/com/apollo/threadinterview/threadjmm/ThreadJmm4.java,run,30,38,55986044/55986044_2_recent.java,method,1,107
108,raj-m01,https://stackoverflow.com/questions/6788456,raj-m01/android-chat-app/app/src/main/java/com/example/chatapp/AESUtils.java,encrypt,35,41,6788456/6788456_2_209269621.java,method,1,15
109,raj-m01,https://stackoverflow.com/questions/6788456,raj-m01/android-chat-app/app/src/main/java/com/example/chatapp/AESUtils.java,decrypt,43,50,6788456/6788456_2_209269621.java,method,1,15
227,ralphite,https://stackoverflow.com/questions/64804977,ralphite/j7cc/Chap1/Chap1_13.java,run,48,55,64804977/64804977_4_recent.java,method,1,20
123,ramack,https://stackoverflow.com/questions/52144662,ramack/activitydiary/app/src/main/java/de/rampro/activitydiary/helpers/GraphicsHelper.java,isExternalStorageWritable,54,60,52144662/52144662_2_181397043.java,method,1,97
532,red5,https://stackoverflow.com/questions/7901334,red5/red5-server/common/src/main/java/org/red5/server/ClientList.java,remove,52,65,7901334/7901334_2_recent.java,method,1,124
533,red5,https://stackoverflow.com/questions/7901334,red5/red5-server/common/src/main/java/org/red5/server/ClientList.java,removeReleased,90,96,7901334/7901334_2_recent.java,method,1,124
402,refactoringguru,https://stackoverflow.com/questions/9709606,refactoringguru/design-patterns-java/src/refactoring_guru/visitor/example/shapes/Rectangle.java,Rectangle,12,18,9709606/9709606_2_recent.java,method,1,19
181,reneargento,https://stackoverflow.com/questions/46887834,reneargento/algorithms-sedgewick-wayne/src/chapter4/section2/Exercise55_StrongComponents.java,sleep,149,155,46887834/46887834_2_recent.java,method,1,14
182,reneargento,https://stackoverflow.com/questions/46887834,reneargento/algorithms-sedgewick-wayne/src/chapter4/section1/Exercise50_ConnectedComponents.java,sleep,147,153,46887834/46887834_2_recent.java,method,1,14
697,renrenio,https://stackoverflow.com/questions/41471859,renrenio/renren-security/renren-admin/src/main/java/io/renren/modules/security/password/BCryptPasswordEncoder.java,encode,51,66,41471859/41471859_4_135239059.java,method,1,15
551,repast,https://stackoverflow.com/questions/6236324,repast/repast.simphony/repast.simphony.gui/src/repast/simphony/ui/widget/MovieMaker.java,dataSinkUpdate,240,252,6236324/6236324_2_recent.java,method,1,521
469,restlet,https://stackoverflow.com/questions/28943344,restlet/restlet-framework-java/modules/org.restlet.ext.gae/src/main/java/org/restlet/ext/gae/GaeAuthenticator.java,authenticate,101,126,28943344/28943344_6_85432010.java,method,1,30
416,ripmeapp,https://stackoverflow.com/questions/4429257,ripmeapp/ripme/src/main/java/com/rarchives/ripme/utils/UTF8Control.java,newBundle,15,45,4429257/4429257_2_9347476.java,newBundle,2,32
581,robolectric,https://stackoverflow.com/questions/20274776,robolectric/robolectric/robolectric/src/test/java/org/robolectric/shadows/ShadowPausedLooperTest.java,run,571,577,20274776/20274776_2_recent.java,method,1,29
689,robotmedia,https://stackoverflow.com/questions/4305365,robotmedia/droid-comic-viewer/src/com/github/junrar/MVTest.java,main,18,55,4305365/4305365_2_recent.java,main,6,43
729,ronancpl,https://stackoverflow.com/questions/14676464,ronancpl/heavenms/tools/MapleCashDropFetcher/src/maplecashdropfetcher/MapleCashDropFetcher.java,listFiles,224,236,14676464/14676464_2_recent.java,method,1,15
730,ronancpl,https://stackoverflow.com/questions/14676464,ronancpl/heavenms/tools/MapleMapFieldLimitChecker/src/maplemapfieldlimitchecker/MapleMapFieldLimitChecker.java,listFiles,108,120,14676464/14676464_2_recent.java,method,1,15
731,ronancpl,https://stackoverflow.com/questions/14676464,ronancpl/heavenms/tools/MapleIdRetriever/src/mapleidretriever/MapleIdRetriever.java,listFiles,70,82,14676464/14676464_2_recent.java,method,1,15
732,ronancpl,https://stackoverflow.com/questions/14676464,ronancpl/heavenms/tools/MapleCashCosmeticsChecker/src/maplecashcosmeticschecker/MapleCashCosmeticsChecker.java,listFiles,199,211,14676464/14676464_2_recent.java,method,1,15
733,ronancpl,https://stackoverflow.com/questions/14676464,ronancpl/heavenms/tools/MapleEmptyItemWzChecker/src/mapleemptyitemwzchecker/MapleEmptyItemWzChecker.java,listFiles,108,120,14676464/14676464_2_recent.java,method,1,15
734,ronancpl,https://stackoverflow.com/questions/14676464,ronancpl/heavenms/tools/MapleCashCosmeticsFetcher/src/maplecashcosmeticsfetcher/MapleCashCosmeticsFetcher.java,listFiles,56,68,14676464/14676464_2_recent.java,method,1,15
735,ronancpl,https://stackoverflow.com/questions/32855556,ronancpl/heavenms/src/net/server/handlers/login/LoginPasswordHandler.java,disposeSql,166,178,32855556/32855556_4_100737457.java,method,1,12
736,ronancpl,https://stackoverflow.com/questions/14676464,ronancpl/heavenms/src/server/MapleSkillbookInformationProvider.java,listFiles,192,204,14676464/14676464_2_recent.java,method,1,15
42,rosemoe,https://stackoverflow.com/questions/35094888,rosemoe/codeeditor/editor-lsp/src/main/java/io/github/rosemoe/sora/lsp/client/connection/SocketStreamConnectionProvider.java,close,75,82,35094888/35094888_2_recent.java,method,1,61
218,rptools,https://stackoverflow.com/questions/32650814,rptools/maptool/src/main/java/net/rptools/maptool/util/ExtractImagesFromPDF.java,close,143,151,32650814/32650814_2_recent.java,method,1,197
219,rptools,https://stackoverflow.com/questions/62722315,rptools/maptool/src/main/java/net/rptools/maptool/client/ui/token/dialog/edit/EditTokenDialog.java,keyPressed,1583,1589,62722315/62722315_2_recent.java,method,1,292
220,rptools,https://stackoverflow.com/questions/62722315,rptools/maptool/src/main/java/net/rptools/maptool/client/ui/token/dialog/edit/EditTokenDialog.java,keyPressed,1617,1623,62722315/62722315_2_recent.java,method,1,292
672,rstudio,https://stackoverflow.com/questions/9709606,rstudio/rstudio/src/gwt/src/org/rstudio/core/client/Rectangle.java,Rectangle,19,25,9709606/9709606_2_recent.java,method,1,19
95,rubenlagus,https://stackoverflow.com/questions/4429257,rubenlagus/telegrambotsexample/src/main/java/org/telegram/services/LocalisationService.java,newBundle,184,211,4429257/4429257_2_9347476.java,newBundle,2,32
31,rythmengine,https://stackoverflow.com/questions/4429257,rythmengine/rythmengine/src/main/java/org/rythmengine/conf/RythmConfiguration.java,newBundle,581,609,4429257/4429257_2_9347476.java,newBundle,2,32
105,safetysystemtechnology,https://stackoverflow.com/questions/28039909,safetysystemtechnology/location-tracker-background/location-tracker-background/src/main/java/br/com/safety/locationlistenerhelper/core/LocationService.java,buildGoogleApiClient,81,89,28039909/28039909_2_recent.java,method,1,13
498,samczsun,https://stackoverflow.com/questions/54298032,samczsun/skype4j/src/main/java/com/samczsun/skype4j/internal/Utils.java,copy,157,169,54298032/54298032_2_recent.java,copy,58,72
97,scada-lts,https://stackoverflow.com/questions/9293885,scada-lts/scada-lts/src/br/org/scadabr/db/configuration/ConfigurationDB.java,copy,14,25,9293885/9293885_2_recent.java,method,1,18
89,sci2sugr,https://stackoverflow.com/questions/12738229,sci2sugr/keel/src/keel/Algorithms/UnsupervisedLearning/AssociationRules/Visualization/keelassotiationrulesbarchart/ResultsProccessor.java,sortByValues,399,417,12738229/12738229_2_30063703.java,sortByValue,5,21
90,sci2sugr,https://stackoverflow.com/questions/12738229,sci2sugr/keel/src/keel/Algorithms/UnsupervisedLearning/AssociationRules/Visualization/KeelToPMML/KeelToPMMLProcessor.java,sortByValues,464,482,12738229/12738229_2_30063703.java,sortByValue,5,21
91,sci2sugr,https://stackoverflow.com/questions/12738229,sci2sugr/keel/src/keel/Algorithms/UnsupervisedLearning/AssociationRules/Visualization/KeelToPMML/KeelToPMMLFuzzyProcessor.java,sortByValues,543,561,12738229/12738229_2_30063703.java,sortByValue,5,21
92,sci2sugr,https://stackoverflow.com/questions/12738229,sci2sugr/keel/src/keel/Algorithms/UnsupervisedLearning/AssociationRules/Visualization/keellatextables/ResultsProccessor.java,sortByValues,374,392,12738229/12738229_2_30063703.java,sortByValue,5,21
124,seleniumhq,https://stackoverflow.com/questions/36004572,seleniumhq/selenium/java/src/org/openqa/selenium/support/pagefactory/DefaultFieldDecorator.java,decorate,50,69,36004572/36004572_4_recent.java,method,1,24
125,seleniumhq,https://stackoverflow.com/questions/57997601,seleniumhq/selenium/java/src/org/openqa/selenium/firefox/AddHasExtensions.java,visitFile,106,112,57997601/57997601_2_recent.java,method,1,22
348,sendowlorganization,https://stackoverflow.com/questions/59430454,sendowlorganization/sendowl/src/main/java/com/example/sendowl/config/OpenApiConfig.java,customOpenAPI,14,20,59430454/59430454_2_recent.java,method,1,72
213,sepinf-inc,https://stackoverflow.com/questions/4429257,sepinf-inc/iped/iped-api/src/main/java/iped/localization/Messages.java,newBundle,55,84,4429257/4429257_2_9347476.java,newBundle,2,32
247,sergueik,https://stackoverflow.com/questions/32164598,sergueik/selenium_java/swet_javafx/src/main/java/com/github/sergueik/swet_javafx/TableViewExtendedEx.java,startEdit,318,327,32164598/32164598_8_recent.java,method,1,15
700,ses-fortiss,https://stackoverflow.com/questions/59664498,ses-fortiss/smartgridcosimulation/examples/extendedExamples/src/main/java/smartMeterExample/M2MDisplay.java,run,25,31,59664498/59664498_2_recent.java,method,1,68
701,ses-fortiss,https://stackoverflow.com/questions/59664498,ses-fortiss/smartgridcosimulation/examples/memap/src/main/java/memap/external/M2MDisplay.java,run,25,31,59664498/59664498_2_recent.java,method,1,68
702,ses-fortiss,https://stackoverflow.com/questions/59664498,ses-fortiss/smartgridcosimulation/examples/exampleMemapScenario/src/main/java/exampleScenario/external/M2MDisplay.java,run,25,31,59664498/59664498_2_recent.java,method,1,68
703,ses-fortiss,https://stackoverflow.com/questions/59664498,ses-fortiss/smartgridcosimulation/examples/exampleMemapScenario/src/main/java/exampleScenario/external/M2MDisplay.java,stop,37,43,59664498/59664498_2_recent.java,method,1,68
704,ses-fortiss,https://stackoverflow.com/questions/59664498,ses-fortiss/smartgridcosimulation/projects/memapCore/src/main/java/memap/external/M2MDisplay.java,run,25,31,59664498/59664498_2_recent.java,method,1,68
705,ses-fortiss,https://stackoverflow.com/questions/59664498,ses-fortiss/smartgridcosimulation/projects/previousProjects/memapLinProgDenisThesisArchive/src/main/java/linprogMPC/external/M2MDisplay.java,run,25,31,59664498/59664498_2_recent.java,method,1,68
706,ses-fortiss,https://stackoverflow.com/questions/59664498,ses-fortiss/smartgridcosimulation/projects/previousProjects/memapLinProgDenisPlayground/src/main/java/linprogMPC/external/M2MDisplay.java,run,25,31,59664498/59664498_2_recent.java,method,1,68
707,ses-fortiss,https://stackoverflow.com/questions/59664498,ses-fortiss/smartgridcosimulation/projects/previousProjects/memapLinProgHDN/src/main/java/linprogMPC/external/M2MDisplay.java,run,25,31,59664498/59664498_2_recent.java,method,1,68
708,ses-fortiss,https://stackoverflow.com/questions/59664498,ses-fortiss/smartgridcosimulation/projects/previousProjects/memapLinProgDenisThesis_2Houses/src/main/java/linprogMPC/external/M2MDisplay.java,run,25,31,59664498/59664498_2_recent.java,method,1,68
709,ses-fortiss,https://stackoverflow.com/questions/59664498,ses-fortiss/smartgridcosimulation/projects/previousProjects/memapLinProgDenisThesis/src/main/java/linprogMPC/external/M2MDisplay.java,run,25,31,59664498/59664498_2_recent.java,method,1,68
635,sevenex,https://stackoverflow.com/questions/58370217,sevenex/bitrade-parent/exchange/src/main/java/cn/ztuo/bitrade/config/CorsConfig.java,corsFilter,12,22,58370217/58370217_2_recent.java,method,1,45
636,sevenex,https://stackoverflow.com/questions/58370217,sevenex/bitrade-parent/open-api/src/main/java/cn/ztuo/bitrade/config/ApplicationConfig.java,corsFilter,22,32,58370217/58370217_2_recent.java,method,1,45
637,sevenex,https://stackoverflow.com/questions/58370217,sevenex/bitrade-parent/market/src/main/java/cn/ztuo/bitrade/config/ContextConfig.java,corsFilter,12,22,58370217/58370217_2_recent.java,method,1,45
638,sevenex,https://stackoverflow.com/questions/58370217,sevenex/bitrade-parent/ucenter-api/src/main/java/cn/ztuo/bitrade/config/ApplicationConfig.java,corsFilter,69,80,58370217/58370217_2_recent.java,method,1,45
639,sevenex,https://stackoverflow.com/questions/58370217,sevenex/bitrade-parent/otc-api/src/main/java/cn/ztuo/bitrade/config/ApplicationConfig.java,corsFilter,23,33,58370217/58370217_2_recent.java,method,1,45
640,sevenex,https://stackoverflow.com/questions/58370217,sevenex/bitrade-parent/admin/src/main/java/cn/ztuo/bitrade/config/ApplicationConfig.java,corsFilter,38,48,58370217/58370217_2_recent.java,method,1,45
641,sevenex,https://stackoverflow.com/questions/58370217,sevenex/bitrade-parent/exchange-api/src/main/java/cn/ztuo/bitrade/config/ApplicationConfig.java,corsFilter,20,30,58370217/58370217_2_recent.java,method,1,45
507,sfplayer1,https://stackoverflow.com/questions/2699270,sfplayer1/matcher/src/matcher/Util.java,closeSilently,128,136,2699270/2699270_2_recent.java,method,1,18
352,sharispe,https://stackoverflow.com/questions/453067,sharispe/slib/slib-dsm/src/main/java/com/github/sharispe/slib/dsm/utils/Utils.java,countLines,332,351,453067/453067_2_recent.java,method,1,20
106,shevchik,https://stackoverflow.com/questions/54298032,shevchik/autosaveworld/src/autosaveworld/zlibs/com/google/api/client/util/ByteStreams.java,copy,45,59,54298032/54298032_2_190009745.java,copy,52,65
351,shradha-khapra,https://stackoverflow.com/questions/46193578,shradha-khapra/apnacollege-alpha/10_Backtracking/Classroom.java,printSudoku,62,69,46193578/46193578_2_recent.java,method,1,62
174,shulietech,https://stackoverflow.com/questions/54298032,shulietech/linkagent/instrument-modules/user-modules/module-pradar-register/src/main/java/com/shulie/instrument/module/register/zk/impl/ZipCompressionProvider.java,copy,73,85,54298032/54298032_2_recent.java,copy,58,72
175,shulietech,https://stackoverflow.com/questions/58993471,shulietech/linkagent/instrument-modules/user-modules/module-pradar-core/src/main/java/com/pamirs/pradar/common/ByteUtils.java,byte2hex,137,144,58993471/58993471_2_recent.java,method,1,363
486,siaorg,https://stackoverflow.com/questions/27469652,siaorg/sia-gateway/sia-gateway-admin/src/test/java/com/creditease/gateway/test/pressuretest/ConcurrentTest.java,run,89,101,27469652/27469652_4_recent.java,method,1,15
214,sikuli,https://stackoverflow.com/questions/36004572,sikuli/sikuli-slides/src/main/java/org/sikuli/slides/driver/DefaultFieldDecorator.java,decorate,25,42,36004572/36004572_4_recent.java,method,1,24
654,skriptlang,https://stackoverflow.com/questions/24127188,skriptlang/skript/src/main/java/ch/njol/util/EnumTypeAdapter.java,read,69,75,24127188/24127188_2_recent.java,method,1,32
26,snowblossomcoin,https://stackoverflow.com/questions/29548090,snowblossomcoin/snowblossom/lib/src/OverlayMap.java,put,84,92,29548090/29548090_4_recent.java,method,1,78
350,sofastack,https://stackoverflow.com/questions/60266789,sofastack/sofa-jraft/jraft-core/src/main/java/com/alipay/sofa/jraft/util/BytesUtil.java,toHex,150,161,60266789/60266789_2_recent.java,method,1,13
274,spoonlabs,https://stackoverflow.com/questions/31868761,spoonlabs/astor/examples/librepair-experiments-jhy-jsoup-285353482-20171009-062400_bugonly_with_package_info/src/main/java/org/jsoup/helper/HttpConnection.java,data,212,223,31868761/31868761_4_96856276.java,method,1,12
275,spoonlabs,https://stackoverflow.com/questions/31868761,spoonlabs/astor/examples/jsoup31be24/src/main/java/org/jsoup/helper/HttpConnection.java,data,156,167,31868761/31868761_4_96856276.java,method,1,12
276,spoonlabs,https://stackoverflow.com/questions/31868761,spoonlabs/astor/examples/librepair-experiments-jhy-jsoup-285353482-20171009-062400_bugonly/src/main/java/org/jsoup/helper/HttpConnection.java,data,212,223,31868761/31868761_4_96856276.java,method,1,12
593,spring-projects,https://stackoverflow.com/questions/33270545,spring-projects/spring-integration/spring-integration-file/src/main/java/org/springframework/integration/file/splitter/FileSplitter.java,addHeaders,267,284,33270545/33270545_2_102375019.java,addHeaders,25,45
594,spring-projects,https://stackoverflow.com/questions/2086792,spring-projects/spring-integration/spring-integration-zip/src/main/java/org/springframework/integration/zip/transformer/SpringZipUtils.java,isValid,123,135,2086792/2086792_2_recent.java,method,1,17
595,spring-projects,https://stackoverflow.com/questions/58496526,spring-projects/spring-kafka/spring-kafka-docs/src/main/java/org/springframework/kafka/jdocs/started/noboot/Config.java,senderProps,91,99,58496526/58496526_2_207696359.java,method,1,19
596,spring-projects,https://stackoverflow.com/questions/52148106,spring-projects/spring-boot/spring-boot-tests/spring-boot-smoke-tests/spring-boot-smoke-test-traditional/src/main/java/smoketest/traditional/config/WebConfig.java,viewResolver,39,45,52148106/52148106_4_181012547.java,method,1,13
597,spring-projects,https://stackoverflow.com/questions/10195366,spring-projects/sts4/headless-services/spring-boot-language-server/src/test/resources/test-projects/test-xml-validations/src/main/java/u/t/r/HomeController.java,home,25,37,10195366/10195366_2_recent.java,method,1,21
598,spring-projects,https://stackoverflow.com/questions/10195366,spring-projects/sts4/headless-services/spring-boot-language-server/src/test/resources/test-projects/test-xml-hyperlinks/src/main/java/u/t/r/HomeController.java,home,25,37,10195366/10195366_2_recent.java,method,1,21
418,springdoc,https://stackoverflow.com/questions/59430454,springdoc/springdoc-openapi/springdoc-openapi-webmvc-core/src/test/java/test/org/springdoc/api/v30/app76/SpringDocApp76Test.java,openAPI,40,51,59430454/59430454_2_recent.java,method,1,72
419,springdoc,https://stackoverflow.com/questions/59430454,springdoc/springdoc-openapi/springdoc-openapi-javadoc/src/test/java/test/org/springdoc/api/app76/SpringDocApp76Test.java,openAPI,47,58,59430454/59430454_2_recent.java,method,1,72
420,sromku,https://stackoverflow.com/questions/52144662,sromku/android-storage/storage/src/main/java/com/snatik/storage/Storage.java,isExternalWritable,71,77,52144662/52144662_2_181397043.java,method,1,97
780,stanford-futuredata,https://stackoverflow.com/questions/453067,stanford-futuredata/macrobase/legacy/src/test/java/macrobase/pipeline/BasePipelineTest.java,countLines,19,38,453067/453067_2_recent.java,method,1,20
669,stanfordnlp,https://stackoverflow.com/questions/15422801,stanfordnlp/corenlp/src/edu/stanford/nlp/util/ConfusionMatrix.java,mouseMoved,360,370,15422801/15422801_2_102469581.java,mouseMoved,48,68
670,stanfordnlp,https://stackoverflow.com/questions/15422801,stanfordnlp/corenlp/src/edu/stanford/nlp/util/ConfusionMatrix.java,Grid,356,373,15422801/15422801_2_recent.java,TestPane,44,68
211,starexec,https://stackoverflow.com/questions/2086792,starexec/starexec/src/org/starexec/command/CommandValidator.java,isValidZip,840,855,2086792/2086792_2_recent.java,method,1,17
603,strapdata,https://stackoverflow.com/questions/33561612,strapdata/elassandra/server/src/test/java/org/elasticsearch/cluster/service/TaskExecutorTests.java,run,207,214,33561612/33561612_2_recent.java,method,1,33
617,subhra74,https://stackoverflow.com/questions/3519182,subhra74/snowflake/muon-jediterm/src/main/java/com/jediterm/terminal/util/JTextFieldLimit.java,insertString,18,24,3519182/3519182_2_7342658.java,method,1,17
409,sukritishah15,https://stackoverflow.com/questions/57560955,sukritishah15/ds-algo-point/Java/Algorithms/inorder.java,printInorder,28,41,57560955/57560955_2_recent.java,method,1,17
184,svn2github,https://stackoverflow.com/questions/42527750,svn2github/icepdf/core/core-awt/src/main/java/org/icepdf/core/pobjects/acroform/signature/certificates/CertificateVerifier.java,verifyCertificate,126,155,42527750/42527750_2_recent.java,method,1,35
185,svn2github,https://stackoverflow.com/questions/58993471,svn2github/icepdf/viewer/viewer-awt/src/main/java/org/icepdf/ri/common/views/annotations/signatures/CertificatePropertiesDialog.java,toHexString,242,252,58993471/58993471_2_recent.java,method,1,363
572,swati4star,https://stackoverflow.com/questions/16877278,swati4star/images-to-pdf/app/src/main/java/swati4star/createpdf/util/InvertPdf.java,invertPage,108,122,16877278/16877278_2_recent.java,method,1,31
615,swellrt,https://stackoverflow.com/questions/54298032,swellrt/swellrt/wave/src/main/java/com/google/wave/api/oauth/impl/OpenSocialHttpClient.java,copy,164,176,54298032/54298032_2_recent.java,copy,58,72
696,szhnet,https://stackoverflow.com/questions/3870210,szhnet/kcp-netty/kcp-netty/src/main/java/io/jpower/kcp/netty/internal/ReItrHashMap.java,HashIterator,721,728,3870210/3870210_4_recent.java,method,1,29
201,tapdata,https://stackoverflow.com/questions/41251473,tapdata/tapdata/tapdata-cli/src/main/java/io/tapdata/pdk/cli/services/UploadFileService.java,writeTo,221,230,41251473/41251473_6_recent.java,method,1,20
98,teamapps-org,https://stackoverflow.com/questions/4429257,teamapps-org/teamapps/teamapps-ux/src/main/java/org/teamapps/ux/i18n/TeamAppsResourceBundleControl.java,newBundle,47,75,4429257/4429257_2_9347476.java,newBundle,2,32
599,technicpack,https://stackoverflow.com/questions/2086792,technicpack/launcherv3/src/main/java/net/technicpack/launchercore/install/verifiers/ValidZipFileVerifier.java,isFileValid,28,46,2086792/2086792_2_recent.java,method,1,17
295,tencent,https://stackoverflow.com/questions/13462440,tencent/tencentkona-8/jdk/src/share/demo/jfc/SwingApplet/SwingApplet.java,init,74,91,13462440/13462440_6_32050882.java,init,30,44
296,tencent,https://stackoverflow.com/questions/58993471,tencent/tencentkona-8/jdk/src/share/classes/sun/security/tools/keytool/Main.java,toHexString,3371,3381,58993471/58993471_2_recent.java,method,1,363
297,tencent,https://stackoverflow.com/questions/29866762,tencent/tencentkona-8/jdk/src/share/classes/java/util/ComparableTimSort.java,sort,179,224,29866762/29866762_2_89013107.java,method,1,40
298,tencent,https://stackoverflow.com/questions/29866762,tencent/tencentkona-8/jdk/src/share/classes/java/util/TimSort.java,sort,210,256,29866762/29866762_2_89013107.java,method,1,40
299,tencent,https://stackoverflow.com/questions/46830988,tencent/tencentkona-8/jdk/src/share/classes/java/util/HashMap.java,putMapEntries,501,519,46830988/46830988_4_158689916.java,method,1,19
300,tencent,https://stackoverflow.com/questions/16799135,tencent/tencentkona-8/jdk/src/share/classes/java/util/Timer.java,sched,386,412,16799135/16799135_10_41317480.java,method,1,23
301,tencent,https://stackoverflow.com/questions/29330741,tencent/tencentkona-8/jdk/src/share/classes/java/math/BigDecimal.java,divide,5291,5303,29330741/29330741_6_86929181.java,method,1,13
302,tencent,https://stackoverflow.com/questions/29330741,tencent/tencentkona-8/jdk/src/share/classes/java/math/BigDecimal.java,divide,5305,5317,29330741/29330741_6_86929181.java,method,1,13
303,tencent,https://stackoverflow.com/questions/45774144,tencent/tencentkona-8/jdk/src/share/classes/javax/swing/plaf/metal/MetalTabbedPaneUI.java,update,719,725,45774144/45774144_4_recent.java,method,1,21
304,tencent,https://stackoverflow.com/questions/54119640,tencent/tencentkona-8/jdk/src/share/classes/javax/swing/plaf/basic/BasicTableHeaderUI.java,mouseClicked,99,116,54119640/54119640_4_189259651.java,mouseClicked,10,26
305,tencent,https://stackoverflow.com/questions/58993471,tencent/tencentkona-8/jdk/test/sun/security/pkcs11/tls/TestLeadingZeroesP11.java,toHexString,124,136,58993471/58993471_2_recent.java,method,1,363
306,tencent,https://stackoverflow.com/questions/58993471,tencent/tencentkona-8/jdk/test/sun/security/x509/X500Name/DerValueConstructor.java,toHexString,119,131,58993471/58993471_2_recent.java,method,1,363
307,tencent,https://stackoverflow.com/questions/64938483,tencent/tencentkona-8/jdk/test/jdk/jfr/jcmd/TestJcmdStartWithSettings.java,run,167,176,64938483/64938483_2_recent.java,method,1,68
308,tencent,https://stackoverflow.com/questions/6702420,tencent/tencentkona-8/jdk/test/java/awt/im/6396526/IMLookAndFeel.java,main,68,76,6702420/6702420_2_89518975.java,main,9,18
309,tencent,https://stackoverflow.com/questions/58993471,tencent/tencentkona-8/jdk/test/com/sun/crypto/provider/KeyAgreement/DHKeyAgreement2.java,toHexString,271,283,58993471/58993471_2_recent.java,method,1,363
310,tencent,https://stackoverflow.com/questions/58993471,tencent/tencentkona-8/jdk/test/com/sun/crypto/provider/KeyAgreement/DHKeyAgreement3.java,toHexString,178,190,58993471/58993471_2_recent.java,method,1,363
311,tencent,https://stackoverflow.com/questions/58993471,tencent/tencentkona-8/jdk/test/com/sun/crypto/provider/Cipher/Blowfish/BlowfishTestVector.java,toHexString,133,145,58993471/58993471_2_recent.java,method,1,363
312,tencent,https://stackoverflow.com/questions/58993471,tencent/tencentkona-8/jdk/test/com/sun/crypto/provider/TLS/TestLeadingZeroes.java,toHexString,130,142,58993471/58993471_2_recent.java,method,1,363
313,tencent,https://stackoverflow.com/questions/58617321,tencent/tencentkona-8/jdk/test/javax/imageio/plugins/bmp/BMPSubsamplingTest.java,create3ByteImage,329,342,58617321/58617321_2_recent.java,method,1,17
770,thealgorithms,https://stackoverflow.com/questions/64124615,thealgorithms/java/src/main/java/com/thealgorithms/sorts/BitonicSort.java,printArray,63,69,64124615/64124615_2_recent.java,method,1,140
771,thealgorithms,https://stackoverflow.com/questions/57713309,thealgorithms/java/src/main/java/com/thealgorithms/others/LowestBasePalindrome.java,reverse,100,106,57713309/57713309_2_recent.java,method,1,11
633,thingsboard,https://stackoverflow.com/questions/19435226,thingsboard/thingsboard/rule-engine/rule-engine-components/src/main/java/org/thingsboard/rule/engine/credentials/CertPemCredentials.java,der,285,298,19435226/19435226_1_recent.java,method,1,78
634,thingsboard,https://stackoverflow.com/questions/19435226,thingsboard/thingsboard/rule-engine/rule-engine-components/src/main/java/org/thingsboard/rule/engine/credentials/CertPemCredentials.java,decodeRSAPrivatePKCS1,300,313,19435226/19435226_1_recent.java,method,1,78
530,threerings,https://stackoverflow.com/questions/9709606,threerings/getdown/core/src/main/java/com/threerings/getdown/util/Rectangle.java,Rectangle,18,24,9709606/9709606_2_recent.java,method,1,19
568,tibcosoftware,https://stackoverflow.com/questions/6702029,tibcosoftware/jaspersoft-studio-ce/com.jaspersoft.studio/src/com/jaspersoft/studio/editor/gef/parts/band/NotMovablePartDragTracker.java,comparePath,285,307,6702029/6702029_1_117495632.java,method,1,31
513,timothymiko,https://stackoverflow.com/questions/16114563,timothymiko/narrate-android/app/src/main/java/com/datonicgroup/narrate/app/util/NetworkUtil.java,hasInternet,19,33,16114563/16114563_2_recent.java,method,1,40
600,togglz,https://stackoverflow.com/questions/54298032,togglz/togglz/core/src/main/java/org/togglz/core/util/IOUtils.java,copy,41,55,54298032/54298032_2_190009745.java,copy,52,65
40,tomoya92,https://stackoverflow.com/questions/41471859,tomoya92/pybbs/src/main/java/co/yiiu/pybbs/util/bcrypt/BCryptPasswordEncoder.java,encode,63,75,41471859/41471859_4_135239059.java,method,1,15
405,tonikelope,https://stackoverflow.com/questions/2001205,tonikelope/megabasterd/src/main/java/com/tonikelope/megabasterd/BoundedExecutor.java,submitTask,30,50,2001205/2001205_2_recent.java,submitTask,10,27
750,tony19,https://stackoverflow.com/questions/9293885,tony19/logback-android/logback-android/src/test/java/ch/qos/logback/core/rolling/helper/CompressTest.java,copy,130,140,9293885/9293885_2_recent.java,method,1,18
234,top-q,https://stackoverflow.com/questions/10599247,top-q/difido-reports/server/difido-server/src/main/java/il/co/topq/report/business/elastic/ESController.java,cvtToGmt,500,517,10599247/10599247_2_recent.java,method,1,22
464,tranleduy2000,https://stackoverflow.com/questions/52144662,tranleduy2000/pascalnide/app/src/main/java/com/duy/pascal/ui/common/utils/SysUtils.java,isExternalStorageReadable,174,181,52144662/52144662_2_181397043.java,method,1,97
465,tranleduy2000,https://stackoverflow.com/questions/59372145,tranleduy2000/pascalnide/app/src/main/java/com/duy/pascal/ui/activities/SplashScreenActivity.java,gotoSystemSetting,103,109,59372145/59372145_2_recent.java,method,1,18
466,tranleduy2000,https://stackoverflow.com/questions/52144662,tranleduy2000/ncalc/app/src/main/java/com/duy/ncalc/utils/FileUtils.java,isExternalStorageWritable,53,59,52144662/52144662_2_181397043.java,method,1,97
27,triggerreactor,https://stackoverflow.com/questions/24127188,triggerreactor/triggerreactor/core/src/main/java/io/github/wysohn/gsoncopy/Gson.java,read,291,298,24127188/24127188_2_recent.java,method,1,32
28,triggerreactor,https://stackoverflow.com/questions/24127188,triggerreactor/triggerreactor/core/src/main/java/io/github/wysohn/gsoncopy/Gson.java,read,399,406,24127188/24127188_2_recent.java,method,1,32
29,triggerreactor,https://stackoverflow.com/questions/24127188,triggerreactor/triggerreactor/core/src/main/java/io/github/wysohn/gsoncopy/internal/bind/TypeAdapters.java,read,310,317,24127188/24127188_2_recent.java,method,1,32
30,triggerreactor,https://stackoverflow.com/questions/24127188,triggerreactor/triggerreactor/core/src/main/java/io/github/wysohn/gsoncopy/internal/bind/TypeAdapters.java,read,897,904,24127188/24127188_2_recent.java,method,1,32
353,tsiemens,https://stackoverflow.com/questions/52144662,tsiemens/pathfinder-toolkit/pathfinder-toolkit/src/main/com/lateensoft/pathfinder/toolkit/util/FileUtils.java,isExternalStorageWritable,52,58,52144662/52144662_2_181397043.java,method,1,97
671,tyron12233,https://stackoverflow.com/questions/57997601,tyron12233/codeassist/build-tools/build-logic/src/main/java/com/tyron/builder/compiler/aab/AabTask.java,zipFolder,251,262,57997601/57997601_2_recent.java,method,1,22
529,uavorg,https://stackoverflow.com/questions/3870210,uavorg/uavstack/com.creditease.uav.fastjson/src/main/java/com/alibaba/fastjson/util/AntiCollisionHashMap.java,HashIterator,705,712,3870210/3870210_4_recent.java,method,1,29
781,ukwa,https://stackoverflow.com/questions/2275596,ukwa/webarchive-discovery/digipres-tika/src/main/java/uk/bl/wa/tika/CallableTest.java,main,40,53,2275596/2275596_2_recent.java,main,11,25
191,unidata,https://stackoverflow.com/questions/6236324,unidata/idv/src/ucar/unidata/ui/JpegImagesToMovie.java,createDataSink,162,184,6236324/6236324_2_recent.java,method,1,521
192,unidata,https://stackoverflow.com/questions/6236324,unidata/idv/src/ucar/unidata/ui/JpegImagesToMovie.java,dataSinkUpdate,269,283,6236324/6236324_2_recent.java,method,1,521
193,unidata,https://stackoverflow.com/questions/52148106,unidata/rosetta/src/test/java/edu/ucar/unidata/rosetta/config/WebAppContext.java,jspViewResolver,30,38,52148106/52148106_4_181012547.java,method,1,13
102,us-cbp,https://stackoverflow.com/questions/10195366,us-cbp/gtas/gtas-parent/gtas-webapp/src/main/java/gov/gtas/controller/HomeController.java,home,29,36,10195366/10195366_2_recent.java,method,1,21
398,vaadin,https://stackoverflow.com/questions/18531276,vaadin/framework/compatibility-server/src/test/java/com/vaadin/v7/data/util/BeanItemContainerGenerator.java,next,41,49,18531276/18531276_2_recent.java,method,1,59
399,vaadin,https://stackoverflow.com/questions/18531276,vaadin/framework/uitest/src/main/java/com/vaadin/tests/util/PortableRandom.java,next,38,46,18531276/18531276_2_recent.java,method,1,59
534,vespa-engine,https://stackoverflow.com/questions/36789749,vespa-engine/vespa/jdisc_core/src/main/java/com/yahoo/jdisc/client/AbstractClientApplication.java,run,31,38,36789749/36789749_6_116354184.java,method,1,22
122,vipshop,https://stackoverflow.com/questions/64804977,vipshop/pallas/pallas-core/src/test/java/com/vip/pallas/thread/ExtendableThreadPoolExecutorTest.java,run,30,37,64804977/64804977_4_recent.java,method,1,20
177,vishesh,https://stackoverflow.com/questions/52144662,vishesh/sealnote/Sealnote/src/main/java/com/twistedplane/sealnote/storage/BackupUtils.java,isExternalStorageWritable,21,27,52144662/52144662_2_181397043.java,method,1,97
178,vishesh,https://stackoverflow.com/questions/9293885,vishesh/sealnote/Sealnote/src/main/java/com/twistedplane/sealnote/storage/BackupUtils.java,copy,42,54,9293885/9293885_2_recent.java,method,1,18
788,vmware,https://stackoverflow.com/questions/20680556,vmware/singleton/g11n-ws/modules/md-data-initdb/src/main/java/com/vmware/vip/initdb/utils/BundleProductUtils.java,accept,28,35,20680556/20680556_2_recent.java,accept,5,17
789,vmware,https://stackoverflow.com/questions/20680556,vmware/singleton/g11n-ws/modules/md-data-initdb/src/main/java/com/vmware/vip/initdb/utils/BundleProductUtils.java,accept,118,125,20680556/20680556_2_recent.java,accept,5,17
790,vmware,https://stackoverflow.com/questions/20680556,vmware/singleton/g11n-ws/modules/md-data-initdb/src/main/java/com/vmware/vip/initdb/utils/BundleProductUtils.java,accept,135,142,20680556/20680556_2_recent.java,accept,5,17
741,w3c,https://stackoverflow.com/questions/4429257,w3c/epubcheck/src/main/java/com/adobe/epubcheck/messages/LocalizedMessages.java,newBundle,176,221,4429257/4429257_2_9347476.java,newBundle,2,32
742,w3c,https://stackoverflow.com/questions/4429257,w3c/epubcheck/src/main/java/com/adobe/epubcheck/util/Messages.java,newBundle,154,199,4429257/4429257_2_9347476.java,newBundle,2,32
159,waikato,https://stackoverflow.com/questions/10774468,waikato/moa/moa/src/main/java/moa/classifiers/lazy/neighboursearch/NormalizableDistance.java,distance,294,359,10774468/10774468_2_recent.java,method,1,95
160,waikato,https://stackoverflow.com/questions/10774468,waikato/weka-trunk/weka/src/main/java/weka/core/NormalizableDistance.java,distance,410,477,10774468/10774468_2_recent.java,method,1,95
161,waikato,https://stackoverflow.com/questions/10774468,waikato/weka-3.8/weka/src/main/java/weka/core/NormalizableDistance.java,distance,410,477,10774468/10774468_2_recent.java,method,1,95
200,walmartlabs,https://stackoverflow.com/questions/41251473,walmartlabs/concord/client/src/main/java/com/walmartlabs/concord/client/ClientUtils.java,writeTo,240,249,41251473/41251473_6_recent.java,method,1,20
610,waylau,https://stackoverflow.com/questions/34717151,waylau/netty-4-user-guide-demos/netty4-demos/src/main/java/com/waylau/netty/demo/time/TimeServer.java,run,26,52,34717151/34717151_6_recent.java,method,1,60
611,waylau,https://stackoverflow.com/questions/34717151,waylau/netty-4-user-guide-demos/netty4-demos/src/main/java/com/waylau/netty/demo/discard/DiscardServer.java,run,28,58,34717151/34717151_6_recent.java,method,1,60
612,waylau,https://stackoverflow.com/questions/34717151,waylau/netty-4-user-guide-demos/netty4-demos/src/main/java/com/waylau/netty/demo/pojo/TimeServer.java,run,23,50,34717151/34717151_6_recent.java,method,1,60
5,webjournal,https://stackoverflow.com/questions/39717275,webjournal/journaldev/Android/EfficientSearch/app/src/main/java/com/journaldev/efficientsearch/ListViewAdapter.java,publishResults,144,151,39717275/39717275_2_recent.java,method,1,34
6,webjournal,https://stackoverflow.com/questions/10195366,webjournal/journaldev/Spring/Spring-Controller/src/main/java/com/journaldev/spring/controller/HomeController.java,home,14,21,10195366/10195366_2_recent.java,method,1,21
7,webjournal,https://stackoverflow.com/questions/10195366,webjournal/journaldev/Spring/SpringMVCSecurity/src/main/java/com/journaldev/spring/controller/HomeController.java,home,22,33,10195366/10195366_2_recent.java,method,1,21
8,webjournal,https://stackoverflow.com/questions/10195366,webjournal/journaldev/Spring/SpringMVCExample/src/main/java/com/journaldev/spring/HomeController.java,home,26,38,10195366/10195366_2_recent.java,method,1,21
676,whamtet,https://stackoverflow.com/questions/10967469,whamtet/chunkmapper/src/com/chunkmapper/OpenURL.java,openWebpage,27,36,10967469/10967469_2_recent.java,method,1,20
329,wrensecurity,https://stackoverflow.com/questions/28329032,wrensecurity/wrends/opendj-server-legacy/src/test/java/org/opends/server/controls/PersistentSearchControlTest.java,run,539,545,28329032/28329032_6_147347267.java,method,1,10
223,wso2,https://stackoverflow.com/questions/34303187,wso2/product-apim/modules/integration/tests-integration/tests-backend/src/test/java/org/wso2/am/integration/tests/ui/APIMANAGERUIIntegrationTestRunner.java,output,59,72,34303187/34303187_6_106529352.java,output,8,21
331,wupeixuan,https://stackoverflow.com/questions/29866762,wupeixuan/jdksourcecode1.8/src/java/util/ComparableTimSort.java,sort,179,224,29866762/29866762_2_89013107.java,method,1,40
332,wupeixuan,https://stackoverflow.com/questions/29866762,wupeixuan/jdksourcecode1.8/src/java/util/TimSort.java,sort,210,256,29866762/29866762_2_89013107.java,method,1,40
333,wupeixuan,https://stackoverflow.com/questions/46830988,wupeixuan/jdksourcecode1.8/src/java/util/HashMap.java,putMapEntries,273,298,46830988/46830988_4_158689916.java,method,1,19
334,wupeixuan,https://stackoverflow.com/questions/16799135,wupeixuan/jdksourcecode1.8/src/java/util/Timer.java,sched,386,412,16799135/16799135_10_41317480.java,method,1,23
335,wupeixuan,https://stackoverflow.com/questions/29230939,wupeixuan/jdksourcecode1.8/src/java/util/stream/ReferencePipeline.java,flatMap,251,276,29230939/29230939_4_201996375.java,method,1,25
336,wupeixuan,https://stackoverflow.com/questions/29230939,wupeixuan/jdksourcecode1.8/src/java/util/stream/ReferencePipeline.java,opWrapSink,257,274,29230939/29230939_4_201996375.java,method,1,25
337,wupeixuan,https://stackoverflow.com/questions/50578162,wupeixuan/jdksourcecode1.8/src/java/nio/DirectByteBuffer.java,DirectByteBuffer,117,144,50578162/50578162_2_recent.java,method,1,22
338,wupeixuan,https://stackoverflow.com/questions/29330741,wupeixuan/jdksourcecode1.8/src/java/math/BigDecimal.java,divide,5229,5241,29330741/29330741_6_86929181.java,method,1,13
339,wupeixuan,https://stackoverflow.com/questions/29330741,wupeixuan/jdksourcecode1.8/src/java/math/BigDecimal.java,divide,5243,5255,29330741/29330741_6_86929181.java,method,1,13
340,wupeixuan,https://stackoverflow.com/questions/45774144,wupeixuan/jdksourcecode1.8/src/javax/swing/plaf/metal/MetalTabbedPaneUI.java,update,719,725,45774144/45774144_4_recent.java,method,1,21
341,wupeixuan,https://stackoverflow.com/questions/54119640,wupeixuan/jdksourcecode1.8/src/javax/swing/plaf/basic/BasicTableHeaderUI.java,mouseClicked,99,116,54119640/54119640_4_189259651.java,mouseClicked,10,26
238,xdev-software,https://stackoverflow.com/questions/27437289,xdev-software/xapi/src/main/java/xdev/ui/XdevScrollPane.java,addImpl,947,957,27437289/27437289_16_106782972.java,method,1,13
237,xnnyygn,https://stackoverflow.com/questions/59664498,xnnyygn/xraft/xraft-kvstore/src/main/java/in/xnnyygn/xraft/kvstore/server/ServerLauncher.java,stopServer,165,171,59664498/59664498_2_recent.java,method,1,68
584,xuzhijvn,https://stackoverflow.com/questions/13558161,xuzhijvn/ifcs/src/test/java/ims/Test.java,run,18,28,13558161/13558161_6_32316591.java,run,82,99
686,xwjie,https://stackoverflow.com/questions/10195366,xwjie/plmcodetemplate/javasource-springboot/src/main/java/cn/xiaowenjie/codetemplate/controllers/HomeController.java,home,29,42,10195366/10195366_2_recent.java,method,1,21
687,xwjie,https://stackoverflow.com/questions/10195366,xwjie/plmcodetemplate/source/src/main/java/plm/controllers/HomeController.java,home,36,49,10195366/10195366_2_recent.java,method,1,21
509,yahoo,https://stackoverflow.com/questions/64741139,yahoo/elide/elide-model-config/src/test/java/com/yahoo/elide/modelconfig/verify/DynamicConfigVerifierTest.java,sign,117,123,64741139/64741139_2_recent.java,method,1,110
510,yahoo,https://stackoverflow.com/questions/34174309,yahoo/elide/elide-model-config/src/test/java/com/yahoo/elide/modelconfig/verify/DynamicConfigVerifierTest.java,addFileToTarGz,138,156,34174309/34174309_2_recent.java,addFileToTar,87,115
197,yalcin-ata,https://stackoverflow.com/questions/52144662,yalcin-ata/godot-plugin-firebase/src/org/godotengine/godot/Utils.java,isExternalStorageWritable,271,278,52144662/52144662_2_181397043.java,method,1,97
169,yangchong211,https://stackoverflow.com/questions/6788456,yangchong211/ycapptool/CommonLib/AppEncryptLib/src/main/java/com/yc/appencryptlib/AesEncryptUtils.java,decrypt,100,106,6788456/6788456_2_209269621.java,method,1,15
170,yangchong211,https://stackoverflow.com/questions/6788456,yangchong211/lifehelper/CommonLib/AppEncryptLib/src/main/java/com/yc/appencryptlib/AesEncryptUtils.java,decrypt,100,106,6788456/6788456_2_209269621.java,method,1,15
494,yangziwen,https://stackoverflow.com/questions/20274776,yangziwen/web-monitor/src/main/java/io/github/yangziwen/webmonitor/command/ImportDataCommand.java,blockMainThread,307,313,20274776/20274776_2_recent.java,method,1,29
413,yangzongzhuan,https://stackoverflow.com/questions/58370217,yangzongzhuan/ruoyi-vue/ruoyi-framework/src/main/java/com/ruoyi/framework/config/ResourcesConfig.java,corsFilter,54,72,58370217/58370217_2_recent.java,method,1,45
208,yassirh,https://stackoverflow.com/questions/49393023,yassirh/digitalocean-swimmer/DigitalOceanSwimmer/src/main/java/android/support/v4/preference/PreferenceFragment.java,handleMessage,54,62,49393023/49393023_1_recent.java,handleMessage,20,41
326,yyon,https://stackoverflow.com/questions/23916259,yyon/grapplemod/src/main/java/com/yyon/grapplinghook/utils/Vec.java,Vec,13,19,23916259/23916259_2_recent.java,method,1,25
249,zelgimi,https://stackoverflow.com/questions/61391737,zelgimi/supersolarpanels/src/main/java/com/denfop/items/book/GUIBook.java,splitEqually,79,87,61391737/61391737_2_recent.java,method,1,20
22,zfdang,https://stackoverflow.com/questions/6788456,zfdang/asm-android-client-for-newsmth/src/com/athena/asm/util/SimpleCrypto.java,encrypt,58,64,6788456/6788456_2_209269621.java,method,1,15
23,zfdang,https://stackoverflow.com/questions/6788456,zfdang/asm-android-client-for-newsmth/src/com/athena/asm/util/SimpleCrypto.java,decrypt,66,72,6788456/6788456_2_209269621.java,method,1,15
157,zhangkaitao,https://stackoverflow.com/questions/52148106,zhangkaitao/spring4-showcase/spring4-annotation/src/main/java/com/sishuok/spring4/MvcConfiguration.java,viewResolver,74,80,52148106/52148106_4_181012547.java,method,1,13
158,zhangkaitao,https://stackoverflow.com/questions/52148106,zhangkaitao/spring4-showcase/spring-mvc-test/src/main/java/com/sishuok/config/MvcConfig.java,viewResolver,26,32,52148106/52148106_4_181012547.java,method,1,13
719,zhaokaiqiang,https://stackoverflow.com/questions/47481521,zhaokaiqiang/jiandan/app/src/main/java/com/socks/jiandan/ui/ImageDetailActivity.java,img_has_loaded,235,242,47481521/47481521_1_recent.java,method,1,29
194,zhou-you,https://stackoverflow.com/questions/41251473,zhou-you/rxeasyhttp/rxeasyhttp/src/main/java/com/zhouyou/http/body/RequestBodyUtils.java,writeTo,55,64,41251473/41251473_6_recent.java,method,1,20
1,ziliang001,https://stackoverflow.com/questions/58370217,ziliang001/etl-kettle-web/etl-kettle-admin/src/main/java/com/caixin/data/middle/etl/kettle/admin/config/GlobalCorsConfig.java,corsFilter,19,33,58370217/58370217_2_recent.java,method,1,45
421,zitmen,https://stackoverflow.com/questions/40056844,zitmen/thunderstorm/src/main/java/cz/cuni/lf1/lge/ThunderSTORM/colocalization/CBC.java,eqCoords,140,150,40056844/40056844_2_recent.java,method,1,17
422,zitmen,https://stackoverflow.com/questions/61006461,zitmen/thunderstorm/src/main/java/cz/cuni/lf1/lge/ThunderSTORM/ImportExport/XMLImportExport.java,createNode,238,253,61006461/61006461_2_recent.java,method,1,96
