Snippet ID,Stack Overflow Question ID,Code Block Number,Status,Exclusion Reason,Before Dataset Path,After Dataset Path,Original Source Path,After Source Path,After Selection Rule,Selected Paths In Study,Before SHA256,After SHA256,Before Lines,After Lines,Before Bytes,After Bytes,Identical Before After,Study Pair Count,Study Pair IDs,Accepted Pair Count,Rejected Pair Count,Validation Group,Recommendation Types
so_56815_block_2,56815,2,ELIGIBLE,"",dataset/before/so_56815_block_2.java,dataset/after/so_56815_block_2.java,/Users/chaiyong/Downloads/do_not_delete/Matcha_Study/java_files/56815/56815_2_original.java,/Users/chaiyong/Downloads/do_not_delete/Matcha_Study/java_files/56815/56815_2_recent.java,RECENT_SNAPSHOT,56815/56815_2_recent.java,a0105f36231b68660f12b424a1c987311a93e10650980a0c33816b16ff371cba,b36be72b0b6cb23bf907e34bed19d1a50c9dd2b79438feb618435991e0e31902,8,15,330,656,NO,1,130,1,0,ALL_ACCEPTED,Improving Code
so_138950_block_6,138950,6,ELIGIBLE,"",dataset/before/so_138950_block_6.java,dataset/after/so_138950_block_6.java,/Users/chaiyong/Downloads/do_not_delete/Matcha_Study/java_files/138950/138950_6_original.java,/Users/chaiyong/Downloads/do_not_delete/Matcha_Study/java_files/138950/138950_6_recent.java,RECENT_SNAPSHOT,138950/138950_6_recent.java,0879fae1b4aa4ad12e7331eabbe6fdf23a9798d64309b2aeb25175c3755a6c55,710605767779b4811ee46c88277810de476d7794e3090b28a7f0909b60272619,40,32,1270,1098,NO,2,531;675,0,2,ALL_REJECTED,""
so_189739_block_2,189739,2,ELIGIBLE,"",dataset/before/so_189739_block_2.java,dataset/after/so_189739_block_2.java,/Users/chaiyong/Downloads/do_not_delete/Matcha_Study/java_files/189739/189739_2_original.java,/Users/chaiyong/Downloads/do_not_delete/Matcha_Study/java_files/189739/189739_2_recent.java,RECENT_SNAPSHOT,189739/189739_2_recent.java,9b2836e1794195f35822446c496d7fcf4dd14bec49720253396dfe2a506402d6,11436f23a99c3d71791c7a2d0578732507c161d62a393a42b6456877a666d3f0,14,14,510,450,NO,1,246,1,0,ALL_ACCEPTED,Improving Code
so_359634_block_2,359634,2,ELIGIBLE,"",dataset/before/so_359634_block_2.java,dataset/after/so_359634_block_2.java,/Users/chaiyong/Downloads/do_not_delete/Matcha_Study/java_files/359634/359634_2_original.java,/Users/chaiyong/Downloads/do_not_delete/Matcha_Study/java_files/359634/359634_2_recent.java,RECENT_SNAPSHOT,359634/359634_2_recent.java,4f978fabff5a6c65dc3b1e1626e7a3b076e09639fa01fd0d59f681312f7dde5a,66e99e0d8b7540339ac9cb804e9ea99ad7ba28fa9bfd17bc8fa37c24f7662a9d,31,46,705,1158,NO,2,24;784,2,0,ALL_ACCEPTED,Bug Fixing
so_453067_block_2,453067,2,ELIGIBLE,"",dataset/before/so_453067_block_2.java,dataset/after/so_453067_block_2.java,/Users/chaiyong/Downloads/do_not_delete/Matcha_Study/java_files/453067/453067_2_original.java,/Users/chaiyong/Downloads/do_not_delete/Matcha_Study/java_files/453067/453067_2_recent.java,RECENT_SNAPSHOT,453067/453067_2_recent.java,bec6f00ca9ec803d02d0496fe6b4c00928b98b01818bb04e97a263c729ba01a6,50adf61ebdca4f0974f96d3657ce7cc2318aba152f1e396352f03c105a987f42,11,20,323,679,NO,4,668;474;352;780,2,2,MIXED,Improving Code
so_745987_block_2,745987,2,ELIGIBLE,"",dataset/before/so_745987_block_2.java,dataset/after/so_745987_block_2.java,/Users/chaiyong/Downloads/do_not_delete/Matcha_Study/java_files/745987/745987_2_original.java,/Users/chaiyong/Downloads/do_not_delete/Matcha_Study/java_files/745987/745987_2_recent.java,RECENT_SNAPSHOT,745987/745987_2_recent.java,054123c2e04b9d55edb68736c688a3f1d472b931648f9beae555cdb099dc8e49,3823fcb945cc95da64ac3156d53ce0096923ff36395efd0333c32e0cecb9a7d4,51,148,1905,5975,NO,1,217,0,1,ALL_REJECTED,""
so_801987_block_2,801987,2,ELIGIBLE,"",dataset/before/so_801987_block_2.java,dataset/after/so_801987_block_2.java,/Users/chaiyong/Downloads/do_not_delete/Matcha_Study/java_files/801987/801987_2_original.java,/Users/chaiyong/Downloads/do_not_delete/Matcha_Study/java_files/801987/801987_2_recent.java,RECENT_SNAPSHOT,801987/801987_2_recent.java,b11aac71ad88fa743a8f287f44ad420a5f8d9ed9d84259b0cf23a4b7d94fd476,3d93710f7e16f55fe040adaa3d436bf1ca1e9d216083b0f5a892ac46e6c3d7a1,25,26,907,979,NO,1,688,0,1,ALL_REJECTED,""
so_1520212_block_2,1520212,2,ELIGIBLE,"",dataset/before/so_1520212_block_2.java,dataset/after/so_1520212_block_2.java,/Users/chaiyong/Downloads/do_not_delete/Matcha_Study/java_files/1520212/1520212_2_original.java,/Users/chaiyong/Downloads/do_not_delete/Matcha_Study/java_files/1520212/1520212_2_recent.java,RECENT_SNAPSHOT,1520212/1520212_2_recent.java,a7e579365e9d270bcfae0fc8c654d9260b62d796157607ce4b924be1d14ff4ae,74dfa681c9e9c0be8d11e79699dcad027d18f557beb2c0e06226913eb4f15bc8,30,32,748,884,NO,4,355;83;394;417,0,4,ALL_REJECTED,""
so_2001205_block_2,2001205,2,ELIGIBLE,"",dataset/before/so_2001205_block_2.java,dataset/after/so_2001205_block_2.java,/Users/chaiyong/Downloads/do_not_delete/Matcha_Study/java_files/2001205/2001205_2_original.java,/Users/chaiyong/Downloads/do_not_delete/Matcha_Study/java_files/2001205/2001205_2_recent.java,RECENT_SNAPSHOT,2001205/2001205_2_recent.java,aaa264937c850ac5403c31ca2926c0777bbb8cfdca20bfe1e0f6f532657e36fd,810722e4e524af3157ac1c3311791f45358ba57777622bb342a88ea3e5161288,27,28,858,911,NO,1,405,1,0,ALL_ACCEPTED,Improving Code
so_2086792_block_2,2086792,2,ELIGIBLE,"",dataset/before/so_2086792_block_2.java,dataset/after/so_2086792_block_2.java,/Users/chaiyong/Downloads/do_not_delete/Matcha_Study/java_files/2086792/2086792_2_original.java,/Users/chaiyong/Downloads/do_not_delete/Matcha_Study/java_files/2086792/2086792_2_recent.java,RECENT_SNAPSHOT,2086792/2086792_2_recent.java,d7988a80c064e77b766123e644c5475e9e5d4f3f17a458e0d11f9303c3fa50d3,5cc551aba120d7079b09463d3eb9842eda2d1b649ed842fe8ec771846f9e63e5,19,17,359,313,NO,3,594;211;599,1,2,MIXED,Improving Code
so_2180534_block_2,2180534,2,ELIGIBLE,"",dataset/before/so_2180534_block_2.java,dataset/after/so_2180534_block_2.java,/Users/chaiyong/Downloads/do_not_delete/Matcha_Study/java_files/2180534/2180534_2_original.java,/Users/chaiyong/Downloads/do_not_delete/Matcha_Study/java_files/2180534/2180534_2_recent.java,RECENT_SNAPSHOT,2180534/2180534_2_recent.java,b98de6e142579248de3a50d92406f61246fd157c32b1a7cb6af88ba8b8e72651,768112a15fb64d9934efb45049d46f5972258baf290e6a6ca4e0933d19ed3eb8,59,58,1784,1773,NO,1,221,1,0,ALL_ACCEPTED,Bug Fixing
so_2275596_block_2,2275596,2,ELIGIBLE,"",dataset/before/so_2275596_block_2.java,dataset/after/so_2275596_block_2.java,/Users/chaiyong/Downloads/do_not_delete/Matcha_Study/java_files/2275596/2275596_2_original.java,/Users/chaiyong/Downloads/do_not_delete/Matcha_Study/java_files/2275596/2275596_2_recent.java,RECENT_SNAPSHOT,2275596/2275596_2_recent.java,953f9b5186e2ed017544c8436201c5dc357668688a8f74225aa27c62728e8a05,ecde1051f9257bacb3f51c9fa8c88b57001ecf3cbdc632a56bb7d98890d031e0,29,34,1002,1181,NO,1,781,1,0,ALL_ACCEPTED,Bug Fixing
so_2325407_block_2,2325407,2,ELIGIBLE,"",dataset/before/so_2325407_block_2.java,dataset/after/so_2325407_block_2.java,/Users/chaiyong/Downloads/do_not_delete/Matcha_Study/java_files/2325407/2325407_2_original.java,/Users/chaiyong/Downloads/do_not_delete/Matcha_Study/java_files/2325407/2325407_2_recent.java,RECENT_SNAPSHOT,2325407/2325407_2_recent.java,bd05ca702197c9a62be41fef9a59be69f2b38e0963d9f31e322f6ceab55f02f7,8933a1f1f1ab6071d6aedbb2e55e1d65bca9e84eeb43a994505c08a83b5268f2,12,12,708,730,NO,1,538,1,0,ALL_ACCEPTED,Bug Fixing
so_2699270_block_2,2699270,2,ELIGIBLE,"",dataset/before/so_2699270_block_2.java,dataset/after/so_2699270_block_2.java,/Users/chaiyong/Downloads/do_not_delete/Matcha_Study/java_files/2699270/2699270_2_original.java,/Users/chaiyong/Downloads/do_not_delete/Matcha_Study/java_files/2699270/2699270_2_recent.java,RECENT_SNAPSHOT,2699270/2699270_2_recent.java,81a243247faf46a58b15fe958967cb51bcd95a23954895469bb137e2fa491fba,9c573156702f76308f6ff8b107ba9999d818ff5649980a7575e81dfc80d03364,16,18,375,483,NO,2,723;507,0,2,ALL_REJECTED,""
so_3519182_block_2,3519182,2,ELIGIBLE,"",dataset/before/so_3519182_block_2.java,dataset/after/so_3519182_block_2.java,/Users/chaiyong/Downloads/do_not_delete/Matcha_Study/java_files/3519182/3519182_2_original.java,/Users/chaiyong/Downloads/do_not_delete/Matcha_Study/java_files/3519182/3519182_2_recent.java,RECENT_SNAPSHOT,3519182/3519182_2_7342658.java,9fe8cb98c927d3e5910df38b7d8814640c1c40f88341d0f01e97d1bb9039aa13,bb547f8ab7877eb7ee85e48ebe26592786ce00ea84a137134e21a95f5151ce91,28,19,777,588,NO,5,711;239;9;210;617,3,2,MIXED,Bug Fixing;Improving Code
so_3775893_block_6,3775893,6,ELIGIBLE,"",dataset/before/so_3775893_block_6.java,dataset/after/so_3775893_block_6.java,/Users/chaiyong/Downloads/do_not_delete/Matcha_Study/java_files/3775893/3775893_6_original.java,/Users/chaiyong/Downloads/do_not_delete/Matcha_Study/java_files/3775893/3775893_6_recent.java,RECENT_SNAPSHOT,3775893/3775893_6_recent.java,98611ee6c66c7cb6e1a14d5e1fc2d3e3cadbf689bbf7ea38106eea835c0c26fa,98611ee6c66c7cb6e1a14d5e1fc2d3e3cadbf689bbf7ea38106eea835c0c26fa,25,25,941,941,YES,2,195;196,2,0,ALL_ACCEPTED,Improving Code
so_3870210_block_4,3870210,4,ELIGIBLE,"",dataset/before/so_3870210_block_4.java,dataset/after/so_3870210_block_4.java,/Users/chaiyong/Downloads/do_not_delete/Matcha_Study/java_files/3870210/3870210_4_original.java,/Users/chaiyong/Downloads/do_not_delete/Matcha_Study/java_files/3870210/3870210_4_recent.java,RECENT_SNAPSHOT,3870210/3870210_4_recent.java,0dabec2490d466f1417df15a9f28dc024641561f2623fea0145b7d6cacc1f653,a1a6f6663976660036d12becac1cd2540321d5047a4760d7f9d574cef36c7411,41,29,1485,1032,NO,6,438;462;575;145;696;529,6,0,ALL_ACCEPTED,Improving Code
so_4305365_block_2,4305365,2,ELIGIBLE,"",dataset/before/so_4305365_block_2.java,dataset/after/so_4305365_block_2.java,/Users/chaiyong/Downloads/do_not_delete/Matcha_Study/java_files/4305365/4305365_2_original.java,/Users/chaiyong/Downloads/do_not_delete/Matcha_Study/java_files/4305365/4305365_2_recent.java,RECENT_SNAPSHOT,4305365/4305365_2_recent.java,e96863722316a47f67d07da7dc4b760a8e2999bcfde4b7cf95e0794ae8e9321b,f2de388d2e07c536c3d366ceb9259e719f228eeac5e41b6e2748263cae9f6245,44,44,1383,1331,NO,2,245;689,0,2,ALL_REJECTED,""
so_4429257_block_2,4429257,2,ELIGIBLE,"",dataset/before/so_4429257_block_2.java,dataset/after/so_4429257_block_2.java,/Users/chaiyong/Downloads/do_not_delete/Matcha_Study/java_files/4429257/4429257_2_original.java,/Users/chaiyong/Downloads/do_not_delete/Matcha_Study/java_files/4429257/4429257_2_recent.java,RECENT_SNAPSHOT,4429257/4429257_2_9347476.java,a20fac73d781f23f09f3fce794e7e1072bf712145ef78229c63e338565117572,3bff83ed5d01e562c18a5534b800c04be01f460ebbfb5b5a715d0c6915239603,33,28,1445,1169,NO,25,349;614;463;605;540;505;470;415;535;198;267;270;272;471;737;327;749;18;416;95;31;213;98;741;742,8,17,MIXED,Bug Fixing;Improving Code
so_5061920_block_1,5061920,1,EXCLUDED,MISSING_ORIGINAL_SNAPSHOT,"","","",/Users/chaiyong/Downloads/do_not_delete/Matcha_Study/java_files/5061920/5061920_1_recent.java,RECENT_SNAPSHOT,5061920/5061920_1_recent.java,"","","","","","","",2,403;404,2,0,ALL_ACCEPTED,Improving Code
so_5079864_block_2,5079864,2,ELIGIBLE,"",dataset/before/so_5079864_block_2.java,dataset/after/so_5079864_block_2.java,/Users/chaiyong/Downloads/do_not_delete/Matcha_Study/java_files/5079864/5079864_2_original.java,/Users/chaiyong/Downloads/do_not_delete/Matcha_Study/java_files/5079864/5079864_2_recent.java,RECENT_SNAPSHOT,5079864/5079864_2_136918794.java,1dbf7c5814fd8297b5dea75cb114b2cba2161b41206a5f1d97ff785aef23a4e3,9b84a0bb3c0957cdc1a58c2543a1a076702c16f12cc8d61901f4350f0dccf3e2,13,5,465,343,NO,2,277;487,0,2,ALL_REJECTED,""
so_6133827_block_2,6133827,2,ELIGIBLE,"",dataset/before/so_6133827_block_2.java,dataset/after/so_6133827_block_2.java,/Users/chaiyong/Downloads/do_not_delete/Matcha_Study/java_files/6133827/6133827_2_original.java,/Users/chaiyong/Downloads/do_not_delete/Matcha_Study/java_files/6133827/6133827_2_recent.java,RECENT_SNAPSHOT,6133827/6133827_2_recent.java,8cec22957e98b838c0160f4964f0674c46d5340039a934b2912d5212f3c1edad,37fde04a31bc61d46c4eef149e87e8239eccf27edb1102b2f06d4f31e76bea11,432,428,17474,17573,NO,1,547,0,1,ALL_REJECTED,""
so_6236324_block_2,6236324,2,ELIGIBLE,"",dataset/before/so_6236324_block_2.java,dataset/after/so_6236324_block_2.java,/Users/chaiyong/Downloads/do_not_delete/Matcha_Study/java_files/6236324/6236324_2_original.java,/Users/chaiyong/Downloads/do_not_delete/Matcha_Study/java_files/6236324/6236324_2_recent.java,RECENT_SNAPSHOT,6236324/6236324_2_recent.java,c9df2036e47f9a9627072872705d66b0765c3f4f169a452666a3ab150c03ebff,8bd330a5c0fec90e76e15c2fbd6c6f1bff45921151b4a65ee07ffe3c8397d904,522,521,15235,16340,NO,9,712;713;714;715;716;717;551;191;192,3,6,MIXED,Improving Code
so_6702029_block_1,6702029,1,ELIGIBLE,"",dataset/before/so_6702029_block_1.java,dataset/after/so_6702029_block_1.java,/Users/chaiyong/Downloads/do_not_delete/Matcha_Study/java_files/6702029/6702029_1_original.java,/Users/chaiyong/Downloads/do_not_delete/Matcha_Study/java_files/6702029/6702029_1_117495632.java,SELECTED_LATEST_AVAILABLE,6702029/6702029_1_117495632.java,2bdeaf08446f8c7fcae04648146b467e94f30edd6f3a6c95ce03e9fd26136a77,196ebb0cae6750d8a02c0c5286dd031565314ed962be5e349e48984bacae8b31,15,31,423,1470,NO,1,568,0,1,ALL_REJECTED,""
so_6702420_block_2,6702420,2,ELIGIBLE,"",dataset/before/so_6702420_block_2.java,dataset/after/so_6702420_block_2.java,/Users/chaiyong/Downloads/do_not_delete/Matcha_Study/java_files/6702420/6702420_2_original.java,/Users/chaiyong/Downloads/do_not_delete/Matcha_Study/java_files/6702420/6702420_2_recent.java,RECENT_SNAPSHOT,6702420/6702420_2_89518975.java,e465eb8ce279a858438a390cc6260d1b052d84409904c62443878b40063a2908,35f7ea81fd50228f85d7b99b4a3e69a358943057049ebcdb95430838a3d7f9dc,71,57,1913,1838,NO,23,273;453;400;514;515;516;517;518;519;408;58;77;25;785;369;388;764;588;589;590;496;150;308,0,23,ALL_REJECTED,""
so_6711693_block_2,6711693,2,ELIGIBLE,"",dataset/before/so_6711693_block_2.java,dataset/after/so_6711693_block_2.java,/Users/chaiyong/Downloads/do_not_delete/Matcha_Study/java_files/6711693/6711693_2_original.java,/Users/chaiyong/Downloads/do_not_delete/Matcha_Study/java_files/6711693/6711693_2_recent.java,RECENT_SNAPSHOT,6711693/6711693_2_recent.java,d1f615df21f0d4ddc03d50bf56fc5dc68cc0822b26916bf1b3c350810936feaf,5552d94448e8ad4cb5e324a7d6b983da5048eaee8d2485a5f589c1ee8af1ec46,13,20,689,907,NO,1,225,0,1,ALL_REJECTED,""
so_6788456_block_2,6788456,2,ELIGIBLE,"",dataset/before/so_6788456_block_2.java,dataset/after/so_6788456_block_2.java,/Users/chaiyong/Downloads/do_not_delete/Matcha_Study/java_files/6788456/6788456_2_original.java,/Users/chaiyong/Downloads/do_not_delete/Matcha_Study/java_files/6788456/6788456_2_recent.java,RECENT_SNAPSHOT,6788456/6788456_2_209269621.java,f1cdc8df23a8788db77f143d400492d8b4e4c82699cf796fbcc90ec7fb33983d,2f31dd6b5f0f42f763579358fb323649dd81e892378ad9b8812e9ee057ca869b,15,7,669,335,NO,10,665;666;119;120;108;109;169;170;22;23,2,8,MIXED,Improving Code
so_7607044_block_2,7607044,2,ELIGIBLE,"",dataset/before/so_7607044_block_2.java,dataset/after/so_7607044_block_2.java,/Users/chaiyong/Downloads/do_not_delete/Matcha_Study/java_files/7607044/7607044_2_original.java,/Users/chaiyong/Downloads/do_not_delete/Matcha_Study/java_files/7607044/7607044_2_recent.java,RECENT_SNAPSHOT,7607044/7607044_2_recent.java,66f37949691060e8edc90e2b5214ba782a49de305bb138fd634ef31748a6bd4c,a73c202622fdc2511fdf83b92d3cd8e56c3c57869646a38398f2050a9ab8f313,33,63,1262,2243,NO,1,189,0,1,ALL_REJECTED,""
so_7649183_block_2,7649183,2,ELIGIBLE,"",dataset/before/so_7649183_block_2.java,dataset/after/so_7649183_block_2.java,/Users/chaiyong/Downloads/do_not_delete/Matcha_Study/java_files/7649183/7649183_2_original.java,/Users/chaiyong/Downloads/do_not_delete/Matcha_Study/java_files/7649183/7649183_2_recent.java,RECENT_SNAPSHOT,7649183/7649183_2_57377731.java,d03b3ae9548c5184561cc088497755c110290e7d629b6c5579c5721f7413328a,2f6eef1eb05e2a69335d19e9f035b8501a9370348a2e01fff6f5fa20ca4226ec,10,17,259,584,NO,1,782,1,0,ALL_ACCEPTED,Improving Code
so_7901334_block_2,7901334,2,ELIGIBLE,"",dataset/before/so_7901334_block_2.java,dataset/after/so_7901334_block_2.java,/Users/chaiyong/Downloads/do_not_delete/Matcha_Study/java_files/7901334/7901334_2_original.java,/Users/chaiyong/Downloads/do_not_delete/Matcha_Study/java_files/7901334/7901334_2_recent.java,RECENT_SNAPSHOT,7901334/7901334_2_recent.java,45255bec872708d2786a046f66ea439a7e400542eaef3c6783a1dfa3859fd27c,a9aad277dc12990c1bb58181039e0f5eaeb76da1990e1f50c75561f975f98e12,84,124,2084,3543,NO,4,727;728;532;533,1,3,MIXED,Bug Fixing
so_9109728_block_6,9109728,6,ELIGIBLE,"",dataset/before/so_9109728_block_6.java,dataset/after/so_9109728_block_6.java,/Users/chaiyong/Downloads/do_not_delete/Matcha_Study/java_files/9109728/9109728_6_original.java,/Users/chaiyong/Downloads/do_not_delete/Matcha_Study/java_files/9109728/9109728_6_recent.java,RECENT_SNAPSHOT,9109728/9109728_6_recent.java,7fb1fe7dcdd73d933b8a0d25a428261ad6eea8353f2ad084bffea0733891f7ae,127fadbdac4aca8ba5eb7c9a95b7cf0333b9b38c5b9ca58cfd251d5e5d0e301a,7,69,203,2901,NO,1,345,1,0,ALL_ACCEPTED,Improving Code
so_9109728_block_8,9109728,8,EXCLUDED,MISSING_ORIGINAL_SNAPSHOT,"","","",/Users/chaiyong/Downloads/do_not_delete/Matcha_Study/java_files/9109728/9109728_8_recent.java,RECENT_SNAPSHOT,9109728/9109728_8_133022768.java,"","","","","","","",1,346,1,0,ALL_ACCEPTED,Improving Code
so_9293885_block_2,9293885,2,ELIGIBLE,"",dataset/before/so_9293885_block_2.java,dataset/after/so_9293885_block_2.java,/Users/chaiyong/Downloads/do_not_delete/Matcha_Study/java_files/9293885/9293885_2_original.java,/Users/chaiyong/Downloads/do_not_delete/Matcha_Study/java_files/9293885/9293885_2_recent.java,RECENT_SNAPSHOT,9293885/9293885_2_recent.java,a916c369e52c88a4f6c427a680db92383847125017c9fef3af55b034cb291c19,2a7bfcda094a8dd312bb8740fe545d7bdce7f2ed7470f4dafaef302a58f8d157,12,18,364,568,NO,15,521;314;236;406;685;649;199;583;20;651;571;616;97;750;178,15,0,ALL_ACCEPTED,Bug Fixing;Improving Code
so_9709606_block_2,9709606,2,ELIGIBLE,"",dataset/before/so_9709606_block_2.java,dataset/after/so_9709606_block_2.java,/Users/chaiyong/Downloads/do_not_delete/Matcha_Study/java_files/9709606/9709606_2_original.java,/Users/chaiyong/Downloads/do_not_delete/Matcha_Study/java_files/9709606/9709606_2_recent.java,RECENT_SNAPSHOT,9709606/9709606_2_recent.java,5090c26969e3ab84280a8a899ab6bdf72c644e36c522906e7e56d3ab93d91bc1,1a5084296fd7d236000720935f0f495186e9ee7e9b6cf8a831dec9abfdd2dab0,16,19,443,506,NO,5,10;11;402;672;530,5,0,ALL_ACCEPTED,Improving Code
so_10195366_block_2,10195366,2,ELIGIBLE,"",dataset/before/so_10195366_block_2.java,dataset/after/so_10195366_block_2.java,/Users/chaiyong/Downloads/do_not_delete/Matcha_Study/java_files/10195366/10195366_2_original.java,/Users/chaiyong/Downloads/do_not_delete/Matcha_Study/java_files/10195366/10195366_2_recent.java,RECENT_SNAPSHOT,10195366/10195366_2_recent.java,a58727dc729e40407ea5156e7ea07f7e9e4410cbfe7533d3bce7b5153b168b2a,55731e677712f23637783e8065ec9b159d7ae850f6e8c3af573e2d4c44d951bb,21,21,888,894,NO,12,684;127;128;129;597;598;102;6;7;8;686;687,4,8,MIXED,Improving Code
so_10599247_block_2,10599247,2,ELIGIBLE,"",dataset/before/so_10599247_block_2.java,dataset/after/so_10599247_block_2.java,/Users/chaiyong/Downloads/do_not_delete/Matcha_Study/java_files/10599247/10599247_2_original.java,/Users/chaiyong/Downloads/do_not_delete/Matcha_Study/java_files/10599247/10599247_2_recent.java,RECENT_SNAPSHOT,10599247/10599247_2_recent.java,ecde3723d4598b1ca0eed48fe47ce655c50919139d253129621d2c633193182e,eb38dae6094bdd8bbfea30cedc56a12bc9a1bbf110e34f5d05a39342012d1e3d,20,22,771,984,NO,1,234,1,0,ALL_ACCEPTED,Improving Code
so_10774468_block_2,10774468,2,ELIGIBLE,"",dataset/before/so_10774468_block_2.java,dataset/after/so_10774468_block_2.java,/Users/chaiyong/Downloads/do_not_delete/Matcha_Study/java_files/10774468/10774468_2_original.java,/Users/chaiyong/Downloads/do_not_delete/Matcha_Study/java_files/10774468/10774468_2_recent.java,RECENT_SNAPSHOT,10774468/10774468_2_recent.java,e76af8d24ef8922c8643809fae344d88e2f37ced45c8703c727e15eecc71aa04,9e35989053f2b78c393b8d44a521b67ef3f11a117e544bcdd9ee1cca1d7b40cf,68,95,1903,2839,NO,5,439;642;159;160;161,0,5,ALL_REJECTED,""
so_10967469_block_2,10967469,2,ELIGIBLE,"",dataset/before/so_10967469_block_2.java,dataset/after/so_10967469_block_2.java,/Users/chaiyong/Downloads/do_not_delete/Matcha_Study/java_files/10967469/10967469_2_original.java,/Users/chaiyong/Downloads/do_not_delete/Matcha_Study/java_files/10967469/10967469_2_recent.java,RECENT_SNAPSHOT,10967469/10967469_2_recent.java,bcfa75ce673f8f6c3249005ad31b32c7e1a0e753295dd6561eddb4820ab7eb3b,3e7c4f1fe341b28f8fb308d941f5cb447f4d319342bdc4042123583b93fb5bde,17,20,441,523,NO,2,397;676,2,0,ALL_ACCEPTED,Improving Code
so_11838438_block_2,11838438,2,ELIGIBLE,"",dataset/before/so_11838438_block_2.java,dataset/after/so_11838438_block_2.java,/Users/chaiyong/Downloads/do_not_delete/Matcha_Study/java_files/11838438/11838438_2_original.java,/Users/chaiyong/Downloads/do_not_delete/Matcha_Study/java_files/11838438/11838438_2_recent.java,RECENT_SNAPSHOT,11838438/11838438_2_recent.java,582f83d6a63f1d916136bcd0f1f1cf2201f4dc637c41abe1afc9c01b240b2245,d80f0b1cc81680256ce8ae1bd9cd8e36f35fbfb276cb1deff70e302692888f16,33,33,1169,1169,NO,1,271,1,0,ALL_ACCEPTED,Improving Code
so_12646338_block_8,12646338,8,ELIGIBLE,"",dataset/before/so_12646338_block_8.java,dataset/after/so_12646338_block_8.java,/Users/chaiyong/Downloads/do_not_delete/Matcha_Study/java_files/12646338/12646338_8_original.java,/Users/chaiyong/Downloads/do_not_delete/Matcha_Study/java_files/12646338/12646338_8_recent.java,RECENT_SNAPSHOT,12646338/12646338_8_recent.java,aa33a77242b5fcb9e895c01a755944a1fd9ca02b63f0440c78c6feece7ab041c,3a63d146a364ec612c79efe1572273f3808631b802868cda27e65a165286d164,57,62,1762,1927,NO,4,541;543;544;545,0,4,ALL_REJECTED,""
so_12738229_block_2,12738229,2,ELIGIBLE,"",dataset/before/so_12738229_block_2.java,dataset/after/so_12738229_block_2.java,/Users/chaiyong/Downloads/do_not_delete/Matcha_Study/java_files/12738229/12738229_2_original.java,/Users/chaiyong/Downloads/do_not_delete/Matcha_Study/java_files/12738229/12738229_2_recent.java,RECENT_SNAPSHOT,12738229/12738229_2_30063703.java,e59eefc203075710a16d2ff905e25a8455e7f0647be8442e42cd1c8f6baa219e,8addf2217f2455522b6f349f1e21ced79da062b232dd2cb01dfbd2bf54569e8e,47,47,1628,1646,NO,7,104;667;473;89;90;91;92,7,0,ALL_ACCEPTED,Improving Code
so_12981202_block_2,12981202,2,ELIGIBLE,"",dataset/before/so_12981202_block_2.java,dataset/after/so_12981202_block_2.java,/Users/chaiyong/Downloads/do_not_delete/Matcha_Study/java_files/12981202/12981202_2_original.java,/Users/chaiyong/Downloads/do_not_delete/Matcha_Study/java_files/12981202/12981202_2_recent.java,RECENT_SNAPSHOT,12981202/12981202_2_recent.java,4fafc302d21e992fe019d96620317d3fece2223a477c8b3bfb135bcd6b2ef9fd,7c13fc44d0e763b3631f77790b29494bbab810a205623065d6f1296f5ab9ae66,149,186,6571,8374,NO,4,484;485;591;592,0,4,ALL_REJECTED,""
so_13329885_block_2,13329885,2,ELIGIBLE,"",dataset/before/so_13329885_block_2.java,dataset/after/so_13329885_block_2.java,/Users/chaiyong/Downloads/do_not_delete/Matcha_Study/java_files/13329885/13329885_2_original.java,/Users/chaiyong/Downloads/do_not_delete/Matcha_Study/java_files/13329885/13329885_2_recent.java,RECENT_SNAPSHOT,13329885/13329885_2_recent.java,39bed479d02383d9b0ec51750a5e8a82bf569a1e77e1c312e1575044d95f191b,f5ae0a20b933e6e7207085878e8446ebe2f770b2f9ea5c50cf63e5d94245bcab,116,154,3513,4310,NO,2,209;167,0,2,ALL_REJECTED,""
so_13462440_block_6,13462440,6,ELIGIBLE,"",dataset/before/so_13462440_block_6.java,dataset/after/so_13462440_block_6.java,/Users/chaiyong/Downloads/do_not_delete/Matcha_Study/java_files/13462440/13462440_6_original.java,/Users/chaiyong/Downloads/do_not_delete/Matcha_Study/java_files/13462440/13462440_6_recent.java,RECENT_SNAPSHOT,13462440/13462440_6_32050882.java,ba4b890c0b23ed577f6be46b7453b403884e0c723031b71daed72ff266690e5b,90f3828c19535b9cb830b9cf7cd1ef748f7d7d3b3cf752d1d6d0fd40e1553787,94,98,3380,3429,NO,6,440;45;356;751;141;295,6,0,ALL_ACCEPTED,Improving Code
so_13542540_block_2,13542540,2,ELIGIBLE,"",dataset/before/so_13542540_block_2.java,dataset/after/so_13542540_block_2.java,/Users/chaiyong/Downloads/do_not_delete/Matcha_Study/java_files/13542540/13542540_2_original.java,/Users/chaiyong/Downloads/do_not_delete/Matcha_Study/java_files/13542540/13542540_2_recent.java,RECENT_SNAPSHOT,13542540/13542540_2_recent.java,f52737306417df6b5e1a7e7d3ed5352b1036515b91142cfd09f6934b139208bf,d717ab76eac76d015e2024b24895904e0644ec0fd4c5274e41fd7af1521f44fa,58,53,1738,1630,NO,2,585;586,0,2,ALL_REJECTED,""
so_13558161_block_6,13558161,6,ELIGIBLE,"",dataset/before/so_13558161_block_6.java,dataset/after/so_13558161_block_6.java,/Users/chaiyong/Downloads/do_not_delete/Matcha_Study/java_files/13558161/13558161_6_original.java,/Users/chaiyong/Downloads/do_not_delete/Matcha_Study/java_files/13558161/13558161_6_32316591.java,SELECTED_LATEST_AVAILABLE,13558161/13558161_6_32316591.java,ab1319300053bc600d281c7ad28e5b8645f3570033b8856aabd03b33e1351368,ab1319300053bc600d281c7ad28e5b8645f3570033b8856aabd03b33e1351368,180,180,6355,6355,YES,1,584,1,0,ALL_ACCEPTED,Improving Code
so_13730854_block_2,13730854,2,ELIGIBLE,"",dataset/before/so_13730854_block_2.java,dataset/after/so_13730854_block_2.java,/Users/chaiyong/Downloads/do_not_delete/Matcha_Study/java_files/13730854/13730854_2_original.java,/Users/chaiyong/Downloads/do_not_delete/Matcha_Study/java_files/13730854/13730854_2_recent.java,RECENT_SNAPSHOT,13730854/13730854_2_recent.java,4e0d25a5b1018a6ffaf915f6a110768d2f03dfe120e4bada3fa082ccd040fe1b,2b8bba5b2588e10e07174bcc7f26aef07fa11edd446624cc60a1cbe99971a45d,10,10,404,406,NO,1,620,0,1,ALL_REJECTED,""
so_13731858_block_2,13731858,2,ELIGIBLE,"",dataset/before/so_13731858_block_2.java,dataset/after/so_13731858_block_2.java,/Users/chaiyong/Downloads/do_not_delete/Matcha_Study/java_files/13731858/13731858_2_original.java,/Users/chaiyong/Downloads/do_not_delete/Matcha_Study/java_files/13731858/13731858_2_recent.java,RECENT_SNAPSHOT,13731858/13731858_2_recent.java,df6c0902e130580e8e6031af9aa6293bb8c673f196f2fbd4778cab48a6342345,96653e14bd95fd8dcc44b5f6d922a0a1d68921d3812d2b418e6edfe9e3bc84d9,21,19,575,685,NO,1,412,0,1,ALL_REJECTED,""
so_13956092_block_2,13956092,2,ELIGIBLE,"",dataset/before/so_13956092_block_2.java,dataset/after/so_13956092_block_2.java,/Users/chaiyong/Downloads/do_not_delete/Matcha_Study/java_files/13956092/13956092_2_original.java,/Users/chaiyong/Downloads/do_not_delete/Matcha_Study/java_files/13956092/13956092_2_recent.java,RECENT_SNAPSHOT,13956092/13956092_2_recent.java,83294dd1d33dd4d9c41a1c5931e6db6ac3be1b370833fb572dcfa4e9279d96b1,fc96e321b959ca9d374fd452a60161f81cd89f8a76e95eb7e7a43f37d0c8821e,21,25,864,1047,NO,1,772,1,0,ALL_ACCEPTED,Improving Code
so_14676464_block_2,14676464,2,ELIGIBLE,"",dataset/before/so_14676464_block_2.java,dataset/after/so_14676464_block_2.java,/Users/chaiyong/Downloads/do_not_delete/Matcha_Study/java_files/14676464/14676464_2_original.java,/Users/chaiyong/Downloads/do_not_delete/Matcha_Study/java_files/14676464/14676464_2_recent.java,RECENT_SNAPSHOT,14676464/14676464_2_recent.java,15dc424b300354da913e231feb0a2095fafcec950a5b62dc58522962ec7c251d,a238d91856fd9ff5856afef1a10724fc97d14a06e3ebbb6bd3603f6a21eef9c8,13,15,444,506,NO,9,775;495;729;730;731;732;733;734;736,7,2,MIXED,Improving Code
so_15160629_block_2,15160629,2,ELIGIBLE,"",dataset/before/so_15160629_block_2.java,dataset/after/so_15160629_block_2.java,/Users/chaiyong/Downloads/do_not_delete/Matcha_Study/java_files/15160629/15160629_2_original.java,/Users/chaiyong/Downloads/do_not_delete/Matcha_Study/java_files/15160629/15160629_2_recent.java,RECENT_SNAPSHOT,15160629/15160629_2_recent.java,5bea1084013273542bacf5bfd8f505b4966f43ee0800ea28a749d83a0bd26764,c979d4926de0d59d1ddaabd47a4e458dbc5fe833b0899625f1b007f1ac2d6531,24,25,701,759,NO,8,285;286;287;288;290;291;292;293,8,0,ALL_ACCEPTED,Improving Code
so_15422801_block_2,15422801,2,ELIGIBLE,"",dataset/before/so_15422801_block_2.java,dataset/after/so_15422801_block_2.java,/Users/chaiyong/Downloads/do_not_delete/Matcha_Study/java_files/15422801/15422801_2_original.java,/Users/chaiyong/Downloads/do_not_delete/Matcha_Study/java_files/15422801/15422801_2_recent.java,RECENT_SNAPSHOT,15422801/15422801_2_102469581.java;15422801/15422801_2_recent.java,bdff837d52ebe877881a72aa147203fe083ef1605c24e28ff71118dce908b61f,63685780d8f1c20fe7ebb32639213a0231afd5095da42114dc3032fb917b7191,115,118,4598,4864,NO,2,669;670,0,2,ALL_REJECTED,""
so_16114563_block_2,16114563,2,ELIGIBLE,"",dataset/before/so_16114563_block_2.java,dataset/after/so_16114563_block_2.java,/Users/chaiyong/Downloads/do_not_delete/Matcha_Study/java_files/16114563/16114563_2_original.java,/Users/chaiyong/Downloads/do_not_delete/Matcha_Study/java_files/16114563/16114563_2_recent.java,RECENT_SNAPSHOT,16114563/16114563_2_recent.java,2844fa7a9e8c8126e9c2412078579387b26316453e6d0a52cd154daac2a1807b,9c3ff2c088e95a5e0bee371e11fed504a014246f7ae1d650ba823fb95893af6a,15,40,542,1629,NO,1,513,1,0,ALL_ACCEPTED,Improving Code
so_16540679_block_1,16540679,1,ELIGIBLE,"",dataset/before/so_16540679_block_1.java,dataset/after/so_16540679_block_1.java,/Users/chaiyong/Downloads/do_not_delete/Matcha_Study/java_files/16540679/16540679_1_original.java,/Users/chaiyong/Downloads/do_not_delete/Matcha_Study/java_files/16540679/16540679_1_64924359.java,SELECTED_LATEST_AVAILABLE,16540679/16540679_1_64924359.java,9cee9e9c810aae131888307ce42b6c30a62e2f14b55e964b2ad169d919256a21,2b2597b0df3124f3cf381c12a47204d798fff2e082dedddd71f1d1f7f66b66f4,11,26,544,1142,NO,1,508,0,1,ALL_REJECTED,""
so_16799135_block_10,16799135,10,ELIGIBLE,"",dataset/before/so_16799135_block_10.java,dataset/after/so_16799135_block_10.java,/Users/chaiyong/Downloads/do_not_delete/Matcha_Study/java_files/16799135/16799135_10_original.java,/Users/chaiyong/Downloads/do_not_delete/Matcha_Study/java_files/16799135/16799135_10_41317480.java,SELECTED_LATEST_AVAILABLE,16799135/16799135_10_41317480.java,b12229d17fef9aacb11c9f5c8ef437018af7c1106c85e26950e4e34a497e3664,b12229d17fef9aacb11c9f5c8ef437018af7c1106c85e26950e4e34a497e3664,23,23,1006,1006,YES,12,445;50;70;425;576;257;361;381;756;146;300;334,6,6,MIXED,Improving Code
so_16877278_block_2,16877278,2,ELIGIBLE,"",dataset/before/so_16877278_block_2.java,dataset/after/so_16877278_block_2.java,/Users/chaiyong/Downloads/do_not_delete/Matcha_Study/java_files/16877278/16877278_2_original.java,/Users/chaiyong/Downloads/do_not_delete/Matcha_Study/java_files/16877278/16877278_2_recent.java,RECENT_SNAPSHOT,16877278/16877278_2_recent.java,7693d24a72ccf87dde316fff321292d4ebf502ea1ff381da4d2b85cdb6c7710f,5abcc63744a69bc53d5a00877b0a7748727103523bf4b63c2d8336cdc319055e,32,31,1192,1165,NO,1,572,0,1,ALL_REJECTED,""
so_17627497_block_2,17627497,2,ELIGIBLE,"",dataset/before/so_17627497_block_2.java,dataset/after/so_17627497_block_2.java,/Users/chaiyong/Downloads/do_not_delete/Matcha_Study/java_files/17627497/17627497_2_original.java,/Users/chaiyong/Downloads/do_not_delete/Matcha_Study/java_files/17627497/17627497_2_recent.java,RECENT_SNAPSHOT,17627497/17627497_2_recent.java,ad9fb7e24601f014f9fadfc1fac070c3c6d4b9ff51de557e8d5485d1fcb007b6,c2f1aeb3dfec79b9f30e7bca69bea534eb3cb0d4c733f428f0f0e045cbf2f8c8,1,14,52,598,NO,1,411,0,1,ALL_REJECTED,""
so_18004334_block_4,18004334,4,EXCLUDED,MISSING_ORIGINAL_SNAPSHOT,"","","",/Users/chaiyong/Downloads/do_not_delete/Matcha_Study/java_files/18004334/18004334_4_recent.java,RECENT_SNAPSHOT,18004334/18004334_4_recent.java,"","","","","","","",1,330,1,0,ALL_ACCEPTED,Improving Code
so_18454342_block_2,18454342,2,ELIGIBLE,"",dataset/before/so_18454342_block_2.java,dataset/after/so_18454342_block_2.java,/Users/chaiyong/Downloads/do_not_delete/Matcha_Study/java_files/18454342/18454342_2_original.java,/Users/chaiyong/Downloads/do_not_delete/Matcha_Study/java_files/18454342/18454342_2_recent.java,RECENT_SNAPSHOT,18454342/18454342_2_recent.java,9bffd9220efd097d6c6eeffc42b02aaeee8b7fb0f441e1e8645ad2d3adce504c,1ca5d870aac777c6deff9544dd4f00c6711d9851ed9941b26b178510f91e1747,16,29,556,941,NO,8,674;525;231;232;682;19;85;528,1,7,MIXED,Improving Code
so_18531276_block_2,18531276,2,ELIGIBLE,"",dataset/before/so_18531276_block_2.java,dataset/after/so_18531276_block_2.java,/Users/chaiyong/Downloads/do_not_delete/Matcha_Study/java_files/18531276/18531276_2_original.java,/Users/chaiyong/Downloads/do_not_delete/Matcha_Study/java_files/18531276/18531276_2_recent.java,RECENT_SNAPSHOT,18531276/18531276_2_recent.java,85d1a3a307eda3c75c0fe36e546e0d2b8dfc031e65f1c1e55a4f2897e1283cda,9781a07e7cde3a681bb916795e7d00fb7942fca8f1ea9d5e1b1ec47ce8dbf595,101,59,2997,2237,NO,3,401;398;399,0,3,ALL_REJECTED,""
so_19340685_block_2,19340685,2,ELIGIBLE,"",dataset/before/so_19340685_block_2.java,dataset/after/so_19340685_block_2.java,/Users/chaiyong/Downloads/do_not_delete/Matcha_Study/java_files/19340685/19340685_2_original.java,/Users/chaiyong/Downloads/do_not_delete/Matcha_Study/java_files/19340685/19340685_2_recent.java,RECENT_SNAPSHOT,19340685/19340685_2_49198640.java,18f3502e965b0327abf84e26ff748cb15baea7226c41bd6b0f5b2f1234640f84,866130c91aef2d639837286e6e518742340778cd0724912f1a922552d6396505,30,17,1199,667,NO,2,322;248,2,0,ALL_ACCEPTED,Improving Code
so_19435226_block_1,19435226,1,EXCLUDED,MISSING_ORIGINAL_SNAPSHOT,"","","",/Users/chaiyong/Downloads/do_not_delete/Matcha_Study/java_files/19435226/19435226_1_recent.java,RECENT_SNAPSHOT,19435226/19435226_1_recent.java,"","","","","","","",2,633;634,0,2,ALL_REJECTED,""
so_19440217_block_2,19440217,2,ELIGIBLE,"",dataset/before/so_19440217_block_2.java,dataset/after/so_19440217_block_2.java,/Users/chaiyong/Downloads/do_not_delete/Matcha_Study/java_files/19440217/19440217_2_original.java,/Users/chaiyong/Downloads/do_not_delete/Matcha_Study/java_files/19440217/19440217_2_recent.java,RECENT_SNAPSHOT,19440217/19440217_2_recent.java,6566c565c1bf0e3f823e600521f6e1c030c12bc31aab478617549d58e7449f97,946c8ed7a37dc6d0147ba162ed6f79ae67b57258cc6b87fe344a9bb0a06c15dd,18,18,590,831,NO,1,461,0,1,ALL_REJECTED,""
so_19648723_block_1,19648723,1,ELIGIBLE,"",dataset/before/so_19648723_block_1.java,dataset/after/so_19648723_block_1.java,/Users/chaiyong/Downloads/do_not_delete/Matcha_Study/java_files/19648723/19648723_1_original.java,/Users/chaiyong/Downloads/do_not_delete/Matcha_Study/java_files/19648723/19648723_1_recent.java,RECENT_SNAPSHOT,19648723/19648723_1_recent.java,08cfa643f49c4b65b54d211007479c144d806e07eeb90e48ad4132a120c35a98,34b40878795f7fd4e1ea4eb7bfce142a71629c0251195a646c7f0bd7c6dd1bbc,8,20,173,524,NO,6,140;476;477;478;479;480,0,6,ALL_REJECTED,""
so_19689932_block_6,19689932,6,ELIGIBLE,"",dataset/before/so_19689932_block_6.java,dataset/after/so_19689932_block_6.java,/Users/chaiyong/Downloads/do_not_delete/Matcha_Study/java_files/19689932/19689932_6_original.java,/Users/chaiyong/Downloads/do_not_delete/Matcha_Study/java_files/19689932/19689932_6_recent.java,RECENT_SNAPSHOT,19689932/19689932_6_147013208.java,bc44b0c41278919e65730e33007db1bf40c41948de2c37e4d22359a414242a36,775de6ed240c2b2beef0d2c70e2730c5a73243c2f34fcc7c2df56550667b36bc,16,26,530,762,NO,2,792;537,0,2,ALL_REJECTED,""
so_19876516_block_2,19876516,2,ELIGIBLE,"",dataset/before/so_19876516_block_2.java,dataset/after/so_19876516_block_2.java,/Users/chaiyong/Downloads/do_not_delete/Matcha_Study/java_files/19876516/19876516_2_original.java,/Users/chaiyong/Downloads/do_not_delete/Matcha_Study/java_files/19876516/19876516_2_recent.java,RECENT_SNAPSHOT,19876516/19876516_2_recent.java,3cd44c5f093a50b3fbbe6e67c7306b11a5692b706e6991fcb214e560447bff8d,7c09a311f574ad8dda2b6f32167d4803dcdefacefae79464346ef4f815626d28,32,33,1356,1403,NO,3,698;179;229,0,3,ALL_REJECTED,""
so_20274776_block_2,20274776,2,ELIGIBLE,"",dataset/before/so_20274776_block_2.java,dataset/after/so_20274776_block_2.java,/Users/chaiyong/Downloads/do_not_delete/Matcha_Study/java_files/20274776/20274776_2_original.java,/Users/chaiyong/Downloads/do_not_delete/Matcha_Study/java_files/20274776/20274776_2_recent.java,RECENT_SNAPSHOT,20274776/20274776_2_recent.java,e7ba5c1dc136da6b90f33e59321e1ae94565be3d49fdfda99c96fe5f3cfa58ca,6ba55751d71bed7221760a0b9460341fcff8b6245c82ecf56f57310458e27eb9,21,29,496,814,NO,4,162;163;581;494,2,2,MIXED,Improving Code
so_20276324_block_2,20276324,2,ELIGIBLE,"",dataset/before/so_20276324_block_2.java,dataset/after/so_20276324_block_2.java,/Users/chaiyong/Downloads/do_not_delete/Matcha_Study/java_files/20276324/20276324_2_original.java,/Users/chaiyong/Downloads/do_not_delete/Matcha_Study/java_files/20276324/20276324_2_recent.java,RECENT_SNAPSHOT,20276324/20276324_2_recent.java,5695a22933971fa6072f5c54889aff3df36731cfb90c3305121d23500678527f,7a32897fc8d38d33162eb25d6527cc757a05b62960943ace45a2964e70113a1a,11,12,323,376,NO,1,582,1,0,ALL_ACCEPTED,Improving Code
so_20680556_block_2,20680556,2,ELIGIBLE,"",dataset/before/so_20680556_block_2.java,dataset/after/so_20680556_block_2.java,/Users/chaiyong/Downloads/do_not_delete/Matcha_Study/java_files/20680556/20680556_2_original.java,/Users/chaiyong/Downloads/do_not_delete/Matcha_Study/java_files/20680556/20680556_2_recent.java,RECENT_SNAPSHOT,20680556/20680556_2_recent.java,68d072323601f5f89eca096a0dfde9b111cecf3ecf7a0851368f9ebedc6af261,68a5207892886935e40757f6cf97c554a337da46cfa3ecceb714722eab2b2da6,19,18,509,479,NO,4,268;788;789;790,4,0,ALL_ACCEPTED,Improving Code
so_20765715_block_2,20765715,2,ELIGIBLE,"",dataset/before/so_20765715_block_2.java,dataset/after/so_20765715_block_2.java,/Users/chaiyong/Downloads/do_not_delete/Matcha_Study/java_files/20765715/20765715_2_original.java,/Users/chaiyong/Downloads/do_not_delete/Matcha_Study/java_files/20765715/20765715_2_recent.java,RECENT_SNAPSHOT,20765715/20765715_2_recent.java,bf296cae117281ecc5daea7d41cc53ab03d5dd43f9459459d65d978b02dc8141,9c11bec2ebf3df22607f3bba1c04f996dbcbbda24ad444021b5a53efb91cc846,19,22,658,838,NO,3,624;99;100,3,0,ALL_ACCEPTED,Improving Code
so_21178275_block_2,21178275,2,ELIGIBLE,"",dataset/before/so_21178275_block_2.java,dataset/after/so_21178275_block_2.java,/Users/chaiyong/Downloads/do_not_delete/Matcha_Study/java_files/21178275/21178275_2_original.java,/Users/chaiyong/Downloads/do_not_delete/Matcha_Study/java_files/21178275/21178275_2_recent.java,RECENT_SNAPSHOT,21178275/21178275_2_recent.java,39bf7510ef797de5f896f75d3e4207a20dc2841132c0f40db98c9b96a44fb03c,63a824538e0afb79765ed5571f66811ce5368753593b967b6d1bf8fc7bcd6a02,55,55,1953,1981,NO,1,497,1,0,ALL_ACCEPTED,Improving Code
so_22918204_block_2,22918204,2,ELIGIBLE,"",dataset/before/so_22918204_block_2.java,dataset/after/so_22918204_block_2.java,/Users/chaiyong/Downloads/do_not_delete/Matcha_Study/java_files/22918204/22918204_2_original.java,/Users/chaiyong/Downloads/do_not_delete/Matcha_Study/java_files/22918204/22918204_2_recent.java,RECENT_SNAPSHOT,22918204/22918204_2_62450522.java,8945543913664aea03b0f3d4c05e661dff60158fb88300a3e928c39ce954f53c,50d30da9929185c5eba7bc2ffb954d608dd6348caf269f97631b1c761461bae2,16,15,469,436,NO,2,240;428,0,2,ALL_REJECTED,""
so_22968559_block_2,22968559,2,ELIGIBLE,"",dataset/before/so_22968559_block_2.java,dataset/after/so_22968559_block_2.java,/Users/chaiyong/Downloads/do_not_delete/Matcha_Study/java_files/22968559/22968559_2_original.java,/Users/chaiyong/Downloads/do_not_delete/Matcha_Study/java_files/22968559/22968559_2_recent.java,RECENT_SNAPSHOT,22968559/22968559_2_recent.java,5ad243d2d5838c7fbcdd17d0905488ba4bd673e140ea5d4f8d4e82d2ef55dd8c,507fa98bec558749f98e408dee155b344f765828d72463f31ea955593bbd2931,7,16,200,504,NO,1,222,1,0,ALL_ACCEPTED,Improving Code
so_23839705_block_2,23839705,2,ELIGIBLE,"",dataset/before/so_23839705_block_2.java,dataset/after/so_23839705_block_2.java,/Users/chaiyong/Downloads/do_not_delete/Matcha_Study/java_files/23839705/23839705_2_original.java,/Users/chaiyong/Downloads/do_not_delete/Matcha_Study/java_files/23839705/23839705_2_recent.java,RECENT_SNAPSHOT,23839705/23839705_2_65821537.java,a0d2824f566134462ffb703279f18bd3aa507f4ebc1257c9dc9e0bb4c57499ec,ad95dc627aad9881c9047f1b2e7081fd6ab03f45629b7161de996ee6c7f1a7a9,15,21,706,773,NO,1,206,1,0,ALL_ACCEPTED,Improving Code
so_23916259_block_2,23916259,2,ELIGIBLE,"",dataset/before/so_23916259_block_2.java,dataset/after/so_23916259_block_2.java,/Users/chaiyong/Downloads/do_not_delete/Matcha_Study/java_files/23916259/23916259_2_original.java,/Users/chaiyong/Downloads/do_not_delete/Matcha_Study/java_files/23916259/23916259_2_recent.java,RECENT_SNAPSHOT,23916259/23916259_2_recent.java,c3154c769181c65d9a67dd258ff95514d3f8d6c1b1f99298daeb1dafa19bc476,aba08f51e26d122d794a9519fb0d008afe343351bab25c96ea2402dcaa992146,27,25,588,563,NO,1,326,1,0,ALL_ACCEPTED,Improving Code
so_24127188_block_2,24127188,2,ELIGIBLE,"",dataset/before/so_24127188_block_2.java,dataset/after/so_24127188_block_2.java,/Users/chaiyong/Downloads/do_not_delete/Matcha_Study/java_files/24127188/24127188_2_original.java,/Users/chaiyong/Downloads/do_not_delete/Matcha_Study/java_files/24127188/24127188_2_recent.java,RECENT_SNAPSHOT,24127188/24127188_2_recent.java,65660651ad735777bbe3dbfdbef6581efdbaf72a62b2e7f4e11345ba72e8cfc4,9c613d25f05a3f7b48a39ccdb5a2a629fa527c6ff199f86249eeef159d142f85,32,32,1355,1362,NO,22,657;658;659;660;661;662;663;664;260;261;262;347;580;690;691;692;693;654;27;28;29;30,17,5,MIXED,Improving Code
so_25890405_block_4,25890405,4,ELIGIBLE,"",dataset/before/so_25890405_block_4.java,dataset/after/so_25890405_block_4.java,/Users/chaiyong/Downloads/do_not_delete/Matcha_Study/java_files/25890405/25890405_4_original.java,/Users/chaiyong/Downloads/do_not_delete/Matcha_Study/java_files/25890405/25890405_4_recent.java,RECENT_SNAPSHOT,25890405/25890405_4_73691184.java,04b130b5a76e6d1950f025a9380adb49065438929666621b717ab0b72f5a758c,d60683c343b8ab3c8fce20ca9966d2cb7db8bc2cb76417ac3686d2eff2d68c7b,18,15,388,376,NO,1,467,0,1,ALL_REJECTED,""
so_25985720_block_14,25985720,14,ELIGIBLE,"",dataset/before/so_25985720_block_14.java,dataset/after/so_25985720_block_14.java,/Users/chaiyong/Downloads/do_not_delete/Matcha_Study/java_files/25985720/25985720_14_original.java,/Users/chaiyong/Downloads/do_not_delete/Matcha_Study/java_files/25985720/25985720_14_recent.java,RECENT_SNAPSHOT,25985720/25985720_14_recent.java,7e79b31ff297e251c046bbde61abf31949e9bd705cd72a44e3162a0381b27b22,f9d527dce981b6e07b9c1a042661b0aad3a84b94651f494e0d71549617fbb07f,15,21,462,656,NO,5,3;472;683;113;114,2,3,MIXED,Improving Code
so_26046107_block_2,26046107,2,ELIGIBLE,"",dataset/before/so_26046107_block_2.java,dataset/after/so_26046107_block_2.java,/Users/chaiyong/Downloads/do_not_delete/Matcha_Study/java_files/26046107/26046107_2_original.java,/Users/chaiyong/Downloads/do_not_delete/Matcha_Study/java_files/26046107/26046107_2_recent.java,RECENT_SNAPSHOT,26046107/26046107_2_124698665.java,7a2257e26bff705fd5258652335fc4995078c83d444c1581ce2113c9bb9e502a,9a9ebc6929de73b734ea7537467b7b22a0cea235cfd4de8efe9fda14114c2a43,18,22,846,1104,NO,1,244,1,0,ALL_ACCEPTED,Improving Code
so_27287511_block_2,27287511,2,ELIGIBLE,"",dataset/before/so_27287511_block_2.java,dataset/after/so_27287511_block_2.java,/Users/chaiyong/Downloads/do_not_delete/Matcha_Study/java_files/27287511/27287511_2_original.java,/Users/chaiyong/Downloads/do_not_delete/Matcha_Study/java_files/27287511/27287511_2_recent.java,RECENT_SNAPSHOT,27287511/27287511_2_79053914.java,9b844d732a33debc615b2d1d716553450577e910a860922005622c2e18c99cdf,4813a71cc39bdea5f709f74c76072fef542d260d9b062657a3b99f22b8d81a1a,18,17,693,642,NO,3,786;606;607,0,3,ALL_REJECTED,""
so_27436796_block_2,27436796,2,ELIGIBLE,"",dataset/before/so_27436796_block_2.java,dataset/after/so_27436796_block_2.java,/Users/chaiyong/Downloads/do_not_delete/Matcha_Study/java_files/27436796/27436796_2_original.java,/Users/chaiyong/Downloads/do_not_delete/Matcha_Study/java_files/27436796/27436796_2_recent.java,RECENT_SNAPSHOT,27436796/27436796_2_recent.java,12a3665fadbf965def226e763166563cfa5a9c7fb9b7962a4901bf980c53f4a5,013fc74b4b1e50d7151fc65fefa8cc44da4b053589a2734d54ef3a8a8aba2240,70,69,2801,2693,NO,3,414;726;111,3,0,ALL_ACCEPTED,Improving Code
so_27437289_block_16,27437289,16,ELIGIBLE,"",dataset/before/so_27437289_block_16.java,dataset/after/so_27437289_block_16.java,/Users/chaiyong/Downloads/do_not_delete/Matcha_Study/java_files/27437289/27437289_16_original.java,/Users/chaiyong/Downloads/do_not_delete/Matcha_Study/java_files/27437289/27437289_16_recent.java,RECENT_SNAPSHOT,27437289/27437289_16_106782972.java,08ff354c079c364cae621c4d3b136e43a5fe3a8f225858b3cbcc52fa89e994dd,a51f3a6271d9f5cad64aebebb1134d2c56535da607b6cef83fdad324daf4264a,13,1,537,44,NO,1,238,1,0,ALL_ACCEPTED,Improving Code
so_27469652_block_4,27469652,4,ELIGIBLE,"",dataset/before/so_27469652_block_4.java,dataset/after/so_27469652_block_4.java,/Users/chaiyong/Downloads/do_not_delete/Matcha_Study/java_files/27469652/27469652_4_original.java,/Users/chaiyong/Downloads/do_not_delete/Matcha_Study/java_files/27469652/27469652_4_recent.java,RECENT_SNAPSHOT,27469652/27469652_4_recent.java,16d932144839702d67d77621fa2764cc56c5b23e23a0bb5f5b5c8c887d9ca08f,1f5882d62501f2759ef125e7bb6c83d9d1e276ae3ce86217990c51faf038bfa8,14,15,306,340,NO,1,486,1,0,ALL_ACCEPTED,Improving Code
so_27644392_block_4,27644392,4,ELIGIBLE,"",dataset/before/so_27644392_block_4.java,dataset/after/so_27644392_block_4.java,/Users/chaiyong/Downloads/do_not_delete/Matcha_Study/java_files/27644392/27644392_4_original.java,/Users/chaiyong/Downloads/do_not_delete/Matcha_Study/java_files/27644392/27644392_4_recent.java,RECENT_SNAPSHOT,27644392/27644392_4_103987644.java,b26543db7038230a821aadef59d8eb20e342ce1f99a0946be7d3d0f3e579d3a0,ab1609d7c3c9843bd551c457564561e6128e7987b8b4db3c44921964510cd12a,5,68,246,3231,NO,2,601;602,0,2,ALL_REJECTED,""
so_28039909_block_2,28039909,2,ELIGIBLE,"",dataset/before/so_28039909_block_2.java,dataset/after/so_28039909_block_2.java,/Users/chaiyong/Downloads/do_not_delete/Matcha_Study/java_files/28039909/28039909_2_original.java,/Users/chaiyong/Downloads/do_not_delete/Matcha_Study/java_files/28039909/28039909_2_recent.java,RECENT_SNAPSHOT,28039909/28039909_2_recent.java,58c503b92f8d14198d21bbb34f45fd15aa44bef766849f0f1608a8beaeafec44,0aff9da6263a754c6a37faa135d67dc88613f7e7ae2d24b9ebadf2b7e10026e7,12,13,500,512,NO,5,739;652;511;215;105,0,5,ALL_REJECTED,""
so_28137956_block_4,28137956,4,ELIGIBLE,"",dataset/before/so_28137956_block_4.java,dataset/after/so_28137956_block_4.java,/Users/chaiyong/Downloads/do_not_delete/Matcha_Study/java_files/28137956/28137956_4_original.java,/Users/chaiyong/Downloads/do_not_delete/Matcha_Study/java_files/28137956/28137956_4_recent.java,RECENT_SNAPSHOT,28137956/28137956_4_recent.java,340abb58a783942c3cb2742d192ffcb28d35a030567011d3813227cb452e61e9,c42dd60ce0cd8c97929c7c38feb94f4cf6c28b09759348a1ca51b73eac56ac2e,54,79,1695,2525,NO,1,410,0,1,ALL_REJECTED,""
so_28329032_block_6,28329032,6,ELIGIBLE,"",dataset/before/so_28329032_block_6.java,dataset/after/so_28329032_block_6.java,/Users/chaiyong/Downloads/do_not_delete/Matcha_Study/java_files/28329032/28329032_6_original.java,/Users/chaiyong/Downloads/do_not_delete/Matcha_Study/java_files/28329032/28329032_6_147347267.java,SELECTED_LATEST_AVAILABLE,28329032/28329032_6_147347267.java,63bc67f141e9e119774b6d46b9acd4ea93d08a09f2b8f41d5321a384f31e6754,63bc67f141e9e119774b6d46b9acd4ea93d08a09f2b8f41d5321a384f31e6754,10,10,513,513,YES,1,329,1,0,ALL_ACCEPTED,Improving Code
so_28458368_block_4,28458368,4,ELIGIBLE,"",dataset/before/so_28458368_block_4.java,dataset/after/so_28458368_block_4.java,/Users/chaiyong/Downloads/do_not_delete/Matcha_Study/java_files/28458368/28458368_4_original.java,/Users/chaiyong/Downloads/do_not_delete/Matcha_Study/java_files/28458368/28458368_4_recent.java,RECENT_SNAPSHOT,28458368/28458368_4_recent.java,0b652644da05da93327d971da834fee2bd5198a68ba6e51937e471c0da926d7d,65a9474ff52e3acd8d30f6f043ffa03ecb81dbd5093760740a1bc1eb6a5dff98,18,35,630,1450,NO,1,101,1,0,ALL_ACCEPTED,Improving Code
so_28797486_block_2,28797486,2,ELIGIBLE,"",dataset/before/so_28797486_block_2.java,dataset/after/so_28797486_block_2.java,/Users/chaiyong/Downloads/do_not_delete/Matcha_Study/java_files/28797486/28797486_2_original.java,/Users/chaiyong/Downloads/do_not_delete/Matcha_Study/java_files/28797486/28797486_2_recent.java,RECENT_SNAPSHOT,28797486/28797486_2_recent.java,1098739000bec5e9458b1bd030f18ef24d8f0961637ae1a7518ca1c88e53cdf7,7ca24deec46afc02937fa871df9fde32c63ccb57381a5a30da2bc649ae32516a,30,33,862,975,NO,1,725,0,1,ALL_REJECTED,""
so_28901180_block_2,28901180,2,ELIGIBLE,"",dataset/before/so_28901180_block_2.java,dataset/after/so_28901180_block_2.java,/Users/chaiyong/Downloads/do_not_delete/Matcha_Study/java_files/28901180/28901180_2_original.java,/Users/chaiyong/Downloads/do_not_delete/Matcha_Study/java_files/28901180/28901180_2_recent.java,RECENT_SNAPSHOT,28901180/28901180_2_recent.java,cc7686211bec754143607a2cff97ba9f5d3f0f02a9940bbdd3134806b544818f,e831767033c0679cf09d9c5fc8b8893d0c670e32d52e198ea028f8694600a728,68,68,2317,2317,NO,1,520,1,0,ALL_ACCEPTED,Improving Code
so_28943344_block_6,28943344,6,ELIGIBLE,"",dataset/before/so_28943344_block_6.java,dataset/after/so_28943344_block_6.java,/Users/chaiyong/Downloads/do_not_delete/Matcha_Study/java_files/28943344/28943344_6_original.java,/Users/chaiyong/Downloads/do_not_delete/Matcha_Study/java_files/28943344/28943344_6_recent.java,RECENT_SNAPSHOT,28943344/28943344_6_85432010.java,b0dce7d57803f47073cdca247772856ec55ef34cc971d3344732075c396172d6,c2b16b4192e43a5cf1c200b0fdfa4579eb20a64381a48031d1a20aa14228131a,30,4,1289,164,NO,1,469,0,1,ALL_REJECTED,""
so_29226591_block_2,29226591,2,ELIGIBLE,"",dataset/before/so_29226591_block_2.java,dataset/after/so_29226591_block_2.java,/Users/chaiyong/Downloads/do_not_delete/Matcha_Study/java_files/29226591/29226591_2_original.java,/Users/chaiyong/Downloads/do_not_delete/Matcha_Study/java_files/29226591/29226591_2_recent.java,RECENT_SNAPSHOT,29226591/29226591_2_recent.java,e99cca2ab56689fa638e323d4b999f0b5f83bbd0b31cdc2215791580c63badc1,213156717c22542af6c6187910b453a2ebf1395b16933bc8933be7ca4e67aca5,33,30,1289,1193,NO,1,44,1,0,ALL_ACCEPTED,Improving Code
so_29230939_block_4,29230939,4,ELIGIBLE,"",dataset/before/so_29230939_block_4.java,dataset/after/so_29230939_block_4.java,/Users/chaiyong/Downloads/do_not_delete/Matcha_Study/java_files/29230939/29230939_4_original.java,/Users/chaiyong/Downloads/do_not_delete/Matcha_Study/java_files/29230939/29230939_4_201996375.java,SELECTED_LATEST_AVAILABLE,29230939/29230939_4_201996375.java,ccfa95fcc0ba216d9a68d4dfd1c4640497a2acf2c4f4e0febf691422e996b2c8,ccfa95fcc0ba216d9a68d4dfd1c4640497a2acf2c4f4e0febf691422e996b2c8,25,25,1246,1246,YES,4,258;259;335;336,4,0,ALL_ACCEPTED,Improving Code
so_29330741_block_6,29330741,6,ELIGIBLE,"",dataset/before/so_29330741_block_6.java,dataset/after/so_29330741_block_6.java,/Users/chaiyong/Downloads/do_not_delete/Matcha_Study/java_files/29330741/29330741_6_original.java,/Users/chaiyong/Downloads/do_not_delete/Matcha_Study/java_files/29330741/29330741_6_86929181.java,SELECTED_LATEST_AVAILABLE,29330741/29330741_6_86929181.java,9307832391140acf4a96db84b514584bd55eca9e37b43841df3abf69ad712e43,9307832391140acf4a96db84b514584bd55eca9e37b43841df3abf69ad712e43,13,13,811,811,YES,20,446;447;51;52;71;72;252;253;362;363;382;383;757;758;320;321;301;302;338;339,10,10,MIXED,Improving Code
so_29548090_block_4,29548090,4,ELIGIBLE,"",dataset/before/so_29548090_block_4.java,dataset/after/so_29548090_block_4.java,/Users/chaiyong/Downloads/do_not_delete/Matcha_Study/java_files/29548090/29548090_4_original.java,/Users/chaiyong/Downloads/do_not_delete/Matcha_Study/java_files/29548090/29548090_4_recent.java,RECENT_SNAPSHOT,29548090/29548090_4_recent.java,6b90dea73cd58ce18ee8e9badc51e4c4b58240e3b2a65c0b40c42a085927e1ad,9f7e8685039d021fb3399b7c3c436c57eb37ee08b2ed4f700b521c80050fc60b,78,78,1870,1963,NO,2,427;26,2,0,ALL_ACCEPTED,Improving Code
so_29575747_block_2,29575747,2,ELIGIBLE,"",dataset/before/so_29575747_block_2.java,dataset/after/so_29575747_block_2.java,/Users/chaiyong/Downloads/do_not_delete/Matcha_Study/java_files/29575747/29575747_2_original.java,/Users/chaiyong/Downloads/do_not_delete/Matcha_Study/java_files/29575747/29575747_2_recent.java,RECENT_SNAPSHOT,29575747/29575747_2_recent.java,b78d3ba26e7694dac38df31ee8599e50b7c206c64e7aaf74861d6dc431ee579e,574e8bc2f4533a95d494a78a241a9b466f13a7ff0d4a2cc9070f48b6857967e4,57,89,2047,2849,NO,1,481,1,0,ALL_ACCEPTED,Improving Code
so_29866762_block_2,29866762,2,ELIGIBLE,"",dataset/before/so_29866762_block_2.java,dataset/after/so_29866762_block_2.java,/Users/chaiyong/Downloads/do_not_delete/Matcha_Study/java_files/29866762/29866762_2_original.java,/Users/chaiyong/Downloads/do_not_delete/Matcha_Study/java_files/29866762/29866762_2_89013107.java,SELECTED_LATEST_AVAILABLE,29866762/29866762_2_89013107.java,f2d6cbd0090a5f2d602e8ecb6f9e7d1f017c9b1874ab1fd7662f6c775d2ff52c,f2d6cbd0090a5f2d602e8ecb6f9e7d1f017c9b1874ab1fd7662f6c775d2ff52c,40,40,1745,1745,YES,27,442;443;226;47;48;66;67;423;424;573;574;254;255;358;359;377;378;753;754;315;316;143;144;297;298;331;332,12,15,MIXED,Improving Code
so_30316055_block_2,30316055,2,ELIGIBLE,"",dataset/before/so_30316055_block_2.java,dataset/after/so_30316055_block_2.java,/Users/chaiyong/Downloads/do_not_delete/Matcha_Study/java_files/30316055/30316055_2_original.java,/Users/chaiyong/Downloads/do_not_delete/Matcha_Study/java_files/30316055/30316055_2_recent.java,RECENT_SNAPSHOT,30316055/30316055_2_recent.java,8b5de6f0b81a8190513bc7f5bc5b12943bb3a3fddb3babe0c26c6cab34f4cde4,8b5de6f0b81a8190513bc7f5bc5b12943bb3a3fddb3babe0c26c6cab34f4cde4,42,42,1647,1647,YES,3,650;207;224,0,3,ALL_REJECTED,""
so_30321780_block_2,30321780,2,ELIGIBLE,"",dataset/before/so_30321780_block_2.java,dataset/after/so_30321780_block_2.java,/Users/chaiyong/Downloads/do_not_delete/Matcha_Study/java_files/30321780/30321780_2_original.java,/Users/chaiyong/Downloads/do_not_delete/Matcha_Study/java_files/30321780/30321780_2_recent.java,RECENT_SNAPSHOT,30321780/30321780_2_recent.java,ca0f8c3eb21b2e921e16fe58cfdad5e819dee58a08ee9c5a90fa2f2c71bbfa51,8e8dd41353afba76364a2edfcf60bf1f4fc3cee6cc691c70c9be469d4d4c21b7,20,19,738,689,NO,1,407,0,1,ALL_REJECTED,""
so_30868562_block_6,30868562,6,ELIGIBLE,"",dataset/before/so_30868562_block_6.java,dataset/after/so_30868562_block_6.java,/Users/chaiyong/Downloads/do_not_delete/Matcha_Study/java_files/30868562/30868562_6_original.java,/Users/chaiyong/Downloads/do_not_delete/Matcha_Study/java_files/30868562/30868562_6_recent.java,RECENT_SNAPSHOT,30868562/30868562_6_92947534.java,4003de5a1f2c62ffa6704534f03ceb17d616f344ca9b6eb45bc406a5dc8321a9,54b04088ceec1d6c5e5e632f0afcd7d65492636acccc96efdf244f349dcaa44b,11,8,441,386,NO,1,773,0,1,ALL_REJECTED,""
so_30942772_block_4,30942772,4,ELIGIBLE,"",dataset/before/so_30942772_block_4.java,dataset/after/so_30942772_block_4.java,/Users/chaiyong/Downloads/do_not_delete/Matcha_Study/java_files/30942772/30942772_4_original.java,/Users/chaiyong/Downloads/do_not_delete/Matcha_Study/java_files/30942772/30942772_4_recent.java,RECENT_SNAPSHOT,30942772/30942772_4_recent.java,81cb27685a417b5f5fbcf07183f133705a675330f3b668e2c35541175c987e59,e612442fdb203dccd7fdfd534271f2c862e20b2c56e07780b2caba302484df95,62,62,2267,2268,NO,3,552;264;265,0,3,ALL_REJECTED,""
so_30952083_block_2,30952083,2,ELIGIBLE,"",dataset/before/so_30952083_block_2.java,dataset/after/so_30952083_block_2.java,/Users/chaiyong/Downloads/do_not_delete/Matcha_Study/java_files/30952083/30952083_2_original.java,/Users/chaiyong/Downloads/do_not_delete/Matcha_Study/java_files/30952083/30952083_2_recent.java,RECENT_SNAPSHOT,30952083/30952083_2_93280714.java,b18c63e54d18e9ff6863cc9cce6643ecafa5c823f705753f873044ca5c8ae870,892609dcc7fa9b621f8400bf44732694b5940a334a03934f90b6377aca5a8d64,31,28,1010,875,NO,1,186,1,0,ALL_ACCEPTED,Bug Fixing
so_31386664_block_4,31386664,4,ELIGIBLE,"",dataset/before/so_31386664_block_4.java,dataset/after/so_31386664_block_4.java,/Users/chaiyong/Downloads/do_not_delete/Matcha_Study/java_files/31386664/31386664_4_original.java,/Users/chaiyong/Downloads/do_not_delete/Matcha_Study/java_files/31386664/31386664_4_95005617.java,SELECTED_LATEST_AVAILABLE,31386664/31386664_4_95005617.java,bf21e00f363807a913d5d6b8ddc039d29fa7caa2c9c9f7b0de90d4563232a96b,bf21e00f363807a913d5d6b8ddc039d29fa7caa2c9c9f7b0de90d4563232a96b,22,22,542,542,YES,4,432;433;278;173,0,4,ALL_REJECTED,""
so_31764338_block_6,31764338,6,ELIGIBLE,"",dataset/before/so_31764338_block_6.java,dataset/after/so_31764338_block_6.java,/Users/chaiyong/Downloads/do_not_delete/Matcha_Study/java_files/31764338/31764338_6_original.java,/Users/chaiyong/Downloads/do_not_delete/Matcha_Study/java_files/31764338/31764338_6_96458495.java,SELECTED_LATEST_AVAILABLE,31764338/31764338_6_96458495.java,e21e98638e9122780e8561e70cd6941b8d14fc3f5c0ef11cc6683d878c2a8d6b,e21e98638e9122780e8561e70cd6941b8d14fc3f5c0ef11cc6683d878c2a8d6b,25,25,792,792,YES,1,156,0,1,ALL_REJECTED,""
so_31868761_block_4,31868761,4,ELIGIBLE,"",dataset/before/so_31868761_block_4.java,dataset/after/so_31868761_block_4.java,/Users/chaiyong/Downloads/do_not_delete/Matcha_Study/java_files/31868761/31868761_4_original.java,/Users/chaiyong/Downloads/do_not_delete/Matcha_Study/java_files/31868761/31868761_4_96856276.java,SELECTED_LATEST_AVAILABLE,31868761/31868761_4_96856276.java,22886ca135cb98f1b5e1147bf37f34819a8e4f2b214a51adfd8c8c151ea8d68d,22886ca135cb98f1b5e1147bf37f34819a8e4f2b214a51adfd8c8c151ea8d68d,12,12,532,532,YES,6,203;344;17;274;275;276,1,5,MIXED,Improving Code
so_32061893_block_2,32061893,2,ELIGIBLE,"",dataset/before/so_32061893_block_2.java,dataset/after/so_32061893_block_2.java,/Users/chaiyong/Downloads/do_not_delete/Matcha_Study/java_files/32061893/32061893_2_original.java,/Users/chaiyong/Downloads/do_not_delete/Matcha_Study/java_files/32061893/32061893_2_recent.java,RECENT_SNAPSHOT,32061893/32061893_2_recent.java,6ab5aa10303246b2fe5ddf14316f3620eff3abb41c3e8620594e715fa3c6fff1,43c820c5bfce9e9d89b102a4294a2050e9885e62077fcd5fc3fe3beab114c575,48,23,1941,1128,NO,2,608;609,0,2,ALL_REJECTED,""
so_32164598_block_8,32164598,8,ELIGIBLE,"",dataset/before/so_32164598_block_8.java,dataset/after/so_32164598_block_8.java,/Users/chaiyong/Downloads/do_not_delete/Matcha_Study/java_files/32164598/32164598_8_original.java,/Users/chaiyong/Downloads/do_not_delete/Matcha_Study/java_files/32164598/32164598_8_recent.java,RECENT_SNAPSHOT,32164598/32164598_8_recent.java,448fa3eaf137d350088b3fe97cd82eae4e6a934f1deefbe92ccdcd68c198f5d9,af2f3b2d3535b9b160b6fb5541de8eba1cdece49d577bc7ea9c189213e33d9e1,13,15,300,460,NO,3,774;228;247,3,0,ALL_ACCEPTED,Bug Fixing
so_32365355_block_2,32365355,2,ELIGIBLE,"",dataset/before/so_32365355_block_2.java,dataset/after/so_32365355_block_2.java,/Users/chaiyong/Downloads/do_not_delete/Matcha_Study/java_files/32365355/32365355_2_original.java,/Users/chaiyong/Downloads/do_not_delete/Matcha_Study/java_files/32365355/32365355_2_recent.java,RECENT_SNAPSHOT,32365355/32365355_2_recent.java,1e452515d7e267cac15622d5daec5541f539fa857f8155d1d82f016c004bde93,12fa03554803e11e19a58a6ffea90af2759b597ad9581aeae7c93931971d9ba7,127,109,3388,3361,NO,2,553;554,0,2,ALL_REJECTED,""
so_32484638_block_2,32484638,2,ELIGIBLE,"",dataset/before/so_32484638_block_2.java,dataset/after/so_32484638_block_2.java,/Users/chaiyong/Downloads/do_not_delete/Matcha_Study/java_files/32484638/32484638_2_original.java,/Users/chaiyong/Downloads/do_not_delete/Matcha_Study/java_files/32484638/32484638_2_recent.java,RECENT_SNAPSHOT,32484638/32484638_2_recent.java,fa06e0879e1423449d8027691027a4cca6dd3203b71fe94569b0a4ee297ee242,fe8bc46e812e4e7e471d28f7f7e1f829c7de74ca27ce079e7376cbdc2a640e2a,66,63,2614,2530,NO,1,542,0,1,ALL_REJECTED,""
so_32650814_block_2,32650814,2,ELIGIBLE,"",dataset/before/so_32650814_block_2.java,dataset/after/so_32650814_block_2.java,/Users/chaiyong/Downloads/do_not_delete/Matcha_Study/java_files/32650814/32650814_2_original.java,/Users/chaiyong/Downloads/do_not_delete/Matcha_Study/java_files/32650814/32650814_2_recent.java,RECENT_SNAPSHOT,32650814/32650814_2_recent.java,a18dcb393237e584f79d9de7b63ea5bae53f33c0d87d31b2b9764210b17e6a63,0c5b80c3796d60e7fa9693bbdf656d8d4c972922cf64e93f587a48d81b42e97e,190,197,11880,12429,NO,1,218,0,1,ALL_REJECTED,""
so_32855556_block_4,32855556,4,ELIGIBLE,"",dataset/before/so_32855556_block_4.java,dataset/after/so_32855556_block_4.java,/Users/chaiyong/Downloads/do_not_delete/Matcha_Study/java_files/32855556/32855556_4_original.java,/Users/chaiyong/Downloads/do_not_delete/Matcha_Study/java_files/32855556/32855556_4_recent.java,RECENT_SNAPSHOT,32855556/32855556_4_100737457.java,d38d855bb2dd2c500f587c08e1509c4aa6cb3dff0eea86430df2ac4a8e55fe17,09b1a1afe44f87fa0ae926403e6269b960e62708c05134dd5bd0c258ad6b9cdd,12,8,269,173,NO,2,39;735,2,0,ALL_ACCEPTED,Improving Code
so_33085670_block_2,33085670,2,ELIGIBLE,"",dataset/before/so_33085670_block_2.java,dataset/after/so_33085670_block_2.java,/Users/chaiyong/Downloads/do_not_delete/Matcha_Study/java_files/33085670/33085670_2_original.java,/Users/chaiyong/Downloads/do_not_delete/Matcha_Study/java_files/33085670/33085670_2_recent.java,RECENT_SNAPSHOT,33085670/33085670_2_recent.java,777016c39c79029434891b376cf649f5cb5cf12f708b6fb6ea3fea931770a481,dd24a5338f6432d0475bf59fa6c6f4d2d84b3634510849ddc212f3a925e7bc0e,25,20,697,875,NO,1,623,1,0,ALL_ACCEPTED,Improving Code
so_33270545_block_2,33270545,2,ELIGIBLE,"",dataset/before/so_33270545_block_2.java,dataset/after/so_33270545_block_2.java,/Users/chaiyong/Downloads/do_not_delete/Matcha_Study/java_files/33270545/33270545_2_original.java,/Users/chaiyong/Downloads/do_not_delete/Matcha_Study/java_files/33270545/33270545_2_recent.java,RECENT_SNAPSHOT,33270545/33270545_2_102375019.java,6455bbac135345e2816b17b037ae8ae37d18e9c845fa1f271f7b21a42984bc77,f9249842926d29256928e4e7fea1d08d3a471a523fb0550e643fdfe54e3b6927,46,46,1879,2544,NO,1,593,1,0,ALL_ACCEPTED,Improving Code
so_33561612_block_2,33561612,2,ELIGIBLE,"",dataset/before/so_33561612_block_2.java,dataset/after/so_33561612_block_2.java,/Users/chaiyong/Downloads/do_not_delete/Matcha_Study/java_files/33561612/33561612_2_original.java,/Users/chaiyong/Downloads/do_not_delete/Matcha_Study/java_files/33561612/33561612_2_recent.java,RECENT_SNAPSHOT,33561612/33561612_2_recent.java,406110e4b09bcf8f5b8ed155e2e17cc830512c3be5db286d38d6447eca5ed56b,3f06c9271458533d7554ee99988b3cf1b1b5852312c3bb4835fda325781c9e12,32,33,772,844,NO,4,110;242;721;603,4,0,ALL_ACCEPTED,Improving Code
so_33612373_block_2,33612373,2,ELIGIBLE,"",dataset/before/so_33612373_block_2.java,dataset/after/so_33612373_block_2.java,/Users/chaiyong/Downloads/do_not_delete/Matcha_Study/java_files/33612373/33612373_2_original.java,/Users/chaiyong/Downloads/do_not_delete/Matcha_Study/java_files/33612373/33612373_2_recent.java,RECENT_SNAPSHOT,33612373/33612373_2_103731026.java,246a7ec4daa75b8ef4fc12a8ec509e2571cb76585ec478845bb33ae4b4210584,56d4b4e6fcbd0e4cb010f615dd5617fd502542bb185560f4b87f837802771a03,13,21,459,573,NO,1,618,0,1,ALL_REJECTED,""
so_33943576_block_2,33943576,2,ELIGIBLE,"",dataset/before/so_33943576_block_2.java,dataset/after/so_33943576_block_2.java,/Users/chaiyong/Downloads/do_not_delete/Matcha_Study/java_files/33943576/33943576_2_original.java,/Users/chaiyong/Downloads/do_not_delete/Matcha_Study/java_files/33943576/33943576_2_recent.java,RECENT_SNAPSHOT,33943576/33943576_2_175039647.java,4657d206372030326c72e6cff1df1d072fdd2fac0e550859c91890533c32e632,f27e10e017024c3ec8aa9f91d6eb0ac7d63718faf9b765f86b65db7e81a77f52,15,11,470,350,NO,1,622,1,0,ALL_ACCEPTED,Bug Fixing
so_34174309_block_2,34174309,2,ELIGIBLE,"",dataset/before/so_34174309_block_2.java,dataset/after/so_34174309_block_2.java,/Users/chaiyong/Downloads/do_not_delete/Matcha_Study/java_files/34174309/34174309_2_original.java,/Users/chaiyong/Downloads/do_not_delete/Matcha_Study/java_files/34174309/34174309_2_recent.java,RECENT_SNAPSHOT,34174309/34174309_2_recent.java,b9819eaf8e074fce22e962f70cebc2e3e9db218554c1fdc41d96a6caa8e5250a,5bb571963e291571d7b1d18eb9d1858ee62f13262a44740b046b14d0e83de13d,116,116,3614,3681,NO,1,510,1,0,ALL_ACCEPTED,Improving Code
so_34303187_block_6,34303187,6,ELIGIBLE,"",dataset/before/so_34303187_block_6.java,dataset/after/so_34303187_block_6.java,/Users/chaiyong/Downloads/do_not_delete/Matcha_Study/java_files/34303187/34303187_6_original.java,/Users/chaiyong/Downloads/do_not_delete/Matcha_Study/java_files/34303187/34303187_6_recent.java,RECENT_SNAPSHOT,34303187/34303187_6_106529352.java,d4a1cf1177bfd8457cfb7583bbb9d2b0893e85bfb27f391e976bfbd2eb9585aa,6f5a17aa1f95fe9bab8f0d3c5256e71bc7eebb23f9f3c12696ad003a176cdb79,36,1,997,47,NO,1,223,0,1,ALL_REJECTED,""
so_34511731_block_2,34511731,2,ELIGIBLE,"",dataset/before/so_34511731_block_2.java,dataset/after/so_34511731_block_2.java,/Users/chaiyong/Downloads/do_not_delete/Matcha_Study/java_files/34511731/34511731_2_original.java,/Users/chaiyong/Downloads/do_not_delete/Matcha_Study/java_files/34511731/34511731_2_recent.java,RECENT_SNAPSHOT,34511731/34511731_2_recent.java,ca72909857243fa4308be80ce6f6faf2fb37fba749e93bdf97e5581b09d51598,813ed5f8214b775c1b44fb9569241d361bda4c35a7aa4cf5ee2fc1327a3ca67f,34,34,1116,1151,NO,1,96,0,1,ALL_REJECTED,""
so_34590765_block_2,34590765,2,ELIGIBLE,"",dataset/before/so_34590765_block_2.java,dataset/after/so_34590765_block_2.java,/Users/chaiyong/Downloads/do_not_delete/Matcha_Study/java_files/34590765/34590765_2_original.java,/Users/chaiyong/Downloads/do_not_delete/Matcha_Study/java_files/34590765/34590765_2_recent.java,RECENT_SNAPSHOT,34590765/34590765_2_recent.java,0eb7f809af4200c1f41540a6ddb25c8b75ace5ab6beb069285d53c130b0118e9,98a1aeeada23f2bf912050a3217443460a747619bcdbca5c221bc05d5ceea4cc,109,165,4243,6016,NO,4,488;489;490;491,4,0,ALL_ACCEPTED,Bug Fixing
so_34717151_block_6,34717151,6,ELIGIBLE,"",dataset/before/so_34717151_block_6.java,dataset/after/so_34717151_block_6.java,/Users/chaiyong/Downloads/do_not_delete/Matcha_Study/java_files/34717151/34717151_6_original.java,/Users/chaiyong/Downloads/do_not_delete/Matcha_Study/java_files/34717151/34717151_6_recent.java,RECENT_SNAPSHOT,34717151/34717151_6_recent.java,37edd2adcf486081ab9cd8abc1d7dc41ec0dede12a1e78cca98ae265ecf80441,8a238578ec0e00a03426375c0226620d4cad69049af1ab6735040ee43a7861e2,60,60,2631,2646,NO,4,619;610;611;612,4,0,ALL_ACCEPTED,Improving Code
so_35057638_block_2,35057638,2,ELIGIBLE,"",dataset/before/so_35057638_block_2.java,dataset/after/so_35057638_block_2.java,/Users/chaiyong/Downloads/do_not_delete/Matcha_Study/java_files/35057638/35057638_2_original.java,/Users/chaiyong/Downloads/do_not_delete/Matcha_Study/java_files/35057638/35057638_2_recent.java,RECENT_SNAPSHOT,35057638/35057638_2_109493925.java,35040e5fa251ceb48e626b9b2752ca651681131b356f1495778b9391679ecffa,16171cc08dae312fee7234ae011a1be107db20a5f302427a76cca442a5f24573,16,6,645,310,NO,1,793,0,1,ALL_REJECTED,""
so_35094888_block_2,35094888,2,ELIGIBLE,"",dataset/before/so_35094888_block_2.java,dataset/after/so_35094888_block_2.java,/Users/chaiyong/Downloads/do_not_delete/Matcha_Study/java_files/35094888/35094888_2_original.java,/Users/chaiyong/Downloads/do_not_delete/Matcha_Study/java_files/35094888/35094888_2_recent.java,RECENT_SNAPSHOT,35094888/35094888_2_recent.java,b627d3d619e9c734afdcabec6ca0ec189decffd1a94a6cd684f50a8023ec3a4a,b8476515be63d66c862387d4f1b7ea348a1f25f7782854fdcdc67cd838f5633a,56,61,1595,1783,NO,1,42,1,0,ALL_ACCEPTED,Improving Code
so_35360983_block_2,35360983,2,ELIGIBLE,"",dataset/before/so_35360983_block_2.java,dataset/after/so_35360983_block_2.java,/Users/chaiyong/Downloads/do_not_delete/Matcha_Study/java_files/35360983/35360983_2_original.java,/Users/chaiyong/Downloads/do_not_delete/Matcha_Study/java_files/35360983/35360983_2_recent.java,RECENT_SNAPSHOT,35360983/35360983_2_recent.java,e1ae0382fb70b30038b674350a63f1c57d0d2c6a72008d46049f4dc3538dc855,0a85044fe8173ef4c148a5cfdbb681d47c59a00266aaa2a5acd846a417bc3b9d,113,103,3380,3147,NO,3,435;436;437,0,3,ALL_REJECTED,""
so_36004572_block_4,36004572,4,ELIGIBLE,"",dataset/before/so_36004572_block_4.java,dataset/after/so_36004572_block_4.java,/Users/chaiyong/Downloads/do_not_delete/Matcha_Study/java_files/36004572/36004572_4_original.java,/Users/chaiyong/Downloads/do_not_delete/Matcha_Study/java_files/36004572/36004572_4_recent.java,RECENT_SNAPSHOT,36004572/36004572_4_recent.java,8aa03034d7e59852b9585e9d2947e9df4ebb2c76243940b62c8711aa47461b2a,4058d89a5b30fd153998a09e6175976f1a5d251e0df39bdfaa3a87b648c65d31,24,24,899,888,NO,2,124;214,0,2,ALL_REJECTED,""
so_36214665_block_2,36214665,2,ELIGIBLE,"",dataset/before/so_36214665_block_2.java,dataset/after/so_36214665_block_2.java,/Users/chaiyong/Downloads/do_not_delete/Matcha_Study/java_files/36214665/36214665_2_original.java,/Users/chaiyong/Downloads/do_not_delete/Matcha_Study/java_files/36214665/36214665_2_recent.java,RECENT_SNAPSHOT,36214665/36214665_2_114074670.java,dab87313229748e8b32cb9f5b8dcf605879826fe9b023f5a7f788b9f10775866,855eac3dd01562c74a06065859657512550b6f82b95f9bba7b7bce342a7e108f,19,30,914,1158,NO,2,204;205,0,2,ALL_REJECTED,""
so_36494384_block_1,36494384,1,ELIGIBLE,"",dataset/before/so_36494384_block_1.java,dataset/after/so_36494384_block_1.java,/Users/chaiyong/Downloads/do_not_delete/Matcha_Study/java_files/36494384/36494384_1_original.java,/Users/chaiyong/Downloads/do_not_delete/Matcha_Study/java_files/36494384/36494384_1_recent.java,RECENT_SNAPSHOT,36494384/36494384_1_174279059.java,ec94d6b98ae425378da4dd6df7e91c10ba08317912b2bea7818bf8b422ae6b07,2359ba6d13b1e2058bb165b9273897ad303ea264ca115a47e57ea815ebdfa006,14,15,594,637,NO,1,431,0,1,ALL_REJECTED,""
so_36789749_block_6,36789749,6,ELIGIBLE,"",dataset/before/so_36789749_block_6.java,dataset/after/so_36789749_block_6.java,/Users/chaiyong/Downloads/do_not_delete/Matcha_Study/java_files/36789749/36789749_6_original.java,/Users/chaiyong/Downloads/do_not_delete/Matcha_Study/java_files/36789749/36789749_6_116354184.java,SELECTED_LATEST_AVAILABLE,36789749/36789749_6_116354184.java,9bd84cb8f94b4210af9de2a2f9190960bc0bffd3d129c9af514d93e760dba75b,3cde6fdf9cb874ed5c4e7e7557a42ba9088e7a42779de456d570f1705ed64ed1,21,22,745,773,NO,1,534,1,0,ALL_ACCEPTED,Improving Code
so_36805363_block_2,36805363,2,ELIGIBLE,"",dataset/before/so_36805363_block_2.java,dataset/after/so_36805363_block_2.java,/Users/chaiyong/Downloads/do_not_delete/Matcha_Study/java_files/36805363/36805363_2_original.java,/Users/chaiyong/Downloads/do_not_delete/Matcha_Study/java_files/36805363/36805363_2_recent.java,RECENT_SNAPSHOT,36805363/36805363_2_recent.java,bc6c3cb88a0388ada0e42fdedda83c49f7b7ff72e37becd184ad203cc0d54035,0b3c5ee603e76dab4229063802e1a467054d3c82a11e50ee3e7424550dcfcdeb,87,87,2757,2664,NO,1,86,1,0,ALL_ACCEPTED,Improving Code
so_36950444_block_6,36950444,6,ELIGIBLE,"",dataset/before/so_36950444_block_6.java,dataset/after/so_36950444_block_6.java,/Users/chaiyong/Downloads/do_not_delete/Matcha_Study/java_files/36950444/36950444_6_original.java,/Users/chaiyong/Downloads/do_not_delete/Matcha_Study/java_files/36950444/36950444_6_116982498.java,SELECTED_LATEST_AVAILABLE,36950444/36950444_6_116982498.java,729946cd1ca1850b56c31b18a18fda416fc7878464fe37838f42e6ac7cbeeb00,92972a8e4c15d9bb32be2ee1c17d15a09b78c47f9ccb61c905c29d17359f7f9e,35,38,1483,1697,NO,1,43,1,0,ALL_ACCEPTED,Improving Code
so_37957745_block_2,37957745,2,ELIGIBLE,"",dataset/before/so_37957745_block_2.java,dataset/after/so_37957745_block_2.java,/Users/chaiyong/Downloads/do_not_delete/Matcha_Study/java_files/37957745/37957745_2_original.java,/Users/chaiyong/Downloads/do_not_delete/Matcha_Study/java_files/37957745/37957745_2_recent.java,RECENT_SNAPSHOT,37957745/37957745_2_recent.java,39bd83dcd5b2797ee1066d4894cad87da72a8ae206b13eda8c9d543ed478fa38,8939a108f339bbe400d36a237dafdb9c6e823cc7b355e172411716a2c58b8716,16,27,694,1175,NO,1,324,1,0,ALL_ACCEPTED,Bug Fixing
so_38367701_block_2,38367701,2,ELIGIBLE,"",dataset/before/so_38367701_block_2.java,dataset/after/so_38367701_block_2.java,/Users/chaiyong/Downloads/do_not_delete/Matcha_Study/java_files/38367701/38367701_2_original.java,/Users/chaiyong/Downloads/do_not_delete/Matcha_Study/java_files/38367701/38367701_2_recent.java,RECENT_SNAPSHOT,38367701/38367701_2_recent.java,4161468fc63a2fde71a1d30bbf1cb6d725b673bb76a2d9c811401ef82103d9da,1e9cd4fd7705c788c2cdb7f53ebee711ba578ac7ce2915f3523ae046388039e7,117,132,5686,5376,NO,1,548,1,0,ALL_ACCEPTED,Improving Code
so_39717275_block_2,39717275,2,ELIGIBLE,"",dataset/before/so_39717275_block_2.java,dataset/after/so_39717275_block_2.java,/Users/chaiyong/Downloads/do_not_delete/Matcha_Study/java_files/39717275/39717275_2_original.java,/Users/chaiyong/Downloads/do_not_delete/Matcha_Study/java_files/39717275/39717275_2_recent.java,RECENT_SNAPSHOT,39717275/39717275_2_recent.java,cbb211a8e74afc851b6f664de7fd67fcfe6c09d6f4e9aa45d5205528b7bd3cb5,10c965d34dcf68ea159a4458198fcda452a07a25d5d477f6b69696b8538c03b9,31,34,1470,1589,NO,2,126;5,0,2,ALL_REJECTED,""
so_40056844_block_2,40056844,2,ELIGIBLE,"",dataset/before/so_40056844_block_2.java,dataset/after/so_40056844_block_2.java,/Users/chaiyong/Downloads/do_not_delete/Matcha_Study/java_files/40056844/40056844_2_original.java,/Users/chaiyong/Downloads/do_not_delete/Matcha_Study/java_files/40056844/40056844_2_recent.java,RECENT_SNAPSHOT,40056844/40056844_2_recent.java,24257270a176a59ee4e667e2a3f19ac9828385982ebfdc6710df06de13ab3ede,afe15d212a85e72f2d346781e044ab31cb89276f7483c6d494ca57ca860136bf,11,17,284,411,NO,13,556;557;558;559;560;561;562;563;564;565;566;567;421,13,0,ALL_ACCEPTED,Bug Fixing;Improving Code
so_40317313_block_6,40317313,6,ELIGIBLE,"",dataset/before/so_40317313_block_6.java,dataset/after/so_40317313_block_6.java,/Users/chaiyong/Downloads/do_not_delete/Matcha_Study/java_files/40317313/40317313_6_original.java,/Users/chaiyong/Downloads/do_not_delete/Matcha_Study/java_files/40317313/40317313_6_recent.java,RECENT_SNAPSHOT,40317313/40317313_6_130395681.java,7dfa936786cc67d3c037027a692310b13e7659b872d9f332cc8856b63f299eeb,0846ff12cccd2aca1014be3f2cc2b9f30a89e534115f461331ae822a8eab0dcb,28,36,695,915,NO,2,680;681,1,1,MIXED,Improving Code
so_41225553_block_2,41225553,2,ELIGIBLE,"",dataset/before/so_41225553_block_2.java,dataset/after/so_41225553_block_2.java,/Users/chaiyong/Downloads/do_not_delete/Matcha_Study/java_files/41225553/41225553_2_original.java,/Users/chaiyong/Downloads/do_not_delete/Matcha_Study/java_files/41225553/41225553_2_recent.java,RECENT_SNAPSHOT,41225553/41225553_2_recent.java,49c241681ddc58a2ad13b4dec2528e01a7d95a60d9e0a536a7b0b40c363c0558,03250ba56bda6aab12a1cbdb4108a9160e9e1ba7bfb97f47a8742c608b8fee3a,32,34,1843,1958,NO,1,328,1,0,ALL_ACCEPTED,Improving Code
so_41251473_block_6,41251473,6,ELIGIBLE,"",dataset/before/so_41251473_block_6.java,dataset/after/so_41251473_block_6.java,/Users/chaiyong/Downloads/do_not_delete/Matcha_Study/java_files/41251473/41251473_6_original.java,/Users/chaiyong/Downloads/do_not_delete/Matcha_Study/java_files/41251473/41251473_6_recent.java,RECENT_SNAPSHOT,41251473/41251473_6_recent.java;41251473/41251473_6_134298162.java,46cdf0e2d3120c5fb652e05563d06b9a0b9c2cf1ec41bf5ed7beaf2b4315bf27,2895ef2e11b37ff63a6796e06c8a0105f729d026ccfd139d8abcb923a8f927b9,20,20,783,826,NO,7,87;176;251;512;201;200;194,6,1,MIXED,Improving Code
so_41471859_block_4,41471859,4,ELIGIBLE,"",dataset/before/so_41471859_block_4.java,dataset/after/so_41471859_block_4.java,/Users/chaiyong/Downloads/do_not_delete/Matcha_Study/java_files/41471859/41471859_4_original.java,/Users/chaiyong/Downloads/do_not_delete/Matcha_Study/java_files/41471859/41471859_4_recent.java,RECENT_SNAPSHOT,41471859/41471859_4_135239059.java,a4646713e7ae23e9018b56247f604bbd97a0518229959de975f79e394edcd6b7,7cc1b1e1cfeac678e13aea982909ac46150af0f6e6731059f1a51953f4d41cc4,15,1,318,64,NO,5,118;16;325;697;40,1,4,MIXED,Improving Code
so_41588054_block_2,41588054,2,ELIGIBLE,"",dataset/before/so_41588054_block_2.java,dataset/after/so_41588054_block_2.java,/Users/chaiyong/Downloads/do_not_delete/Matcha_Study/java_files/41588054/41588054_2_original.java,/Users/chaiyong/Downloads/do_not_delete/Matcha_Study/java_files/41588054/41588054_2_recent.java,RECENT_SNAPSHOT,41588054/41588054_2_recent.java;41588054/41588054_2_135725905.java,6407e5b92fd3f0df67dca36f566404d2b52e4922eb040d73f536220ce3c68abe,a495e28eae97ecee06ada0ea6dfd04017f4b79dea128b133a06112f9f4b0b2be,63,64,1851,1875,NO,2,280;281,1,1,MIXED,Improving Code
so_41751396_block_8,41751396,8,ELIGIBLE,"",dataset/before/so_41751396_block_8.java,dataset/after/so_41751396_block_8.java,/Users/chaiyong/Downloads/do_not_delete/Matcha_Study/java_files/41751396/41751396_8_original.java,/Users/chaiyong/Downloads/do_not_delete/Matcha_Study/java_files/41751396/41751396_8_136432238.java,SELECTED_LATEST_AVAILABLE,41751396/41751396_8_136432238.java,b6163466e5b4998da9ae539b779c232eea33aba7b0aef12d7c4091f9e3681cd0,b6163466e5b4998da9ae539b779c232eea33aba7b0aef12d7c4091f9e3681cd0,123,123,5614,5614,YES,3,137;138;139,3,0,ALL_ACCEPTED,Improving Code
so_41800354_block_2,41800354,2,ELIGIBLE,"",dataset/before/so_41800354_block_2.java,dataset/after/so_41800354_block_2.java,/Users/chaiyong/Downloads/do_not_delete/Matcha_Study/java_files/41800354/41800354_2_original.java,/Users/chaiyong/Downloads/do_not_delete/Matcha_Study/java_files/41800354/41800354_2_recent.java,RECENT_SNAPSHOT,41800354/41800354_2_recent.java,870da65346e92d76b5178a2bb6813b117d2771830e38c8e025ed0c75d3f48ca3,adf6f35bcf21ebdea41f51e92e1244536a0d973b4a83239c8ff782a286ad344e,84,82,3651,3615,NO,1,116,1,0,ALL_ACCEPTED,Improving Code
so_41842039_block_2,41842039,2,ELIGIBLE,"",dataset/before/so_41842039_block_2.java,dataset/after/so_41842039_block_2.java,/Users/chaiyong/Downloads/do_not_delete/Matcha_Study/java_files/41842039/41842039_2_original.java,/Users/chaiyong/Downloads/do_not_delete/Matcha_Study/java_files/41842039/41842039_2_recent.java,RECENT_SNAPSHOT,41842039/41842039_2_recent.java,e9cea7807e04cdaa4e42498f492acb9ab5476b8e8d52c94280529a880c046bd7,d008ef1b142176843b4727607f9a51f4bd45274bb5ec878769cec6021b095217,42,43,1381,1489,NO,1,460,0,1,ALL_REJECTED,""
so_42527750_block_2,42527750,2,ELIGIBLE,"",dataset/before/so_42527750_block_2.java,dataset/after/so_42527750_block_2.java,/Users/chaiyong/Downloads/do_not_delete/Matcha_Study/java_files/42527750/42527750_2_original.java,/Users/chaiyong/Downloads/do_not_delete/Matcha_Study/java_files/42527750/42527750_2_recent.java,RECENT_SNAPSHOT,42527750/42527750_2_recent.java,93667a78d1988211592bc5a1711d1b35db4b3905d98b3ffe90dd7ae64891c26a,3373001b62ded719c1702c45cd642710b2c8ff43f48ecb447b386ad29c254ace,31,35,1593,1654,NO,1,184,0,1,ALL_REJECTED,""
so_42681543_block_4,42681543,4,ELIGIBLE,"",dataset/before/so_42681543_block_4.java,dataset/after/so_42681543_block_4.java,/Users/chaiyong/Downloads/do_not_delete/Matcha_Study/java_files/42681543/42681543_4_original.java,/Users/chaiyong/Downloads/do_not_delete/Matcha_Study/java_files/42681543/42681543_4_recent.java,RECENT_SNAPSHOT,42681543/42681543_4_recent.java,f4cc84a6827414a0f33730ebef919fb9352772e8c355802cb33ca1d370555d68,cea4e78cd66b0ececa31d3a51c7b9e75b79d79c5fc7d531eeacd69850e3ca56a,166,166,7315,7349,NO,7,523;524;526;527;164;165;166,4,3,MIXED,Bug Fixing;Improving Code
so_44379671_block_6,44379671,6,ELIGIBLE,"",dataset/before/so_44379671_block_6.java,dataset/after/so_44379671_block_6.java,/Users/chaiyong/Downloads/do_not_delete/Matcha_Study/java_files/44379671/44379671_6_original.java,/Users/chaiyong/Downloads/do_not_delete/Matcha_Study/java_files/44379671/44379671_6_recent.java,RECENT_SNAPSHOT,44379671/44379671_6_recent.java,aa0b761f8fde0893f00b7658faad1b4149d3a2d1cfebf3ae91d57404fbc2e0a3,ca616b64dbbd228764a08ffb85a681fca76f03f63b82b55dfca20c25b4cd15a8,15,15,749,712,NO,1,679,0,1,ALL_REJECTED,""
so_45262825_block_4,45262825,4,ELIGIBLE,"",dataset/before/so_45262825_block_4.java,dataset/after/so_45262825_block_4.java,/Users/chaiyong/Downloads/do_not_delete/Matcha_Study/java_files/45262825/45262825_4_original.java,/Users/chaiyong/Downloads/do_not_delete/Matcha_Study/java_files/45262825/45262825_4_recent.java,RECENT_SNAPSHOT,45262825/45262825_4_recent.java,54e0df600a8d4f60b268ca6ce6ae09e2c70aba4ffdc721f03c2dae99ee888b03,87ba47cc6e19b6aaf2ff7fefc436b1a13e1d7d31a618797895c141784413022d,130,124,5324,4965,NO,2,93;94,0,2,ALL_REJECTED,""
so_45590884_block_2,45590884,2,ELIGIBLE,"",dataset/before/so_45590884_block_2.java,dataset/after/so_45590884_block_2.java,/Users/chaiyong/Downloads/do_not_delete/Matcha_Study/java_files/45590884/45590884_2_original.java,/Users/chaiyong/Downloads/do_not_delete/Matcha_Study/java_files/45590884/45590884_2_recent.java,RECENT_SNAPSHOT,45590884/45590884_2_recent.java,ec55cc74735bf07b120be666de28f74eb06f1ddb5cba3a0de2eae32c0faa5fc1,1e1c5986c1d4b1630d1c075da7e6f6aa2a176866a56623e300574a7546bd130c,30,25,1125,1200,NO,1,183,0,1,ALL_REJECTED,""
so_45774144_block_4,45774144,4,ELIGIBLE,"",dataset/before/so_45774144_block_4.java,dataset/after/so_45774144_block_4.java,/Users/chaiyong/Downloads/do_not_delete/Matcha_Study/java_files/45774144/45774144_4_original.java,/Users/chaiyong/Downloads/do_not_delete/Matcha_Study/java_files/45774144/45774144_4_recent.java,RECENT_SNAPSHOT,45774144/45774144_4_recent.java,1216f5c4f1f44d6e392f399cf6b2f85caa4164c01226ec09a1192dbb79fae81c,6f2d006bf421a42f38ba5c2aab1c42442d2dbf11d8d86b7321c81057421ee7a3,10,21,332,702,NO,10,448;53;64;578;364;375;759;147;303;340,1,9,MIXED,Improving Code
so_46193578_block_2,46193578,2,ELIGIBLE,"",dataset/before/so_46193578_block_2.java,dataset/after/so_46193578_block_2.java,/Users/chaiyong/Downloads/do_not_delete/Matcha_Study/java_files/46193578/46193578_2_original.java,/Users/chaiyong/Downloads/do_not_delete/Matcha_Study/java_files/46193578/46193578_2_recent.java,RECENT_SNAPSHOT,46193578/46193578_2_recent.java,6555f09871768516e38d3d4c7eff3e9f7adcb8e65abf9bb9188d2ce90d81dce5,349fa3afd13d8abc646d4c730a8154d13a98bce8625468c0c931962e1a45a990,62,62,2133,2118,NO,2,546;351,0,2,ALL_REJECTED,""
so_46830988_block_4,46830988,4,ELIGIBLE,"",dataset/before/so_46830988_block_4.java,dataset/after/so_46830988_block_4.java,/Users/chaiyong/Downloads/do_not_delete/Matcha_Study/java_files/46830988/46830988_4_original.java,/Users/chaiyong/Downloads/do_not_delete/Matcha_Study/java_files/46830988/46830988_4_recent.java,RECENT_SNAPSHOT,46830988/46830988_4_158689916.java,73ad567e827a0c242a3d4dca670e673db9bfe0077c48eaf8d743be9a61a6bd3c,04f1af82ab5ef3bd62bb61923457ae2036fa2e587b7eb736660af6c1c77a813c,19,7,741,198,NO,11,13;444;49;68;256;360;379;755;317;299;333,1,10,MIXED,Improving Code
so_46887834_block_2,46887834,2,ELIGIBLE,"",dataset/before/so_46887834_block_2.java,dataset/after/so_46887834_block_2.java,/Users/chaiyong/Downloads/do_not_delete/Matcha_Study/java_files/46887834/46887834_2_original.java,/Users/chaiyong/Downloads/do_not_delete/Matcha_Study/java_files/46887834/46887834_2_recent.java,RECENT_SNAPSHOT,46887834/46887834_2_recent.java,f7ec155e0585704387e4335e233397d422a2264f46bbd8fdeacf66898273692f,d7ee5c40913edec17a358574d33363cde48c6d9227acfc45aa8bbd7c3f27b22c,13,14,358,403,NO,3,503;181;182,3,0,ALL_ACCEPTED,Bug Fixing
so_47481521_block_1,47481521,1,ELIGIBLE,"",dataset/before/so_47481521_block_1.java,dataset/after/so_47481521_block_1.java,/Users/chaiyong/Downloads/do_not_delete/Matcha_Study/java_files/47481521/47481521_1_original.java,/Users/chaiyong/Downloads/do_not_delete/Matcha_Study/java_files/47481521/47481521_1_recent.java,RECENT_SNAPSHOT,47481521/47481521_1_recent.java,e69f2a6be200b35e36f638dccc8de8a2506f57aa047ca93ef751d110df90fa28,466939fe5bdaa717f6dc696948244ce8324eb69a49793b1627b60fb195627647,13,29,420,1077,NO,1,719,0,1,ALL_REJECTED,""
so_47622507_block_4,47622507,4,ELIGIBLE,"",dataset/before/so_47622507_block_4.java,dataset/after/so_47622507_block_4.java,/Users/chaiyong/Downloads/do_not_delete/Matcha_Study/java_files/47622507/47622507_4_original.java,/Users/chaiyong/Downloads/do_not_delete/Matcha_Study/java_files/47622507/47622507_4_recent.java,RECENT_SNAPSHOT,47622507/47622507_4_196832552.java,ad816577a75d8c02a09013767dd27254c8d5777243a15acc0ba05c1acbb08857,69608ebb6b561bf2f3c2df6a2d8e7d44e70673d5a22dc4cc9a86992550c2fee7,28,37,1164,1584,NO,1,235,1,0,ALL_ACCEPTED,Improving Code
so_49348068_block_2,49348068,2,ELIGIBLE,"",dataset/before/so_49348068_block_2.java,dataset/after/so_49348068_block_2.java,/Users/chaiyong/Downloads/do_not_delete/Matcha_Study/java_files/49348068/49348068_2_original.java,/Users/chaiyong/Downloads/do_not_delete/Matcha_Study/java_files/49348068/49348068_2_recent.java,RECENT_SNAPSHOT,49348068/49348068_2_recent.java,bb795fbba1d88e63add0cbf0d98b1c1d7d30c63eb511cd50a3e680c3b915d9a9,1a305be0b04134db1596960d524258d7b932f570a271fc0f78a3bbb28eafc046,18,18,565,523,NO,1,613,0,1,ALL_REJECTED,""
so_49393023_block_1,49393023,1,ELIGIBLE,"",dataset/before/so_49393023_block_1.java,dataset/after/so_49393023_block_1.java,/Users/chaiyong/Downloads/do_not_delete/Matcha_Study/java_files/49393023/49393023_1_original.java,/Users/chaiyong/Downloads/do_not_delete/Matcha_Study/java_files/49393023/49393023_1_recent.java,RECENT_SNAPSHOT,49393023/49393023_1_recent.java,bc1e8adb4cab338bdad731e390412759ba4669e00a8c76576b30e85e2dc8aad3,a4f696799a33c7c41d5ecfc62fe9b91f80dcf6996b0f7fb1bc200c4aeaf321fb,35,56,1308,2311,NO,1,208,0,1,ALL_REJECTED,""
so_50241292_block_2,50241292,2,ELIGIBLE,"",dataset/before/so_50241292_block_2.java,dataset/after/so_50241292_block_2.java,/Users/chaiyong/Downloads/do_not_delete/Matcha_Study/java_files/50241292/50241292_2_original.java,/Users/chaiyong/Downloads/do_not_delete/Matcha_Study/java_files/50241292/50241292_2_recent.java,RECENT_SNAPSHOT,50241292/50241292_2_173099365.java,ef14a0a9f9ead6f09230ad75420ca4f4dd0f27f7955de715bc1bdaae7ed72181,3b402da1607205e3e0591ec0f057aaa5d41e404dc2020030e8b267baa4281f8d,15,14,693,688,NO,1,587,0,1,ALL_REJECTED,""
so_50578162_block_2,50578162,2,ELIGIBLE,"",dataset/before/so_50578162_block_2.java,dataset/after/so_50578162_block_2.java,/Users/chaiyong/Downloads/do_not_delete/Matcha_Study/java_files/50578162/50578162_2_original.java,/Users/chaiyong/Downloads/do_not_delete/Matcha_Study/java_files/50578162/50578162_2_recent.java,RECENT_SNAPSHOT,50578162/50578162_2_recent.java,06036c02c8b19887b7bb112b8f81833c805c6ec8779346aad09ebb35373658b6,0aede1d97bb844fb057280b72a193d2f1f68437bd90be7fc4f3123b4f7538705,22,22,817,829,NO,3,577;319;337,2,1,MIXED,Improving Code
so_50738131_block_2,50738131,2,ELIGIBLE,"",dataset/before/so_50738131_block_2.java,dataset/after/so_50738131_block_2.java,/Users/chaiyong/Downloads/do_not_delete/Matcha_Study/java_files/50738131/50738131_2_original.java,/Users/chaiyong/Downloads/do_not_delete/Matcha_Study/java_files/50738131/50738131_2_recent.java,RECENT_SNAPSHOT,50738131/50738131_2_recent.java,35b5bc13024c12663fb74839a322ceb48a49b4faf69bac0246130a69297ea75e,b68841ee1552ce986185fce6fba813a20e181841be5422e9315bbe4c3f47f161,31,31,848,852,NO,1,88,1,0,ALL_ACCEPTED,Improving Code
so_50930455_block_6,50930455,6,ELIGIBLE,"",dataset/before/so_50930455_block_6.java,dataset/after/so_50930455_block_6.java,/Users/chaiyong/Downloads/do_not_delete/Matcha_Study/java_files/50930455/50930455_6_original.java,/Users/chaiyong/Downloads/do_not_delete/Matcha_Study/java_files/50930455/50930455_6_recent.java,RECENT_SNAPSHOT,50930455/50930455_6_recent.java,352ecfbdbb43a6a18833aab87b57d7389ab54f658f100af6faaa9fed9ff53dc8,c5ad7236a188e2dba13915659e26058438d539d777c6cf78e7c507e01bba75fa,18,16,774,694,NO,1,647,0,1,ALL_REJECTED,""
so_51608517_block_2,51608517,2,ELIGIBLE,"",dataset/before/so_51608517_block_2.java,dataset/after/so_51608517_block_2.java,/Users/chaiyong/Downloads/do_not_delete/Matcha_Study/java_files/51608517/51608517_2_original.java,/Users/chaiyong/Downloads/do_not_delete/Matcha_Study/java_files/51608517/51608517_2_recent.java,RECENT_SNAPSHOT,51608517/51608517_2_recent.java,cda3743fef82ec3fd27bfd1306760b4e16bcd851bc4be8779b5269cf13d66289,ad69813b769521467d19463ccbca5beb345e91795b5192453204018f3fffdc0c,178,149,8745,7768,NO,2,677;678,2,0,ALL_ACCEPTED,Improving Code
so_52144662_block_2,52144662,2,ELIGIBLE,"",dataset/before/so_52144662_block_2.java,dataset/after/so_52144662_block_2.java,/Users/chaiyong/Downloads/do_not_delete/Matcha_Study/java_files/52144662/52144662_2_original.java,/Users/chaiyong/Downloads/do_not_delete/Matcha_Study/java_files/52144662/52144662_2_recent.java,RECENT_SNAPSHOT,52144662/52144662_2_181397043.java,38c9b0af6c7b72fb8ef335c608cc0a29de5a06db345a15d0b0df9d5bd2ba2176,6a7cf28dc7e28556e0f014a659ecad07fd495f497b931efe70358582b46bc1b7,94,98,4724,4932,NO,15,266;323;648;783;180;738;539;202;123;420;464;466;353;177;197,13,2,MIXED,Improving Code
so_52148106_block_4,52148106,4,ELIGIBLE,"",dataset/before/so_52148106_block_4.java,dataset/after/so_52148106_block_4.java,/Users/chaiyong/Downloads/do_not_delete/Matcha_Study/java_files/52148106/52148106_4_original.java,/Users/chaiyong/Downloads/do_not_delete/Matcha_Study/java_files/52148106/52148106_4_recent.java,RECENT_SNAPSHOT,52148106/52148106_4_181012547.java,138171008c927af08327a9ceef6bacfd9772f1248905d4ed6754ebf6aa7acb4b,9a20662a95564400a003bd7702ee39811b22ce9275115c2b44dad56cfd25a91b,13,13,483,481,NO,22,171;172;625;626;627;628;629;630;631;632;695;32;33;34;35;36;37;38;596;193;157;158,12,10,MIXED,Improving Code
so_53110509_block_2,53110509,2,ELIGIBLE,"",dataset/before/so_53110509_block_2.java,dataset/after/so_53110509_block_2.java,/Users/chaiyong/Downloads/do_not_delete/Matcha_Study/java_files/53110509/53110509_2_original.java,/Users/chaiyong/Downloads/do_not_delete/Matcha_Study/java_files/53110509/53110509_2_recent.java,RECENT_SNAPSHOT,53110509/53110509_2_185004841.java,f07d5603692a15b0a3f217aca9e3469216ffc89094774454b047d2d09ac75b94,a7d5d9855bca8c40d55625821efcfb9e9afee631986d2043079d23a79f02efe4,10,10,276,279,NO,1,233,1,0,ALL_ACCEPTED,Improving Code
so_53360610_block_4,53360610,4,ELIGIBLE,"",dataset/before/so_53360610_block_4.java,dataset/after/so_53360610_block_4.java,/Users/chaiyong/Downloads/do_not_delete/Matcha_Study/java_files/53360610/53360610_4_original.java,/Users/chaiyong/Downloads/do_not_delete/Matcha_Study/java_files/53360610/53360610_4_recent.java,RECENT_SNAPSHOT,53360610/53360610_4_186072235.java,bfca89ebd8797ee1e0722f57d8ca70cf799316d01c073f2ee36c2702d0ab0bac,4a6c39e19ca7ac86f3e12c06bb7545f862f06db0baaea6252dca6cba7f595b36,12,8,389,225,NO,1,621,1,0,ALL_ACCEPTED,Improving Code
so_54119640_block_4,54119640,4,ELIGIBLE,"",dataset/before/so_54119640_block_4.java,dataset/after/so_54119640_block_4.java,/Users/chaiyong/Downloads/do_not_delete/Matcha_Study/java_files/54119640/54119640_4_original.java,/Users/chaiyong/Downloads/do_not_delete/Matcha_Study/java_files/54119640/54119640_4_recent.java,RECENT_SNAPSHOT,54119640/54119640_4_189259651.java,1e8670e5db4acea2d69c9616a6fd4f48d79abea75dd11de2bf423a6facede987,c79561d259372e64c92baee0ea15582f9708e25c72982ea45a93bf88bde56fb9,36,16,1607,619,NO,8,449;54;579;365;760;148;304;341,6,2,MIXED,Improving Code
so_54298032_block_2,54298032,2,ELIGIBLE,"",dataset/before/so_54298032_block_2.java,dataset/after/so_54298032_block_2.java,/Users/chaiyong/Downloads/do_not_delete/Matcha_Study/java_files/54298032/54298032_2_original.java,/Users/chaiyong/Downloads/do_not_delete/Matcha_Study/java_files/54298032/54298032_2_recent.java,RECENT_SNAPSHOT,54298032/54298032_2_recent.java;54298032/54298032_2_190009745.java,8652eda83c2d8d684097dcd10a396b73c6be540f73d4ab63c984d7b1a4de4d6c,2a4b1694b1b994de43761fa8e98b3fd530e2df3ef7923adac41b73001dceba5d,58,73,2187,3210,NO,19,555;570;430;21;549;643;644;645;646;500;501;15;492;718;498;106;174;615;600,2,17,MIXED,Improving Code
so_54349072_block_2,54349072,2,ELIGIBLE,"",dataset/before/so_54349072_block_2.java,dataset/after/so_54349072_block_2.java,/Users/chaiyong/Downloads/do_not_delete/Matcha_Study/java_files/54349072/54349072_2_original.java,/Users/chaiyong/Downloads/do_not_delete/Matcha_Study/java_files/54349072/54349072_2_recent.java,RECENT_SNAPSHOT,54349072/54349072_2_190220971.java,1f51f4515b4e03ac75db25bb824d5f477c146ed50a48a9e089343889faf8c5ed,791d83b81ae9259947cba062986d8e28118aaf88f046b37da0ac786166fef35f,73,46,2701,1420,NO,1,121,1,0,ALL_ACCEPTED,Improving Code
so_54491401_block_2,54491401,2,ELIGIBLE,"",dataset/before/so_54491401_block_2.java,dataset/after/so_54491401_block_2.java,/Users/chaiyong/Downloads/do_not_delete/Matcha_Study/java_files/54491401/54491401_2_original.java,/Users/chaiyong/Downloads/do_not_delete/Matcha_Study/java_files/54491401/54491401_2_recent.java,RECENT_SNAPSHOT,54491401/54491401_2_190812542.java,53ffc963a9453f76b91a733087986e664f6fb7c3a8ec0d9fad2c5201998ef7a0,de0e007006e3a2d249288b876113788ae7d3184519c7f7cc8fe8cdd0e1521a6b,82,87,2404,2636,NO,1,504,0,1,ALL_REJECTED,""
so_54704257_block_2,54704257,2,ELIGIBLE,"",dataset/before/so_54704257_block_2.java,dataset/after/so_54704257_block_2.java,/Users/chaiyong/Downloads/do_not_delete/Matcha_Study/java_files/54704257/54704257_2_original.java,/Users/chaiyong/Downloads/do_not_delete/Matcha_Study/java_files/54704257/54704257_2_recent.java,RECENT_SNAPSHOT,54704257/54704257_2_recent.java,65977e75052872728907666928202faa13d560b4da3af764047f0ff7de34decc,d6eb93852ce5dc8ba3722715f2fd0551e005fc721da45422ee24688aa353af68,10,12,371,480,NO,1,241,0,1,ALL_REJECTED,""
so_55003173_block_2,55003173,2,ELIGIBLE,"",dataset/before/so_55003173_block_2.java,dataset/after/so_55003173_block_2.java,/Users/chaiyong/Downloads/do_not_delete/Matcha_Study/java_files/55003173/55003173_2_original.java,/Users/chaiyong/Downloads/do_not_delete/Matcha_Study/java_files/55003173/55003173_2_recent.java,RECENT_SNAPSHOT,55003173/55003173_2_recent.java,07e60fb998a8f9bcd70c27208faac95f1b425505ea271105ac15df74414f9395,1b1c4b1325fea9561f254bee4d3a39a583053aaa3e9fbe1183b2c1012f7ee6ff,12,12,410,445,NO,3,699;4;230,3,0,ALL_ACCEPTED,Bug Fixing
so_55728841_block_2,55728841,2,ELIGIBLE,"",dataset/before/so_55728841_block_2.java,dataset/after/so_55728841_block_2.java,/Users/chaiyong/Downloads/do_not_delete/Matcha_Study/java_files/55728841/55728841_2_original.java,/Users/chaiyong/Downloads/do_not_delete/Matcha_Study/java_files/55728841/55728841_2_recent.java,RECENT_SNAPSHOT,55728841/55728841_2_recent.java,4d89bb077e5b83372997917661e4398633aa34cf71de22fe43056024113d1ad5,63cdac3ad37a46284271ebca9690d4cd3c9fff7b389dda71d72dc21d8969dfe7,33,37,1145,1467,NO,1,426,1,0,ALL_ACCEPTED,Improving Code
so_55986044_block_2,55986044,2,ELIGIBLE,"",dataset/before/so_55986044_block_2.java,dataset/after/so_55986044_block_2.java,/Users/chaiyong/Downloads/do_not_delete/Matcha_Study/java_files/55986044/55986044_2_original.java,/Users/chaiyong/Downloads/do_not_delete/Matcha_Study/java_files/55986044/55986044_2_recent.java,RECENT_SNAPSHOT,55986044/55986044_2_recent.java,60e2b0c53a74185a58456e9ce96ea282077d294aac225a75901bd7e017d6e4f4,1c0d54ed4ba855e7efdd7f47700ffe751ceef1190ade624add30fae754575cc0,104,107,3699,4228,NO,4,776;777;778;779,4,0,ALL_ACCEPTED,Improving Code
so_56259221_block_5,56259221,5,ELIGIBLE,"",dataset/before/so_56259221_block_5.java,dataset/after/so_56259221_block_5.java,/Users/chaiyong/Downloads/do_not_delete/Matcha_Study/java_files/56259221/56259221_5_original.java,/Users/chaiyong/Downloads/do_not_delete/Matcha_Study/java_files/56259221/56259221_5_recent.java,RECENT_SNAPSHOT,56259221/56259221_5_recent.java,6e710baf5021ced647df67440e3f0088e2aaeb175c867b50a5f5a16b2758da54,18838c8b27e6e856b034de364d789b7436b2c0f6a9d10cf6168812dff63d2811,11,13,297,358,NO,3,289;294;112,1,2,MIXED,Improving Code
so_56297618_block_2,56297618,2,ELIGIBLE,"",dataset/before/so_56297618_block_2.java,dataset/after/so_56297618_block_2.java,/Users/chaiyong/Downloads/do_not_delete/Matcha_Study/java_files/56297618/56297618_2_original.java,/Users/chaiyong/Downloads/do_not_delete/Matcha_Study/java_files/56297618/56297618_2_recent.java,RECENT_SNAPSHOT,56297618/56297618_2_recent.java,635b963df3fc477df50e0e2af2e932f81244407ff47600bdb7b065a06764fa12,8d0fccaef1ea5ee445cf536ce9344169a05b17baddff3cb77a42d35b4a0a6146,50,50,1554,1584,NO,1,282,0,1,ALL_REJECTED,""
so_56611483_block_2,56611483,2,ELIGIBLE,"",dataset/before/so_56611483_block_2.java,dataset/after/so_56611483_block_2.java,/Users/chaiyong/Downloads/do_not_delete/Matcha_Study/java_files/56611483/56611483_2_original.java,/Users/chaiyong/Downloads/do_not_delete/Matcha_Study/java_files/56611483/56611483_2_recent.java,RECENT_SNAPSHOT,56611483/56611483_2_recent.java,b10b0edcb57260843a135491740d6d751b08b336063592f0bb5a3d507d4a2937,7df0f108fcb297335a8e23ee96c38a7537416475d64e182546d9330eacd81a58,49,66,2310,3156,NO,1,269,1,0,ALL_ACCEPTED,Improving Code
so_57398454_block_2,57398454,2,ELIGIBLE,"",dataset/before/so_57398454_block_2.java,dataset/after/so_57398454_block_2.java,/Users/chaiyong/Downloads/do_not_delete/Matcha_Study/java_files/57398454/57398454_2_original.java,/Users/chaiyong/Downloads/do_not_delete/Matcha_Study/java_files/57398454/57398454_2_recent.java,RECENT_SNAPSHOT,57398454/57398454_2_recent.java,522ac93761bae3820068a374f0c58edca01d596503ac022fd229147ed9748a66,51d3cb558f9612b71ece676d90577aa4b560351af02292fe344de388460acce4,295,289,12835,12575,NO,6,131;132;133;134;135;136,6,0,ALL_ACCEPTED,Improving Code
so_57560955_block_2,57560955,2,ELIGIBLE,"",dataset/before/so_57560955_block_2.java,dataset/after/so_57560955_block_2.java,/Users/chaiyong/Downloads/do_not_delete/Matcha_Study/java_files/57560955/57560955_2_original.java,/Users/chaiyong/Downloads/do_not_delete/Matcha_Study/java_files/57560955/57560955_2_recent.java,RECENT_SNAPSHOT,57560955/57560955_2_recent.java,9bebb1d011b5d92550ae312757c23fdf47788c588ab70ac142f997030ea4ceb9,68ff14a3d1581f985cc1c8db8cb3a569da679eb58c9b8bfb29b3f05703cf3ac9,15,17,394,436,NO,1,409,1,0,ALL_ACCEPTED,Improving Code
so_57713309_block_2,57713309,2,ELIGIBLE,"",dataset/before/so_57713309_block_2.java,dataset/after/so_57713309_block_2.java,/Users/chaiyong/Downloads/do_not_delete/Matcha_Study/java_files/57713309/57713309_2_original.java,/Users/chaiyong/Downloads/do_not_delete/Matcha_Study/java_files/57713309/57713309_2_recent.java,RECENT_SNAPSHOT,57713309/57713309_2_recent.java,3003bceeb6b7d89c155867bcec096b9f2f53d9454b26a3af4cb95fe2582276bc,67a6fe2a42449d01b5d917b7e24ec209f906fc77f12729c12a014e677df27ba9,10,11,255,279,NO,1,771,1,0,ALL_ACCEPTED,Bug Fixing
so_57997601_block_2,57997601,2,ELIGIBLE,"",dataset/before/so_57997601_block_2.java,dataset/after/so_57997601_block_2.java,/Users/chaiyong/Downloads/do_not_delete/Matcha_Study/java_files/57997601/57997601_2_original.java,/Users/chaiyong/Downloads/do_not_delete/Matcha_Study/java_files/57997601/57997601_2_recent.java,RECENT_SNAPSHOT,57997601/57997601_2_recent.java,c2204b2e6fe448f1e0bca6525e480f72c30fd8807ddc1d4aa4ce054ef9a80c24,6ba8c8e8a60ee070eb2b4fc18a0d331a0fe907a54834664759a06b42f67b85dc,15,22,639,811,NO,4,263;550;125;671,2,2,MIXED,Improving Code
so_58346204_block_2,58346204,2,ELIGIBLE,"",dataset/before/so_58346204_block_2.java,dataset/after/so_58346204_block_2.java,/Users/chaiyong/Downloads/do_not_delete/Matcha_Study/java_files/58346204/58346204_2_original.java,/Users/chaiyong/Downloads/do_not_delete/Matcha_Study/java_files/58346204/58346204_2_recent.java,RECENT_SNAPSHOT,58346204/58346204_2_recent.java,42d72ac618d2360d503a19d8a6947d2a90473ab0c6e2baa4c98f00e61c73c3fe,b2321bb0e5fd19e2d47cfe63f63d317a45888a0d2dbe392486763c34dfc3a94c,91,103,3009,3670,NO,3,655;656;188,1,2,MIXED,Improving Code
so_58370217_block_2,58370217,2,ELIGIBLE,"",dataset/before/so_58370217_block_2.java,dataset/after/so_58370217_block_2.java,/Users/chaiyong/Downloads/do_not_delete/Matcha_Study/java_files/58370217/58370217_2_original.java,/Users/chaiyong/Downloads/do_not_delete/Matcha_Study/java_files/58370217/58370217_2_recent.java,RECENT_SNAPSHOT,58370217/58370217_2_recent.java,43cc10d1937302e5a8b329c60b68c21bde909fbe66f219d2199123cbcf13bb24,e5d1a9afc2e2c93478994f4bf08bfa6d0f75d4850cc19d2718ea81477a23b239,14,45,501,1817,NO,25,787;434;459;522;396;343;720;354;243;743;744;745;746;747;748;502;635;636;637;638;639;640;641;413;1,25,0,ALL_ACCEPTED,Improving Code
so_58496526_block_2,58496526,2,ELIGIBLE,"",dataset/before/so_58496526_block_2.java,dataset/after/so_58496526_block_2.java,/Users/chaiyong/Downloads/do_not_delete/Matcha_Study/java_files/58496526/58496526_2_original.java,/Users/chaiyong/Downloads/do_not_delete/Matcha_Study/java_files/58496526/58496526_2_recent.java,RECENT_SNAPSHOT,58496526/58496526_2_207696359.java,498374ade4827b10a2cf96390e82bc4618495332650901821e6bcfe2583e8cbc,0ec2aa1cff552402eadfe2fe013cf283387f2686432802db826630ab1e66f494,19,12,1064,706,NO,2,107;595,0,2,ALL_REJECTED,""
so_58617321_block_2,58617321,2,ELIGIBLE,"",dataset/before/so_58617321_block_2.java,dataset/after/so_58617321_block_2.java,/Users/chaiyong/Downloads/do_not_delete/Matcha_Study/java_files/58617321/58617321_2_original.java,/Users/chaiyong/Downloads/do_not_delete/Matcha_Study/java_files/58617321/58617321_2_recent.java,RECENT_SNAPSHOT,58617321/58617321_2_recent.java,055294e275cf83d697642244b7e51cba81579307a9bd2e92888a6d5fe34f74c5,cf14625a123db4bab2ab7da6d70ad666935f22e4b1b3ba9e7317da7303bc3bf6,17,17,999,1005,NO,8,458;63;84;374;395;769;154;313,6,2,MIXED,Improving Code
so_58993471_block_2,58993471,2,ELIGIBLE,"",dataset/before/so_58993471_block_2.java,dataset/after/so_58993471_block_2.java,/Users/chaiyong/Downloads/do_not_delete/Matcha_Study/java_files/58993471/58993471_2_original.java,/Users/chaiyong/Downloads/do_not_delete/Matcha_Study/java_files/58993471/58993471_2_recent.java,RECENT_SNAPSHOT,58993471/58993471_2_recent.java,ef4970b0ff9f119100eac4cd671c6849357cd75b102db21dc4f9070398b5bfb8,f776ff3e2c9a7566cb9e148cf653d56af10d4d37cb35490610182f5296c4e2f0,36,363,1984,14672,NO,61,441;450;451;454;455;456;457;536;46;55;56;59;60;61;62;65;73;74;75;78;79;80;81;82;357;366;367;370;371;372;373;376;384;385;386;389;390;391;392;393;752;761;762;765;766;767;768;142;149;151;152;153;175;185;296;305;306;309;310;311;312,1,60,MIXED,Improving Code
so_59239733_block_4,59239733,4,ELIGIBLE,"",dataset/before/so_59239733_block_4.java,dataset/after/so_59239733_block_4.java,/Users/chaiyong/Downloads/do_not_delete/Matcha_Study/java_files/59239733/59239733_4_original.java,/Users/chaiyong/Downloads/do_not_delete/Matcha_Study/java_files/59239733/59239733_4_recent.java,RECENT_SNAPSHOT,59239733/59239733_4_210806800.java,866c7c5dfa8d463693730197ec534f632908cbb117f68c086f712f53007464d6,72109c5cd6da1c819dbcc6e8bbceae857142bbde9929f5acb860dd10b7c15a13,15,18,370,433,NO,1,604,1,0,ALL_ACCEPTED,Improving Code
so_59372145_block_2,59372145,2,ELIGIBLE,"",dataset/before/so_59372145_block_2.java,dataset/after/so_59372145_block_2.java,/Users/chaiyong/Downloads/do_not_delete/Matcha_Study/java_files/59372145/59372145_2_original.java,/Users/chaiyong/Downloads/do_not_delete/Matcha_Study/java_files/59372145/59372145_2_recent.java,RECENT_SNAPSHOT,59372145/59372145_2_recent.java,437393bb1e439941eb8791f49ec612c680f5873fcaa7499b12ade40aaae1a02c,924e50f5a6d9b6df386a0150c19ac3396e601aa28b1cdd2be019e1a0748768f7,16,18,906,997,NO,1,465,0,1,ALL_REJECTED,""
so_59394165_block_2,59394165,2,ELIGIBLE,"",dataset/before/so_59394165_block_2.java,dataset/after/so_59394165_block_2.java,/Users/chaiyong/Downloads/do_not_delete/Matcha_Study/java_files/59394165/59394165_2_original.java,/Users/chaiyong/Downloads/do_not_delete/Matcha_Study/java_files/59394165/59394165_2_recent.java,RECENT_SNAPSHOT,59394165/59394165_2_211463641.java,886f79caa81b421a811937cce1036dd81734d3bc4599d0e1c47c91ef0c7dbfbc,78f1c7409fe5d2667fe587f571e2550dfbe7d1ef6c436b52e87fc43014cea220,26,14,884,447,NO,1,279,1,0,ALL_ACCEPTED,Improving Code
so_59430454_block_2,59430454,2,ELIGIBLE,"",dataset/before/so_59430454_block_2.java,dataset/after/so_59430454_block_2.java,/Users/chaiyong/Downloads/do_not_delete/Matcha_Study/java_files/59430454/59430454_2_original.java,/Users/chaiyong/Downloads/do_not_delete/Matcha_Study/java_files/59430454/59430454_2_recent.java,RECENT_SNAPSHOT,59430454/59430454_2_recent.java,503ca19a7e425ff406d1f6977cad38c3b1a35d374b50e4c83e78bca3e0b793dc,5bf05911f08eeedfa9841d8f696d35941494081748e1fe40755ab52c6945c0bf,10,72,512,4039,NO,4,115;348;418;419,0,4,ALL_REJECTED,""
so_59664498_block_2,59664498,2,ELIGIBLE,"",dataset/before/so_59664498_block_2.java,dataset/after/so_59664498_block_2.java,/Users/chaiyong/Downloads/do_not_delete/Matcha_Study/java_files/59664498/59664498_2_original.java,/Users/chaiyong/Downloads/do_not_delete/Matcha_Study/java_files/59664498/59664498_2_recent.java,RECENT_SNAPSHOT,59664498/59664498_2_recent.java,d287d69a3c23fbe918341bfc2bcb73b02863373fe90d651f46e5099bef5cf1c9,d189ac23b570433f4a4be0e0e8d05bd0c002cd4470213fac1b803667eb5b5698,47,68,1361,2094,NO,15,103;168;653;475;700;701;702;703;704;705;706;707;708;709;237,15,0,ALL_ACCEPTED,Bug Fixing;Improving Code
so_59823215_block_2,59823215,2,ELIGIBLE,"",dataset/before/so_59823215_block_2.java,dataset/after/so_59823215_block_2.java,/Users/chaiyong/Downloads/do_not_delete/Matcha_Study/java_files/59823215/59823215_2_original.java,/Users/chaiyong/Downloads/do_not_delete/Matcha_Study/java_files/59823215/59823215_2_recent.java,RECENT_SNAPSHOT,59823215/59823215_2_recent.java,43357d3d856c71fb6d89ccf127a0afa3e49da82c8d6649d0c3c87c201b3b0d2f,48ef4037328d8fe5918d14cfdfa8b031acc304f18cae7771b69f142af600a1a6,14,17,443,548,NO,1,506,1,0,ALL_ACCEPTED,Improving Code
so_60123437_block_2,60123437,2,ELIGIBLE,"",dataset/before/so_60123437_block_2.java,dataset/after/so_60123437_block_2.java,/Users/chaiyong/Downloads/do_not_delete/Matcha_Study/java_files/60123437/60123437_2_original.java,/Users/chaiyong/Downloads/do_not_delete/Matcha_Study/java_files/60123437/60123437_2_recent.java,RECENT_SNAPSHOT,60123437/60123437_2_recent.java,787c23c58283a053ff3169fb08e06ac0b0fb1aa84376a1fe899d91d9112cbb4c,014b2bf4ee56f9a5538e4d2e5f39a20077a9be25886ea5f286b870836444b7a7,11,12,262,277,NO,1,724,1,0,ALL_ACCEPTED,Improving Code
so_60128473_block_8,60128473,8,ELIGIBLE,"",dataset/before/so_60128473_block_8.java,dataset/after/so_60128473_block_8.java,/Users/chaiyong/Downloads/do_not_delete/Matcha_Study/java_files/60128473/60128473_8_original.java,/Users/chaiyong/Downloads/do_not_delete/Matcha_Study/java_files/60128473/60128473_8_recent.java,RECENT_SNAPSHOT,60128473/60128473_8_recent.java,3f76ea159cbf79af870010c624e26e78233457aad2fd7d7fe41018aa0dd5b6aa,422548470bd8083515ec520529b57182977d97f110daad799e89d788c42e16c8,123,122,3628,3626,NO,1,493,0,1,ALL_REJECTED,""
so_60266789_block_2,60266789,2,ELIGIBLE,"",dataset/before/so_60266789_block_2.java,dataset/after/so_60266789_block_2.java,/Users/chaiyong/Downloads/do_not_delete/Matcha_Study/java_files/60266789/60266789_2_original.java,/Users/chaiyong/Downloads/do_not_delete/Matcha_Study/java_files/60266789/60266789_2_recent.java,RECENT_SNAPSHOT,60266789/60266789_2_recent.java,965d6b102ef4353b34244d3a8f7fd78f7d3ec93de4adf44ac9f067a304994517,f5d0f99e551986ab714a5c9071b6dfd07fd610c30bde3c0915af92838cb3e23c,12,13,417,494,NO,8,2;12;14;694;283;284;212;350,6,2,MIXED,Bug Fixing
so_60565131_block_4,60565131,4,ELIGIBLE,"",dataset/before/so_60565131_block_4.java,dataset/after/so_60565131_block_4.java,/Users/chaiyong/Downloads/do_not_delete/Matcha_Study/java_files/60565131/60565131_4_original.java,/Users/chaiyong/Downloads/do_not_delete/Matcha_Study/java_files/60565131/60565131_4_recent.java,RECENT_SNAPSHOT,60565131/60565131_4_recent.java,f7eefffaed68691394c2affd941025a4c2a90bc2019ff90b831c8c5a737d460a,cc5dcb34b3883cac1001a00177dbc6a2a24cb4893803423f2681cca119a0657b,18,18,964,963,NO,1,250,1,0,ALL_ACCEPTED,Improving Code
so_60816572_block_6,60816572,6,ELIGIBLE,"",dataset/before/so_60816572_block_6.java,dataset/after/so_60816572_block_6.java,/Users/chaiyong/Downloads/do_not_delete/Matcha_Study/java_files/60816572/60816572_6_original.java,/Users/chaiyong/Downloads/do_not_delete/Matcha_Study/java_files/60816572/60816572_6_recent.java,RECENT_SNAPSHOT,60816572/60816572_6_recent.java,329a54836850a282dc3481cb3f143073facc9cbd2df43550559ee80238181e47,f1074e03d4993ca8f048ce80063e6775a78b48d1d007a42b89cf1f0193649eec,27,29,699,828,NO,1,468,1,0,ALL_ACCEPTED,Improving Code
so_60929154_block_2,60929154,2,ELIGIBLE,"",dataset/before/so_60929154_block_2.java,dataset/after/so_60929154_block_2.java,/Users/chaiyong/Downloads/do_not_delete/Matcha_Study/java_files/60929154/60929154_2_original.java,/Users/chaiyong/Downloads/do_not_delete/Matcha_Study/java_files/60929154/60929154_2_recent.java,RECENT_SNAPSHOT,60929154/60929154_2_218030952.java,694e0d98887529bce0d9663356aae56fd55547399533034b9bc8444131549991,3c6be3323e93dee74f4212ced6d1b58b973f65f14be6d86da0936ba73d19168a,252,528,10757,23192,NO,2,187;190,0,2,ALL_REJECTED,""
so_61006461_block_2,61006461,2,ELIGIBLE,"",dataset/before/so_61006461_block_2.java,dataset/after/so_61006461_block_2.java,/Users/chaiyong/Downloads/do_not_delete/Matcha_Study/java_files/61006461/61006461_2_original.java,/Users/chaiyong/Downloads/do_not_delete/Matcha_Study/java_files/61006461/61006461_2_recent.java,RECENT_SNAPSHOT,61006461/61006461_2_recent.java,3af40c9b3101eb02d65d7455f92b92554d11fb89a8ee44f115405c335fa5c093,291e635c0c10e349da1f9c6190e86488836fcc7bf88d5b7f39ad7080b7671774,74,96,3390,4796,NO,3,722;673;422,2,1,MIXED,Bug Fixing;Improving Code
so_61391737_block_2,61391737,2,ELIGIBLE,"",dataset/before/so_61391737_block_2.java,dataset/after/so_61391737_block_2.java,/Users/chaiyong/Downloads/do_not_delete/Matcha_Study/java_files/61391737/61391737_2_original.java,/Users/chaiyong/Downloads/do_not_delete/Matcha_Study/java_files/61391737/61391737_2_recent.java,RECENT_SNAPSHOT,61391737/61391737_2_recent.java,afe5debae050bff4788f8fc52e537703bf3707aa7180576e45473bb9bc642a46,1fa0faebc1a75f2c8a69b7ddd74203fc8b550c37c5024c4bdc88cb7787d9bcbe,16,20,634,828,NO,1,249,1,0,ALL_ACCEPTED,Improving Code
so_61780137_block_2,61780137,2,ELIGIBLE,"",dataset/before/so_61780137_block_2.java,dataset/after/so_61780137_block_2.java,/Users/chaiyong/Downloads/do_not_delete/Matcha_Study/java_files/61780137/61780137_2_original.java,/Users/chaiyong/Downloads/do_not_delete/Matcha_Study/java_files/61780137/61780137_2_recent.java,RECENT_SNAPSHOT,61780137/61780137_2_recent.java,7465b5a38386d21f98a02ec347369b8deaec40fa0723cb23dce98438f6588dea,93a33afa7f5cbb9472e9a0e964095a64cd45eadeb88cf15913b90567c79739c1,47,50,1208,1394,NO,2,117;216,2,0,ALL_ACCEPTED,Improving Code
so_62722315_block_2,62722315,2,ELIGIBLE,"",dataset/before/so_62722315_block_2.java,dataset/after/so_62722315_block_2.java,/Users/chaiyong/Downloads/do_not_delete/Matcha_Study/java_files/62722315/62722315_2_original.java,/Users/chaiyong/Downloads/do_not_delete/Matcha_Study/java_files/62722315/62722315_2_recent.java,RECENT_SNAPSHOT,62722315/62722315_2_recent.java,24544c1ad25fc7fae7a77ba58908a49943403da9bf0dcd6e9fcc38e86a4f6ad8,e2ac616925ea8d4ae04ebf349fe282d7c2023af94144d869fbdfe818423a4356,252,292,8541,10036,NO,5,342;791;740;219;220,4,1,MIXED,Improving Code
so_62802127_block_2,62802127,2,ELIGIBLE,"",dataset/before/so_62802127_block_2.java,dataset/after/so_62802127_block_2.java,/Users/chaiyong/Downloads/do_not_delete/Matcha_Study/java_files/62802127/62802127_2_original.java,/Users/chaiyong/Downloads/do_not_delete/Matcha_Study/java_files/62802127/62802127_2_recent.java,RECENT_SNAPSHOT,62802127/62802127_2_recent.java,3a90f6a4c09d51cf8dc57dba7f1b7b531962cac1f1ec8316052e430dcb847769,2f45887e1c158f910d5dafb52b357cd420f8c5fba0eb8898cd959d8833e59331,33,39,1685,3316,NO,1,429,0,1,ALL_REJECTED,""
so_62919983_block_2,62919983,2,ELIGIBLE,"",dataset/before/so_62919983_block_2.java,dataset/after/so_62919983_block_2.java,/Users/chaiyong/Downloads/do_not_delete/Matcha_Study/java_files/62919983/62919983_2_original.java,/Users/chaiyong/Downloads/do_not_delete/Matcha_Study/java_files/62919983/62919983_2_recent.java,RECENT_SNAPSHOT,62919983/62919983_2_recent.java,d228cbefc5c6f2aeea83f0f4d34c63c56d1998df70fa9bfd8c8161d311e3a653,c018fe2d3a4e1c9c2735a33281bfc762a1234856424614f3c93f717baf97815e,16,17,680,771,NO,3,69;380;318,0,3,ALL_REJECTED,""
so_63342907_block_2,63342907,2,ELIGIBLE,"",dataset/before/so_63342907_block_2.java,dataset/after/so_63342907_block_2.java,/Users/chaiyong/Downloads/do_not_delete/Matcha_Study/java_files/63342907/63342907_2_original.java,/Users/chaiyong/Downloads/do_not_delete/Matcha_Study/java_files/63342907/63342907_2_recent.java,RECENT_SNAPSHOT,63342907/63342907_2_recent.java,a838c99543f6c1b6239d537e68eaae1d940494a9e5bc429c5f0e2dd1fc32fa65,3038d9ad25b989c11aa30f7d27ded3c707f1cb87325b4be78440321a8509564a,43,43,4247,4245,NO,1,569,0,1,ALL_REJECTED,""
so_63631995_block_6,63631995,6,ELIGIBLE,"",dataset/before/so_63631995_block_6.java,dataset/after/so_63631995_block_6.java,/Users/chaiyong/Downloads/do_not_delete/Matcha_Study/java_files/63631995/63631995_6_original.java,/Users/chaiyong/Downloads/do_not_delete/Matcha_Study/java_files/63631995/63631995_6_recent.java,RECENT_SNAPSHOT,63631995/63631995_6_recent.java,822c7a5439a4d0b48b5839fb1307281e1b09369e56bec5ec87767e2c758e908b,87e08afe29e566d8f4b5cfd27b5c4c668d313ba6d0423dc2afc51a2633e0d737,94,110,2574,3366,NO,2,499;155,0,2,ALL_REJECTED,""
so_64124615_block_2,64124615,2,ELIGIBLE,"",dataset/before/so_64124615_block_2.java,dataset/after/so_64124615_block_2.java,/Users/chaiyong/Downloads/do_not_delete/Matcha_Study/java_files/64124615/64124615_2_original.java,/Users/chaiyong/Downloads/do_not_delete/Matcha_Study/java_files/64124615/64124615_2_recent.java,RECENT_SNAPSHOT,64124615/64124615_2_recent.java,6071d6b5330e931ed945ce8a498b13d00001a387fe17c6d5fa5afcecbe3447d3,287bd57966fba90fd1fb4195b2c662e0257f35551b7d2b408992793a1470b244,58,140,2135,5158,NO,1,770,0,1,ALL_REJECTED,""
so_64741139_block_2,64741139,2,ELIGIBLE,"",dataset/before/so_64741139_block_2.java,dataset/after/so_64741139_block_2.java,/Users/chaiyong/Downloads/do_not_delete/Matcha_Study/java_files/64741139/64741139_2_original.java,/Users/chaiyong/Downloads/do_not_delete/Matcha_Study/java_files/64741139/64741139_2_recent.java,RECENT_SNAPSHOT,64741139/64741139_2_recent.java,20a1f61c3b013d3e8183190cedece3dbd680df2da7d6e4e93efe94ae3420e065,4dd51b0611e97bdfaf85f37ffa32b82ae38ab48594c4c0cb9e1f60d18ea2e6a4,110,110,4450,4385,NO,1,509,0,1,ALL_REJECTED,""
so_64804977_block_4,64804977,4,ELIGIBLE,"",dataset/before/so_64804977_block_4.java,dataset/after/so_64804977_block_4.java,/Users/chaiyong/Downloads/do_not_delete/Matcha_Study/java_files/64804977/64804977_4_original.java,/Users/chaiyong/Downloads/do_not_delete/Matcha_Study/java_files/64804977/64804977_4_recent.java,RECENT_SNAPSHOT,64804977/64804977_4_recent.java,eb73f774c73b557fc9bbdbd28788419b61df00c79cfbe106a8cac07198b28239,fa7c2474c77529f96d418929091f6e8a17dbd03a99f03984c2dc539f4a83e723,13,20,377,447,NO,2,227;122,2,0,ALL_ACCEPTED,Bug Fixing
so_64938483_block_2,64938483,2,ELIGIBLE,"",dataset/before/so_64938483_block_2.java,dataset/after/so_64938483_block_2.java,/Users/chaiyong/Downloads/do_not_delete/Matcha_Study/java_files/64938483/64938483_2_original.java,/Users/chaiyong/Downloads/do_not_delete/Matcha_Study/java_files/64938483/64938483_2_recent.java,RECENT_SNAPSHOT,64938483/64938483_2_recent.java,98b1daded41f2311283afdb0c811cf369edb74131a7ec18e96ba5a02146feeef,7a7d226ceb229cb1a2032306bba7358de48086650875ea2c8bb7a0343506b220,112,68,4760,2986,NO,7,452;57;76;368;387;763;307,7,0,ALL_ACCEPTED,Improving Code
so_65112087_block_2,65112087,2,ELIGIBLE,"",dataset/before/so_65112087_block_2.java,dataset/after/so_65112087_block_2.java,/Users/chaiyong/Downloads/do_not_delete/Matcha_Study/java_files/65112087/65112087_2_original.java,/Users/chaiyong/Downloads/do_not_delete/Matcha_Study/java_files/65112087/65112087_2_recent.java,RECENT_SNAPSHOT,65112087/65112087_2_236114933.java;65112087/65112087_2_recent.java,00006abdfcee2f0cd6d31027d5d2dfe9cc78f907b796b83f830f607e24bd3795,71b17ab0dfef241038698cbe84f936e0729edbf566847627be4c2299f2e71464,13,14,545,716,NO,4,41;482;483;710,4,0,ALL_ACCEPTED,Improving Code
