No,GH Project,Link SO,Snippet ID,Dataset Status,Before Dataset Path,After Dataset Path,Stack Overflow Java File Path,Stack Overflow Method Name,Stack Overflow Start Line,Stack Overflow End Line,Final Manual Validation,Recommendation Type
787,1024-lab,https://stackoverflow.com/questions/58370217,so_58370217_block_2,ELIGIBLE,dataset/before/so_58370217_block_2.java,dataset/after/so_58370217_block_2.java,58370217/58370217_2_recent.java,method,1,45,Agress Yes,Improving Code
497,abfab3d,https://stackoverflow.com/questions/21178275,so_21178275_block_2,ELIGIBLE,dataset/before/so_21178275_block_2.java,dataset/after/so_21178275_block_2.java,21178275/21178275_2_recent.java,method,1,55,Agress Yes,Improving Code
349,actframework,https://stackoverflow.com/questions/4429257,so_4429257_block_2,ELIGIBLE,dataset/before/so_4429257_block_2.java,dataset/after/so_4429257_block_2.java,4429257/4429257_2_9347476.java,newBundle,2,32,Agress Yes,Improving Code
2,actiontech,https://stackoverflow.com/questions/60266789,so_60266789_block_2,ELIGIBLE,dataset/before/so_60266789_block_2.java,dataset/after/so_60266789_block_2.java,60266789/60266789_2_recent.java,method,1,13,Agress Yes,Bug Fixing
614,addstarmc,https://stackoverflow.com/questions/4429257,so_4429257_block_2,ELIGIBLE,dataset/before/so_4429257_block_2.java,dataset/after/so_4429257_block_2.java,4429257/4429257_2_9347476.java,newBundle,2,32,Agree No,""
555,adoptopenjdk,https://stackoverflow.com/questions/54298032,so_54298032_block_2,ELIGIBLE,dataset/before/so_54298032_block_2.java,dataset/after/so_54298032_block_2.java,54298032/54298032_2_recent.java,copy,58,72,Agree No,""
273,agreementmaker,https://stackoverflow.com/questions/6702420,so_6702420_block_2,ELIGIBLE,dataset/before/so_6702420_block_2.java,dataset/after/so_6702420_block_2.java,6702420/6702420_2_89518975.java,main,9,18,Agree No,""
195,aicis,https://stackoverflow.com/questions/3775893,so_3775893_block_6,ELIGIBLE,dataset/before/so_3775893_block_6.java,dataset/after/so_3775893_block_6.java,3775893/3775893_6_recent.java,method,1,25,Agress Yes,Improving Code
196,aicis,https://stackoverflow.com/questions/3775893,so_3775893_block_6,ELIGIBLE,dataset/before/so_3775893_block_6.java,dataset/after/so_3775893_block_6.java,3775893/3775893_6_recent.java,method,1,25,Agress Yes,Improving Code
12,aionnetwork,https://stackoverflow.com/questions/60266789,so_60266789_block_2,ELIGIBLE,dataset/before/so_60266789_block_2.java,dataset/after/so_60266789_block_2.java,60266789/60266789_2_recent.java,method,1,13,Agress Yes,Bug fixing
13,aionnetwork,https://stackoverflow.com/questions/46830988,so_46830988_block_4,ELIGIBLE,dataset/before/so_46830988_block_4.java,dataset/after/so_46830988_block_4.java,46830988/46830988_4_158689916.java,method,1,19,Agree No,""
14,aionnetwork,https://stackoverflow.com/questions/60266789,so_60266789_block_2,ELIGIBLE,dataset/before/so_60266789_block_2.java,dataset/after/so_60266789_block_2.java,60266789/60266789_2_recent.java,method,1,13,Agress Yes,Bug fixing
650,airlift,https://stackoverflow.com/questions/30316055,so_30316055_block_2,ELIGIBLE,dataset/before/so_30316055_block_2.java,dataset/after/so_30316055_block_2.java,30316055/30316055_2_recent.java,method,1,42,Agree No,""
217,alchitry,https://stackoverflow.com/questions/745987,so_745987_block_2,ELIGIBLE,dataset/before/so_745987_block_2.java,dataset/after/so_745987_block_2.java,745987/745987_2_recent.java,method,1,148,Agree No,""
429,algorithm004-01,https://stackoverflow.com/questions/62802127,so_62802127_block_2,ELIGIBLE,dataset/before/so_62802127_block_2.java,dataset/after/so_62802127_block_2.java,62802127/62802127_2_recent.java,method,1,39,Agree No,""
434,alibaba,https://stackoverflow.com/questions/58370217,so_58370217_block_2,ELIGIBLE,dataset/before/so_58370217_block_2.java,dataset/after/so_58370217_block_2.java,58370217/58370217_2_recent.java,method,1,45,Agress Yes,Improving Code
435,alibaba,https://stackoverflow.com/questions/35360983,so_35360983_block_2,ELIGIBLE,dataset/before/so_35360983_block_2.java,dataset/after/so_35360983_block_2.java,35360983/35360983_2_recent.java,Example,18,45,Agree No,""
436,alibaba,https://stackoverflow.com/questions/35360983,so_35360983_block_2,ELIGIBLE,dataset/before/so_35360983_block_2.java,dataset/after/so_35360983_block_2.java,35360983/35360983_2_recent.java,Example,18,45,Agree No,""
437,alibaba,https://stackoverflow.com/questions/35360983,so_35360983_block_2,ELIGIBLE,dataset/before/so_35360983_block_2.java,dataset/after/so_35360983_block_2.java,35360983/35360983_2_recent.java,Example,18,45,Agree No,""
438,alibaba,https://stackoverflow.com/questions/3870210,so_3870210_block_4,ELIGIBLE,dataset/before/so_3870210_block_4.java,dataset/after/so_3870210_block_4.java,3870210/3870210_4_recent.java,method,1,29,Agress Yes,Improving Code
439,alibaba,https://stackoverflow.com/questions/10774468,so_10774468_block_2,ELIGIBLE,dataset/before/so_10774468_block_2.java,dataset/after/so_10774468_block_2.java,10774468/10774468_2_recent.java,method,1,95,Agree No,""
440,alibaba,https://stackoverflow.com/questions/13462440,so_13462440_block_6,ELIGIBLE,dataset/before/so_13462440_block_6.java,dataset/after/so_13462440_block_6.java,13462440/13462440_6_32050882.java,init,30,44,Agress Yes,Improving Code
441,alibaba,https://stackoverflow.com/questions/58993471,so_58993471_block_2,ELIGIBLE,dataset/before/so_58993471_block_2.java,dataset/after/so_58993471_block_2.java,58993471/58993471_2_recent.java,method,1,363,Agree No,""
442,alibaba,https://stackoverflow.com/questions/29866762,so_29866762_block_2,ELIGIBLE,dataset/before/so_29866762_block_2.java,dataset/after/so_29866762_block_2.java,29866762/29866762_2_89013107.java,method,1,40,Agree No,""
443,alibaba,https://stackoverflow.com/questions/29866762,so_29866762_block_2,ELIGIBLE,dataset/before/so_29866762_block_2.java,dataset/after/so_29866762_block_2.java,29866762/29866762_2_89013107.java,method,1,40,Agree No,""
444,alibaba,https://stackoverflow.com/questions/46830988,so_46830988_block_4,ELIGIBLE,dataset/before/so_46830988_block_4.java,dataset/after/so_46830988_block_4.java,46830988/46830988_4_158689916.java,method,1,19,Agree No,""
445,alibaba,https://stackoverflow.com/questions/16799135,so_16799135_block_10,ELIGIBLE,dataset/before/so_16799135_block_10.java,dataset/after/so_16799135_block_10.java,16799135/16799135_10_41317480.java,method,1,23,Agree No,""
446,alibaba,https://stackoverflow.com/questions/29330741,so_29330741_block_6,ELIGIBLE,dataset/before/so_29330741_block_6.java,dataset/after/so_29330741_block_6.java,29330741/29330741_6_86929181.java,method,1,13,Agress Yes,Improving Code
447,alibaba,https://stackoverflow.com/questions/29330741,so_29330741_block_6,ELIGIBLE,dataset/before/so_29330741_block_6.java,dataset/after/so_29330741_block_6.java,29330741/29330741_6_86929181.java,method,1,13,Agree No,""
448,alibaba,https://stackoverflow.com/questions/45774144,so_45774144_block_4,ELIGIBLE,dataset/before/so_45774144_block_4.java,dataset/after/so_45774144_block_4.java,45774144/45774144_4_recent.java,method,1,21,Agree No,""
449,alibaba,https://stackoverflow.com/questions/54119640,so_54119640_block_4,ELIGIBLE,dataset/before/so_54119640_block_4.java,dataset/after/so_54119640_block_4.java,54119640/54119640_4_189259651.java,mouseClicked,10,26,Agree No,""
450,alibaba,https://stackoverflow.com/questions/58993471,so_58993471_block_2,ELIGIBLE,dataset/before/so_58993471_block_2.java,dataset/after/so_58993471_block_2.java,58993471/58993471_2_recent.java,method,1,363,Agree No,""
451,alibaba,https://stackoverflow.com/questions/58993471,so_58993471_block_2,ELIGIBLE,dataset/before/so_58993471_block_2.java,dataset/after/so_58993471_block_2.java,58993471/58993471_2_recent.java,method,1,363,Agree No,""
452,alibaba,https://stackoverflow.com/questions/64938483,so_64938483_block_2,ELIGIBLE,dataset/before/so_64938483_block_2.java,dataset/after/so_64938483_block_2.java,64938483/64938483_2_recent.java,method,1,68,Agress Yes,Improving Code
453,alibaba,https://stackoverflow.com/questions/6702420,so_6702420_block_2,ELIGIBLE,dataset/before/so_6702420_block_2.java,dataset/after/so_6702420_block_2.java,6702420/6702420_2_89518975.java,main,9,18,Agree No,""
454,alibaba,https://stackoverflow.com/questions/58993471,so_58993471_block_2,ELIGIBLE,dataset/before/so_58993471_block_2.java,dataset/after/so_58993471_block_2.java,58993471/58993471_2_recent.java,method,1,363,Agree No,""
455,alibaba,https://stackoverflow.com/questions/58993471,so_58993471_block_2,ELIGIBLE,dataset/before/so_58993471_block_2.java,dataset/after/so_58993471_block_2.java,58993471/58993471_2_recent.java,method,1,363,Agree No,""
456,alibaba,https://stackoverflow.com/questions/58993471,so_58993471_block_2,ELIGIBLE,dataset/before/so_58993471_block_2.java,dataset/after/so_58993471_block_2.java,58993471/58993471_2_recent.java,method,1,363,Agree No,""
457,alibaba,https://stackoverflow.com/questions/58993471,so_58993471_block_2,ELIGIBLE,dataset/before/so_58993471_block_2.java,dataset/after/so_58993471_block_2.java,58993471/58993471_2_recent.java,method,1,363,Agree No,""
458,alibaba,https://stackoverflow.com/questions/58617321,so_58617321_block_2,ELIGIBLE,dataset/before/so_58617321_block_2.java,dataset/after/so_58617321_block_2.java,58617321/58617321_2_recent.java,method,1,17,Agress Yes,Improving Code
459,alibaba,https://stackoverflow.com/questions/58370217,so_58370217_block_2,ELIGIBLE,dataset/before/so_58370217_block_2.java,dataset/after/so_58370217_block_2.java,58370217/58370217_2_recent.java,method,1,45,Agress Yes,Improving Code
460,alibaba,https://stackoverflow.com/questions/41842039,so_41842039_block_2,ELIGIBLE,dataset/before/so_41842039_block_2.java,dataset/after/so_41842039_block_2.java,41842039/41842039_2_recent.java,method,1,43,Agree No,""
461,alibaba,https://stackoverflow.com/questions/19440217,so_19440217_block_2,ELIGIBLE,dataset/before/so_19440217_block_2.java,dataset/after/so_19440217_block_2.java,19440217/19440217_2_recent.java,method,1,18,Agree No,""
462,alibaba,https://stackoverflow.com/questions/3870210,so_3870210_block_4,ELIGIBLE,dataset/before/so_3870210_block_4.java,dataset/after/so_3870210_block_4.java,3870210/3870210_4_recent.java,method,1,29,Agress Yes,Improving Code
463,alibaba,https://stackoverflow.com/questions/4429257,so_4429257_block_2,ELIGIBLE,dataset/before/so_4429257_block_2.java,dataset/after/so_4429257_block_2.java,4429257/4429257_2_9347476.java,newBundle,2,32,Agree No,""
400,aliview,https://stackoverflow.com/questions/6702420,so_6702420_block_2,ELIGIBLE,dataset/before/so_6702420_block_2.java,dataset/after/so_6702420_block_2.java,6702420/6702420_2_89518975.java,main,9,18,Agree No,""
688,aliyun,https://stackoverflow.com/questions/801987,so_801987_block_2,ELIGIBLE,dataset/before/so_801987_block_2.java,dataset/after/so_801987_block_2.java,801987/801987_2_recent.java,method,1,26,Agree No,""
103,allwefantasy,https://stackoverflow.com/questions/59664498,so_59664498_block_2,ELIGIBLE,dataset/before/so_59664498_block_2.java,dataset/after/so_59664498_block_2.java,59664498/59664498_2_recent.java,method,1,68,Agress Yes,Bug Fixing
3,alphaautoleak,https://stackoverflow.com/questions/25985720,so_25985720_block_14,ELIGIBLE,dataset/before/so_25985720_block_14.java,dataset/after/so_25985720_block_14.java,25985720/25985720_14_recent.java,method,1,21,Agree No,""
674,ambiverse-nlu,https://stackoverflow.com/questions/18454342,so_18454342_block_2,ELIGIBLE,dataset/before/so_18454342_block_2.java,dataset/after/so_18454342_block_2.java,18454342/18454342_2_recent.java,method,1,29,Agree No,""
727,ant-media,https://stackoverflow.com/questions/7901334,so_7901334_block_2,ELIGIBLE,dataset/before/so_7901334_block_2.java,dataset/after/so_7901334_block_2.java,7901334/7901334_2_recent.java,method,1,124,Agree No,""
728,ant-media,https://stackoverflow.com/questions/7901334,so_7901334_block_2,ELIGIBLE,dataset/before/so_7901334_block_2.java,dataset/after/so_7901334_block_2.java,7901334/7901334_2_recent.java,method,1,124,Agree No,""
24,antonkast,https://stackoverflow.com/questions/359634,so_359634_block_2,ELIGIBLE,dataset/before/so_359634_block_2.java,dataset/after/so_359634_block_2.java,359634/359634_2_recent.java,method,1,46,Agress Yes,Bug Fixing
432,anuj-kumar-sharma,https://stackoverflow.com/questions/31386664,so_31386664_block_4,ELIGIBLE,dataset/before/so_31386664_block_4.java,dataset/after/so_31386664_block_4.java,31386664/31386664_4_95005617.java,method,1,22,Agree No,""
433,anuj-kumar-sharma,https://stackoverflow.com/questions/31386664,so_31386664_block_4,ELIGIBLE,dataset/before/so_31386664_block_4.java,dataset/after/so_31386664_block_4.java,31386664/31386664_4_95005617.java,method,1,22,Agree No,""
225,anuken,https://stackoverflow.com/questions/6711693,so_6711693_block_2,ELIGIBLE,dataset/before/so_6711693_block_2.java,dataset/after/so_6711693_block_2.java,6711693/6711693_2_recent.java,method,1,20,Agree No,""
226,anuken,https://stackoverflow.com/questions/29866762,so_29866762_block_2,ELIGIBLE,dataset/before/so_29866762_block_2.java,dataset/after/so_29866762_block_2.java,29866762/29866762_2_89013107.java,method,1,40,Agree No,""
514,apache,https://stackoverflow.com/questions/6702420,so_6702420_block_2,ELIGIBLE,dataset/before/so_6702420_block_2.java,dataset/after/so_6702420_block_2.java,6702420/6702420_2_89518975.java,main,9,18,Agree No,""
515,apache,https://stackoverflow.com/questions/6702420,so_6702420_block_2,ELIGIBLE,dataset/before/so_6702420_block_2.java,dataset/after/so_6702420_block_2.java,6702420/6702420_2_89518975.java,main,9,18,Agree No,""
516,apache,https://stackoverflow.com/questions/6702420,so_6702420_block_2,ELIGIBLE,dataset/before/so_6702420_block_2.java,dataset/after/so_6702420_block_2.java,6702420/6702420_2_89518975.java,main,9,18,Agree No,""
517,apache,https://stackoverflow.com/questions/6702420,so_6702420_block_2,ELIGIBLE,dataset/before/so_6702420_block_2.java,dataset/after/so_6702420_block_2.java,6702420/6702420_2_89518975.java,main,9,18,Agree No,""
518,apache,https://stackoverflow.com/questions/6702420,so_6702420_block_2,ELIGIBLE,dataset/before/so_6702420_block_2.java,dataset/after/so_6702420_block_2.java,6702420/6702420_2_89518975.java,main,9,18,Agree No,""
519,apache,https://stackoverflow.com/questions/6702420,so_6702420_block_2,ELIGIBLE,dataset/before/so_6702420_block_2.java,dataset/after/so_6702420_block_2.java,6702420/6702420_2_89518975.java,main,9,18,Agree No,""
520,apache,https://stackoverflow.com/questions/28901180,so_28901180_block_2,ELIGIBLE,dataset/before/so_28901180_block_2.java,dataset/after/so_28901180_block_2.java,28901180/28901180_2_recent.java,AnimatedChart,13,37,Agress Yes,Improving Code
521,apache,https://stackoverflow.com/questions/9293885,so_9293885_block_2,ELIGIBLE,dataset/before/so_9293885_block_2.java,dataset/after/so_9293885_block_2.java,9293885/9293885_2_recent.java,method,1,18,Agress Yes,Improving Code
522,apache,https://stackoverflow.com/questions/58370217,so_58370217_block_2,ELIGIBLE,dataset/before/so_58370217_block_2.java,dataset/after/so_58370217_block_2.java,58370217/58370217_2_recent.java,method,1,45,Agress Yes,Improving Code
523,apache,https://stackoverflow.com/questions/42681543,so_42681543_block_4,ELIGIBLE,dataset/before/so_42681543_block_4.java,dataset/after/so_42681543_block_4.java,42681543/42681543_4_recent.java,method,1,166,Agress Yes,Bug Fixing
524,apache,https://stackoverflow.com/questions/42681543,so_42681543_block_4,ELIGIBLE,dataset/before/so_42681543_block_4.java,dataset/after/so_42681543_block_4.java,42681543/42681543_4_recent.java,method,1,166,Agree No,""
525,apache,https://stackoverflow.com/questions/18454342,so_18454342_block_2,ELIGIBLE,dataset/before/so_18454342_block_2.java,dataset/after/so_18454342_block_2.java,18454342/18454342_2_recent.java,method,1,29,Agree No,""
526,apache,https://stackoverflow.com/questions/42681543,so_42681543_block_4,ELIGIBLE,dataset/before/so_42681543_block_4.java,dataset/after/so_42681543_block_4.java,42681543/42681543_4_recent.java,method,1,166,Agree No,""
527,apache,https://stackoverflow.com/questions/42681543,so_42681543_block_4,ELIGIBLE,dataset/before/so_42681543_block_4.java,dataset/after/so_42681543_block_4.java,42681543/42681543_4_recent.java,method,1,166,Agress Yes,Bug Fixing
546,apna-college,https://stackoverflow.com/questions/46193578,so_46193578_block_2,ELIGIBLE,dataset/before/so_46193578_block_2.java,dataset/after/so_46193578_block_2.java,46193578/46193578_2_recent.java,method,1,62,Agree No,""
117,aragozin,https://stackoverflow.com/questions/61780137,so_61780137_block_2,ELIGIBLE,dataset/before/so_61780137_block_2.java,dataset/after/so_61780137_block_2.java,61780137/61780137_2_recent.java,method,1,50,Agress Yes,Improving Code
655,arduino,https://stackoverflow.com/questions/58346204,so_58346204_block_2,ELIGIBLE,dataset/before/so_58346204_block_2.java,dataset/after/so_58346204_block_2.java,58346204/58346204_2_recent.java,method,1,103,Agree No,""
656,arduino,https://stackoverflow.com/questions/58346204,so_58346204_block_2,ELIGIBLE,dataset/before/so_58346204_block_2.java,dataset/after/so_58346204_block_2.java,58346204/58346204_2_recent.java,method,1,103,Agree No,""
712,artisynth,https://stackoverflow.com/questions/6236324,so_6236324_block_2,ELIGIBLE,dataset/before/so_6236324_block_2.java,dataset/after/so_6236324_block_2.java,6236324/6236324_2_recent.java,method,1,521,Agree No,""
713,artisynth,https://stackoverflow.com/questions/6236324,so_6236324_block_2,ELIGIBLE,dataset/before/so_6236324_block_2.java,dataset/after/so_6236324_block_2.java,6236324/6236324_2_recent.java,method,1,521,Agree No,""
714,artisynth,https://stackoverflow.com/questions/6236324,so_6236324_block_2,ELIGIBLE,dataset/before/so_6236324_block_2.java,dataset/after/so_6236324_block_2.java,6236324/6236324_2_recent.java,method,1,521,Agree No,""
715,artisynth,https://stackoverflow.com/questions/6236324,so_6236324_block_2,ELIGIBLE,dataset/before/so_6236324_block_2.java,dataset/after/so_6236324_block_2.java,6236324/6236324_2_recent.java,method,1,521,Agree No,""
716,artisynth,https://stackoverflow.com/questions/6236324,so_6236324_block_2,ELIGIBLE,dataset/before/so_6236324_block_2.java,dataset/after/so_6236324_block_2.java,6236324/6236324_2_recent.java,method,1,521,Agree No,""
717,artisynth,https://stackoverflow.com/questions/6236324,so_6236324_block_2,ELIGIBLE,dataset/before/so_6236324_block_2.java,dataset/after/so_6236324_block_2.java,6236324/6236324_2_recent.java,method,1,521,Agree No,""
355,asolarlez,https://stackoverflow.com/questions/1520212,so_1520212_block_2,ELIGIBLE,dataset/before/so_1520212_block_2.java,dataset/after/so_1520212_block_2.java,1520212/1520212_2_recent.java,shuffleArray,19,31,Agree No,""
408,asystat,https://stackoverflow.com/questions/6702420,so_6702420_block_2,ELIGIBLE,dataset/before/so_6702420_block_2.java,dataset/after/so_6702420_block_2.java,6702420/6702420_2_89518975.java,main,9,18,Agree No,""
793,atilika,https://stackoverflow.com/questions/35057638,so_35057638_block_2,ELIGIBLE,dataset/before/so_35057638_block_2.java,dataset/after/so_35057638_block_2.java,35057638/35057638_2_109493925.java,method,1,16,Agree No,""
118,atjiu,https://stackoverflow.com/questions/41471859,so_41471859_block_4,ELIGIBLE,dataset/before/so_41471859_block_4.java,dataset/after/so_41471859_block_4.java,41471859/41471859_4_135239059.java,method,1,15,Agree No,""
39,aws,https://stackoverflow.com/questions/32855556,so_32855556_block_4,ELIGIBLE,dataset/before/so_32855556_block_4.java,dataset/after/so_32855556_block_4.java,32855556/32855556_4_100737457.java,method,1,12,Agress Yes,Improving Code
552,azure,https://stackoverflow.com/questions/30942772,so_30942772_block_4,ELIGIBLE,dataset/before/so_30942772_block_4.java,dataset/after/so_30942772_block_4.java,30942772/30942772_4_recent.java,method,1,62,Agree No,""
553,azure,https://stackoverflow.com/questions/32365355,so_32365355_block_2,ELIGIBLE,dataset/before/so_32365355_block_2.java,dataset/after/so_32365355_block_2.java,32365355/32365355_2_recent.java,main,8,71,Agree No,""
554,azure,https://stackoverflow.com/questions/32365355,so_32365355_block_2,ELIGIBLE,dataset/before/so_32365355_block_2.java,dataset/after/so_32365355_block_2.java,32365355/32365355_2_recent.java,main,8,71,Agree No,""
231,ballerina-platform,https://stackoverflow.com/questions/18454342,so_18454342_block_2,ELIGIBLE,dataset/before/so_18454342_block_2.java,dataset/after/so_18454342_block_2.java,18454342/18454342_2_recent.java,method,1,29,Agree No,""
232,ballerina-platform,https://stackoverflow.com/questions/18454342,so_18454342_block_2,ELIGIBLE,dataset/before/so_18454342_block_2.java,dataset/after/so_18454342_block_2.java,18454342/18454342_2_recent.java,method,1,29,Agree No,""
536,barchart,https://stackoverflow.com/questions/58993471,so_58993471_block_2,ELIGIBLE,dataset/before/so_58993471_block_2.java,dataset/after/so_58993471_block_2.java,58993471/58993471_2_recent.java,method,1,363,Agree No,""
569,bazelbuild,https://stackoverflow.com/questions/63342907,so_63342907_block_2,ELIGIBLE,dataset/before/so_63342907_block_2.java,dataset/after/so_63342907_block_2.java,63342907/63342907_2_recent.java,method,1,43,Agree No,""
570,bazelbuild,https://stackoverflow.com/questions/54298032,so_54298032_block_2,ELIGIBLE,dataset/before/so_54298032_block_2.java,dataset/after/so_54298032_block_2.java,54298032/54298032_2_190009745.java,copy,52,65,Agress Yes,Improving Code
556,bcgit,https://stackoverflow.com/questions/40056844,so_40056844_block_2,ELIGIBLE,dataset/before/so_40056844_block_2.java,dataset/after/so_40056844_block_2.java,40056844/40056844_2_recent.java,method,1,17,Agress Yes,Bug Fixing
557,bcgit,https://stackoverflow.com/questions/40056844,so_40056844_block_2,ELIGIBLE,dataset/before/so_40056844_block_2.java,dataset/after/so_40056844_block_2.java,40056844/40056844_2_recent.java,method,1,17,Agress Yes,Bug Fixing
558,bcgit,https://stackoverflow.com/questions/40056844,so_40056844_block_2,ELIGIBLE,dataset/before/so_40056844_block_2.java,dataset/after/so_40056844_block_2.java,40056844/40056844_2_recent.java,method,1,17,Agress Yes,Bug Fixing
559,bcgit,https://stackoverflow.com/questions/40056844,so_40056844_block_2,ELIGIBLE,dataset/before/so_40056844_block_2.java,dataset/after/so_40056844_block_2.java,40056844/40056844_2_recent.java,method,1,17,Agress Yes,Bug Fixing
560,bcgit,https://stackoverflow.com/questions/40056844,so_40056844_block_2,ELIGIBLE,dataset/before/so_40056844_block_2.java,dataset/after/so_40056844_block_2.java,40056844/40056844_2_recent.java,method,1,17,Agress Yes,Bug Fixing
561,bcgit,https://stackoverflow.com/questions/40056844,so_40056844_block_2,ELIGIBLE,dataset/before/so_40056844_block_2.java,dataset/after/so_40056844_block_2.java,40056844/40056844_2_recent.java,method,1,17,Agress Yes,Bug Fixing
562,bcgit,https://stackoverflow.com/questions/40056844,so_40056844_block_2,ELIGIBLE,dataset/before/so_40056844_block_2.java,dataset/after/so_40056844_block_2.java,40056844/40056844_2_recent.java,method,1,17,Agress Yes,Bug Fixing
563,bcgit,https://stackoverflow.com/questions/40056844,so_40056844_block_2,ELIGIBLE,dataset/before/so_40056844_block_2.java,dataset/after/so_40056844_block_2.java,40056844/40056844_2_recent.java,method,1,17,Agress Yes,Bug Fixing
564,bcgit,https://stackoverflow.com/questions/40056844,so_40056844_block_2,ELIGIBLE,dataset/before/so_40056844_block_2.java,dataset/after/so_40056844_block_2.java,40056844/40056844_2_recent.java,method,1,17,Agress Yes,Bug Fixing
565,bcgit,https://stackoverflow.com/questions/40056844,so_40056844_block_2,ELIGIBLE,dataset/before/so_40056844_block_2.java,dataset/after/so_40056844_block_2.java,40056844/40056844_2_recent.java,method,1,17,Agress Yes,Bug Fixing
566,bcgit,https://stackoverflow.com/questions/40056844,so_40056844_block_2,ELIGIBLE,dataset/before/so_40056844_block_2.java,dataset/after/so_40056844_block_2.java,40056844/40056844_2_recent.java,method,1,17,Agress Yes,Bug Fixing
567,bcgit,https://stackoverflow.com/questions/40056844,so_40056844_block_2,ELIGIBLE,dataset/before/so_40056844_block_2.java,dataset/after/so_40056844_block_2.java,40056844/40056844_2_recent.java,method,1,17,Agress Yes,Bug Fixing
531,bluesoft-rnd,https://stackoverflow.com/questions/138950,so_138950_block_6,ELIGIBLE,dataset/before/so_138950_block_6.java,dataset/after/so_138950_block_6.java,138950/138950_6_recent.java,doFilter,15,28,Agree No,""
484,boecker-lab,https://stackoverflow.com/questions/12981202,so_12981202_block_2,ELIGIBLE,dataset/before/so_12981202_block_2.java,dataset/after/so_12981202_block_2.java,12981202/12981202_2_recent.java,method,1,186,Agree No,""
485,boecker-lab,https://stackoverflow.com/questions/12981202,so_12981202_block_2,ELIGIBLE,dataset/before/so_12981202_block_2.java,dataset/after/so_12981202_block_2.java,12981202/12981202_2_recent.java,method,1,186,Agree No,""
430,bookdash,https://stackoverflow.com/questions/54298032,so_54298032_block_2,ELIGIBLE,dataset/before/so_54298032_block_2.java,dataset/after/so_54298032_block_2.java,54298032/54298032_2_recent.java,copy,58,72,Agree No,""
156,bramp,https://stackoverflow.com/questions/31764338,so_31764338_block_6,ELIGIBLE,dataset/before/so_31764338_block_6.java,dataset/after/so_31764338_block_6.java,31764338/31764338_6_96458495.java,write,15,24,Agree No,""
508,breznak,https://stackoverflow.com/questions/16540679,so_16540679_block_1,ELIGIBLE,dataset/before/so_16540679_block_1.java,dataset/after/so_16540679_block_1.java,16540679/16540679_1_64924359.java,method,1,26,Agree No,""
110,bumptech,https://stackoverflow.com/questions/33561612,so_33561612_block_2,ELIGIBLE,dataset/before/so_33561612_block_2.java,dataset/after/so_33561612_block_2.java,33561612/33561612_2_recent.java,method,1,33,Agress Yes,Improving Code
591,bwssytems,https://stackoverflow.com/questions/12981202,so_12981202_block_2,ELIGIBLE,dataset/before/so_12981202_block_2.java,dataset/after/so_12981202_block_2.java,12981202/12981202_2_recent.java,method,1,186,Agree No,""
592,bwssytems,https://stackoverflow.com/questions/12981202,so_12981202_block_2,ELIGIBLE,dataset/before/so_12981202_block_2.java,dataset/after/so_12981202_block_2.java,12981202/12981202_2_recent.java,method,1,186,Agree No,""
115,camunda-community-hub,https://stackoverflow.com/questions/59430454,so_59430454_block_2,ELIGIBLE,dataset/before/so_59430454_block_2.java,dataset/after/so_59430454_block_2.java,59430454/59430454_2_recent.java,method,1,72,Agree No,""
285,camunda-consulting,https://stackoverflow.com/questions/15160629,so_15160629_block_2,ELIGIBLE,dataset/before/so_15160629_block_2.java,dataset/after/so_15160629_block_2.java,15160629/15160629_2_recent.java,method,1,25,Agress Yes,Improving Code
286,camunda-consulting,https://stackoverflow.com/questions/15160629,so_15160629_block_2,ELIGIBLE,dataset/before/so_15160629_block_2.java,dataset/after/so_15160629_block_2.java,15160629/15160629_2_recent.java,method,1,25,Agress Yes,Improving Code
287,camunda-consulting,https://stackoverflow.com/questions/15160629,so_15160629_block_2,ELIGIBLE,dataset/before/so_15160629_block_2.java,dataset/after/so_15160629_block_2.java,15160629/15160629_2_recent.java,method,1,25,Agress Yes,Improving Code
288,camunda-consulting,https://stackoverflow.com/questions/15160629,so_15160629_block_2,ELIGIBLE,dataset/before/so_15160629_block_2.java,dataset/after/so_15160629_block_2.java,15160629/15160629_2_recent.java,method,1,25,Agress Yes,Improving Code
289,camunda-consulting,https://stackoverflow.com/questions/56259221,so_56259221_block_5,ELIGIBLE,dataset/before/so_56259221_block_5.java,dataset/after/so_56259221_block_5.java,56259221/56259221_5_recent.java,method,1,13,Agree No,""
290,camunda-consulting,https://stackoverflow.com/questions/15160629,so_15160629_block_2,ELIGIBLE,dataset/before/so_15160629_block_2.java,dataset/after/so_15160629_block_2.java,15160629/15160629_2_recent.java,method,1,25,Agress Yes,Improving Code
291,camunda-consulting,https://stackoverflow.com/questions/15160629,so_15160629_block_2,ELIGIBLE,dataset/before/so_15160629_block_2.java,dataset/after/so_15160629_block_2.java,15160629/15160629_2_recent.java,method,1,25,Agress Yes,Improving Code
292,camunda-consulting,https://stackoverflow.com/questions/15160629,so_15160629_block_2,ELIGIBLE,dataset/before/so_15160629_block_2.java,dataset/after/so_15160629_block_2.java,15160629/15160629_2_recent.java,method,1,25,Agress Yes,Improving Code
293,camunda-consulting,https://stackoverflow.com/questions/15160629,so_15160629_block_2,ELIGIBLE,dataset/before/so_15160629_block_2.java,dataset/after/so_15160629_block_2.java,15160629/15160629_2_recent.java,method,1,25,Agress Yes,Improving Code
294,camunda-consulting,https://stackoverflow.com/questions/56259221,so_56259221_block_5,ELIGIBLE,dataset/before/so_56259221_block_5.java,dataset/after/so_56259221_block_5.java,56259221/56259221_5_recent.java,method,1,13,Agree No,""
682,carlspring,https://stackoverflow.com/questions/18454342,so_18454342_block_2,ELIGIBLE,dataset/before/so_18454342_block_2.java,dataset/after/so_18454342_block_2.java,18454342/18454342_2_recent.java,method,1,29,Agree No,""
414,ccrama,https://stackoverflow.com/questions/27436796,so_27436796_block_2,ELIGIBLE,dataset/before/so_27436796_block_2.java,dataset/after/so_27436796_block_2.java,27436796/27436796_2_recent.java,method,1,69,Agress Yes,Improving Code
396,changmingxie,https://stackoverflow.com/questions/58370217,so_58370217_block_2,ELIGIBLE,dataset/before/so_58370217_block_2.java,dataset/after/so_58370217_block_2.java,58370217/58370217_2_recent.java,method,1,45,Agress Yes,Improving Code
93,chatty,https://stackoverflow.com/questions/45262825,so_45262825_block_4,ELIGIBLE,dataset/before/so_45262825_block_4.java,dataset/after/so_45262825_block_4.java,45262825/45262825_4_recent.java,method,1,124,Agree No,""
94,chatty,https://stackoverflow.com/questions/45262825,so_45262825_block_4,ELIGIBLE,dataset/before/so_45262825_block_4.java,dataset/after/so_45262825_block_4.java,45262825/45262825_4_recent.java,method,1,124,Agree No,""
314,chrislacy,https://stackoverflow.com/questions/9293885,so_9293885_block_2,ELIGIBLE,dataset/before/so_9293885_block_2.java,dataset/after/so_9293885_block_2.java,9293885/9293885_2_recent.java,method,1,18,Agress Yes,Bug Fixing
472,ciallo-dev,https://stackoverflow.com/questions/25985720,so_25985720_block_14,ELIGIBLE,dataset/before/so_25985720_block_14.java,dataset/after/so_25985720_block_14.java,25985720/25985720_14_recent.java,method,1,21,Agree No,""
104,citybench,https://stackoverflow.com/questions/12738229,so_12738229_block_2,ELIGIBLE,dataset/before/so_12738229_block_2.java,dataset/after/so_12738229_block_2.java,12738229/12738229_2_30063703.java,sortByValue,5,21,Agress Yes,Improving Code
493,cityzenapp,https://stackoverflow.com/questions/60128473,so_60128473_block_8,ELIGIBLE,dataset/before/so_60128473_block_8.java,dataset/after/so_60128473_block_8.java,60128473/60128473_8_recent.java,method,1,122,Agree No,""
168,clouway,https://stackoverflow.com/questions/59664498,so_59664498_block_2,ELIGIBLE,dataset/before/so_59664498_block_2.java,dataset/after/so_59664498_block_2.java,59664498/59664498_2_recent.java,method,1,68,Agress Yes,Bug Fixing
203,code4craft,https://stackoverflow.com/questions/31868761,so_31868761_block_4,ELIGIBLE,dataset/before/so_31868761_block_4.java,dataset/after/so_31868761_block_4.java,31868761/31868761_4_96856276.java,method,1,12,Agree No,""
504,controlsfx,https://stackoverflow.com/questions/54491401,so_54491401_block_2,ELIGIBLE,dataset/before/so_54491401_block_2.java,dataset/after/so_54491401_block_2.java,54491401/54491401_2_190812542.java,start,21,65,Agree No,""
774,controlsystemstudio,https://stackoverflow.com/questions/32164598,so_32164598_block_8,ELIGIBLE,dataset/before/so_32164598_block_8.java,dataset/after/so_32164598_block_8.java,32164598/32164598_8_recent.java,method,1,15,Agress Yes,Bug Fixing
605,conventions,https://stackoverflow.com/questions/4429257,so_4429257_block_2,ELIGIBLE,dataset/before/so_4429257_block_2.java,dataset/after/so_4429257_block_2.java,4429257/4429257_2_9347476.java,newBundle,2,32,Agree No,""
87,convertapi,https://stackoverflow.com/questions/41251473,so_41251473_block_6,ELIGIBLE,dataset/before/so_41251473_block_6.java,dataset/after/so_41251473_block_6.java,41251473/41251473_6_recent.java,method,1,20,Agress Yes,Improving Code
45,corretto,https://stackoverflow.com/questions/13462440,so_13462440_block_6,ELIGIBLE,dataset/before/so_13462440_block_6.java,dataset/after/so_13462440_block_6.java,13462440/13462440_6_32050882.java,init,30,44,Agress Yes,Improving Code
46,corretto,https://stackoverflow.com/questions/58993471,so_58993471_block_2,ELIGIBLE,dataset/before/so_58993471_block_2.java,dataset/after/so_58993471_block_2.java,58993471/58993471_2_recent.java,method,1,363,Agress Yes,Improving Code
47,corretto,https://stackoverflow.com/questions/29866762,so_29866762_block_2,ELIGIBLE,dataset/before/so_29866762_block_2.java,dataset/after/so_29866762_block_2.java,29866762/29866762_2_89013107.java,method,1,40,Agress Yes,Improving Code
48,corretto,https://stackoverflow.com/questions/29866762,so_29866762_block_2,ELIGIBLE,dataset/before/so_29866762_block_2.java,dataset/after/so_29866762_block_2.java,29866762/29866762_2_89013107.java,method,1,40,Agress Yes,Improving Code
49,corretto,https://stackoverflow.com/questions/46830988,so_46830988_block_4,ELIGIBLE,dataset/before/so_46830988_block_4.java,dataset/after/so_46830988_block_4.java,46830988/46830988_4_158689916.java,method,1,19,Agree No,""
50,corretto,https://stackoverflow.com/questions/16799135,so_16799135_block_10,ELIGIBLE,dataset/before/so_16799135_block_10.java,dataset/after/so_16799135_block_10.java,16799135/16799135_10_41317480.java,method,1,23,Agress Yes,Improving Code
51,corretto,https://stackoverflow.com/questions/29330741,so_29330741_block_6,ELIGIBLE,dataset/before/so_29330741_block_6.java,dataset/after/so_29330741_block_6.java,29330741/29330741_6_86929181.java,method,1,13,Agress Yes,Improving Code
52,corretto,https://stackoverflow.com/questions/29330741,so_29330741_block_6,ELIGIBLE,dataset/before/so_29330741_block_6.java,dataset/after/so_29330741_block_6.java,29330741/29330741_6_86929181.java,method,1,13,Agree No,""
53,corretto,https://stackoverflow.com/questions/45774144,so_45774144_block_4,ELIGIBLE,dataset/before/so_45774144_block_4.java,dataset/after/so_45774144_block_4.java,45774144/45774144_4_recent.java,method,1,21,Agress Yes,Improving Code
54,corretto,https://stackoverflow.com/questions/54119640,so_54119640_block_4,ELIGIBLE,dataset/before/so_54119640_block_4.java,dataset/after/so_54119640_block_4.java,54119640/54119640_4_189259651.java,mouseClicked,10,26,Agress Yes,Improving Code
55,corretto,https://stackoverflow.com/questions/58993471,so_58993471_block_2,ELIGIBLE,dataset/before/so_58993471_block_2.java,dataset/after/so_58993471_block_2.java,58993471/58993471_2_recent.java,method,1,363,Agree No,""
56,corretto,https://stackoverflow.com/questions/58993471,so_58993471_block_2,ELIGIBLE,dataset/before/so_58993471_block_2.java,dataset/after/so_58993471_block_2.java,58993471/58993471_2_recent.java,method,1,363,Agree No,""
57,corretto,https://stackoverflow.com/questions/64938483,so_64938483_block_2,ELIGIBLE,dataset/before/so_64938483_block_2.java,dataset/after/so_64938483_block_2.java,64938483/64938483_2_recent.java,method,1,68,Agress Yes,Improving Code
58,corretto,https://stackoverflow.com/questions/6702420,so_6702420_block_2,ELIGIBLE,dataset/before/so_6702420_block_2.java,dataset/after/so_6702420_block_2.java,6702420/6702420_2_89518975.java,main,9,18,Agree No,""
59,corretto,https://stackoverflow.com/questions/58993471,so_58993471_block_2,ELIGIBLE,dataset/before/so_58993471_block_2.java,dataset/after/so_58993471_block_2.java,58993471/58993471_2_recent.java,method,1,363,Agree No,""
60,corretto,https://stackoverflow.com/questions/58993471,so_58993471_block_2,ELIGIBLE,dataset/before/so_58993471_block_2.java,dataset/after/so_58993471_block_2.java,58993471/58993471_2_recent.java,method,1,363,Agree No,""
61,corretto,https://stackoverflow.com/questions/58993471,so_58993471_block_2,ELIGIBLE,dataset/before/so_58993471_block_2.java,dataset/after/so_58993471_block_2.java,58993471/58993471_2_recent.java,method,1,363,Agree No,""
62,corretto,https://stackoverflow.com/questions/58993471,so_58993471_block_2,ELIGIBLE,dataset/before/so_58993471_block_2.java,dataset/after/so_58993471_block_2.java,58993471/58993471_2_recent.java,method,1,363,Agree No,""
63,corretto,https://stackoverflow.com/questions/58617321,so_58617321_block_2,ELIGIBLE,dataset/before/so_58617321_block_2.java,dataset/after/so_58617321_block_2.java,58617321/58617321_2_recent.java,method,1,17,Agree No,""
64,corretto,https://stackoverflow.com/questions/45774144,so_45774144_block_4,ELIGIBLE,dataset/before/so_45774144_block_4.java,dataset/after/so_45774144_block_4.java,45774144/45774144_4_recent.java,method,1,21,Agree No,""
65,corretto,https://stackoverflow.com/questions/58993471,so_58993471_block_2,ELIGIBLE,dataset/before/so_58993471_block_2.java,dataset/after/so_58993471_block_2.java,58993471/58993471_2_recent.java,method,1,363,Agree No,""
66,corretto,https://stackoverflow.com/questions/29866762,so_29866762_block_2,ELIGIBLE,dataset/before/so_29866762_block_2.java,dataset/after/so_29866762_block_2.java,29866762/29866762_2_89013107.java,method,1,40,Agree No,""
67,corretto,https://stackoverflow.com/questions/29866762,so_29866762_block_2,ELIGIBLE,dataset/before/so_29866762_block_2.java,dataset/after/so_29866762_block_2.java,29866762/29866762_2_89013107.java,method,1,40,Agress Yes,Improving Code
68,corretto,https://stackoverflow.com/questions/46830988,so_46830988_block_4,ELIGIBLE,dataset/before/so_46830988_block_4.java,dataset/after/so_46830988_block_4.java,46830988/46830988_4_158689916.java,method,1,19,Agree No,""
69,corretto,https://stackoverflow.com/questions/62919983,so_62919983_block_2,ELIGIBLE,dataset/before/so_62919983_block_2.java,dataset/after/so_62919983_block_2.java,62919983/62919983_2_recent.java,method,1,17,Agree No,""
70,corretto,https://stackoverflow.com/questions/16799135,so_16799135_block_10,ELIGIBLE,dataset/before/so_16799135_block_10.java,dataset/after/so_16799135_block_10.java,16799135/16799135_10_41317480.java,method,1,23,Agress Yes,Improving Code
71,corretto,https://stackoverflow.com/questions/29330741,so_29330741_block_6,ELIGIBLE,dataset/before/so_29330741_block_6.java,dataset/after/so_29330741_block_6.java,29330741/29330741_6_86929181.java,method,1,13,Agress Yes,Improving Code
72,corretto,https://stackoverflow.com/questions/29330741,so_29330741_block_6,ELIGIBLE,dataset/before/so_29330741_block_6.java,dataset/after/so_29330741_block_6.java,29330741/29330741_6_86929181.java,method,1,13,Agree No,""
73,corretto,https://stackoverflow.com/questions/58993471,so_58993471_block_2,ELIGIBLE,dataset/before/so_58993471_block_2.java,dataset/after/so_58993471_block_2.java,58993471/58993471_2_recent.java,method,1,363,Agree No,""
74,corretto,https://stackoverflow.com/questions/58993471,so_58993471_block_2,ELIGIBLE,dataset/before/so_58993471_block_2.java,dataset/after/so_58993471_block_2.java,58993471/58993471_2_recent.java,method,1,363,Agree No,""
75,corretto,https://stackoverflow.com/questions/58993471,so_58993471_block_2,ELIGIBLE,dataset/before/so_58993471_block_2.java,dataset/after/so_58993471_block_2.java,58993471/58993471_2_recent.java,method,1,363,Agree No,""
76,corretto,https://stackoverflow.com/questions/64938483,so_64938483_block_2,ELIGIBLE,dataset/before/so_64938483_block_2.java,dataset/after/so_64938483_block_2.java,64938483/64938483_2_recent.java,method,1,68,Agress Yes,Improving Code
77,corretto,https://stackoverflow.com/questions/6702420,so_6702420_block_2,ELIGIBLE,dataset/before/so_6702420_block_2.java,dataset/after/so_6702420_block_2.java,6702420/6702420_2_89518975.java,main,9,18,Agree No,""
78,corretto,https://stackoverflow.com/questions/58993471,so_58993471_block_2,ELIGIBLE,dataset/before/so_58993471_block_2.java,dataset/after/so_58993471_block_2.java,58993471/58993471_2_recent.java,method,1,363,Agree No,""
79,corretto,https://stackoverflow.com/questions/58993471,so_58993471_block_2,ELIGIBLE,dataset/before/so_58993471_block_2.java,dataset/after/so_58993471_block_2.java,58993471/58993471_2_recent.java,method,1,363,Agree No,""
80,corretto,https://stackoverflow.com/questions/58993471,so_58993471_block_2,ELIGIBLE,dataset/before/so_58993471_block_2.java,dataset/after/so_58993471_block_2.java,58993471/58993471_2_recent.java,method,1,363,Agree No,""
81,corretto,https://stackoverflow.com/questions/58993471,so_58993471_block_2,ELIGIBLE,dataset/before/so_58993471_block_2.java,dataset/after/so_58993471_block_2.java,58993471/58993471_2_recent.java,method,1,363,Agree No,""
82,corretto,https://stackoverflow.com/questions/58993471,so_58993471_block_2,ELIGIBLE,dataset/before/so_58993471_block_2.java,dataset/after/so_58993471_block_2.java,58993471/58993471_2_recent.java,method,1,363,Agree No,""
83,corretto,https://stackoverflow.com/questions/1520212,so_1520212_block_2,ELIGIBLE,dataset/before/so_1520212_block_2.java,dataset/after/so_1520212_block_2.java,1520212/1520212_2_recent.java,shuffleArray,19,31,Agree No,""
84,corretto,https://stackoverflow.com/questions/58617321,so_58617321_block_2,ELIGIBLE,dataset/before/so_58617321_block_2.java,dataset/after/so_58617321_block_2.java,58617321/58617321_2_recent.java,method,1,17,Agress Yes,Improving Code
209,cplutte,https://stackoverflow.com/questions/13329885,so_13329885_block_2,ELIGIBLE,dataset/before/so_13329885_block_2.java,dataset/after/so_13329885_block_2.java,13329885/13329885_2_recent.java,method,1,154,Agree No,""
345,crazyhitty,https://stackoverflow.com/questions/9109728,so_9109728_block_6,ELIGIBLE,dataset/before/so_9109728_block_6.java,dataset/after/so_9109728_block_6.java,9109728/9109728_6_recent.java,copyDataBase,43,54,Agress Yes,Improving Code
346,crazyhitty,https://stackoverflow.com/questions/9109728,so_9109728_block_8,EXCLUDED,"","",9109728/9109728_8_133022768.java,createDatabase,18,30,Agress Yes,Improving Code
328,cruxframework,https://stackoverflow.com/questions/41225553,so_41225553_block_2,ELIGIBLE,dataset/before/so_41225553_block_2.java,dataset/after/so_41225553_block_2.java,41225553/41225553_2_recent.java,method,1,34,Agress Yes,Improving Code
186,cryptoguardoss,https://stackoverflow.com/questions/30952083,so_30952083_block_2,ELIGIBLE,dataset/before/so_30952083_block_2.java,dataset/after/so_30952083_block_2.java,30952083/30952083_2_93280714.java,method,1,31,Agress Yes,Bug Fixing
653,ctripcorp,https://stackoverflow.com/questions/59664498,so_59664498_block_2,ELIGIBLE,dataset/before/so_59664498_block_2.java,dataset/after/so_59664498_block_2.java,59664498/59664498_2_recent.java,method,1,68,Agress Yes,Improving Code
582,cymcsg,https://stackoverflow.com/questions/20276324,so_20276324_block_2,ELIGIBLE,dataset/before/so_20276324_block_2.java,dataset/after/so_20276324_block_2.java,20276324/20276324_2_recent.java,method,1,12,Agress Yes,Improving Code
236,cyriux,https://stackoverflow.com/questions/9293885,so_9293885_block_2,ELIGIBLE,dataset/before/so_9293885_block_2.java,dataset/after/so_9293885_block_2.java,9293885/9293885_2_recent.java,method,1,18,Agress Yes,Bug Fixing
665,daliyan,https://stackoverflow.com/questions/6788456,so_6788456_block_2,ELIGIBLE,dataset/before/so_6788456_block_2.java,dataset/after/so_6788456_block_2.java,6788456/6788456_2_209269621.java,method,1,15,Agree No,""
666,daliyan,https://stackoverflow.com/questions/6788456,so_6788456_block_2,ELIGIBLE,dataset/before/so_6788456_block_2.java,dataset/after/so_6788456_block_2.java,6788456/6788456_2_209269621.java,method,1,15,Agree No,""
19,datastax,https://stackoverflow.com/questions/18454342,so_18454342_block_2,ELIGIBLE,dataset/before/so_18454342_block_2.java,dataset/after/so_18454342_block_2.java,18454342/18454342_2_recent.java,method,1,29,Agress Yes,Improving Code
427,davidwhitlock,https://stackoverflow.com/questions/29548090,so_29548090_block_4,ELIGIBLE,dataset/before/so_29548090_block_4.java,dataset/after/so_29548090_block_4.java,29548090/29548090_4_recent.java,method,1,78,Agress Yes,Improving Code
406,daxiak,https://stackoverflow.com/questions/9293885,so_9293885_block_2,ELIGIBLE,dataset/before/so_9293885_block_2.java,dataset/after/so_9293885_block_2.java,9293885/9293885_2_recent.java,method,1,18,Agress Yes,Improving Code
407,daxiak,https://stackoverflow.com/questions/30321780,so_30321780_block_2,ELIGIBLE,dataset/before/so_30321780_block_2.java,dataset/after/so_30321780_block_2.java,30321780/30321780_2_recent.java,method,1,19,Agree No,""
667,deeplearning4j,https://stackoverflow.com/questions/12738229,so_12738229_block_2,ELIGIBLE,dataset/before/so_12738229_block_2.java,dataset/after/so_12738229_block_2.java,12738229/12738229_2_30063703.java,sortByValue,5,21,Agress Yes,Improving Code
668,deeplearning4j,https://stackoverflow.com/questions/453067,so_453067_block_2,ELIGIBLE,dataset/before/so_453067_block_2.java,dataset/after/so_453067_block_2.java,453067/453067_2_recent.java,method,1,20,Agress Yes,Improving Code
343,dengsinkiang,https://stackoverflow.com/questions/58370217,so_58370217_block_2,ELIGIBLE,dataset/before/so_58370217_block_2.java,dataset/after/so_58370217_block_2.java,58370217/58370217_2_recent.java,method,1,45,Agress Yes,Improving Code
119,denzilferreira,https://stackoverflow.com/questions/6788456,so_6788456_block_2,ELIGIBLE,dataset/before/so_6788456_block_2.java,dataset/after/so_6788456_block_2.java,6788456/6788456_2_209269621.java,method,1,15,Agree No,""
120,denzilferreira,https://stackoverflow.com/questions/6788456,so_6788456_block_2,ELIGIBLE,dataset/before/so_6788456_block_2.java,dataset/after/so_6788456_block_2.java,6788456/6788456_2_209269621.java,method,1,15,Agree No,""
266,devil-chen,https://stackoverflow.com/questions/52144662,so_52144662_block_2,ELIGIBLE,dataset/before/so_52144662_block_2.java,dataset/after/so_52144662_block_2.java,52144662/52144662_2_181397043.java,method,1,97,Agress Yes,Improving Code
41,devs-immortal,https://stackoverflow.com/questions/65112087,so_65112087_block_2,ELIGIBLE,dataset/before/so_65112087_block_2.java,dataset/after/so_65112087_block_2.java,65112087/65112087_2_236114933.java,method,1,14,Agress Yes,Improving Code
397,dietzm,https://stackoverflow.com/questions/10967469,so_10967469_block_2,ELIGIBLE,dataset/before/so_10967469_block_2.java,dataset/after/so_10967469_block_2.java,10967469/10967469_2_recent.java,method,1,20,Agress Yes,Improving Code
675,dnmilne,https://stackoverflow.com/questions/138950,so_138950_block_6,ELIGIBLE,dataset/before/so_138950_block_6.java,dataset/after/so_138950_block_6.java,138950/138950_6_recent.java,doFilter,15,28,Agree No,""
722,dockstore,https://stackoverflow.com/questions/61006461,so_61006461_block_2,ELIGIBLE,dataset/before/so_61006461_block_2.java,dataset/after/so_61006461_block_2.java,61006461/61006461_2_recent.java,method,1,96,Agress Yes,Improving Code
786,dougkeen,https://stackoverflow.com/questions/27287511,so_27287511_block_2,ELIGIBLE,dataset/before/so_27287511_block_2.java,dataset/after/so_27287511_block_2.java,27287511/27287511_2_79053914.java,method,1,18,Agree No,""
601,douglascraigschmidt,https://stackoverflow.com/questions/27644392,so_27644392_block_4,ELIGIBLE,dataset/before/so_27644392_block_4.java,dataset/after/so_27644392_block_4.java,27644392/27644392_4_103987644.java,method,1,67,Agree No,""
602,douglascraigschmidt,https://stackoverflow.com/questions/27644392,so_27644392_block_4,ELIGIBLE,dataset/before/so_27644392_block_4.java,dataset/after/so_27644392_block_4.java,27644392/27644392_4_103987644.java,method,1,67,Agree No,""
423,dragome,https://stackoverflow.com/questions/29866762,so_29866762_block_2,ELIGIBLE,dataset/before/so_29866762_block_2.java,dataset/after/so_29866762_block_2.java,29866762/29866762_2_89013107.java,method,1,40,Agress Yes,Improving Code
424,dragome,https://stackoverflow.com/questions/29866762,so_29866762_block_2,ELIGIBLE,dataset/before/so_29866762_block_2.java,dataset/after/so_29866762_block_2.java,29866762/29866762_2_89013107.java,method,1,40,Agree No,""
425,dragome,https://stackoverflow.com/questions/16799135,so_16799135_block_10,ELIGIBLE,dataset/before/so_16799135_block_10.java,dataset/after/so_16799135_block_10.java,16799135/16799135_10_41317480.java,method,1,23,Agree No,""
426,dragome,https://stackoverflow.com/questions/55728841,so_55728841_block_2,ELIGIBLE,dataset/before/so_55728841_block_2.java,dataset/after/so_55728841_block_2.java,55728841/55728841_2_recent.java,method,1,37,Agress Yes,Improving Code
101,dragon66,https://stackoverflow.com/questions/28458368,so_28458368_block_4,ELIGIBLE,dataset/before/so_28458368_block_4.java,dataset/after/so_28458368_block_4.java,28458368/28458368_4_recent.java,method,1,35,Agress Yes,Improving Code
323,drjia,https://stackoverflow.com/questions/52144662,so_52144662_block_2,ELIGIBLE,dataset/before/so_52144662_block_2.java,dataset/after/so_52144662_block_2.java,52144662/52144662_2_181397043.java,method,1,97,Agress Yes,Improving Code
694,dromara,https://stackoverflow.com/questions/60266789,so_60266789_block_2,ELIGIBLE,dataset/before/so_60266789_block_2.java,dataset/after/so_60266789_block_2.java,60266789/60266789_2_recent.java,method,1,13,Agree No,""
642,dsibournemouth,https://stackoverflow.com/questions/10774468,so_10774468_block_2,ELIGIBLE,dataset/before/so_10774468_block_2.java,dataset/after/so_10774468_block_2.java,10774468/10774468_2_recent.java,method,1,95,Agree No,""
107,dunwu,https://stackoverflow.com/questions/58496526,so_58496526_block_2,ELIGIBLE,dataset/before/so_58496526_block_2.java,dataset/after/so_58496526_block_2.java,58496526/58496526_2_207696359.java,method,1,19,Agree No,""
412,ebay,https://stackoverflow.com/questions/13731858,so_13731858_block_2,ELIGIBLE,dataset/before/so_13731858_block_2.java,dataset/after/so_13731858_block_2.java,13731858/13731858_2_recent.java,method,1,19,Agree No,""
167,eclipse-cognicrypt,https://stackoverflow.com/questions/13329885,so_13329885_block_2,ELIGIBLE,dataset/before/so_13329885_block_2.java,dataset/after/so_13329885_block_2.java,13329885/13329885_2_recent.java,method,1,154,Agree No,""
540,eclipse-ee4j,https://stackoverflow.com/questions/4429257,so_4429257_block_2,ELIGIBLE,dataset/before/so_4429257_block_2.java,dataset/after/so_4429257_block_2.java,4429257/4429257_2_9347476.java,newBundle,2,32,Agress Yes,Improving Code
541,eclipse-ee4j,https://stackoverflow.com/questions/12646338,so_12646338_block_8,ELIGIBLE,dataset/before/so_12646338_block_8.java,dataset/after/so_12646338_block_8.java,12646338/12646338_8_recent.java,run,27,41,Agree No,""
542,eclipse-ee4j,https://stackoverflow.com/questions/32484638,so_32484638_block_2,ELIGIBLE,dataset/before/so_32484638_block_2.java,dataset/after/so_32484638_block_2.java,32484638/32484638_2_recent.java,method,1,63,Agree No,""
543,eclipse-ee4j,https://stackoverflow.com/questions/12646338,so_12646338_block_8,ELIGIBLE,dataset/before/so_12646338_block_8.java,dataset/after/so_12646338_block_8.java,12646338/12646338_8_recent.java,run,27,41,Agree No,""
544,eclipse-ee4j,https://stackoverflow.com/questions/12646338,so_12646338_block_8,ELIGIBLE,dataset/before/so_12646338_block_8.java,dataset/after/so_12646338_block_8.java,12646338/12646338_8_recent.java,run,27,41,Agree No,""
545,eclipse-ee4j,https://stackoverflow.com/questions/12646338,so_12646338_block_8,ELIGIBLE,dataset/before/so_12646338_block_8.java,dataset/after/so_12646338_block_8.java,12646338/12646338_8_recent.java,run,27,41,Agree No,""
140,eclipse-jdt,https://stackoverflow.com/questions/19648723,so_19648723_block_1,ELIGIBLE,dataset/before/so_19648723_block_1.java,dataset/after/so_19648723_block_1.java,19648723/19648723_1_recent.java,method,1,20,Agree No,""
280,eclipse-platform,https://stackoverflow.com/questions/41588054,so_41588054_block_2,ELIGIBLE,dataset/before/so_41588054_block_2.java,dataset/after/so_41588054_block_2.java,41588054/41588054_2_recent.java,method,1,64,Agree No,""
281,eclipse-platform,https://stackoverflow.com/questions/41588054,so_41588054_block_2,ELIGIBLE,dataset/before/so_41588054_block_2.java,dataset/after/so_41588054_block_2.java,41588054/41588054_2_135725905.java,method,1,65,Agress Yes,Improving Code
282,eclipse-platform,https://stackoverflow.com/questions/56297618,so_56297618_block_2,ELIGIBLE,dataset/before/so_56297618_block_2.java,dataset/after/so_56297618_block_2.java,56297618/56297618_2_recent.java,main,6,49,Agree No,""
473,eclipse,https://stackoverflow.com/questions/12738229,so_12738229_block_2,ELIGIBLE,dataset/before/so_12738229_block_2.java,dataset/after/so_12738229_block_2.java,12738229/12738229_2_30063703.java,sortByValue,5,21,Agress Yes,Improving Code
474,eclipse,https://stackoverflow.com/questions/453067,so_453067_block_2,ELIGIBLE,dataset/before/so_453067_block_2.java,dataset/after/so_453067_block_2.java,453067/453067_2_recent.java,method,1,20,Agress Yes,Improving Code
475,eclipse,https://stackoverflow.com/questions/59664498,so_59664498_block_2,ELIGIBLE,dataset/before/so_59664498_block_2.java,dataset/after/so_59664498_block_2.java,59664498/59664498_2_recent.java,method,1,68,Agress Yes,Improving Code
242,elastic,https://stackoverflow.com/questions/33561612,so_33561612_block_2,ELIGIBLE,dataset/before/so_33561612_block_2.java,dataset/after/so_33561612_block_2.java,33561612/33561612_2_recent.java,method,1,33,Agress Yes,Improving Code
720,elunez,https://stackoverflow.com/questions/58370217,so_58370217_block_2,ELIGIBLE,dataset/before/so_58370217_block_2.java,dataset/after/so_58370217_block_2.java,58370217/58370217_2_recent.java,method,1,45,Agress Yes,Improving Code
685,emmanuelbernard,https://stackoverflow.com/questions/9293885,so_9293885_block_2,ELIGIBLE,dataset/before/so_9293885_block_2.java,dataset/after/so_9293885_block_2.java,9293885/9293885_2_recent.java,method,1,18,Agress Yes,Improving Code
775,encryptedsystems,https://stackoverflow.com/questions/14676464,so_14676464_block_2,ELIGIBLE,dataset/before/so_14676464_block_2.java,dataset/after/so_14676464_block_2.java,14676464/14676464_2_recent.java,method,1,15,Agree No,""
657,essexuniversitymcts,https://stackoverflow.com/questions/24127188,so_24127188_block_2,ELIGIBLE,dataset/before/so_24127188_block_2.java,dataset/after/so_24127188_block_2.java,24127188/24127188_2_recent.java,method,1,32,Agress Yes,Improving Code
658,essexuniversitymcts,https://stackoverflow.com/questions/24127188,so_24127188_block_2,ELIGIBLE,dataset/before/so_24127188_block_2.java,dataset/after/so_24127188_block_2.java,24127188/24127188_2_recent.java,method,1,32,Agress Yes,Improving Code
659,essexuniversitymcts,https://stackoverflow.com/questions/24127188,so_24127188_block_2,ELIGIBLE,dataset/before/so_24127188_block_2.java,dataset/after/so_24127188_block_2.java,24127188/24127188_2_recent.java,method,1,32,Agress Yes,Improving Code
660,essexuniversitymcts,https://stackoverflow.com/questions/24127188,so_24127188_block_2,ELIGIBLE,dataset/before/so_24127188_block_2.java,dataset/after/so_24127188_block_2.java,24127188/24127188_2_recent.java,method,1,32,Agree No,""
661,essexuniversitymcts,https://stackoverflow.com/questions/24127188,so_24127188_block_2,ELIGIBLE,dataset/before/so_24127188_block_2.java,dataset/after/so_24127188_block_2.java,24127188/24127188_2_recent.java,method,1,32,Agress Yes,Improving Code
662,essexuniversitymcts,https://stackoverflow.com/questions/24127188,so_24127188_block_2,ELIGIBLE,dataset/before/so_24127188_block_2.java,dataset/after/so_24127188_block_2.java,24127188/24127188_2_recent.java,method,1,32,Agress Yes,Improving Code
663,essexuniversitymcts,https://stackoverflow.com/questions/24127188,so_24127188_block_2,ELIGIBLE,dataset/before/so_24127188_block_2.java,dataset/after/so_24127188_block_2.java,24127188/24127188_2_recent.java,method,1,32,Agress Yes,Improving Code
664,essexuniversitymcts,https://stackoverflow.com/questions/24127188,so_24127188_block_2,ELIGIBLE,dataset/before/so_24127188_block_2.java,dataset/after/so_24127188_block_2.java,24127188/24127188_2_recent.java,method,1,32,Agree No,""
171,eternita,https://stackoverflow.com/questions/52148106,so_52148106_block_4,ELIGIBLE,dataset/before/so_52148106_block_4.java,dataset/after/so_52148106_block_4.java,52148106/52148106_4_181012547.java,method,1,13,Agree No,""
172,eternita,https://stackoverflow.com/questions/52148106,so_52148106_block_4,ELIGIBLE,dataset/before/so_52148106_block_4.java,dataset/after/so_52148106_block_4.java,52148106/52148106_4_181012547.java,method,1,13,Agree No,""
619,eugenp,https://stackoverflow.com/questions/34717151,so_34717151_block_6,ELIGIBLE,dataset/before/so_34717151_block_6.java,dataset/after/so_34717151_block_6.java,34717151/34717151_6_recent.java,method,1,60,Agress Yes,Improving Code
620,eugenp,https://stackoverflow.com/questions/13730854,so_13730854_block_2,ELIGIBLE,dataset/before/so_13730854_block_2.java,dataset/after/so_13730854_block_2.java,13730854/13730854_2_recent.java,method,1,10,Agree No,""
621,eugenp,https://stackoverflow.com/questions/53360610,so_53360610_block_4,ELIGIBLE,dataset/before/so_53360610_block_4.java,dataset/after/so_53360610_block_4.java,53360610/53360610_4_186072235.java,method,1,12,Agress Yes,Improving Code
622,eugenp,https://stackoverflow.com/questions/33943576,so_33943576_block_2,ELIGIBLE,dataset/before/so_33943576_block_2.java,dataset/after/so_33943576_block_2.java,33943576/33943576_2_175039647.java,method,1,15,Agress Yes,Bug Fixing
623,eugenp,https://stackoverflow.com/questions/33085670,so_33085670_block_2,ELIGIBLE,dataset/before/so_33085670_block_2.java,dataset/after/so_33085670_block_2.java,33085670/33085670_2_recent.java,method,1,20,Agress Yes,Improving Code
624,eugenp,https://stackoverflow.com/questions/20765715,so_20765715_block_2,ELIGIBLE,dataset/before/so_20765715_block_2.java,dataset/after/so_20765715_block_2.java,20765715/20765715_2_recent.java,method,1,22,Agress Yes,Improving Code
625,eugenp,https://stackoverflow.com/questions/52148106,so_52148106_block_4,ELIGIBLE,dataset/before/so_52148106_block_4.java,dataset/after/so_52148106_block_4.java,52148106/52148106_4_181012547.java,method,1,13,Agress Yes,Improving Code
626,eugenp,https://stackoverflow.com/questions/52148106,so_52148106_block_4,ELIGIBLE,dataset/before/so_52148106_block_4.java,dataset/after/so_52148106_block_4.java,52148106/52148106_4_181012547.java,method,1,13,Agress Yes,Improving Code
627,eugenp,https://stackoverflow.com/questions/52148106,so_52148106_block_4,ELIGIBLE,dataset/before/so_52148106_block_4.java,dataset/after/so_52148106_block_4.java,52148106/52148106_4_181012547.java,method,1,13,Agress Yes,Improving Code
648,evgenyzinoviev,https://stackoverflow.com/questions/52144662,so_52144662_block_2,ELIGIBLE,dataset/before/so_52144662_block_2.java,dataset/after/so_52144662_block_2.java,52144662/52144662_2_181397043.java,method,1,97,Agree No,""
649,evgenyzinoviev,https://stackoverflow.com/questions/9293885,so_9293885_block_2,ELIGIBLE,dataset/before/so_9293885_block_2.java,dataset/after/so_9293885_block_2.java,9293885/9293885_2_recent.java,method,1,18,Agress Yes,Improving Code
476,evosuite,https://stackoverflow.com/questions/19648723,so_19648723_block_1,ELIGIBLE,dataset/before/so_19648723_block_1.java,dataset/after/so_19648723_block_1.java,19648723/19648723_1_recent.java,method,1,20,Agree No,""
477,evosuite,https://stackoverflow.com/questions/19648723,so_19648723_block_1,ELIGIBLE,dataset/before/so_19648723_block_1.java,dataset/after/so_19648723_block_1.java,19648723/19648723_1_recent.java,method,1,20,Agree No,""
478,evosuite,https://stackoverflow.com/questions/19648723,so_19648723_block_1,ELIGIBLE,dataset/before/so_19648723_block_1.java,dataset/after/so_19648723_block_1.java,19648723/19648723_1_recent.java,method,1,20,Agree No,""
479,evosuite,https://stackoverflow.com/questions/19648723,so_19648723_block_1,ELIGIBLE,dataset/before/so_19648723_block_1.java,dataset/after/so_19648723_block_1.java,19648723/19648723_1_recent.java,method,1,20,Agree No,""
480,evosuite,https://stackoverflow.com/questions/19648723,so_19648723_block_1,ELIGIBLE,dataset/before/so_19648723_block_1.java,dataset/after/so_19648723_block_1.java,19648723/19648723_1_recent.java,method,1,20,Agree No,""
354,f117-sercet,https://stackoverflow.com/questions/58370217,so_58370217_block_2,ELIGIBLE,dataset/before/so_58370217_block_2.java,dataset/after/so_58370217_block_2.java,58370217/58370217_2_recent.java,method,1,45,Agress Yes,Improving Code
21,facebook,https://stackoverflow.com/questions/54298032,so_54298032_block_2,ELIGIBLE,dataset/before/so_54298032_block_2.java,dataset/after/so_54298032_block_2.java,54298032/54298032_2_190009745.java,copy,52,65,Agree No,""
573,fanhongtao,https://stackoverflow.com/questions/29866762,so_29866762_block_2,ELIGIBLE,dataset/before/so_29866762_block_2.java,dataset/after/so_29866762_block_2.java,29866762/29866762_2_89013107.java,method,1,40,Agress Yes,Improving Code
574,fanhongtao,https://stackoverflow.com/questions/29866762,so_29866762_block_2,ELIGIBLE,dataset/before/so_29866762_block_2.java,dataset/after/so_29866762_block_2.java,29866762/29866762_2_89013107.java,method,1,40,Agree No,""
575,fanhongtao,https://stackoverflow.com/questions/3870210,so_3870210_block_4,ELIGIBLE,dataset/before/so_3870210_block_4.java,dataset/after/so_3870210_block_4.java,3870210/3870210_4_recent.java,method,1,29,Agress Yes,Improving Code
576,fanhongtao,https://stackoverflow.com/questions/16799135,so_16799135_block_10,ELIGIBLE,dataset/before/so_16799135_block_10.java,dataset/after/so_16799135_block_10.java,16799135/16799135_10_41317480.java,method,1,23,Agree No,""
577,fanhongtao,https://stackoverflow.com/questions/50578162,so_50578162_block_2,ELIGIBLE,dataset/before/so_50578162_block_2.java,dataset/after/so_50578162_block_2.java,50578162/50578162_2_recent.java,method,1,22,Agree No,""
578,fanhongtao,https://stackoverflow.com/questions/45774144,so_45774144_block_4,ELIGIBLE,dataset/before/so_45774144_block_4.java,dataset/after/so_45774144_block_4.java,45774144/45774144_4_recent.java,method,1,21,Agree No,""
579,fanhongtao,https://stackoverflow.com/questions/54119640,so_54119640_block_4,ELIGIBLE,dataset/before/so_54119640_block_4.java,dataset/after/so_54119640_block_4.java,54119640/54119640_4_189259651.java,mouseClicked,10,26,Agress Yes,Improving Code
10,fesch,https://stackoverflow.com/questions/9709606,so_9709606_block_2,ELIGIBLE,dataset/before/so_9709606_block_2.java,dataset/after/so_9709606_block_2.java,9709606/9709606_2_recent.java,method,1,19,Agress Yes,Improving Code
11,fesch,https://stackoverflow.com/questions/9709606,so_9709606_block_2,ELIGIBLE,dataset/before/so_9709606_block_2.java,dataset/after/so_9709606_block_2.java,9709606/9709606_2_recent.java,method,1,19,Agress Yes,Improving Code
279,firebase,https://stackoverflow.com/questions/59394165,so_59394165_block_2,ELIGIBLE,dataset/before/so_59394165_block_2.java,dataset/after/so_59394165_block_2.java,59394165/59394165_2_211463641.java,method,1,26,Agress Yes,Improving Code
783,flyve-mdm,https://stackoverflow.com/questions/52144662,so_52144662_block_2,ELIGIBLE,dataset/before/so_52144662_block_2.java,dataset/after/so_52144662_block_2.java,52144662/52144662_2_181397043.java,method,1,97,Agress Yes,Improving Code
176,foxinmy,https://stackoverflow.com/questions/41251473,so_41251473_block_6,ELIGIBLE,dataset/before/so_41251473_block_6.java,dataset/after/so_41251473_block_6.java,41251473/41251473_6_recent.java,method,1,20,Agress Yes,Improving Code
505,freedomotic,https://stackoverflow.com/questions/4429257,so_4429257_block_2,ELIGIBLE,dataset/before/so_4429257_block_2.java,dataset/after/so_4429257_block_2.java,4429257/4429257_2_9347476.java,newBundle,2,32,Agree No,""
506,freedomotic,https://stackoverflow.com/questions/59823215,so_59823215_block_2,ELIGIBLE,dataset/before/so_59823215_block_2.java,dataset/after/so_59823215_block_2.java,59823215/59823215_2_recent.java,method,1,17,Agress Yes,Improving Code
673,freeplane,https://stackoverflow.com/questions/61006461,so_61006461_block_2,ELIGIBLE,dataset/before/so_61006461_block_2.java,dataset/after/so_61006461_block_2.java,61006461/61006461_2_recent.java,method,1,96,Agree No,""
499,funwayguy,https://stackoverflow.com/questions/63631995,so_63631995_block_6,ELIGIBLE,dataset/before/so_63631995_block_6.java,dataset/after/so_63631995_block_6.java,63631995/63631995_6_recent.java,method,1,110,Agree No,""
698,geoodk,https://stackoverflow.com/questions/19876516,so_19876516_block_2,ELIGIBLE,dataset/before/so_19876516_block_2.java,dataset/after/so_19876516_block_2.java,19876516/19876516_2_recent.java,method,1,33,Agree No,""
699,geoodk,https://stackoverflow.com/questions/55003173,so_55003173_block_2,ELIGIBLE,dataset/before/so_55003173_block_2.java,dataset/after/so_55003173_block_2.java,55003173/55003173_2_recent.java,method,1,12,Agress Yes,Bug Fixing
4,getodk,https://stackoverflow.com/questions/55003173,so_55003173_block_2,ELIGIBLE,dataset/before/so_55003173_block_2.java,dataset/after/so_55003173_block_2.java,55003173/55003173_2_recent.java,method,1,12,Agress Yes,Bug Fixing
199,giginet,https://stackoverflow.com/questions/9293885,so_9293885_block_2,ELIGIBLE,dataset/before/so_9293885_block_2.java,dataset/after/so_9293885_block_2.java,9293885/9293885_2_recent.java,method,1,18,Agress Yes,Improving Code
228,giloutho,https://stackoverflow.com/questions/32164598,so_32164598_block_8,ELIGIBLE,dataset/before/so_32164598_block_8.java,dataset/after/so_32164598_block_8.java,32164598/32164598_8_recent.java,method,1,15,Agress Yes,Bug Fixing
240,gitlab4j,https://stackoverflow.com/questions/22918204,so_22918204_block_2,ELIGIBLE,dataset/before/so_22918204_block_2.java,dataset/after/so_22918204_block_2.java,22918204/22918204_2_62450522.java,serialize,3,14,Agree No,""
235,gluufederation,https://stackoverflow.com/questions/47622507,so_47622507_block_4,ELIGIBLE,dataset/before/so_47622507_block_4.java,dataset/after/so_47622507_block_4.java,47622507/47622507_4_196832552.java,method,1,29,Agress Yes,Improving Code
322,gmu-swe,https://stackoverflow.com/questions/19340685,so_19340685_block_2,ELIGIBLE,dataset/before/so_19340685_block_2.java,dataset/after/so_19340685_block_2.java,19340685/19340685_2_49198640.java,method,1,30,Agress Yes,Improving Code
250,google,https://stackoverflow.com/questions/60565131,so_60565131_block_4,ELIGIBLE,dataset/before/so_60565131_block_4.java,dataset/after/so_60565131_block_4.java,60565131/60565131_4_recent.java,method,1,18,Agress Yes,Improving Code
251,google,https://stackoverflow.com/questions/41251473,so_41251473_block_6,ELIGIBLE,dataset/before/so_41251473_block_6.java,dataset/after/so_41251473_block_6.java,41251473/41251473_6_134298162.java,method,1,20,Agress Yes,Improving Code
252,google,https://stackoverflow.com/questions/29330741,so_29330741_block_6,ELIGIBLE,dataset/before/so_29330741_block_6.java,dataset/after/so_29330741_block_6.java,29330741/29330741_6_86929181.java,method,1,13,Agress Yes,Improving Code
253,google,https://stackoverflow.com/questions/29330741,so_29330741_block_6,ELIGIBLE,dataset/before/so_29330741_block_6.java,dataset/after/so_29330741_block_6.java,29330741/29330741_6_86929181.java,method,1,13,Agree No,""
254,google,https://stackoverflow.com/questions/29866762,so_29866762_block_2,ELIGIBLE,dataset/before/so_29866762_block_2.java,dataset/after/so_29866762_block_2.java,29866762/29866762_2_89013107.java,method,1,40,Agree No,""
255,google,https://stackoverflow.com/questions/29866762,so_29866762_block_2,ELIGIBLE,dataset/before/so_29866762_block_2.java,dataset/after/so_29866762_block_2.java,29866762/29866762_2_89013107.java,method,1,40,Agress Yes,Improving Code
256,google,https://stackoverflow.com/questions/46830988,so_46830988_block_4,ELIGIBLE,dataset/before/so_46830988_block_4.java,dataset/after/so_46830988_block_4.java,46830988/46830988_4_158689916.java,method,1,19,Agree No,""
257,google,https://stackoverflow.com/questions/16799135,so_16799135_block_10,ELIGIBLE,dataset/before/so_16799135_block_10.java,dataset/after/so_16799135_block_10.java,16799135/16799135_10_41317480.java,method,1,23,Agress Yes,Improving Code
258,google,https://stackoverflow.com/questions/29230939,so_29230939_block_4,ELIGIBLE,dataset/before/so_29230939_block_4.java,dataset/after/so_29230939_block_4.java,29230939/29230939_4_201996375.java,method,1,25,Agress Yes,Improving Code
259,google,https://stackoverflow.com/questions/29230939,so_29230939_block_4,ELIGIBLE,dataset/before/so_29230939_block_4.java,dataset/after/so_29230939_block_4.java,29230939/29230939_4_201996375.java,method,1,25,Agress Yes,Improving Code
260,google,https://stackoverflow.com/questions/24127188,so_24127188_block_2,ELIGIBLE,dataset/before/so_24127188_block_2.java,dataset/after/so_24127188_block_2.java,24127188/24127188_2_recent.java,method,1,32,Agress Yes,Improving Code
261,google,https://stackoverflow.com/questions/24127188,so_24127188_block_2,ELIGIBLE,dataset/before/so_24127188_block_2.java,dataset/after/so_24127188_block_2.java,24127188/24127188_2_recent.java,method,1,32,Agress Yes,Improving Code
262,google,https://stackoverflow.com/questions/24127188,so_24127188_block_2,ELIGIBLE,dataset/before/so_24127188_block_2.java,dataset/after/so_24127188_block_2.java,24127188/24127188_2_recent.java,method,1,32,Agress Yes,Improving Code
263,google,https://stackoverflow.com/questions/57997601,so_57997601_block_2,ELIGIBLE,dataset/before/so_57997601_block_2.java,dataset/after/so_57997601_block_2.java,57997601/57997601_2_recent.java,method,1,22,Agress Yes,Improving Code
264,google,https://stackoverflow.com/questions/30942772,so_30942772_block_4,ELIGIBLE,dataset/before/so_30942772_block_4.java,dataset/after/so_30942772_block_4.java,30942772/30942772_4_recent.java,method,1,62,Agree No,""
265,google,https://stackoverflow.com/questions/30942772,so_30942772_block_4,ELIGIBLE,dataset/before/so_30942772_block_4.java,dataset/after/so_30942772_block_4.java,30942772/30942772_4_recent.java,method,1,62,Agree No,""
549,googleapis,https://stackoverflow.com/questions/54298032,so_54298032_block_2,ELIGIBLE,dataset/before/so_54298032_block_2.java,dataset/after/so_54298032_block_2.java,54298032/54298032_2_190009745.java,copy,52,65,Agree No,""
739,googlecreativelab,https://stackoverflow.com/questions/28039909,so_28039909_block_2,ELIGIBLE,dataset/before/so_28039909_block_2.java,dataset/after/so_28039909_block_2.java,28039909/28039909_2_recent.java,method,1,13,Agree No,""
652,googlesamples,https://stackoverflow.com/questions/28039909,so_28039909_block_2,ELIGIBLE,dataset/before/so_28039909_block_2.java,dataset/after/so_28039909_block_2.java,28039909/28039909_2_recent.java,method,1,13,Agree No,""
470,grahamar,https://stackoverflow.com/questions/4429257,so_4429257_block_2,ELIGIBLE,dataset/before/so_4429257_block_2.java,dataset/after/so_4429257_block_2.java,4429257/4429257_2_9347476.java,newBundle,2,32,Agree No,""
25,grakic,https://stackoverflow.com/questions/6702420,so_6702420_block_2,ELIGIBLE,dataset/before/so_6702420_block_2.java,dataset/after/so_6702420_block_2.java,6702420/6702420_2_89518975.java,main,9,18,Agree No,""
711,graxcode,https://stackoverflow.com/questions/3519182,so_3519182_block_2,ELIGIBLE,dataset/before/so_3519182_block_2.java,dataset/after/so_3519182_block_2.java,3519182/3519182_2_7342658.java,method,1,17,Agree No,""
643,grpc-nebula,https://stackoverflow.com/questions/54298032,so_54298032_block_2,ELIGIBLE,dataset/before/so_54298032_block_2.java,dataset/after/so_54298032_block_2.java,54298032/54298032_2_190009745.java,copy,52,65,Agree No,""
644,grpc-nebula,https://stackoverflow.com/questions/54298032,so_54298032_block_2,ELIGIBLE,dataset/before/so_54298032_block_2.java,dataset/after/so_54298032_block_2.java,54298032/54298032_2_190009745.java,copy,52,65,Agree No,""
645,grpc-nebula,https://stackoverflow.com/questions/54298032,so_54298032_block_2,ELIGIBLE,dataset/before/so_54298032_block_2.java,dataset/after/so_54298032_block_2.java,54298032/54298032_2_190009745.java,copy,52,65,Agree No,""
646,grpc-nebula,https://stackoverflow.com/questions/54298032,so_54298032_block_2,ELIGIBLE,dataset/before/so_54298032_block_2.java,dataset/after/so_54298032_block_2.java,54298032/54298032_2_190009745.java,copy,52,65,Agree No,""
500,grpc,https://stackoverflow.com/questions/54298032,so_54298032_block_2,ELIGIBLE,dataset/before/so_54298032_block_2.java,dataset/after/so_54298032_block_2.java,54298032/54298032_2_190009745.java,copy,52,65,Agree No,""
501,grpc,https://stackoverflow.com/questions/54298032,so_54298032_block_2,ELIGIBLE,dataset/before/so_54298032_block_2.java,dataset/after/so_54298032_block_2.java,54298032/54298032_2_190009745.java,copy,52,65,Agree No,""
415,h-mdm,https://stackoverflow.com/questions/4429257,so_4429257_block_2,ELIGIBLE,dataset/before/so_4429257_block_2.java,dataset/after/so_4429257_block_2.java,4429257/4429257_2_9347476.java,newBundle,2,32,Agree No,""
277,h819,https://stackoverflow.com/questions/5079864,so_5079864_block_2,ELIGIBLE,dataset/before/so_5079864_block_2.java,dataset/after/so_5079864_block_2.java,5079864/5079864_2_136918794.java,method,1,13,Agree No,""
785,hak5,https://stackoverflow.com/questions/6702420,so_6702420_block_2,ELIGIBLE,dataset/before/so_6702420_block_2.java,dataset/after/so_6702420_block_2.java,6702420/6702420_2_89518975.java,main,9,18,Agree No,""
44,hantsy,https://stackoverflow.com/questions/29226591,so_29226591_block_2,ELIGIBLE,dataset/before/so_29226591_block_2.java,dataset/after/so_29226591_block_2.java,29226591/29226591_2_recent.java,method,1,30,Agress Yes,Improving Code
179,hapjs-platform,https://stackoverflow.com/questions/19876516,so_19876516_block_2,ELIGIBLE,dataset/before/so_19876516_block_2.java,dataset/after/so_19876516_block_2.java,19876516/19876516_2_recent.java,method,1,33,Agree No,""
180,hapjs-platform,https://stackoverflow.com/questions/52144662,so_52144662_block_2,ELIGIBLE,dataset/before/so_52144662_block_2.java,dataset/after/so_52144662_block_2.java,52144662/52144662_2_181397043.java,method,1,97,Agress Yes,Improving Code
726,haptic-apps,https://stackoverflow.com/questions/27436796,so_27436796_block_2,ELIGIBLE,dataset/before/so_27436796_block_2.java,dataset/after/so_27436796_block_2.java,27436796/27436796_2_recent.java,method,1,69,Agress Yes,Improving Code
431,haulmont,https://stackoverflow.com/questions/36494384,so_36494384_block_1,ELIGIBLE,dataset/before/so_36494384_block_1.java,dataset/after/so_36494384_block_1.java,36494384/36494384_1_174279059.java,method,1,14,Agree No,""
116,hidroh,https://stackoverflow.com/questions/41800354,so_41800354_block_2,ELIGIBLE,dataset/before/so_41800354_block_2.java,dataset/after/so_41800354_block_2.java,41800354/41800354_2_recent.java,method,1,82,Agress Yes,Improving Code
724,hiwepy,https://stackoverflow.com/questions/60123437,so_60123437_block_2,ELIGIBLE,dataset/before/so_60123437_block_2.java,dataset/after/so_60123437_block_2.java,60123437/60123437_2_recent.java,method,1,12,Agress Yes,Improving Code
511,hmkcode,https://stackoverflow.com/questions/28039909,so_28039909_block_2,ELIGIBLE,dataset/before/so_28039909_block_2.java,dataset/after/so_28039909_block_2.java,28039909/28039909_2_recent.java,method,1,13,Agree No,""
535,huanghongxun,https://stackoverflow.com/questions/4429257,so_4429257_block_2,ELIGIBLE,dataset/before/so_4429257_block_2.java,dataset/after/so_4429257_block_2.java,4429257/4429257_2_9347476.java,newBundle,2,32,Agress Yes,Bug Fixing
604,huawei-hadoop,https://stackoverflow.com/questions/59239733,so_59239733_block_4,ELIGIBLE,dataset/before/so_59239733_block_4.java,dataset/after/so_59239733_block_4.java,59239733/59239733_4_210806800.java,method,1,16,Agress Yes,Improving Code
88,hudson,https://stackoverflow.com/questions/50738131,so_50738131_block_2,ELIGIBLE,dataset/before/so_50738131_block_2.java,dataset/after/so_50738131_block_2.java,50738131/50738131_2_recent.java,run,3,30,Agress Yes,Improving Code
243,hugegraph,https://stackoverflow.com/questions/58370217,so_58370217_block_2,ELIGIBLE,dataset/before/so_58370217_block_2.java,dataset/after/so_58370217_block_2.java,58370217/58370217_2_recent.java,method,1,45,Agress Yes,Improving Code
356,ibmruntimes,https://stackoverflow.com/questions/13462440,so_13462440_block_6,ELIGIBLE,dataset/before/so_13462440_block_6.java,dataset/after/so_13462440_block_6.java,13462440/13462440_6_32050882.java,init,30,44,Agress Yes,Improving Code
357,ibmruntimes,https://stackoverflow.com/questions/58993471,so_58993471_block_2,ELIGIBLE,dataset/before/so_58993471_block_2.java,dataset/after/so_58993471_block_2.java,58993471/58993471_2_recent.java,method,1,363,Agree No,""
358,ibmruntimes,https://stackoverflow.com/questions/29866762,so_29866762_block_2,ELIGIBLE,dataset/before/so_29866762_block_2.java,dataset/after/so_29866762_block_2.java,29866762/29866762_2_89013107.java,method,1,40,Agree No,""
359,ibmruntimes,https://stackoverflow.com/questions/29866762,so_29866762_block_2,ELIGIBLE,dataset/before/so_29866762_block_2.java,dataset/after/so_29866762_block_2.java,29866762/29866762_2_89013107.java,method,1,40,Agress Yes,Improving Code
360,ibmruntimes,https://stackoverflow.com/questions/46830988,so_46830988_block_4,ELIGIBLE,dataset/before/so_46830988_block_4.java,dataset/after/so_46830988_block_4.java,46830988/46830988_4_158689916.java,method,1,19,Agree No,""
361,ibmruntimes,https://stackoverflow.com/questions/16799135,so_16799135_block_10,ELIGIBLE,dataset/before/so_16799135_block_10.java,dataset/after/so_16799135_block_10.java,16799135/16799135_10_41317480.java,method,1,23,Agress Yes,Improving Code
362,ibmruntimes,https://stackoverflow.com/questions/29330741,so_29330741_block_6,ELIGIBLE,dataset/before/so_29330741_block_6.java,dataset/after/so_29330741_block_6.java,29330741/29330741_6_86929181.java,method,1,13,Agress Yes,Improving Code
363,ibmruntimes,https://stackoverflow.com/questions/29330741,so_29330741_block_6,ELIGIBLE,dataset/before/so_29330741_block_6.java,dataset/after/so_29330741_block_6.java,29330741/29330741_6_86929181.java,method,1,13,Agree No,""
364,ibmruntimes,https://stackoverflow.com/questions/45774144,so_45774144_block_4,ELIGIBLE,dataset/before/so_45774144_block_4.java,dataset/after/so_45774144_block_4.java,45774144/45774144_4_recent.java,method,1,21,Agree No,""
365,ibmruntimes,https://stackoverflow.com/questions/54119640,so_54119640_block_4,ELIGIBLE,dataset/before/so_54119640_block_4.java,dataset/after/so_54119640_block_4.java,54119640/54119640_4_189259651.java,mouseClicked,10,26,Agress Yes,Improving Code
366,ibmruntimes,https://stackoverflow.com/questions/58993471,so_58993471_block_2,ELIGIBLE,dataset/before/so_58993471_block_2.java,dataset/after/so_58993471_block_2.java,58993471/58993471_2_recent.java,method,1,363,Agree No,""
367,ibmruntimes,https://stackoverflow.com/questions/58993471,so_58993471_block_2,ELIGIBLE,dataset/before/so_58993471_block_2.java,dataset/after/so_58993471_block_2.java,58993471/58993471_2_recent.java,method,1,363,Agree No,""
368,ibmruntimes,https://stackoverflow.com/questions/64938483,so_64938483_block_2,ELIGIBLE,dataset/before/so_64938483_block_2.java,dataset/after/so_64938483_block_2.java,64938483/64938483_2_recent.java,method,1,68,Agress Yes,Improving Code
369,ibmruntimes,https://stackoverflow.com/questions/6702420,so_6702420_block_2,ELIGIBLE,dataset/before/so_6702420_block_2.java,dataset/after/so_6702420_block_2.java,6702420/6702420_2_89518975.java,main,9,18,Agree No,""
370,ibmruntimes,https://stackoverflow.com/questions/58993471,so_58993471_block_2,ELIGIBLE,dataset/before/so_58993471_block_2.java,dataset/after/so_58993471_block_2.java,58993471/58993471_2_recent.java,method,1,363,Agree No,""
371,ibmruntimes,https://stackoverflow.com/questions/58993471,so_58993471_block_2,ELIGIBLE,dataset/before/so_58993471_block_2.java,dataset/after/so_58993471_block_2.java,58993471/58993471_2_recent.java,method,1,363,Agree No,""
372,ibmruntimes,https://stackoverflow.com/questions/58993471,so_58993471_block_2,ELIGIBLE,dataset/before/so_58993471_block_2.java,dataset/after/so_58993471_block_2.java,58993471/58993471_2_recent.java,method,1,363,Agree No,""
373,ibmruntimes,https://stackoverflow.com/questions/58993471,so_58993471_block_2,ELIGIBLE,dataset/before/so_58993471_block_2.java,dataset/after/so_58993471_block_2.java,58993471/58993471_2_recent.java,method,1,363,Agree No,""
374,ibmruntimes,https://stackoverflow.com/questions/58617321,so_58617321_block_2,ELIGIBLE,dataset/before/so_58617321_block_2.java,dataset/after/so_58617321_block_2.java,58617321/58617321_2_recent.java,method,1,17,Agress Yes,Improving Code
375,ibmruntimes,https://stackoverflow.com/questions/45774144,so_45774144_block_4,ELIGIBLE,dataset/before/so_45774144_block_4.java,dataset/after/so_45774144_block_4.java,45774144/45774144_4_recent.java,method,1,21,Agree No,""
376,ibmruntimes,https://stackoverflow.com/questions/58993471,so_58993471_block_2,ELIGIBLE,dataset/before/so_58993471_block_2.java,dataset/after/so_58993471_block_2.java,58993471/58993471_2_recent.java,method,1,363,Agree No,""
377,ibmruntimes,https://stackoverflow.com/questions/29866762,so_29866762_block_2,ELIGIBLE,dataset/before/so_29866762_block_2.java,dataset/after/so_29866762_block_2.java,29866762/29866762_2_89013107.java,method,1,40,Agree No,""
378,ibmruntimes,https://stackoverflow.com/questions/29866762,so_29866762_block_2,ELIGIBLE,dataset/before/so_29866762_block_2.java,dataset/after/so_29866762_block_2.java,29866762/29866762_2_89013107.java,method,1,40,Agress Yes,Improving Code
379,ibmruntimes,https://stackoverflow.com/questions/46830988,so_46830988_block_4,ELIGIBLE,dataset/before/so_46830988_block_4.java,dataset/after/so_46830988_block_4.java,46830988/46830988_4_158689916.java,method,1,19,Agree No,""
380,ibmruntimes,https://stackoverflow.com/questions/62919983,so_62919983_block_2,ELIGIBLE,dataset/before/so_62919983_block_2.java,dataset/after/so_62919983_block_2.java,62919983/62919983_2_recent.java,method,1,17,Agree No,""
381,ibmruntimes,https://stackoverflow.com/questions/16799135,so_16799135_block_10,ELIGIBLE,dataset/before/so_16799135_block_10.java,dataset/after/so_16799135_block_10.java,16799135/16799135_10_41317480.java,method,1,23,Agree No,""
382,ibmruntimes,https://stackoverflow.com/questions/29330741,so_29330741_block_6,ELIGIBLE,dataset/before/so_29330741_block_6.java,dataset/after/so_29330741_block_6.java,29330741/29330741_6_86929181.java,method,1,13,Agress Yes,Improving Code
383,ibmruntimes,https://stackoverflow.com/questions/29330741,so_29330741_block_6,ELIGIBLE,dataset/before/so_29330741_block_6.java,dataset/after/so_29330741_block_6.java,29330741/29330741_6_86929181.java,method,1,13,Agree No,""
384,ibmruntimes,https://stackoverflow.com/questions/58993471,so_58993471_block_2,ELIGIBLE,dataset/before/so_58993471_block_2.java,dataset/after/so_58993471_block_2.java,58993471/58993471_2_recent.java,method,1,363,Agree No,""
385,ibmruntimes,https://stackoverflow.com/questions/58993471,so_58993471_block_2,ELIGIBLE,dataset/before/so_58993471_block_2.java,dataset/after/so_58993471_block_2.java,58993471/58993471_2_recent.java,method,1,363,Agree No,""
386,ibmruntimes,https://stackoverflow.com/questions/58993471,so_58993471_block_2,ELIGIBLE,dataset/before/so_58993471_block_2.java,dataset/after/so_58993471_block_2.java,58993471/58993471_2_recent.java,method,1,363,Agree No,""
387,ibmruntimes,https://stackoverflow.com/questions/64938483,so_64938483_block_2,ELIGIBLE,dataset/before/so_64938483_block_2.java,dataset/after/so_64938483_block_2.java,64938483/64938483_2_recent.java,method,1,68,Agress Yes,Improving Code
388,ibmruntimes,https://stackoverflow.com/questions/6702420,so_6702420_block_2,ELIGIBLE,dataset/before/so_6702420_block_2.java,dataset/after/so_6702420_block_2.java,6702420/6702420_2_89518975.java,main,9,18,Agree No,""
389,ibmruntimes,https://stackoverflow.com/questions/58993471,so_58993471_block_2,ELIGIBLE,dataset/before/so_58993471_block_2.java,dataset/after/so_58993471_block_2.java,58993471/58993471_2_recent.java,method,1,363,Agree No,""
390,ibmruntimes,https://stackoverflow.com/questions/58993471,so_58993471_block_2,ELIGIBLE,dataset/before/so_58993471_block_2.java,dataset/after/so_58993471_block_2.java,58993471/58993471_2_recent.java,method,1,363,Agree No,""
391,ibmruntimes,https://stackoverflow.com/questions/58993471,so_58993471_block_2,ELIGIBLE,dataset/before/so_58993471_block_2.java,dataset/after/so_58993471_block_2.java,58993471/58993471_2_recent.java,method,1,363,Agree No,""
392,ibmruntimes,https://stackoverflow.com/questions/58993471,so_58993471_block_2,ELIGIBLE,dataset/before/so_58993471_block_2.java,dataset/after/so_58993471_block_2.java,58993471/58993471_2_recent.java,method,1,363,Agree No,""
393,ibmruntimes,https://stackoverflow.com/questions/58993471,so_58993471_block_2,ELIGIBLE,dataset/before/so_58993471_block_2.java,dataset/after/so_58993471_block_2.java,58993471/58993471_2_recent.java,method,1,363,Agree No,""
394,ibmruntimes,https://stackoverflow.com/questions/1520212,so_1520212_block_2,ELIGIBLE,dataset/before/so_1520212_block_2.java,dataset/after/so_1520212_block_2.java,1520212/1520212_2_recent.java,shuffleArray,19,31,Agree No,""
395,ibmruntimes,https://stackoverflow.com/questions/58617321,so_58617321_block_2,ELIGIBLE,dataset/before/so_58617321_block_2.java,dataset/after/so_58617321_block_2.java,58617321/58617321_2_recent.java,method,1,17,Agress Yes,Improving Code
512,icecooly,https://stackoverflow.com/questions/41251473,so_41251473_block_6,ELIGIBLE,dataset/before/so_41251473_block_6.java,dataset/after/so_41251473_block_6.java,41251473/41251473_6_recent.java,method,1,20,Agree No,""
467,icyphy,https://stackoverflow.com/questions/25890405,so_25890405_block_4,ELIGIBLE,dataset/before/so_25890405_block_4.java,dataset/after/so_25890405_block_4.java,25890405/25890405_4_73691184.java,method,1,18,Agree No,""
468,icyphy,https://stackoverflow.com/questions/60816572,so_60816572_block_6,ELIGIBLE,dataset/before/so_60816572_block_6.java,dataset/after/so_60816572_block_6.java,60816572/60816572_6_recent.java,method,1,29,Agress Yes,Improving Code
278,iiitv,https://stackoverflow.com/questions/31386664,so_31386664_block_4,ELIGIBLE,dataset/before/so_31386664_block_4.java,dataset/after/so_31386664_block_4.java,31386664/31386664_4_95005617.java,method,1,22,Agree No,""
198,iipc,https://stackoverflow.com/questions/4429257,so_4429257_block_2,ELIGIBLE,dataset/before/so_4429257_block_2.java,dataset/after/so_4429257_block_2.java,4429257/4429257_2_9347476.java,newBundle,2,32,Agress Yes,Improving Code
401,ilmila,https://stackoverflow.com/questions/18531276,so_18531276_block_2,ELIGIBLE,dataset/before/so_18531276_block_2.java,dataset/after/so_18531276_block_2.java,18531276/18531276_2_recent.java,method,1,59,Agree No,""
613,intuit,https://stackoverflow.com/questions/49348068,so_49348068_block_2,ELIGIBLE,dataset/before/so_49348068_block_2.java,dataset/after/so_49348068_block_2.java,49348068/49348068_2_recent.java,method,1,18,Agree No,""
683,iotoasis,https://stackoverflow.com/questions/25985720,so_25985720_block_14,ELIGIBLE,dataset/before/so_25985720_block_14.java,dataset/after/so_25985720_block_14.java,25985720/25985720_14_recent.java,method,1,21,Agree No,""
684,iotoasis,https://stackoverflow.com/questions/10195366,so_10195366_block_2,ELIGIBLE,dataset/before/so_10195366_block_2.java,dataset/after/so_10195366_block_2.java,10195366/10195366_2_recent.java,method,1,21,Agree No,""
112,iqss,https://stackoverflow.com/questions/56259221,so_56259221_block_5,ELIGIBLE,dataset/before/so_56259221_block_5.java,dataset/after/so_56259221_block_5.java,56259221/56259221_5_recent.java,method,1,13,Agress Yes,Improving Code
222,jaamsim,https://stackoverflow.com/questions/22968559,so_22968559_block_2,ELIGIBLE,dataset/before/so_22968559_block_2.java,dataset/after/so_22968559_block_2.java,22968559/22968559_2_recent.java,method,1,16,Agress Yes,Improving Code
751,jackkolokasis,https://stackoverflow.com/questions/13462440,so_13462440_block_6,ELIGIBLE,dataset/before/so_13462440_block_6.java,dataset/after/so_13462440_block_6.java,13462440/13462440_6_32050882.java,init,30,44,Agress Yes,Improving Code
752,jackkolokasis,https://stackoverflow.com/questions/58993471,so_58993471_block_2,ELIGIBLE,dataset/before/so_58993471_block_2.java,dataset/after/so_58993471_block_2.java,58993471/58993471_2_recent.java,method,1,363,Agree No,""
753,jackkolokasis,https://stackoverflow.com/questions/29866762,so_29866762_block_2,ELIGIBLE,dataset/before/so_29866762_block_2.java,dataset/after/so_29866762_block_2.java,29866762/29866762_2_89013107.java,method,1,40,Agree No,""
754,jackkolokasis,https://stackoverflow.com/questions/29866762,so_29866762_block_2,ELIGIBLE,dataset/before/so_29866762_block_2.java,dataset/after/so_29866762_block_2.java,29866762/29866762_2_89013107.java,method,1,40,Agree No,""
755,jackkolokasis,https://stackoverflow.com/questions/46830988,so_46830988_block_4,ELIGIBLE,dataset/before/so_46830988_block_4.java,dataset/after/so_46830988_block_4.java,46830988/46830988_4_158689916.java,method,1,19,Agree No,""
756,jackkolokasis,https://stackoverflow.com/questions/16799135,so_16799135_block_10,ELIGIBLE,dataset/before/so_16799135_block_10.java,dataset/after/so_16799135_block_10.java,16799135/16799135_10_41317480.java,method,1,23,Agree No,""
757,jackkolokasis,https://stackoverflow.com/questions/29330741,so_29330741_block_6,ELIGIBLE,dataset/before/so_29330741_block_6.java,dataset/after/so_29330741_block_6.java,29330741/29330741_6_86929181.java,method,1,13,Agress Yes,Improving Code
758,jackkolokasis,https://stackoverflow.com/questions/29330741,so_29330741_block_6,ELIGIBLE,dataset/before/so_29330741_block_6.java,dataset/after/so_29330741_block_6.java,29330741/29330741_6_86929181.java,method,1,13,Agree No,""
759,jackkolokasis,https://stackoverflow.com/questions/45774144,so_45774144_block_4,ELIGIBLE,dataset/before/so_45774144_block_4.java,dataset/after/so_45774144_block_4.java,45774144/45774144_4_recent.java,method,1,21,Agree No,""
760,jackkolokasis,https://stackoverflow.com/questions/54119640,so_54119640_block_4,ELIGIBLE,dataset/before/so_54119640_block_4.java,dataset/after/so_54119640_block_4.java,54119640/54119640_4_189259651.java,mouseClicked,10,26,Agree No,""
761,jackkolokasis,https://stackoverflow.com/questions/58993471,so_58993471_block_2,ELIGIBLE,dataset/before/so_58993471_block_2.java,dataset/after/so_58993471_block_2.java,58993471/58993471_2_recent.java,method,1,363,Agree No,""
762,jackkolokasis,https://stackoverflow.com/questions/58993471,so_58993471_block_2,ELIGIBLE,dataset/before/so_58993471_block_2.java,dataset/after/so_58993471_block_2.java,58993471/58993471_2_recent.java,method,1,363,Agree No,""
763,jackkolokasis,https://stackoverflow.com/questions/64938483,so_64938483_block_2,ELIGIBLE,dataset/before/so_64938483_block_2.java,dataset/after/so_64938483_block_2.java,64938483/64938483_2_recent.java,method,1,68,Agress Yes,Improving Code
764,jackkolokasis,https://stackoverflow.com/questions/6702420,so_6702420_block_2,ELIGIBLE,dataset/before/so_6702420_block_2.java,dataset/after/so_6702420_block_2.java,6702420/6702420_2_89518975.java,main,9,18,Agree No,""
765,jackkolokasis,https://stackoverflow.com/questions/58993471,so_58993471_block_2,ELIGIBLE,dataset/before/so_58993471_block_2.java,dataset/after/so_58993471_block_2.java,58993471/58993471_2_recent.java,method,1,363,Agree No,""
766,jackkolokasis,https://stackoverflow.com/questions/58993471,so_58993471_block_2,ELIGIBLE,dataset/before/so_58993471_block_2.java,dataset/after/so_58993471_block_2.java,58993471/58993471_2_recent.java,method,1,363,Agree No,""
767,jackkolokasis,https://stackoverflow.com/questions/58993471,so_58993471_block_2,ELIGIBLE,dataset/before/so_58993471_block_2.java,dataset/after/so_58993471_block_2.java,58993471/58993471_2_recent.java,method,1,363,Agree No,""
768,jackkolokasis,https://stackoverflow.com/questions/58993471,so_58993471_block_2,ELIGIBLE,dataset/before/so_58993471_block_2.java,dataset/after/so_58993471_block_2.java,58993471/58993471_2_recent.java,method,1,363,Agree No,""
769,jackkolokasis,https://stackoverflow.com/questions/58617321,so_58617321_block_2,ELIGIBLE,dataset/before/so_58617321_block_2.java,dataset/after/so_58617321_block_2.java,58617321/58617321_2_recent.java,method,1,17,Agree No,""
248,jankotek,https://stackoverflow.com/questions/19340685,so_19340685_block_2,ELIGIBLE,dataset/before/so_19340685_block_2.java,dataset/after/so_19340685_block_2.java,19340685/19340685_2_49198640.java,method,1,30,Agress Yes,Improving Code
173,java-aid,https://stackoverflow.com/questions/31386664,so_31386664_block_4,ELIGIBLE,dataset/before/so_31386664_block_4.java,dataset/after/so_31386664_block_4.java,31386664/31386664_4_95005617.java,method,1,22,Agree No,""
723,jcodec,https://stackoverflow.com/questions/2699270,so_2699270_block_2,ELIGIBLE,dataset/before/so_2699270_block_2.java,dataset/after/so_2699270_block_2.java,2699270/2699270_2_recent.java,method,1,18,Agree No,""
239,jetbrains,https://stackoverflow.com/questions/3519182,so_3519182_block_2,ELIGIBLE,dataset/before/so_3519182_block_2.java,dataset/after/so_3519182_block_2.java,3519182/3519182_2_7342658.java,method,1,17,Agress Yes,Improving Code
99,jfxtras,https://stackoverflow.com/questions/20765715,so_20765715_block_2,ELIGIBLE,dataset/before/so_20765715_block_2.java,dataset/after/so_20765715_block_2.java,20765715/20765715_2_recent.java,method,1,22,Agress Yes,Improving Code
100,jfxtras,https://stackoverflow.com/questions/20765715,so_20765715_block_2,ELIGIBLE,dataset/before/so_20765715_block_2.java,dataset/after/so_20765715_block_2.java,20765715/20765715_2_recent.java,method,1,22,Agress Yes,Improving Code
344,jhy,https://stackoverflow.com/questions/31868761,so_31868761_block_4,ELIGIBLE,dataset/before/so_31868761_block_4.java,dataset/after/so_31868761_block_4.java,31868761/31868761_4_96856276.java,method,1,12,Agress Yes,Improving Code
606,jonathangerbaud,https://stackoverflow.com/questions/27287511,so_27287511_block_2,ELIGIBLE,dataset/before/so_27287511_block_2.java,dataset/after/so_27287511_block_2.java,27287511/27287511_2_79053914.java,method,1,18,Agree No,""
607,jonathangerbaud,https://stackoverflow.com/questions/27287511,so_27287511_block_2,ELIGIBLE,dataset/before/so_27287511_block_2.java,dataset/after/so_27287511_block_2.java,27287511/27287511_2_79053914.java,method,1,18,Agree No,""
792,jorensix,https://stackoverflow.com/questions/19689932,so_19689932_block_6,ELIGIBLE,dataset/before/so_19689932_block_6.java,dataset/after/so_19689932_block_6.java,19689932/19689932_6_147013208.java,method,1,16,Agree No,""
126,journaldev,https://stackoverflow.com/questions/39717275,so_39717275_block_2,ELIGIBLE,dataset/before/so_39717275_block_2.java,dataset/after/so_39717275_block_2.java,39717275/39717275_2_recent.java,method,1,34,Agree No,""
127,journaldev,https://stackoverflow.com/questions/10195366,so_10195366_block_2,ELIGIBLE,dataset/before/so_10195366_block_2.java,dataset/after/so_10195366_block_2.java,10195366/10195366_2_recent.java,method,1,21,Agree No,""
128,journaldev,https://stackoverflow.com/questions/10195366,so_10195366_block_2,ELIGIBLE,dataset/before/so_10195366_block_2.java,dataset/after/so_10195366_block_2.java,10195366/10195366_2_recent.java,method,1,21,Agree No,""
129,journaldev,https://stackoverflow.com/questions/10195366,so_10195366_block_2,ELIGIBLE,dataset/before/so_10195366_block_2.java,dataset/after/so_10195366_block_2.java,10195366/10195366_2_recent.java,method,1,21,Agree No,""
121,kartaview,https://stackoverflow.com/questions/54349072,so_54349072_block_2,ELIGIBLE,dataset/before/so_54349072_block_2.java,dataset/after/so_54349072_block_2.java,54349072/54349072_2_190220971.java,createMask,59,72,Agress Yes,Improving Code
583,kickflip,https://stackoverflow.com/questions/9293885,so_9293885_block_2,ELIGIBLE,dataset/before/so_9293885_block_2.java,dataset/after/so_9293885_block_2.java,9293885/9293885_2_recent.java,method,1,18,Agress Yes,Improving Code
204,kiegroup,https://stackoverflow.com/questions/36214665,so_36214665_block_2,ELIGIBLE,dataset/before/so_36214665_block_2.java,dataset/after/so_36214665_block_2.java,36214665/36214665_2_114074670.java,method,1,19,Agree No,""
205,kiegroup,https://stackoverflow.com/questions/36214665,so_36214665_block_2,ELIGIBLE,dataset/before/so_36214665_block_2.java,dataset/after/so_36214665_block_2.java,36214665/36214665_2_114074670.java,method,1,19,Agree No,""
215,klinker24,https://stackoverflow.com/questions/28039909,so_28039909_block_2,ELIGIBLE,dataset/before/so_28039909_block_2.java,dataset/after/so_28039909_block_2.java,28039909/28039909_2_recent.java,method,1,13,Agree No,""
267,knowagelabs,https://stackoverflow.com/questions/4429257,so_4429257_block_2,ELIGIBLE,dataset/before/so_4429257_block_2.java,dataset/after/so_4429257_block_2.java,4429257/4429257_2_9347476.java,newBundle,2,32,Agree No,""
268,knowagelabs,https://stackoverflow.com/questions/20680556,so_20680556_block_2,ELIGIBLE,dataset/before/so_20680556_block_2.java,dataset/after/so_20680556_block_2.java,20680556/20680556_2_recent.java,accept,5,17,Agress Yes,Improving Code
269,knowagelabs,https://stackoverflow.com/questions/56611483,so_56611483_block_2,ELIGIBLE,dataset/before/so_56611483_block_2.java,dataset/after/so_56611483_block_2.java,56611483/56611483_2_recent.java,method,1,66,Agress Yes,Improving Code
270,knowagelabs,https://stackoverflow.com/questions/4429257,so_4429257_block_2,ELIGIBLE,dataset/before/so_4429257_block_2.java,dataset/after/so_4429257_block_2.java,4429257/4429257_2_9347476.java,newBundle,2,32,Agree No,""
271,knowagelabs,https://stackoverflow.com/questions/11838438,so_11838438_block_2,ELIGIBLE,dataset/before/so_11838438_block_2.java,dataset/after/so_11838438_block_2.java,11838438/11838438_2_recent.java,main,6,31,Agress Yes,Improving Code
272,knowagelabs,https://stackoverflow.com/questions/4429257,so_4429257_block_2,ELIGIBLE,dataset/before/so_4429257_block_2.java,dataset/after/so_4429257_block_2.java,4429257/4429257_2_9347476.java,newBundle,2,32,Agree No,""
588,knowm,https://stackoverflow.com/questions/6702420,so_6702420_block_2,ELIGIBLE,dataset/before/so_6702420_block_2.java,dataset/after/so_6702420_block_2.java,6702420/6702420_2_89518975.java,main,9,18,Agree No,""
589,knowm,https://stackoverflow.com/questions/6702420,so_6702420_block_2,ELIGIBLE,dataset/before/so_6702420_block_2.java,dataset/after/so_6702420_block_2.java,6702420/6702420_2_89518975.java,main,9,18,Agree No,""
590,knowm,https://stackoverflow.com/questions/6702420,so_6702420_block_2,ELIGIBLE,dataset/before/so_6702420_block_2.java,dataset/after/so_6702420_block_2.java,6702420/6702420_2_89518975.java,main,9,18,Agree No,""
9,kontalk,https://stackoverflow.com/questions/3519182,so_3519182_block_2,ELIGIBLE,dataset/before/so_3519182_block_2.java,dataset/after/so_3519182_block_2.java,3519182/3519182_2_7342658.java,method,1,17,Agress Yes,Improving Code
244,kruize,https://stackoverflow.com/questions/26046107,so_26046107_block_2,ELIGIBLE,dataset/before/so_26046107_block_2.java,dataset/after/so_26046107_block_2.java,26046107/26046107_2_124698665.java,method,1,21,Agress Yes,Improving Code
773,kubabar1,https://stackoverflow.com/questions/30868562,so_30868562_block_6,ELIGIBLE,dataset/before/so_30868562_block_6.java,dataset/after/so_30868562_block_6.java,30868562/30868562_6_92947534.java,method,1,11,Agree No,""
488,ldoublem,https://stackoverflow.com/questions/34590765,so_34590765_block_2,ELIGIBLE,dataset/before/so_34590765_block_2.java,dataset/after/so_34590765_block_2.java,34590765/34590765_2_recent.java,init,28,65,Agress Yes,Bug Fixing
489,ldoublem,https://stackoverflow.com/questions/34590765,so_34590765_block_2,ELIGIBLE,dataset/before/so_34590765_block_2.java,dataset/after/so_34590765_block_2.java,34590765/34590765_2_recent.java,init,28,65,Agress Yes,Bug Fixing
490,ldoublem,https://stackoverflow.com/questions/34590765,so_34590765_block_2,ELIGIBLE,dataset/before/so_34590765_block_2.java,dataset/after/so_34590765_block_2.java,34590765/34590765_2_recent.java,init,28,65,Agress Yes,Bug Fixing
491,ldoublem,https://stackoverflow.com/questions/34590765,so_34590765_block_2,ELIGIBLE,dataset/before/so_34590765_block_2.java,dataset/after/so_34590765_block_2.java,34590765/34590765_2_recent.java,init,28,65,Agress Yes,Bug Fixing
782,leapcode,https://stackoverflow.com/questions/7649183,so_7649183_block_2,ELIGIBLE,dataset/before/so_7649183_block_2.java,dataset/after/so_7649183_block_2.java,7649183/7649183_2_57377731.java,method,1,10,Agress Yes,Improving Code
16,leapframework,https://stackoverflow.com/questions/41471859,so_41471859_block_4,ELIGIBLE,dataset/before/so_41471859_block_4.java,dataset/after/so_41471859_block_4.java,41471859/41471859_4_135239059.java,method,1,15,Agress Yes,Improving Code
17,leapframework,https://stackoverflow.com/questions/31868761,so_31868761_block_4,ELIGIBLE,dataset/before/so_31868761_block_4.java,dataset/after/so_31868761_block_4.java,31868761/31868761_4_96856276.java,method,1,12,Agree No,""
216,lecturestudio,https://stackoverflow.com/questions/61780137,so_61780137_block_2,ELIGIBLE,dataset/before/so_61780137_block_2.java,dataset/after/so_61780137_block_2.java,61780137/61780137_2_recent.java,method,1,50,Agress Yes,Improving Code
628,lenve,https://stackoverflow.com/questions/52148106,so_52148106_block_4,ELIGIBLE,dataset/before/so_52148106_block_4.java,dataset/after/so_52148106_block_4.java,52148106/52148106_4_181012547.java,method,1,13,Agree No,""
629,lenve,https://stackoverflow.com/questions/52148106,so_52148106_block_4,ELIGIBLE,dataset/before/so_52148106_block_4.java,dataset/after/so_52148106_block_4.java,52148106/52148106_4_181012547.java,method,1,13,Agree No,""
630,lenve,https://stackoverflow.com/questions/52148106,so_52148106_block_4,ELIGIBLE,dataset/before/so_52148106_block_4.java,dataset/after/so_52148106_block_4.java,52148106/52148106_4_181012547.java,method,1,13,Agree No,""
631,lenve,https://stackoverflow.com/questions/52148106,so_52148106_block_4,ELIGIBLE,dataset/before/so_52148106_block_4.java,dataset/after/so_52148106_block_4.java,52148106/52148106_4_181012547.java,method,1,13,Agree No,""
632,lenve,https://stackoverflow.com/questions/52148106,so_52148106_block_4,ELIGIBLE,dataset/before/so_52148106_block_4.java,dataset/after/so_52148106_block_4.java,52148106/52148106_4_181012547.java,method,1,13,Agree No,""
221,linkedin,https://stackoverflow.com/questions/2180534,so_2180534_block_2,ELIGIBLE,dataset/before/so_2180534_block_2.java,dataset/after/so_2180534_block_2.java,2180534/2180534_2_recent.java,method,1,58,Agress Yes,Bug Fixing
325,linlinjava,https://stackoverflow.com/questions/41471859,so_41471859_block_4,ELIGIBLE,dataset/before/so_41471859_block_4.java,dataset/after/so_41471859_block_4.java,41471859/41471859_4_135239059.java,method,1,15,Agree No,""
85,liquibase,https://stackoverflow.com/questions/18454342,so_18454342_block_2,ELIGIBLE,dataset/before/so_18454342_block_2.java,dataset/after/so_18454342_block_2.java,18454342/18454342_2_recent.java,method,1,29,Agree No,""
618,longjuncai,https://stackoverflow.com/questions/33612373,so_33612373_block_2,ELIGIBLE,dataset/before/so_33612373_block_2.java,dataset/after/so_33612373_block_2.java,33612373/33612373_2_103731026.java,method,1,13,Agree No,""
347,luohuayu,https://stackoverflow.com/questions/24127188,so_24127188_block_2,ELIGIBLE,dataset/before/so_24127188_block_2.java,dataset/after/so_24127188_block_2.java,24127188/24127188_2_recent.java,method,1,32,Agress Yes,Improving Code
471,mabe02,https://stackoverflow.com/questions/4429257,so_4429257_block_2,ELIGIBLE,dataset/before/so_4429257_block_2.java,dataset/after/so_4429257_block_2.java,4429257/4429257_2_9347476.java,newBundle,2,32,Agree No,""
743,macrozheng,https://stackoverflow.com/questions/58370217,so_58370217_block_2,ELIGIBLE,dataset/before/so_58370217_block_2.java,dataset/after/so_58370217_block_2.java,58370217/58370217_2_recent.java,method,1,45,Agress Yes,Improving Code
744,macrozheng,https://stackoverflow.com/questions/58370217,so_58370217_block_2,ELIGIBLE,dataset/before/so_58370217_block_2.java,dataset/after/so_58370217_block_2.java,58370217/58370217_2_recent.java,method,1,45,Agress Yes,Improving Code
745,macrozheng,https://stackoverflow.com/questions/58370217,so_58370217_block_2,ELIGIBLE,dataset/before/so_58370217_block_2.java,dataset/after/so_58370217_block_2.java,58370217/58370217_2_recent.java,method,1,45,Agress Yes,Improving Code
746,macrozheng,https://stackoverflow.com/questions/58370217,so_58370217_block_2,ELIGIBLE,dataset/before/so_58370217_block_2.java,dataset/after/so_58370217_block_2.java,58370217/58370217_2_recent.java,method,1,45,Agress Yes,Improving Code
747,macrozheng,https://stackoverflow.com/questions/58370217,so_58370217_block_2,ELIGIBLE,dataset/before/so_58370217_block_2.java,dataset/after/so_58370217_block_2.java,58370217/58370217_2_recent.java,method,1,45,Agress Yes,Improving Code
748,macrozheng,https://stackoverflow.com/questions/58370217,so_58370217_block_2,ELIGIBLE,dataset/before/so_58370217_block_2.java,dataset/after/so_58370217_block_2.java,58370217/58370217_2_recent.java,method,1,45,Agress Yes,Improving Code
738,marlinski,https://stackoverflow.com/questions/52144662,so_52144662_block_2,ELIGIBLE,dataset/before/so_52144662_block_2.java,dataset/after/so_52144662_block_2.java,52144662/52144662_2_181397043.java,method,1,97,Agress Yes,Improving Code
580,massivecraft,https://stackoverflow.com/questions/24127188,so_24127188_block_2,ELIGIBLE,dataset/before/so_24127188_block_2.java,dataset/after/so_24127188_block_2.java,24127188/24127188_2_recent.java,method,1,32,Agree No,""
481,matsim-org,https://stackoverflow.com/questions/29575747,so_29575747_block_2,ELIGIBLE,dataset/before/so_29575747_block_2.java,dataset/after/so_29575747_block_2.java,29575747/29575747_2_recent.java,main,21,60,Agress Yes,Improving Code
482,matsim-org,https://stackoverflow.com/questions/65112087,so_65112087_block_2,ELIGIBLE,dataset/before/so_65112087_block_2.java,dataset/after/so_65112087_block_2.java,65112087/65112087_2_236114933.java,method,1,14,Agress Yes,Improving Code
483,matsim-org,https://stackoverflow.com/questions/65112087,so_65112087_block_2,ELIGIBLE,dataset/before/so_65112087_block_2.java,dataset/after/so_65112087_block_2.java,65112087/65112087_2_recent.java,method,1,14,Agress Yes,Improving Code
324,meituan-dianping,https://stackoverflow.com/questions/37957745,so_37957745_block_2,ELIGIBLE,dataset/before/so_37957745_block_2.java,dataset/after/so_37957745_block_2.java,37957745/37957745_2_recent.java,method,1,27,Agress Yes,Bug Fixing
183,mercyblitz,https://stackoverflow.com/questions/45590884,so_45590884_block_2,ELIGIBLE,dataset/before/so_45590884_block_2.java,dataset/after/so_45590884_block_2.java,45590884/45590884_2_recent.java,method,1,25,Agree No,""
20,mesquiteproject,https://stackoverflow.com/questions/9293885,so_9293885_block_2,ELIGIBLE,dataset/before/so_9293885_block_2.java,dataset/after/so_9293885_block_2.java,9293885/9293885_2_recent.java,method,1,18,Agress Yes,Improving Code
206,micromata,https://stackoverflow.com/questions/23839705,so_23839705_block_2,ELIGIBLE,dataset/before/so_23839705_block_2.java,dataset/after/so_23839705_block_2.java,23839705/23839705_2_65821537.java,method,1,15,Agress Yes,Improving Code
677,minecraftmoddevelopment,https://stackoverflow.com/questions/51608517,so_51608517_block_2,ELIGIBLE,dataset/before/so_51608517_block_2.java,dataset/after/so_51608517_block_2.java,51608517/51608517_2_recent.java,method,1,149,Agress Yes,Improving Code
678,minecraftmoddevelopment,https://stackoverflow.com/questions/51608517,so_51608517_block_2,ELIGIBLE,dataset/before/so_51608517_block_2.java,dataset/after/so_51608517_block_2.java,51608517/51608517_2_recent.java,method,1,149,Agress Yes,Improving Code
111,mirakelx,https://stackoverflow.com/questions/27436796,so_27436796_block_2,ELIGIBLE,dataset/before/so_27436796_block_2.java,dataset/after/so_27436796_block_2.java,27436796/27436796_2_recent.java,method,1,69,Agress Yes,Improving Code
647,mitchtabian,https://stackoverflow.com/questions/50930455,so_50930455_block_6,ELIGIBLE,dataset/before/so_50930455_block_6.java,dataset/after/so_50930455_block_6.java,50930455/50930455_6_recent.java,method,1,16,Agree No,""
772,miyabayt,https://stackoverflow.com/questions/13956092,so_13956092_block_2,ELIGIBLE,dataset/before/so_13956092_block_2.java,dataset/after/so_13956092_block_2.java,13956092/13956092_2_recent.java,method,1,25,Agress Yes,Improving Code
131,mkl-public,https://stackoverflow.com/questions/57398454,so_57398454_block_2,ELIGIBLE,dataset/before/so_57398454_block_2.java,dataset/after/so_57398454_block_2.java,57398454/57398454_2_recent.java,method,1,289,Agress Yes,Improving Code
132,mkl-public,https://stackoverflow.com/questions/57398454,so_57398454_block_2,ELIGIBLE,dataset/before/so_57398454_block_2.java,dataset/after/so_57398454_block_2.java,57398454/57398454_2_recent.java,method,1,289,Agress Yes,Improving Code
133,mkl-public,https://stackoverflow.com/questions/57398454,so_57398454_block_2,ELIGIBLE,dataset/before/so_57398454_block_2.java,dataset/after/so_57398454_block_2.java,57398454/57398454_2_recent.java,method,1,289,Agress Yes,Improving Code
134,mkl-public,https://stackoverflow.com/questions/57398454,so_57398454_block_2,ELIGIBLE,dataset/before/so_57398454_block_2.java,dataset/after/so_57398454_block_2.java,57398454/57398454_2_recent.java,method,1,289,Agress Yes,Improving Code
135,mkl-public,https://stackoverflow.com/questions/57398454,so_57398454_block_2,ELIGIBLE,dataset/before/so_57398454_block_2.java,dataset/after/so_57398454_block_2.java,57398454/57398454_2_recent.java,method,1,289,Agress Yes,Improving Code
136,mkl-public,https://stackoverflow.com/questions/57398454,so_57398454_block_2,ELIGIBLE,dataset/before/so_57398454_block_2.java,dataset/after/so_57398454_block_2.java,57398454/57398454_2_recent.java,method,1,289,Agress Yes,Improving Code
137,mkl-public,https://stackoverflow.com/questions/41751396,so_41751396_block_8,ELIGIBLE,dataset/before/so_41751396_block_8.java,dataset/after/so_41751396_block_8.java,41751396/41751396_8_136432238.java,method,1,123,Agress Yes,Improving Code
138,mkl-public,https://stackoverflow.com/questions/41751396,so_41751396_block_8,ELIGIBLE,dataset/before/so_41751396_block_8.java,dataset/after/so_41751396_block_8.java,41751396/41751396_8_136432238.java,method,1,123,Agress Yes,Improving Code
139,mkl-public,https://stackoverflow.com/questions/41751396,so_41751396_block_8,ELIGIBLE,dataset/before/so_41751396_block_8.java,dataset/after/so_41751396_block_8.java,41751396/41751396_8_136432238.java,method,1,123,Agress Yes,Improving Code
342,mpue,https://stackoverflow.com/questions/62722315,so_62722315_block_2,ELIGIBLE,dataset/before/so_62722315_block_2.java,dataset/after/so_62722315_block_2.java,62722315/62722315_2_recent.java,method,1,292,Agree No,""
43,mrcrayfish,https://stackoverflow.com/questions/36950444,so_36950444_block_6,ELIGIBLE,dataset/before/so_36950444_block_6.java,dataset/after/so_36950444_block_6.java,36950444/36950444_6_116982498.java,method,1,38,Agress Yes,Improving Code
86,mucommander,https://stackoverflow.com/questions/36805363,so_36805363_block_2,ELIGIBLE,dataset/before/so_36805363_block_2.java,dataset/after/so_36805363_block_2.java,36805363/36805363_2_recent.java,method,1,87,Agress Yes,Improving Code
283,mycatapache,https://stackoverflow.com/questions/60266789,so_60266789_block_2,ELIGIBLE,dataset/before/so_60266789_block_2.java,dataset/after/so_60266789_block_2.java,60266789/60266789_2_recent.java,method,1,13,Agress Yes,Bug Fixing
284,mycatapache,https://stackoverflow.com/questions/60266789,so_60266789_block_2,ELIGIBLE,dataset/before/so_60266789_block_2.java,dataset/after/so_60266789_block_2.java,60266789/60266789_2_recent.java,method,1,13,Agress Yes,Bug Fixing
585,nasaworldwind,https://stackoverflow.com/questions/13542540,so_13542540_block_2,ELIGIBLE,dataset/before/so_13542540_block_2.java,dataset/after/so_13542540_block_2.java,13542540/13542540_2_recent.java,run,12,21,Agree No,""
586,nasaworldwind,https://stackoverflow.com/questions/13542540,so_13542540_block_2,ELIGIBLE,dataset/before/so_13542540_block_2.java,dataset/after/so_13542540_block_2.java,13542540/13542540_2_recent.java,run,12,21,Agree No,""
791,nationalsecurityagency,https://stackoverflow.com/questions/62722315,so_62722315_block_2,ELIGIBLE,dataset/before/so_62722315_block_2.java,dataset/after/so_62722315_block_2.java,62722315/62722315_2_recent.java,method,1,292,Agress Yes,Improving Code
315,nativejdb,https://stackoverflow.com/questions/29866762,so_29866762_block_2,ELIGIBLE,dataset/before/so_29866762_block_2.java,dataset/after/so_29866762_block_2.java,29866762/29866762_2_89013107.java,method,1,40,Agree No,""
316,nativejdb,https://stackoverflow.com/questions/29866762,so_29866762_block_2,ELIGIBLE,dataset/before/so_29866762_block_2.java,dataset/after/so_29866762_block_2.java,29866762/29866762_2_89013107.java,method,1,40,Agress Yes,Improving Code
317,nativejdb,https://stackoverflow.com/questions/46830988,so_46830988_block_4,ELIGIBLE,dataset/before/so_46830988_block_4.java,dataset/after/so_46830988_block_4.java,46830988/46830988_4_158689916.java,method,1,19,Agree No,""
318,nativejdb,https://stackoverflow.com/questions/62919983,so_62919983_block_2,ELIGIBLE,dataset/before/so_62919983_block_2.java,dataset/after/so_62919983_block_2.java,62919983/62919983_2_recent.java,method,1,17,Agree No,""
319,nativejdb,https://stackoverflow.com/questions/50578162,so_50578162_block_2,ELIGIBLE,dataset/before/so_50578162_block_2.java,dataset/after/so_50578162_block_2.java,50578162/50578162_2_recent.java,method,1,22,Agress Yes,Improving Code
320,nativejdb,https://stackoverflow.com/questions/29330741,so_29330741_block_6,ELIGIBLE,dataset/before/so_29330741_block_6.java,dataset/after/so_29330741_block_6.java,29330741/29330741_6_86929181.java,method,1,13,Agress Yes,Improving Code
321,nativejdb,https://stackoverflow.com/questions/29330741,so_29330741_block_6,ELIGIBLE,dataset/before/so_29330741_block_6.java,dataset/after/so_29330741_block_6.java,29330741/29330741_6_86929181.java,method,1,13,Agree No,""
710,neo4j,https://stackoverflow.com/questions/65112087,so_65112087_block_2,ELIGIBLE,dataset/before/so_65112087_block_2.java,dataset/after/so_65112087_block_2.java,65112087/65112087_2_236114933.java,method,1,14,Agress Yes,Improving Code
15,nervenetwork,https://stackoverflow.com/questions/54298032,so_54298032_block_2,ELIGIBLE,dataset/before/so_54298032_block_2.java,dataset/after/so_54298032_block_2.java,54298032/54298032_2_190009745.java,copy,52,65,Agree No,""
162,netty,https://stackoverflow.com/questions/20274776,so_20274776_block_2,ELIGIBLE,dataset/before/so_20274776_block_2.java,dataset/after/so_20274776_block_2.java,20274776/20274776_2_recent.java,method,1,29,Agress Yes,Improving Code
163,netty,https://stackoverflow.com/questions/20274776,so_20274776_block_2,ELIGIBLE,dataset/before/so_20274776_block_2.java,dataset/after/so_20274776_block_2.java,20274776/20274776_2_recent.java,method,1,29,Agress Yes,Improving Code
164,netty,https://stackoverflow.com/questions/42681543,so_42681543_block_4,ELIGIBLE,dataset/before/so_42681543_block_4.java,dataset/after/so_42681543_block_4.java,42681543/42681543_4_recent.java,method,1,166,Agress Yes,Improving Code
165,netty,https://stackoverflow.com/questions/42681543,so_42681543_block_4,ELIGIBLE,dataset/before/so_42681543_block_4.java,dataset/after/so_42681543_block_4.java,42681543/42681543_4_recent.java,method,1,166,Agree No,""
166,netty,https://stackoverflow.com/questions/42681543,so_42681543_block_4,ELIGIBLE,dataset/before/so_42681543_block_4.java,dataset/after/so_42681543_block_4.java,42681543/42681543_4_recent.java,method,1,166,Agress Yes,Improving Code
547,neuroph,https://stackoverflow.com/questions/6133827,so_6133827_block_2,ELIGIBLE,dataset/before/so_6133827_block_2.java,dataset/after/so_6133827_block_2.java,6133827/6133827_2_recent.java,updateCanvas,19,34,Agree No,""
548,neuroph,https://stackoverflow.com/questions/38367701,so_38367701_block_2,ELIGIBLE,dataset/before/so_38367701_block_2.java,dataset/after/so_38367701_block_2.java,38367701/38367701_2_recent.java,method,1,132,Agress Yes,Improving Code
740,nextgenhealthcare,https://stackoverflow.com/questions/62722315,so_62722315_block_2,ELIGIBLE,dataset/before/so_62722315_block_2.java,dataset/after/so_62722315_block_2.java,62722315/62722315_2_recent.java,method,1,292,Agress Yes,Improving Code
608,nightscoutfoundation,https://stackoverflow.com/questions/32061893,so_32061893_block_2,ELIGIBLE,dataset/before/so_32061893_block_2.java,dataset/after/so_32061893_block_2.java,32061893/32061893_2_recent.java,method,1,23,Agree No,""
609,nightscoutfoundation,https://stackoverflow.com/questions/32061893,so_32061893_block_2,ELIGIBLE,dataset/before/so_32061893_block_2.java,dataset/after/so_32061893_block_2.java,32061893/32061893_2_recent.java,method,1,23,Agree No,""
725,novskey,https://stackoverflow.com/questions/28797486,so_28797486_block_2,ELIGIBLE,dataset/before/so_28797486_block_2.java,dataset/after/so_28797486_block_2.java,28797486/28797486_2_recent.java,method,1,33,Agree No,""
492,nuls-io,https://stackoverflow.com/questions/54298032,so_54298032_block_2,ELIGIBLE,dataset/before/so_54298032_block_2.java,dataset/after/so_54298032_block_2.java,54298032/54298032_2_190009745.java,copy,52,65,Agree No,""
245,nvv,https://stackoverflow.com/questions/4305365,so_4305365_block_2,ELIGIBLE,dataset/before/so_4305365_block_2.java,dataset/after/so_4305365_block_2.java,4305365/4305365_2_recent.java,main,6,43,Agree No,""
246,nvv,https://stackoverflow.com/questions/189739,so_189739_block_2,ELIGIBLE,dataset/before/so_189739_block_2.java,dataset/after/so_189739_block_2.java,189739/189739_2_recent.java,method,1,14,Agress Yes,Improving Code
695,oauth-apis,https://stackoverflow.com/questions/52148106,so_52148106_block_4,ELIGIBLE,dataset/before/so_52148106_block_4.java,dataset/after/so_52148106_block_4.java,52148106/52148106_4_181012547.java,method,1,13,Agress Yes,Improving Code
690,odoo-mobile,https://stackoverflow.com/questions/24127188,so_24127188_block_2,ELIGIBLE,dataset/before/so_24127188_block_2.java,dataset/after/so_24127188_block_2.java,24127188/24127188_2_recent.java,method,1,32,Agress Yes,Improving Code
691,odoo-mobile,https://stackoverflow.com/questions/24127188,so_24127188_block_2,ELIGIBLE,dataset/before/so_24127188_block_2.java,dataset/after/so_24127188_block_2.java,24127188/24127188_2_recent.java,method,1,32,Agress Yes,Improving Code
692,odoo-mobile,https://stackoverflow.com/questions/24127188,so_24127188_block_2,ELIGIBLE,dataset/before/so_24127188_block_2.java,dataset/after/so_24127188_block_2.java,24127188/24127188_2_recent.java,method,1,32,Agress Yes,Improving Code
693,odoo-mobile,https://stackoverflow.com/questions/24127188,so_24127188_block_2,ELIGIBLE,dataset/before/so_24127188_block_2.java,dataset/after/so_24127188_block_2.java,24127188/24127188_2_recent.java,method,1,32,Agree No,""
428,open-hand,https://stackoverflow.com/questions/22918204,so_22918204_block_2,ELIGIBLE,dataset/before/so_22918204_block_2.java,dataset/after/so_22918204_block_2.java,22918204/22918204_2_62450522.java,serialize,3,14,Agree No,""
784,openclinica,https://stackoverflow.com/questions/359634,so_359634_block_2,ELIGIBLE,dataset/before/so_359634_block_2.java,dataset/after/so_359634_block_2.java,359634/359634_2_recent.java,method,1,46,Agress Yes,Bug Fixing
495,openda-association,https://stackoverflow.com/questions/14676464,so_14676464_block_2,ELIGIBLE,dataset/before/so_14676464_block_2.java,dataset/after/so_14676464_block_2.java,14676464/14676464_2_recent.java,method,1,15,Agree No,""
496,openda-association,https://stackoverflow.com/questions/6702420,so_6702420_block_2,ELIGIBLE,dataset/before/so_6702420_block_2.java,dataset/after/so_6702420_block_2.java,6702420/6702420_2_89518975.java,main,9,18,Agree No,""
330,openequella,https://stackoverflow.com/questions/18004334,so_18004334_block_4,EXCLUDED,"","",18004334/18004334_4_recent.java,browseDESKTOP,68,89,Agress Yes,Improving Code
210,openintents,https://stackoverflow.com/questions/3519182,so_3519182_block_2,ELIGIBLE,dataset/before/so_3519182_block_2.java,dataset/after/so_3519182_block_2.java,3519182/3519182_2_7342658.java,method,1,17,Agress Yes,Bug Fixing
141,openjdk-mirror,https://stackoverflow.com/questions/13462440,so_13462440_block_6,ELIGIBLE,dataset/before/so_13462440_block_6.java,dataset/after/so_13462440_block_6.java,13462440/13462440_6_32050882.java,init,30,44,Agress Yes,Improving Code
142,openjdk-mirror,https://stackoverflow.com/questions/58993471,so_58993471_block_2,ELIGIBLE,dataset/before/so_58993471_block_2.java,dataset/after/so_58993471_block_2.java,58993471/58993471_2_recent.java,method,1,363,Agree No,""
143,openjdk-mirror,https://stackoverflow.com/questions/29866762,so_29866762_block_2,ELIGIBLE,dataset/before/so_29866762_block_2.java,dataset/after/so_29866762_block_2.java,29866762/29866762_2_89013107.java,method,1,40,Agress Yes,Improving Code
144,openjdk-mirror,https://stackoverflow.com/questions/29866762,so_29866762_block_2,ELIGIBLE,dataset/before/so_29866762_block_2.java,dataset/after/so_29866762_block_2.java,29866762/29866762_2_89013107.java,method,1,40,Agree No,""
145,openjdk-mirror,https://stackoverflow.com/questions/3870210,so_3870210_block_4,ELIGIBLE,dataset/before/so_3870210_block_4.java,dataset/after/so_3870210_block_4.java,3870210/3870210_4_recent.java,method,1,29,Agress Yes,Improving Code
146,openjdk-mirror,https://stackoverflow.com/questions/16799135,so_16799135_block_10,ELIGIBLE,dataset/before/so_16799135_block_10.java,dataset/after/so_16799135_block_10.java,16799135/16799135_10_41317480.java,method,1,23,Agree No,""
147,openjdk-mirror,https://stackoverflow.com/questions/45774144,so_45774144_block_4,ELIGIBLE,dataset/before/so_45774144_block_4.java,dataset/after/so_45774144_block_4.java,45774144/45774144_4_recent.java,method,1,21,Agree No,""
148,openjdk-mirror,https://stackoverflow.com/questions/54119640,so_54119640_block_4,ELIGIBLE,dataset/before/so_54119640_block_4.java,dataset/after/so_54119640_block_4.java,54119640/54119640_4_189259651.java,mouseClicked,10,26,Agress Yes,Improving Code
149,openjdk-mirror,https://stackoverflow.com/questions/58993471,so_58993471_block_2,ELIGIBLE,dataset/before/so_58993471_block_2.java,dataset/after/so_58993471_block_2.java,58993471/58993471_2_recent.java,method,1,363,Agree No,""
150,openjdk-mirror,https://stackoverflow.com/questions/6702420,so_6702420_block_2,ELIGIBLE,dataset/before/so_6702420_block_2.java,dataset/after/so_6702420_block_2.java,6702420/6702420_2_89518975.java,main,9,18,Agree No,""
151,openjdk-mirror,https://stackoverflow.com/questions/58993471,so_58993471_block_2,ELIGIBLE,dataset/before/so_58993471_block_2.java,dataset/after/so_58993471_block_2.java,58993471/58993471_2_recent.java,method,1,363,Agree No,""
152,openjdk-mirror,https://stackoverflow.com/questions/58993471,so_58993471_block_2,ELIGIBLE,dataset/before/so_58993471_block_2.java,dataset/after/so_58993471_block_2.java,58993471/58993471_2_recent.java,method,1,363,Agree No,""
153,openjdk-mirror,https://stackoverflow.com/questions/58993471,so_58993471_block_2,ELIGIBLE,dataset/before/so_58993471_block_2.java,dataset/after/so_58993471_block_2.java,58993471/58993471_2_recent.java,method,1,363,Agree No,""
154,openjdk-mirror,https://stackoverflow.com/questions/58617321,so_58617321_block_2,ELIGIBLE,dataset/before/so_58617321_block_2.java,dataset/after/so_58617321_block_2.java,58617321/58617321_2_recent.java,method,1,17,Agress Yes,Improving Code
679,openliberty,https://stackoverflow.com/questions/44379671,so_44379671_block_6,ELIGIBLE,dataset/before/so_44379671_block_6.java,dataset/after/so_44379671_block_6.java,44379671/44379671_6_recent.java,method,1,15,Agree No,""
680,openliberty,https://stackoverflow.com/questions/40317313,so_40317313_block_6,ELIGIBLE,dataset/before/so_40317313_block_6.java,dataset/after/so_40317313_block_6.java,40317313/40317313_6_130395681.java,apply,15,27,Agree No,""
681,openliberty,https://stackoverflow.com/questions/40317313,so_40317313_block_6,ELIGIBLE,dataset/before/so_40317313_block_6.java,dataset/after/so_40317313_block_6.java,40317313/40317313_6_130395681.java,apply,15,27,Agress Yes,Improving Code
737,openpnp,https://stackoverflow.com/questions/4429257,so_4429257_block_2,ELIGIBLE,dataset/before/so_4429257_block_2.java,dataset/after/so_4429257_block_2.java,4429257/4429257_2_9347476.java,newBundle,2,32,Agree No,""
721,opensearch-project,https://stackoverflow.com/questions/33561612,so_33561612_block_2,ELIGIBLE,dataset/before/so_33561612_block_2.java,dataset/after/so_33561612_block_2.java,33561612/33561612_2_recent.java,method,1,33,Agress Yes,Improving Code
327,orcid,https://stackoverflow.com/questions/4429257,so_4429257_block_2,ELIGIBLE,dataset/before/so_4429257_block_2.java,dataset/after/so_4429257_block_2.java,4429257/4429257_2_9347476.java,newBundle,2,32,Agree No,""
537,osgi,https://stackoverflow.com/questions/19689932,so_19689932_block_6,ELIGIBLE,dataset/before/so_19689932_block_6.java,dataset/after/so_19689932_block_6.java,19689932/19689932_6_147013208.java,method,1,16,Agree No,""
538,osgi,https://stackoverflow.com/questions/2325407,so_2325407_block_2,ELIGIBLE,dataset/before/so_2325407_block_2.java,dataset/after/so_2325407_block_2.java,2325407/2325407_2_recent.java,method,1,12,Agress Yes,Bug Fixing
113,overturetool,https://stackoverflow.com/questions/25985720,so_25985720_block_14,ELIGIBLE,dataset/before/so_25985720_block_14.java,dataset/after/so_25985720_block_14.java,25985720/25985720_14_recent.java,method,1,21,Agress Yes,Improving Code
114,overturetool,https://stackoverflow.com/questions/25985720,so_25985720_block_14,ELIGIBLE,dataset/before/so_25985720_block_14.java,dataset/after/so_25985720_block_14.java,25985720/25985720_14_recent.java,method,1,21,Agress Yes,Improving Code
539,owasp,https://stackoverflow.com/questions/52144662,so_52144662_block_2,ELIGIBLE,dataset/before/so_52144662_block_2.java,dataset/after/so_52144662_block_2.java,52144662/52144662_2_181397043.java,method,1,97,Agress Yes,Improving Code
651,p2abcengine,https://stackoverflow.com/questions/9293885,so_9293885_block_2,ELIGIBLE,dataset/before/so_9293885_block_2.java,dataset/after/so_9293885_block_2.java,9293885/9293885_2_recent.java,method,1,18,Agress Yes,Improving Code
410,pamguard,https://stackoverflow.com/questions/28137956,so_28137956_block_4,ELIGIBLE,dataset/before/so_28137956_block_4.java,dataset/after/so_28137956_block_4.java,28137956/28137956_4_recent.java,method,1,79,Agree No,""
411,pamguard,https://stackoverflow.com/questions/17627497,so_17627497_block_2,ELIGIBLE,dataset/before/so_17627497_block_2.java,dataset/after/so_17627497_block_2.java,17627497/17627497_2_recent.java,method,1,14,Agree No,""
749,pebbletemplates,https://stackoverflow.com/questions/4429257,so_4429257_block_2,ELIGIBLE,dataset/before/so_4429257_block_2.java,dataset/after/so_4429257_block_2.java,4429257/4429257_2_9347476.java,newBundle,2,32,Agree No,""
130,peergos,https://stackoverflow.com/questions/56815,so_56815_block_2,ELIGIBLE,dataset/before/so_56815_block_2.java,dataset/after/so_56815_block_2.java,56815/56815_2_recent.java,method,1,15,Agress Yes,Improving Code
233,penguinsquad,https://stackoverflow.com/questions/53110509,so_53110509_block_2,ELIGIBLE,dataset/before/so_53110509_block_2.java,dataset/after/so_53110509_block_2.java,53110509/53110509_2_185004841.java,method,1,10,Agress Yes,Improving Code
207,pentaho,https://stackoverflow.com/questions/30316055,so_30316055_block_2,ELIGIBLE,dataset/before/so_30316055_block_2.java,dataset/after/so_30316055_block_2.java,30316055/30316055_2_recent.java,method,1,42,Agree No,""
18,pgmdev,https://stackoverflow.com/questions/4429257,so_4429257_block_2,ELIGIBLE,dataset/before/so_4429257_block_2.java,dataset/after/so_4429257_block_2.java,4429257/4429257_2_9347476.java,newBundle,2,32,Agress Yes,Bug Fixing
587,phoenixctms,https://stackoverflow.com/questions/50241292,so_50241292_block_2,ELIGIBLE,dataset/before/so_50241292_block_2.java,dataset/after/so_50241292_block_2.java,50241292/50241292_2_173099365.java,filter,2,14,Agree No,""
502,pig-mesh,https://stackoverflow.com/questions/58370217,so_58370217_block_2,ELIGIBLE,dataset/before/so_58370217_block_2.java,dataset/after/so_58370217_block_2.java,58370217/58370217_2_recent.java,method,1,45,Agress Yes,Improving Code
417,pippokill,https://stackoverflow.com/questions/1520212,so_1520212_block_2,ELIGIBLE,dataset/before/so_1520212_block_2.java,dataset/after/so_1520212_block_2.java,1520212/1520212_2_recent.java,shuffleArray,19,31,Agree No,""
202,piwigo,https://stackoverflow.com/questions/52144662,so_52144662_block_2,ELIGIBLE,dataset/before/so_52144662_block_2.java,dataset/after/so_52144662_block_2.java,52144662/52144662_2_181397043.java,method,1,97,Agress Yes,Improving Code
241,pixelmaid,https://stackoverflow.com/questions/54704257,so_54704257_block_2,ELIGIBLE,dataset/before/so_54704257_block_2.java,dataset/after/so_54704257_block_2.java,54704257/54704257_2_recent.java,method,1,12,Agree No,""
32,pkainulainen,https://stackoverflow.com/questions/52148106,so_52148106_block_4,ELIGIBLE,dataset/before/so_52148106_block_4.java,dataset/after/so_52148106_block_4.java,52148106/52148106_4_181012547.java,method,1,13,Agress Yes,Improving Code
33,pkainulainen,https://stackoverflow.com/questions/52148106,so_52148106_block_4,ELIGIBLE,dataset/before/so_52148106_block_4.java,dataset/after/so_52148106_block_4.java,52148106/52148106_4_181012547.java,method,1,13,Agress Yes,Improving Code
34,pkainulainen,https://stackoverflow.com/questions/52148106,so_52148106_block_4,ELIGIBLE,dataset/before/so_52148106_block_4.java,dataset/after/so_52148106_block_4.java,52148106/52148106_4_181012547.java,method,1,13,Agress Yes,Improving Code
35,pkainulainen,https://stackoverflow.com/questions/52148106,so_52148106_block_4,ELIGIBLE,dataset/before/so_52148106_block_4.java,dataset/after/so_52148106_block_4.java,52148106/52148106_4_181012547.java,method,1,13,Agress Yes,Improving Code
36,pkainulainen,https://stackoverflow.com/questions/52148106,so_52148106_block_4,ELIGIBLE,dataset/before/so_52148106_block_4.java,dataset/after/so_52148106_block_4.java,52148106/52148106_4_181012547.java,method,1,13,Agress Yes,Improving Code
37,pkainulainen,https://stackoverflow.com/questions/52148106,so_52148106_block_4,ELIGIBLE,dataset/before/so_52148106_block_4.java,dataset/after/so_52148106_block_4.java,52148106/52148106_4_181012547.java,method,1,13,Agress Yes,Improving Code
38,pkainulainen,https://stackoverflow.com/questions/52148106,so_52148106_block_4,ELIGIBLE,dataset/before/so_52148106_block_4.java,dataset/after/so_52148106_block_4.java,52148106/52148106_4_181012547.java,method,1,13,Agress Yes,Improving Code
503,playframework,https://stackoverflow.com/questions/46887834,so_46887834_block_2,ELIGIBLE,dataset/before/so_46887834_block_2.java,dataset/after/so_46887834_block_2.java,46887834/46887834_2_recent.java,method,1,14,Agress Yes,Bug Fixing
571,plutext,https://stackoverflow.com/questions/9293885,so_9293885_block_2,ELIGIBLE,dataset/before/so_9293885_block_2.java,dataset/after/so_9293885_block_2.java,9293885/9293885_2_recent.java,method,1,18,Agress Yes,Improving Code
155,pokefenn,https://stackoverflow.com/questions/63631995,so_63631995_block_6,ELIGIBLE,dataset/before/so_63631995_block_6.java,dataset/after/so_63631995_block_6.java,63631995/63631995_6_recent.java,method,1,110,Agree No,""
96,polypheny,https://stackoverflow.com/questions/34511731,so_34511731_block_2,ELIGIBLE,dataset/before/so_34511731_block_2.java,dataset/after/so_34511731_block_2.java,34511731/34511731_2_recent.java,read,2,14,Agree No,""
403,polystat,https://stackoverflow.com/questions/5061920,so_5061920_block_1,EXCLUDED,"","",5061920/5061920_1_recent.java,method,1,11,Agress Yes,Improving Code
404,polystat,https://stackoverflow.com/questions/5061920,so_5061920_block_1,EXCLUDED,"","",5061920/5061920_1_recent.java,method,1,11,Agress Yes,Improving Code
550,powernukkitx,https://stackoverflow.com/questions/57997601,so_57997601_block_2,ELIGIBLE,dataset/before/so_57997601_block_2.java,dataset/after/so_57997601_block_2.java,57997601/57997601_2_recent.java,method,1,22,Agree No,""
187,processing,https://stackoverflow.com/questions/60929154,so_60929154_block_2,ELIGIBLE,dataset/before/so_60929154_block_2.java,dataset/after/so_60929154_block_2.java,60929154/60929154_2_218030952.java,createSuggestionList,48,66,Agree No,""
188,processing,https://stackoverflow.com/questions/58346204,so_58346204_block_2,ELIGIBLE,dataset/before/so_58346204_block_2.java,dataset/after/so_58346204_block_2.java,58346204/58346204_2_recent.java,method,1,103,Agress Yes,Improving Code
189,processing,https://stackoverflow.com/questions/7607044,so_7607044_block_2,ELIGIBLE,dataset/before/so_7607044_block_2.java,dataset/after/so_7607044_block_2.java,7607044/7607044_2_recent.java,getTableCellEditorComponent,11,57,Agree No,""
190,processing,https://stackoverflow.com/questions/60929154,so_60929154_block_2,ELIGIBLE,dataset/before/so_60929154_block_2.java,dataset/after/so_60929154_block_2.java,60929154/60929154_2_218030952.java,createSuggestionList,48,66,Agree No,""
229,projectbuendia,https://stackoverflow.com/questions/19876516,so_19876516_block_2,ELIGIBLE,dataset/before/so_19876516_block_2.java,dataset/after/so_19876516_block_2.java,19876516/19876516_2_recent.java,method,1,33,Agree No,""
230,projectbuendia,https://stackoverflow.com/questions/55003173,so_55003173_block_2,ELIGIBLE,dataset/before/so_55003173_block_2.java,dataset/after/so_55003173_block_2.java,55003173/55003173_2_recent.java,method,1,12,Agress Yes,Bug Fixing
528,prometheus,https://stackoverflow.com/questions/18454342,so_18454342_block_2,ELIGIBLE,dataset/before/so_18454342_block_2.java,dataset/after/so_18454342_block_2.java,18454342/18454342_2_recent.java,method,1,29,Agree No,""
224,proofpoint,https://stackoverflow.com/questions/30316055,so_30316055_block_2,ELIGIBLE,dataset/before/so_30316055_block_2.java,dataset/after/so_30316055_block_2.java,30316055/30316055_2_recent.java,method,1,42,Agree No,""
212,punchthrough,https://stackoverflow.com/questions/60266789,so_60266789_block_2,ELIGIBLE,dataset/before/so_60266789_block_2.java,dataset/after/so_60266789_block_2.java,60266789/60266789_2_recent.java,method,1,13,Agress Yes,Bug Fixing
718,puniverse,https://stackoverflow.com/questions/54298032,so_54298032_block_2,ELIGIBLE,dataset/before/so_54298032_block_2.java,dataset/after/so_54298032_block_2.java,54298032/54298032_2_recent.java,copy,58,72,Agress Yes,Improving Code
616,pylersm,https://stackoverflow.com/questions/9293885,so_9293885_block_2,ELIGIBLE,dataset/before/so_9293885_block_2.java,dataset/after/so_9293885_block_2.java,9293885/9293885_2_recent.java,method,1,18,Agress Yes,Improving Code
487,qalingo,https://stackoverflow.com/questions/5079864,so_5079864_block_2,ELIGIBLE,dataset/before/so_5079864_block_2.java,dataset/after/so_5079864_block_2.java,5079864/5079864_2_136918794.java,method,1,13,Agree No,""
776,qiurunze123,https://stackoverflow.com/questions/55986044,so_55986044_block_2,ELIGIBLE,dataset/before/so_55986044_block_2.java,dataset/after/so_55986044_block_2.java,55986044/55986044_2_recent.java,method,1,107,Agress Yes,Improving Code
777,qiurunze123,https://stackoverflow.com/questions/55986044,so_55986044_block_2,ELIGIBLE,dataset/before/so_55986044_block_2.java,dataset/after/so_55986044_block_2.java,55986044/55986044_2_recent.java,method,1,107,Agress Yes,Improving Code
778,qiurunze123,https://stackoverflow.com/questions/55986044,so_55986044_block_2,ELIGIBLE,dataset/before/so_55986044_block_2.java,dataset/after/so_55986044_block_2.java,55986044/55986044_2_recent.java,method,1,107,Agress Yes,Improving Code
779,qiurunze123,https://stackoverflow.com/questions/55986044,so_55986044_block_2,ELIGIBLE,dataset/before/so_55986044_block_2.java,dataset/after/so_55986044_block_2.java,55986044/55986044_2_recent.java,method,1,107,Agress Yes,Improving Code
108,raj-m01,https://stackoverflow.com/questions/6788456,so_6788456_block_2,ELIGIBLE,dataset/before/so_6788456_block_2.java,dataset/after/so_6788456_block_2.java,6788456/6788456_2_209269621.java,method,1,15,Agree No,""
109,raj-m01,https://stackoverflow.com/questions/6788456,so_6788456_block_2,ELIGIBLE,dataset/before/so_6788456_block_2.java,dataset/after/so_6788456_block_2.java,6788456/6788456_2_209269621.java,method,1,15,Agree No,""
227,ralphite,https://stackoverflow.com/questions/64804977,so_64804977_block_4,ELIGIBLE,dataset/before/so_64804977_block_4.java,dataset/after/so_64804977_block_4.java,64804977/64804977_4_recent.java,method,1,20,Agress Yes,Bug fixing
123,ramack,https://stackoverflow.com/questions/52144662,so_52144662_block_2,ELIGIBLE,dataset/before/so_52144662_block_2.java,dataset/after/so_52144662_block_2.java,52144662/52144662_2_181397043.java,method,1,97,Agress Yes,Improving Code
532,red5,https://stackoverflow.com/questions/7901334,so_7901334_block_2,ELIGIBLE,dataset/before/so_7901334_block_2.java,dataset/after/so_7901334_block_2.java,7901334/7901334_2_recent.java,method,1,124,Agress Yes,Bug Fixing
533,red5,https://stackoverflow.com/questions/7901334,so_7901334_block_2,ELIGIBLE,dataset/before/so_7901334_block_2.java,dataset/after/so_7901334_block_2.java,7901334/7901334_2_recent.java,method,1,124,Agree No,""
402,refactoringguru,https://stackoverflow.com/questions/9709606,so_9709606_block_2,ELIGIBLE,dataset/before/so_9709606_block_2.java,dataset/after/so_9709606_block_2.java,9709606/9709606_2_recent.java,method,1,19,Agress Yes,Improving Code
181,reneargento,https://stackoverflow.com/questions/46887834,so_46887834_block_2,ELIGIBLE,dataset/before/so_46887834_block_2.java,dataset/after/so_46887834_block_2.java,46887834/46887834_2_recent.java,method,1,14,Agress Yes,Bug Fixing
182,reneargento,https://stackoverflow.com/questions/46887834,so_46887834_block_2,ELIGIBLE,dataset/before/so_46887834_block_2.java,dataset/after/so_46887834_block_2.java,46887834/46887834_2_recent.java,method,1,14,Agress Yes,Bug Fixing
697,renrenio,https://stackoverflow.com/questions/41471859,so_41471859_block_4,ELIGIBLE,dataset/before/so_41471859_block_4.java,dataset/after/so_41471859_block_4.java,41471859/41471859_4_135239059.java,method,1,15,Agree No,""
551,repast,https://stackoverflow.com/questions/6236324,so_6236324_block_2,ELIGIBLE,dataset/before/so_6236324_block_2.java,dataset/after/so_6236324_block_2.java,6236324/6236324_2_recent.java,method,1,521,Agress Yes,Improving Code
469,restlet,https://stackoverflow.com/questions/28943344,so_28943344_block_6,ELIGIBLE,dataset/before/so_28943344_block_6.java,dataset/after/so_28943344_block_6.java,28943344/28943344_6_85432010.java,method,1,30,Agree No,""
416,ripmeapp,https://stackoverflow.com/questions/4429257,so_4429257_block_2,ELIGIBLE,dataset/before/so_4429257_block_2.java,dataset/after/so_4429257_block_2.java,4429257/4429257_2_9347476.java,newBundle,2,32,Agree No,""
581,robolectric,https://stackoverflow.com/questions/20274776,so_20274776_block_2,ELIGIBLE,dataset/before/so_20274776_block_2.java,dataset/after/so_20274776_block_2.java,20274776/20274776_2_recent.java,method,1,29,Agree No,""
689,robotmedia,https://stackoverflow.com/questions/4305365,so_4305365_block_2,ELIGIBLE,dataset/before/so_4305365_block_2.java,dataset/after/so_4305365_block_2.java,4305365/4305365_2_recent.java,main,6,43,Agree No,""
729,ronancpl,https://stackoverflow.com/questions/14676464,so_14676464_block_2,ELIGIBLE,dataset/before/so_14676464_block_2.java,dataset/after/so_14676464_block_2.java,14676464/14676464_2_recent.java,method,1,15,Agress Yes,Improving Code
730,ronancpl,https://stackoverflow.com/questions/14676464,so_14676464_block_2,ELIGIBLE,dataset/before/so_14676464_block_2.java,dataset/after/so_14676464_block_2.java,14676464/14676464_2_recent.java,method,1,15,Agress Yes,Improving Code
731,ronancpl,https://stackoverflow.com/questions/14676464,so_14676464_block_2,ELIGIBLE,dataset/before/so_14676464_block_2.java,dataset/after/so_14676464_block_2.java,14676464/14676464_2_recent.java,method,1,15,Agress Yes,Improving Code
732,ronancpl,https://stackoverflow.com/questions/14676464,so_14676464_block_2,ELIGIBLE,dataset/before/so_14676464_block_2.java,dataset/after/so_14676464_block_2.java,14676464/14676464_2_recent.java,method,1,15,Agress Yes,Improving Code
733,ronancpl,https://stackoverflow.com/questions/14676464,so_14676464_block_2,ELIGIBLE,dataset/before/so_14676464_block_2.java,dataset/after/so_14676464_block_2.java,14676464/14676464_2_recent.java,method,1,15,Agress Yes,Improving Code
734,ronancpl,https://stackoverflow.com/questions/14676464,so_14676464_block_2,ELIGIBLE,dataset/before/so_14676464_block_2.java,dataset/after/so_14676464_block_2.java,14676464/14676464_2_recent.java,method,1,15,Agress Yes,Improving Code
735,ronancpl,https://stackoverflow.com/questions/32855556,so_32855556_block_4,ELIGIBLE,dataset/before/so_32855556_block_4.java,dataset/after/so_32855556_block_4.java,32855556/32855556_4_100737457.java,method,1,12,Agress Yes,Improving Code
736,ronancpl,https://stackoverflow.com/questions/14676464,so_14676464_block_2,ELIGIBLE,dataset/before/so_14676464_block_2.java,dataset/after/so_14676464_block_2.java,14676464/14676464_2_recent.java,method,1,15,Agress Yes,Improving Code
42,rosemoe,https://stackoverflow.com/questions/35094888,so_35094888_block_2,ELIGIBLE,dataset/before/so_35094888_block_2.java,dataset/after/so_35094888_block_2.java,35094888/35094888_2_recent.java,method,1,61,Agress Yes,Improving Code
218,rptools,https://stackoverflow.com/questions/32650814,so_32650814_block_2,ELIGIBLE,dataset/before/so_32650814_block_2.java,dataset/after/so_32650814_block_2.java,32650814/32650814_2_recent.java,method,1,197,Agree No,""
219,rptools,https://stackoverflow.com/questions/62722315,so_62722315_block_2,ELIGIBLE,dataset/before/so_62722315_block_2.java,dataset/after/so_62722315_block_2.java,62722315/62722315_2_recent.java,method,1,292,Agress Yes,Improving Code
220,rptools,https://stackoverflow.com/questions/62722315,so_62722315_block_2,ELIGIBLE,dataset/before/so_62722315_block_2.java,dataset/after/so_62722315_block_2.java,62722315/62722315_2_recent.java,method,1,292,Agress Yes,Improving Code
672,rstudio,https://stackoverflow.com/questions/9709606,so_9709606_block_2,ELIGIBLE,dataset/before/so_9709606_block_2.java,dataset/after/so_9709606_block_2.java,9709606/9709606_2_recent.java,method,1,19,Agress Yes,Improving Code
95,rubenlagus,https://stackoverflow.com/questions/4429257,so_4429257_block_2,ELIGIBLE,dataset/before/so_4429257_block_2.java,dataset/after/so_4429257_block_2.java,4429257/4429257_2_9347476.java,newBundle,2,32,Agress Yes,Improving Code
31,rythmengine,https://stackoverflow.com/questions/4429257,so_4429257_block_2,ELIGIBLE,dataset/before/so_4429257_block_2.java,dataset/after/so_4429257_block_2.java,4429257/4429257_2_9347476.java,newBundle,2,32,Agress Yes,Improving Code
105,safetysystemtechnology,https://stackoverflow.com/questions/28039909,so_28039909_block_2,ELIGIBLE,dataset/before/so_28039909_block_2.java,dataset/after/so_28039909_block_2.java,28039909/28039909_2_recent.java,method,1,13,Agree No,""
498,samczsun,https://stackoverflow.com/questions/54298032,so_54298032_block_2,ELIGIBLE,dataset/before/so_54298032_block_2.java,dataset/after/so_54298032_block_2.java,54298032/54298032_2_recent.java,copy,58,72,Agree No,""
97,scada-lts,https://stackoverflow.com/questions/9293885,so_9293885_block_2,ELIGIBLE,dataset/before/so_9293885_block_2.java,dataset/after/so_9293885_block_2.java,9293885/9293885_2_recent.java,method,1,18,Agress Yes,Bug Fixing
89,sci2sugr,https://stackoverflow.com/questions/12738229,so_12738229_block_2,ELIGIBLE,dataset/before/so_12738229_block_2.java,dataset/after/so_12738229_block_2.java,12738229/12738229_2_30063703.java,sortByValue,5,21,Agress Yes,Improving Code
90,sci2sugr,https://stackoverflow.com/questions/12738229,so_12738229_block_2,ELIGIBLE,dataset/before/so_12738229_block_2.java,dataset/after/so_12738229_block_2.java,12738229/12738229_2_30063703.java,sortByValue,5,21,Agress Yes,Improving Code
91,sci2sugr,https://stackoverflow.com/questions/12738229,so_12738229_block_2,ELIGIBLE,dataset/before/so_12738229_block_2.java,dataset/after/so_12738229_block_2.java,12738229/12738229_2_30063703.java,sortByValue,5,21,Agress Yes,Improving Code
92,sci2sugr,https://stackoverflow.com/questions/12738229,so_12738229_block_2,ELIGIBLE,dataset/before/so_12738229_block_2.java,dataset/after/so_12738229_block_2.java,12738229/12738229_2_30063703.java,sortByValue,5,21,Agress Yes,Improving Code
124,seleniumhq,https://stackoverflow.com/questions/36004572,so_36004572_block_4,ELIGIBLE,dataset/before/so_36004572_block_4.java,dataset/after/so_36004572_block_4.java,36004572/36004572_4_recent.java,method,1,24,Agree No,""
125,seleniumhq,https://stackoverflow.com/questions/57997601,so_57997601_block_2,ELIGIBLE,dataset/before/so_57997601_block_2.java,dataset/after/so_57997601_block_2.java,57997601/57997601_2_recent.java,method,1,22,Agress Yes,Improving Code
348,sendowlorganization,https://stackoverflow.com/questions/59430454,so_59430454_block_2,ELIGIBLE,dataset/before/so_59430454_block_2.java,dataset/after/so_59430454_block_2.java,59430454/59430454_2_recent.java,method,1,72,Agree No,""
213,sepinf-inc,https://stackoverflow.com/questions/4429257,so_4429257_block_2,ELIGIBLE,dataset/before/so_4429257_block_2.java,dataset/after/so_4429257_block_2.java,4429257/4429257_2_9347476.java,newBundle,2,32,Agree No,""
247,sergueik,https://stackoverflow.com/questions/32164598,so_32164598_block_8,ELIGIBLE,dataset/before/so_32164598_block_8.java,dataset/after/so_32164598_block_8.java,32164598/32164598_8_recent.java,method,1,15,Agress Yes,Bug Fixing
700,ses-fortiss,https://stackoverflow.com/questions/59664498,so_59664498_block_2,ELIGIBLE,dataset/before/so_59664498_block_2.java,dataset/after/so_59664498_block_2.java,59664498/59664498_2_recent.java,method,1,68,Agress Yes,Improving Code
701,ses-fortiss,https://stackoverflow.com/questions/59664498,so_59664498_block_2,ELIGIBLE,dataset/before/so_59664498_block_2.java,dataset/after/so_59664498_block_2.java,59664498/59664498_2_recent.java,method,1,68,Agress Yes,Improving Code
702,ses-fortiss,https://stackoverflow.com/questions/59664498,so_59664498_block_2,ELIGIBLE,dataset/before/so_59664498_block_2.java,dataset/after/so_59664498_block_2.java,59664498/59664498_2_recent.java,method,1,68,Agress Yes,Improving Code
703,ses-fortiss,https://stackoverflow.com/questions/59664498,so_59664498_block_2,ELIGIBLE,dataset/before/so_59664498_block_2.java,dataset/after/so_59664498_block_2.java,59664498/59664498_2_recent.java,method,1,68,Agress Yes,Improving Code
704,ses-fortiss,https://stackoverflow.com/questions/59664498,so_59664498_block_2,ELIGIBLE,dataset/before/so_59664498_block_2.java,dataset/after/so_59664498_block_2.java,59664498/59664498_2_recent.java,method,1,68,Agress Yes,Improving Code
705,ses-fortiss,https://stackoverflow.com/questions/59664498,so_59664498_block_2,ELIGIBLE,dataset/before/so_59664498_block_2.java,dataset/after/so_59664498_block_2.java,59664498/59664498_2_recent.java,method,1,68,Agress Yes,Improving Code
706,ses-fortiss,https://stackoverflow.com/questions/59664498,so_59664498_block_2,ELIGIBLE,dataset/before/so_59664498_block_2.java,dataset/after/so_59664498_block_2.java,59664498/59664498_2_recent.java,method,1,68,Agress Yes,Improving Code
707,ses-fortiss,https://stackoverflow.com/questions/59664498,so_59664498_block_2,ELIGIBLE,dataset/before/so_59664498_block_2.java,dataset/after/so_59664498_block_2.java,59664498/59664498_2_recent.java,method,1,68,Agress Yes,Improving Code
708,ses-fortiss,https://stackoverflow.com/questions/59664498,so_59664498_block_2,ELIGIBLE,dataset/before/so_59664498_block_2.java,dataset/after/so_59664498_block_2.java,59664498/59664498_2_recent.java,method,1,68,Agress Yes,Improving Code
709,ses-fortiss,https://stackoverflow.com/questions/59664498,so_59664498_block_2,ELIGIBLE,dataset/before/so_59664498_block_2.java,dataset/after/so_59664498_block_2.java,59664498/59664498_2_recent.java,method,1,68,Agress Yes,Improving Code
635,sevenex,https://stackoverflow.com/questions/58370217,so_58370217_block_2,ELIGIBLE,dataset/before/so_58370217_block_2.java,dataset/after/so_58370217_block_2.java,58370217/58370217_2_recent.java,method,1,45,Agress Yes,Improving Code
636,sevenex,https://stackoverflow.com/questions/58370217,so_58370217_block_2,ELIGIBLE,dataset/before/so_58370217_block_2.java,dataset/after/so_58370217_block_2.java,58370217/58370217_2_recent.java,method,1,45,Agress Yes,Improving Code
637,sevenex,https://stackoverflow.com/questions/58370217,so_58370217_block_2,ELIGIBLE,dataset/before/so_58370217_block_2.java,dataset/after/so_58370217_block_2.java,58370217/58370217_2_recent.java,method,1,45,Agress Yes,Improving Code
638,sevenex,https://stackoverflow.com/questions/58370217,so_58370217_block_2,ELIGIBLE,dataset/before/so_58370217_block_2.java,dataset/after/so_58370217_block_2.java,58370217/58370217_2_recent.java,method,1,45,Agress Yes,Improving Code
639,sevenex,https://stackoverflow.com/questions/58370217,so_58370217_block_2,ELIGIBLE,dataset/before/so_58370217_block_2.java,dataset/after/so_58370217_block_2.java,58370217/58370217_2_recent.java,method,1,45,Agress Yes,Improving Code
640,sevenex,https://stackoverflow.com/questions/58370217,so_58370217_block_2,ELIGIBLE,dataset/before/so_58370217_block_2.java,dataset/after/so_58370217_block_2.java,58370217/58370217_2_recent.java,method,1,45,Agress Yes,Improving Code
641,sevenex,https://stackoverflow.com/questions/58370217,so_58370217_block_2,ELIGIBLE,dataset/before/so_58370217_block_2.java,dataset/after/so_58370217_block_2.java,58370217/58370217_2_recent.java,method,1,45,Agress Yes,Improving Code
507,sfplayer1,https://stackoverflow.com/questions/2699270,so_2699270_block_2,ELIGIBLE,dataset/before/so_2699270_block_2.java,dataset/after/so_2699270_block_2.java,2699270/2699270_2_recent.java,method,1,18,Agree No,""
352,sharispe,https://stackoverflow.com/questions/453067,so_453067_block_2,ELIGIBLE,dataset/before/so_453067_block_2.java,dataset/after/so_453067_block_2.java,453067/453067_2_recent.java,method,1,20,Agree No,""
106,shevchik,https://stackoverflow.com/questions/54298032,so_54298032_block_2,ELIGIBLE,dataset/before/so_54298032_block_2.java,dataset/after/so_54298032_block_2.java,54298032/54298032_2_190009745.java,copy,52,65,Agree No,""
351,shradha-khapra,https://stackoverflow.com/questions/46193578,so_46193578_block_2,ELIGIBLE,dataset/before/so_46193578_block_2.java,dataset/after/so_46193578_block_2.java,46193578/46193578_2_recent.java,method,1,62,Agree No,""
174,shulietech,https://stackoverflow.com/questions/54298032,so_54298032_block_2,ELIGIBLE,dataset/before/so_54298032_block_2.java,dataset/after/so_54298032_block_2.java,54298032/54298032_2_recent.java,copy,58,72,Agree No,""
175,shulietech,https://stackoverflow.com/questions/58993471,so_58993471_block_2,ELIGIBLE,dataset/before/so_58993471_block_2.java,dataset/after/so_58993471_block_2.java,58993471/58993471_2_recent.java,method,1,363,Agree No,""
486,siaorg,https://stackoverflow.com/questions/27469652,so_27469652_block_4,ELIGIBLE,dataset/before/so_27469652_block_4.java,dataset/after/so_27469652_block_4.java,27469652/27469652_4_recent.java,method,1,15,Agress Yes,Improving Code
214,sikuli,https://stackoverflow.com/questions/36004572,so_36004572_block_4,ELIGIBLE,dataset/before/so_36004572_block_4.java,dataset/after/so_36004572_block_4.java,36004572/36004572_4_recent.java,method,1,24,Agree No,""
654,skriptlang,https://stackoverflow.com/questions/24127188,so_24127188_block_2,ELIGIBLE,dataset/before/so_24127188_block_2.java,dataset/after/so_24127188_block_2.java,24127188/24127188_2_recent.java,method,1,32,Agree No,""
26,snowblossomcoin,https://stackoverflow.com/questions/29548090,so_29548090_block_4,ELIGIBLE,dataset/before/so_29548090_block_4.java,dataset/after/so_29548090_block_4.java,29548090/29548090_4_recent.java,method,1,78,Agress Yes,Improving Code
350,sofastack,https://stackoverflow.com/questions/60266789,so_60266789_block_2,ELIGIBLE,dataset/before/so_60266789_block_2.java,dataset/after/so_60266789_block_2.java,60266789/60266789_2_recent.java,method,1,13,Agree No,""
274,spoonlabs,https://stackoverflow.com/questions/31868761,so_31868761_block_4,ELIGIBLE,dataset/before/so_31868761_block_4.java,dataset/after/so_31868761_block_4.java,31868761/31868761_4_96856276.java,method,1,12,Agree No,""
275,spoonlabs,https://stackoverflow.com/questions/31868761,so_31868761_block_4,ELIGIBLE,dataset/before/so_31868761_block_4.java,dataset/after/so_31868761_block_4.java,31868761/31868761_4_96856276.java,method,1,12,Agree No,""
276,spoonlabs,https://stackoverflow.com/questions/31868761,so_31868761_block_4,ELIGIBLE,dataset/before/so_31868761_block_4.java,dataset/after/so_31868761_block_4.java,31868761/31868761_4_96856276.java,method,1,12,Agree No,""
593,spring-projects,https://stackoverflow.com/questions/33270545,so_33270545_block_2,ELIGIBLE,dataset/before/so_33270545_block_2.java,dataset/after/so_33270545_block_2.java,33270545/33270545_2_102375019.java,addHeaders,25,45,Agress Yes,Improving Code
594,spring-projects,https://stackoverflow.com/questions/2086792,so_2086792_block_2,ELIGIBLE,dataset/before/so_2086792_block_2.java,dataset/after/so_2086792_block_2.java,2086792/2086792_2_recent.java,method,1,17,Agree No,""
595,spring-projects,https://stackoverflow.com/questions/58496526,so_58496526_block_2,ELIGIBLE,dataset/before/so_58496526_block_2.java,dataset/after/so_58496526_block_2.java,58496526/58496526_2_207696359.java,method,1,19,Agree No,""
596,spring-projects,https://stackoverflow.com/questions/52148106,so_52148106_block_4,ELIGIBLE,dataset/before/so_52148106_block_4.java,dataset/after/so_52148106_block_4.java,52148106/52148106_4_181012547.java,method,1,13,Agress Yes,Improving Code
597,spring-projects,https://stackoverflow.com/questions/10195366,so_10195366_block_2,ELIGIBLE,dataset/before/so_10195366_block_2.java,dataset/after/so_10195366_block_2.java,10195366/10195366_2_recent.java,method,1,21,Agree No,""
598,spring-projects,https://stackoverflow.com/questions/10195366,so_10195366_block_2,ELIGIBLE,dataset/before/so_10195366_block_2.java,dataset/after/so_10195366_block_2.java,10195366/10195366_2_recent.java,method,1,21,Agree No,""
418,springdoc,https://stackoverflow.com/questions/59430454,so_59430454_block_2,ELIGIBLE,dataset/before/so_59430454_block_2.java,dataset/after/so_59430454_block_2.java,59430454/59430454_2_recent.java,method,1,72,Agree No,""
419,springdoc,https://stackoverflow.com/questions/59430454,so_59430454_block_2,ELIGIBLE,dataset/before/so_59430454_block_2.java,dataset/after/so_59430454_block_2.java,59430454/59430454_2_recent.java,method,1,72,Agree No,""
420,sromku,https://stackoverflow.com/questions/52144662,so_52144662_block_2,ELIGIBLE,dataset/before/so_52144662_block_2.java,dataset/after/so_52144662_block_2.java,52144662/52144662_2_181397043.java,method,1,97,Agress Yes,Improving Code
780,stanford-futuredata,https://stackoverflow.com/questions/453067,so_453067_block_2,ELIGIBLE,dataset/before/so_453067_block_2.java,dataset/after/so_453067_block_2.java,453067/453067_2_recent.java,method,1,20,Agree No,""
669,stanfordnlp,https://stackoverflow.com/questions/15422801,so_15422801_block_2,ELIGIBLE,dataset/before/so_15422801_block_2.java,dataset/after/so_15422801_block_2.java,15422801/15422801_2_102469581.java,mouseMoved,48,68,Agree No,""
670,stanfordnlp,https://stackoverflow.com/questions/15422801,so_15422801_block_2,ELIGIBLE,dataset/before/so_15422801_block_2.java,dataset/after/so_15422801_block_2.java,15422801/15422801_2_recent.java,TestPane,44,68,Agree No,""
211,starexec,https://stackoverflow.com/questions/2086792,so_2086792_block_2,ELIGIBLE,dataset/before/so_2086792_block_2.java,dataset/after/so_2086792_block_2.java,2086792/2086792_2_recent.java,method,1,17,Agress Yes,Improving Code
603,strapdata,https://stackoverflow.com/questions/33561612,so_33561612_block_2,ELIGIBLE,dataset/before/so_33561612_block_2.java,dataset/after/so_33561612_block_2.java,33561612/33561612_2_recent.java,method,1,33,Agress Yes,Improving Code
617,subhra74,https://stackoverflow.com/questions/3519182,so_3519182_block_2,ELIGIBLE,dataset/before/so_3519182_block_2.java,dataset/after/so_3519182_block_2.java,3519182/3519182_2_7342658.java,method,1,17,Agree No,""
409,sukritishah15,https://stackoverflow.com/questions/57560955,so_57560955_block_2,ELIGIBLE,dataset/before/so_57560955_block_2.java,dataset/after/so_57560955_block_2.java,57560955/57560955_2_recent.java,method,1,17,Agress Yes,Improving Code
184,svn2github,https://stackoverflow.com/questions/42527750,so_42527750_block_2,ELIGIBLE,dataset/before/so_42527750_block_2.java,dataset/after/so_42527750_block_2.java,42527750/42527750_2_recent.java,method,1,35,Agree No,""
185,svn2github,https://stackoverflow.com/questions/58993471,so_58993471_block_2,ELIGIBLE,dataset/before/so_58993471_block_2.java,dataset/after/so_58993471_block_2.java,58993471/58993471_2_recent.java,method,1,363,Agree No,""
572,swati4star,https://stackoverflow.com/questions/16877278,so_16877278_block_2,ELIGIBLE,dataset/before/so_16877278_block_2.java,dataset/after/so_16877278_block_2.java,16877278/16877278_2_recent.java,method,1,31,Agree No,""
615,swellrt,https://stackoverflow.com/questions/54298032,so_54298032_block_2,ELIGIBLE,dataset/before/so_54298032_block_2.java,dataset/after/so_54298032_block_2.java,54298032/54298032_2_recent.java,copy,58,72,Agree No,""
696,szhnet,https://stackoverflow.com/questions/3870210,so_3870210_block_4,ELIGIBLE,dataset/before/so_3870210_block_4.java,dataset/after/so_3870210_block_4.java,3870210/3870210_4_recent.java,method,1,29,Agress Yes,Improving Code
201,tapdata,https://stackoverflow.com/questions/41251473,so_41251473_block_6,ELIGIBLE,dataset/before/so_41251473_block_6.java,dataset/after/so_41251473_block_6.java,41251473/41251473_6_recent.java,method,1,20,Agress Yes,Improving Code
98,teamapps-org,https://stackoverflow.com/questions/4429257,so_4429257_block_2,ELIGIBLE,dataset/before/so_4429257_block_2.java,dataset/after/so_4429257_block_2.java,4429257/4429257_2_9347476.java,newBundle,2,32,Agress Yes,Bug Fixing
599,technicpack,https://stackoverflow.com/questions/2086792,so_2086792_block_2,ELIGIBLE,dataset/before/so_2086792_block_2.java,dataset/after/so_2086792_block_2.java,2086792/2086792_2_recent.java,method,1,17,Agree No,""
295,tencent,https://stackoverflow.com/questions/13462440,so_13462440_block_6,ELIGIBLE,dataset/before/so_13462440_block_6.java,dataset/after/so_13462440_block_6.java,13462440/13462440_6_32050882.java,init,30,44,Agress Yes,Improving Code
296,tencent,https://stackoverflow.com/questions/58993471,so_58993471_block_2,ELIGIBLE,dataset/before/so_58993471_block_2.java,dataset/after/so_58993471_block_2.java,58993471/58993471_2_recent.java,method,1,363,Agree No,""
297,tencent,https://stackoverflow.com/questions/29866762,so_29866762_block_2,ELIGIBLE,dataset/before/so_29866762_block_2.java,dataset/after/so_29866762_block_2.java,29866762/29866762_2_89013107.java,method,1,40,Agree No,""
298,tencent,https://stackoverflow.com/questions/29866762,so_29866762_block_2,ELIGIBLE,dataset/before/so_29866762_block_2.java,dataset/after/so_29866762_block_2.java,29866762/29866762_2_89013107.java,method,1,40,Agress Yes,Improving Code
299,tencent,https://stackoverflow.com/questions/46830988,so_46830988_block_4,ELIGIBLE,dataset/before/so_46830988_block_4.java,dataset/after/so_46830988_block_4.java,46830988/46830988_4_158689916.java,method,1,19,Agree No,""
300,tencent,https://stackoverflow.com/questions/16799135,so_16799135_block_10,ELIGIBLE,dataset/before/so_16799135_block_10.java,dataset/after/so_16799135_block_10.java,16799135/16799135_10_41317480.java,method,1,23,Agress Yes,Improving Code
301,tencent,https://stackoverflow.com/questions/29330741,so_29330741_block_6,ELIGIBLE,dataset/before/so_29330741_block_6.java,dataset/after/so_29330741_block_6.java,29330741/29330741_6_86929181.java,method,1,13,Agress Yes,Improving Code
302,tencent,https://stackoverflow.com/questions/29330741,so_29330741_block_6,ELIGIBLE,dataset/before/so_29330741_block_6.java,dataset/after/so_29330741_block_6.java,29330741/29330741_6_86929181.java,method,1,13,Agree No,""
303,tencent,https://stackoverflow.com/questions/45774144,so_45774144_block_4,ELIGIBLE,dataset/before/so_45774144_block_4.java,dataset/after/so_45774144_block_4.java,45774144/45774144_4_recent.java,method,1,21,Agree No,""
304,tencent,https://stackoverflow.com/questions/54119640,so_54119640_block_4,ELIGIBLE,dataset/before/so_54119640_block_4.java,dataset/after/so_54119640_block_4.java,54119640/54119640_4_189259651.java,mouseClicked,10,26,Agress Yes,Improving Code
305,tencent,https://stackoverflow.com/questions/58993471,so_58993471_block_2,ELIGIBLE,dataset/before/so_58993471_block_2.java,dataset/after/so_58993471_block_2.java,58993471/58993471_2_recent.java,method,1,363,Agree No,""
306,tencent,https://stackoverflow.com/questions/58993471,so_58993471_block_2,ELIGIBLE,dataset/before/so_58993471_block_2.java,dataset/after/so_58993471_block_2.java,58993471/58993471_2_recent.java,method,1,363,Agree No,""
307,tencent,https://stackoverflow.com/questions/64938483,so_64938483_block_2,ELIGIBLE,dataset/before/so_64938483_block_2.java,dataset/after/so_64938483_block_2.java,64938483/64938483_2_recent.java,method,1,68,Agress Yes,Improving Code
308,tencent,https://stackoverflow.com/questions/6702420,so_6702420_block_2,ELIGIBLE,dataset/before/so_6702420_block_2.java,dataset/after/so_6702420_block_2.java,6702420/6702420_2_89518975.java,main,9,18,Agree No,""
309,tencent,https://stackoverflow.com/questions/58993471,so_58993471_block_2,ELIGIBLE,dataset/before/so_58993471_block_2.java,dataset/after/so_58993471_block_2.java,58993471/58993471_2_recent.java,method,1,363,Agree No,""
310,tencent,https://stackoverflow.com/questions/58993471,so_58993471_block_2,ELIGIBLE,dataset/before/so_58993471_block_2.java,dataset/after/so_58993471_block_2.java,58993471/58993471_2_recent.java,method,1,363,Agree No,""
311,tencent,https://stackoverflow.com/questions/58993471,so_58993471_block_2,ELIGIBLE,dataset/before/so_58993471_block_2.java,dataset/after/so_58993471_block_2.java,58993471/58993471_2_recent.java,method,1,363,Agree No,""
312,tencent,https://stackoverflow.com/questions/58993471,so_58993471_block_2,ELIGIBLE,dataset/before/so_58993471_block_2.java,dataset/after/so_58993471_block_2.java,58993471/58993471_2_recent.java,method,1,363,Agree No,""
313,tencent,https://stackoverflow.com/questions/58617321,so_58617321_block_2,ELIGIBLE,dataset/before/so_58617321_block_2.java,dataset/after/so_58617321_block_2.java,58617321/58617321_2_recent.java,method,1,17,Agress Yes,Improving Code
770,thealgorithms,https://stackoverflow.com/questions/64124615,so_64124615_block_2,ELIGIBLE,dataset/before/so_64124615_block_2.java,dataset/after/so_64124615_block_2.java,64124615/64124615_2_recent.java,method,1,140,Agree No,""
771,thealgorithms,https://stackoverflow.com/questions/57713309,so_57713309_block_2,ELIGIBLE,dataset/before/so_57713309_block_2.java,dataset/after/so_57713309_block_2.java,57713309/57713309_2_recent.java,method,1,11,Agress Yes,Bug Fixing
633,thingsboard,https://stackoverflow.com/questions/19435226,so_19435226_block_1,EXCLUDED,"","",19435226/19435226_1_recent.java,method,1,78,Agree No,""
634,thingsboard,https://stackoverflow.com/questions/19435226,so_19435226_block_1,EXCLUDED,"","",19435226/19435226_1_recent.java,method,1,78,Agree No,""
530,threerings,https://stackoverflow.com/questions/9709606,so_9709606_block_2,ELIGIBLE,dataset/before/so_9709606_block_2.java,dataset/after/so_9709606_block_2.java,9709606/9709606_2_recent.java,method,1,19,Agress Yes,Improving Code
568,tibcosoftware,https://stackoverflow.com/questions/6702029,so_6702029_block_1,ELIGIBLE,dataset/before/so_6702029_block_1.java,dataset/after/so_6702029_block_1.java,6702029/6702029_1_117495632.java,method,1,31,Agree No,""
513,timothymiko,https://stackoverflow.com/questions/16114563,so_16114563_block_2,ELIGIBLE,dataset/before/so_16114563_block_2.java,dataset/after/so_16114563_block_2.java,16114563/16114563_2_recent.java,method,1,40,Agress Yes,Improving Code
600,togglz,https://stackoverflow.com/questions/54298032,so_54298032_block_2,ELIGIBLE,dataset/before/so_54298032_block_2.java,dataset/after/so_54298032_block_2.java,54298032/54298032_2_190009745.java,copy,52,65,Agree No,""
40,tomoya92,https://stackoverflow.com/questions/41471859,so_41471859_block_4,ELIGIBLE,dataset/before/so_41471859_block_4.java,dataset/after/so_41471859_block_4.java,41471859/41471859_4_135239059.java,method,1,15,Agree No,""
405,tonikelope,https://stackoverflow.com/questions/2001205,so_2001205_block_2,ELIGIBLE,dataset/before/so_2001205_block_2.java,dataset/after/so_2001205_block_2.java,2001205/2001205_2_recent.java,submitTask,10,27,Agress Yes,Improving Code
750,tony19,https://stackoverflow.com/questions/9293885,so_9293885_block_2,ELIGIBLE,dataset/before/so_9293885_block_2.java,dataset/after/so_9293885_block_2.java,9293885/9293885_2_recent.java,method,1,18,Agress Yes,Improving Code
234,top-q,https://stackoverflow.com/questions/10599247,so_10599247_block_2,ELIGIBLE,dataset/before/so_10599247_block_2.java,dataset/after/so_10599247_block_2.java,10599247/10599247_2_recent.java,method,1,22,Agress Yes,Improving Code
464,tranleduy2000,https://stackoverflow.com/questions/52144662,so_52144662_block_2,ELIGIBLE,dataset/before/so_52144662_block_2.java,dataset/after/so_52144662_block_2.java,52144662/52144662_2_181397043.java,method,1,97,Agress Yes,Improving Code
465,tranleduy2000,https://stackoverflow.com/questions/59372145,so_59372145_block_2,ELIGIBLE,dataset/before/so_59372145_block_2.java,dataset/after/so_59372145_block_2.java,59372145/59372145_2_recent.java,method,1,18,Agree No,""
466,tranleduy2000,https://stackoverflow.com/questions/52144662,so_52144662_block_2,ELIGIBLE,dataset/before/so_52144662_block_2.java,dataset/after/so_52144662_block_2.java,52144662/52144662_2_181397043.java,method,1,97,Agree No,""
27,triggerreactor,https://stackoverflow.com/questions/24127188,so_24127188_block_2,ELIGIBLE,dataset/before/so_24127188_block_2.java,dataset/after/so_24127188_block_2.java,24127188/24127188_2_recent.java,method,1,32,Agress Yes,Improving Code
28,triggerreactor,https://stackoverflow.com/questions/24127188,so_24127188_block_2,ELIGIBLE,dataset/before/so_24127188_block_2.java,dataset/after/so_24127188_block_2.java,24127188/24127188_2_recent.java,method,1,32,Agress Yes,Improving Code
29,triggerreactor,https://stackoverflow.com/questions/24127188,so_24127188_block_2,ELIGIBLE,dataset/before/so_24127188_block_2.java,dataset/after/so_24127188_block_2.java,24127188/24127188_2_recent.java,method,1,32,Agress Yes,Improving Code
30,triggerreactor,https://stackoverflow.com/questions/24127188,so_24127188_block_2,ELIGIBLE,dataset/before/so_24127188_block_2.java,dataset/after/so_24127188_block_2.java,24127188/24127188_2_recent.java,method,1,32,Agress Yes,Improving Code
353,tsiemens,https://stackoverflow.com/questions/52144662,so_52144662_block_2,ELIGIBLE,dataset/before/so_52144662_block_2.java,dataset/after/so_52144662_block_2.java,52144662/52144662_2_181397043.java,method,1,97,Agress Yes,Improving Code
671,tyron12233,https://stackoverflow.com/questions/57997601,so_57997601_block_2,ELIGIBLE,dataset/before/so_57997601_block_2.java,dataset/after/so_57997601_block_2.java,57997601/57997601_2_recent.java,method,1,22,Agree No,""
529,uavorg,https://stackoverflow.com/questions/3870210,so_3870210_block_4,ELIGIBLE,dataset/before/so_3870210_block_4.java,dataset/after/so_3870210_block_4.java,3870210/3870210_4_recent.java,method,1,29,Agress Yes,Improving Code
781,ukwa,https://stackoverflow.com/questions/2275596,so_2275596_block_2,ELIGIBLE,dataset/before/so_2275596_block_2.java,dataset/after/so_2275596_block_2.java,2275596/2275596_2_recent.java,main,11,25,Agress Yes,Bug Fixing
191,unidata,https://stackoverflow.com/questions/6236324,so_6236324_block_2,ELIGIBLE,dataset/before/so_6236324_block_2.java,dataset/after/so_6236324_block_2.java,6236324/6236324_2_recent.java,method,1,521,Agress Yes,Improving Code
192,unidata,https://stackoverflow.com/questions/6236324,so_6236324_block_2,ELIGIBLE,dataset/before/so_6236324_block_2.java,dataset/after/so_6236324_block_2.java,6236324/6236324_2_recent.java,method,1,521,Agress Yes,Improving Code
193,unidata,https://stackoverflow.com/questions/52148106,so_52148106_block_4,ELIGIBLE,dataset/before/so_52148106_block_4.java,dataset/after/so_52148106_block_4.java,52148106/52148106_4_181012547.java,method,1,13,Agree No,""
102,us-cbp,https://stackoverflow.com/questions/10195366,so_10195366_block_2,ELIGIBLE,dataset/before/so_10195366_block_2.java,dataset/after/so_10195366_block_2.java,10195366/10195366_2_recent.java,method,1,21,Agress Yes,Improving Code
398,vaadin,https://stackoverflow.com/questions/18531276,so_18531276_block_2,ELIGIBLE,dataset/before/so_18531276_block_2.java,dataset/after/so_18531276_block_2.java,18531276/18531276_2_recent.java,method,1,59,Agree No,""
399,vaadin,https://stackoverflow.com/questions/18531276,so_18531276_block_2,ELIGIBLE,dataset/before/so_18531276_block_2.java,dataset/after/so_18531276_block_2.java,18531276/18531276_2_recent.java,method,1,59,Agree No,""
534,vespa-engine,https://stackoverflow.com/questions/36789749,so_36789749_block_6,ELIGIBLE,dataset/before/so_36789749_block_6.java,dataset/after/so_36789749_block_6.java,36789749/36789749_6_116354184.java,method,1,22,Agress Yes,Improving Code
122,vipshop,https://stackoverflow.com/questions/64804977,so_64804977_block_4,ELIGIBLE,dataset/before/so_64804977_block_4.java,dataset/after/so_64804977_block_4.java,64804977/64804977_4_recent.java,method,1,20,Agress Yes,Bug fixing
177,vishesh,https://stackoverflow.com/questions/52144662,so_52144662_block_2,ELIGIBLE,dataset/before/so_52144662_block_2.java,dataset/after/so_52144662_block_2.java,52144662/52144662_2_181397043.java,method,1,97,Agress Yes,Improving Code
178,vishesh,https://stackoverflow.com/questions/9293885,so_9293885_block_2,ELIGIBLE,dataset/before/so_9293885_block_2.java,dataset/after/so_9293885_block_2.java,9293885/9293885_2_recent.java,method,1,18,Agress Yes,Bug Fixing
788,vmware,https://stackoverflow.com/questions/20680556,so_20680556_block_2,ELIGIBLE,dataset/before/so_20680556_block_2.java,dataset/after/so_20680556_block_2.java,20680556/20680556_2_recent.java,accept,5,17,Agress Yes,Improving Code
789,vmware,https://stackoverflow.com/questions/20680556,so_20680556_block_2,ELIGIBLE,dataset/before/so_20680556_block_2.java,dataset/after/so_20680556_block_2.java,20680556/20680556_2_recent.java,accept,5,17,Agress Yes,Improving Code
790,vmware,https://stackoverflow.com/questions/20680556,so_20680556_block_2,ELIGIBLE,dataset/before/so_20680556_block_2.java,dataset/after/so_20680556_block_2.java,20680556/20680556_2_recent.java,accept,5,17,Agress Yes,Improving Code
741,w3c,https://stackoverflow.com/questions/4429257,so_4429257_block_2,ELIGIBLE,dataset/before/so_4429257_block_2.java,dataset/after/so_4429257_block_2.java,4429257/4429257_2_9347476.java,newBundle,2,32,Agree No,""
742,w3c,https://stackoverflow.com/questions/4429257,so_4429257_block_2,ELIGIBLE,dataset/before/so_4429257_block_2.java,dataset/after/so_4429257_block_2.java,4429257/4429257_2_9347476.java,newBundle,2,32,Agree No,""
159,waikato,https://stackoverflow.com/questions/10774468,so_10774468_block_2,ELIGIBLE,dataset/before/so_10774468_block_2.java,dataset/after/so_10774468_block_2.java,10774468/10774468_2_recent.java,method,1,95,Agree No,""
160,waikato,https://stackoverflow.com/questions/10774468,so_10774468_block_2,ELIGIBLE,dataset/before/so_10774468_block_2.java,dataset/after/so_10774468_block_2.java,10774468/10774468_2_recent.java,method,1,95,Agree No,""
161,waikato,https://stackoverflow.com/questions/10774468,so_10774468_block_2,ELIGIBLE,dataset/before/so_10774468_block_2.java,dataset/after/so_10774468_block_2.java,10774468/10774468_2_recent.java,method,1,95,Agree No,""
200,walmartlabs,https://stackoverflow.com/questions/41251473,so_41251473_block_6,ELIGIBLE,dataset/before/so_41251473_block_6.java,dataset/after/so_41251473_block_6.java,41251473/41251473_6_recent.java,method,1,20,Agress Yes,Improving Code
610,waylau,https://stackoverflow.com/questions/34717151,so_34717151_block_6,ELIGIBLE,dataset/before/so_34717151_block_6.java,dataset/after/so_34717151_block_6.java,34717151/34717151_6_recent.java,method,1,60,Agress Yes,Improving Code
611,waylau,https://stackoverflow.com/questions/34717151,so_34717151_block_6,ELIGIBLE,dataset/before/so_34717151_block_6.java,dataset/after/so_34717151_block_6.java,34717151/34717151_6_recent.java,method,1,60,Agress Yes,Improving Code
612,waylau,https://stackoverflow.com/questions/34717151,so_34717151_block_6,ELIGIBLE,dataset/before/so_34717151_block_6.java,dataset/after/so_34717151_block_6.java,34717151/34717151_6_recent.java,method,1,60,Agress Yes,Improving Code
5,webjournal,https://stackoverflow.com/questions/39717275,so_39717275_block_2,ELIGIBLE,dataset/before/so_39717275_block_2.java,dataset/after/so_39717275_block_2.java,39717275/39717275_2_recent.java,method,1,34,Agree No,""
6,webjournal,https://stackoverflow.com/questions/10195366,so_10195366_block_2,ELIGIBLE,dataset/before/so_10195366_block_2.java,dataset/after/so_10195366_block_2.java,10195366/10195366_2_recent.java,method,1,21,Agress Yes,Improving Code
7,webjournal,https://stackoverflow.com/questions/10195366,so_10195366_block_2,ELIGIBLE,dataset/before/so_10195366_block_2.java,dataset/after/so_10195366_block_2.java,10195366/10195366_2_recent.java,method,1,21,Agress Yes,Improving Code
8,webjournal,https://stackoverflow.com/questions/10195366,so_10195366_block_2,ELIGIBLE,dataset/before/so_10195366_block_2.java,dataset/after/so_10195366_block_2.java,10195366/10195366_2_recent.java,method,1,21,Agress Yes,Improving Code
676,whamtet,https://stackoverflow.com/questions/10967469,so_10967469_block_2,ELIGIBLE,dataset/before/so_10967469_block_2.java,dataset/after/so_10967469_block_2.java,10967469/10967469_2_recent.java,method,1,20,Agress Yes,Improving Code
329,wrensecurity,https://stackoverflow.com/questions/28329032,so_28329032_block_6,ELIGIBLE,dataset/before/so_28329032_block_6.java,dataset/after/so_28329032_block_6.java,28329032/28329032_6_147347267.java,method,1,10,Agress Yes,Improving Code
223,wso2,https://stackoverflow.com/questions/34303187,so_34303187_block_6,ELIGIBLE,dataset/before/so_34303187_block_6.java,dataset/after/so_34303187_block_6.java,34303187/34303187_6_106529352.java,output,8,21,Agree No,""
331,wupeixuan,https://stackoverflow.com/questions/29866762,so_29866762_block_2,ELIGIBLE,dataset/before/so_29866762_block_2.java,dataset/after/so_29866762_block_2.java,29866762/29866762_2_89013107.java,method,1,40,Agree No,""
332,wupeixuan,https://stackoverflow.com/questions/29866762,so_29866762_block_2,ELIGIBLE,dataset/before/so_29866762_block_2.java,dataset/after/so_29866762_block_2.java,29866762/29866762_2_89013107.java,method,1,40,Agress Yes,Improving Code
333,wupeixuan,https://stackoverflow.com/questions/46830988,so_46830988_block_4,ELIGIBLE,dataset/before/so_46830988_block_4.java,dataset/after/so_46830988_block_4.java,46830988/46830988_4_158689916.java,method,1,19,Agress Yes,Improving Code
334,wupeixuan,https://stackoverflow.com/questions/16799135,so_16799135_block_10,ELIGIBLE,dataset/before/so_16799135_block_10.java,dataset/after/so_16799135_block_10.java,16799135/16799135_10_41317480.java,method,1,23,Agress Yes,Improving Code
335,wupeixuan,https://stackoverflow.com/questions/29230939,so_29230939_block_4,ELIGIBLE,dataset/before/so_29230939_block_4.java,dataset/after/so_29230939_block_4.java,29230939/29230939_4_201996375.java,method,1,25,Agress Yes,Improving Code
336,wupeixuan,https://stackoverflow.com/questions/29230939,so_29230939_block_4,ELIGIBLE,dataset/before/so_29230939_block_4.java,dataset/after/so_29230939_block_4.java,29230939/29230939_4_201996375.java,method,1,25,Agress Yes,Improving Code
337,wupeixuan,https://stackoverflow.com/questions/50578162,so_50578162_block_2,ELIGIBLE,dataset/before/so_50578162_block_2.java,dataset/after/so_50578162_block_2.java,50578162/50578162_2_recent.java,method,1,22,Agress Yes,Improving Code
338,wupeixuan,https://stackoverflow.com/questions/29330741,so_29330741_block_6,ELIGIBLE,dataset/before/so_29330741_block_6.java,dataset/after/so_29330741_block_6.java,29330741/29330741_6_86929181.java,method,1,13,Agress Yes,Improving Code
339,wupeixuan,https://stackoverflow.com/questions/29330741,so_29330741_block_6,ELIGIBLE,dataset/before/so_29330741_block_6.java,dataset/after/so_29330741_block_6.java,29330741/29330741_6_86929181.java,method,1,13,Agree No,""
340,wupeixuan,https://stackoverflow.com/questions/45774144,so_45774144_block_4,ELIGIBLE,dataset/before/so_45774144_block_4.java,dataset/after/so_45774144_block_4.java,45774144/45774144_4_recent.java,method,1,21,Agree No,""
341,wupeixuan,https://stackoverflow.com/questions/54119640,so_54119640_block_4,ELIGIBLE,dataset/before/so_54119640_block_4.java,dataset/after/so_54119640_block_4.java,54119640/54119640_4_189259651.java,mouseClicked,10,26,Agress Yes,Improving Code
238,xdev-software,https://stackoverflow.com/questions/27437289,so_27437289_block_16,ELIGIBLE,dataset/before/so_27437289_block_16.java,dataset/after/so_27437289_block_16.java,27437289/27437289_16_106782972.java,method,1,13,Agress Yes,Improving Code
237,xnnyygn,https://stackoverflow.com/questions/59664498,so_59664498_block_2,ELIGIBLE,dataset/before/so_59664498_block_2.java,dataset/after/so_59664498_block_2.java,59664498/59664498_2_recent.java,method,1,68,Agress Yes,Bug Fixing
584,xuzhijvn,https://stackoverflow.com/questions/13558161,so_13558161_block_6,ELIGIBLE,dataset/before/so_13558161_block_6.java,dataset/after/so_13558161_block_6.java,13558161/13558161_6_32316591.java,run,82,99,Agress Yes,Improving Code
686,xwjie,https://stackoverflow.com/questions/10195366,so_10195366_block_2,ELIGIBLE,dataset/before/so_10195366_block_2.java,dataset/after/so_10195366_block_2.java,10195366/10195366_2_recent.java,method,1,21,Agree No,""
687,xwjie,https://stackoverflow.com/questions/10195366,so_10195366_block_2,ELIGIBLE,dataset/before/so_10195366_block_2.java,dataset/after/so_10195366_block_2.java,10195366/10195366_2_recent.java,method,1,21,Agree No,""
509,yahoo,https://stackoverflow.com/questions/64741139,so_64741139_block_2,ELIGIBLE,dataset/before/so_64741139_block_2.java,dataset/after/so_64741139_block_2.java,64741139/64741139_2_recent.java,method,1,110,Agree No,""
510,yahoo,https://stackoverflow.com/questions/34174309,so_34174309_block_2,ELIGIBLE,dataset/before/so_34174309_block_2.java,dataset/after/so_34174309_block_2.java,34174309/34174309_2_recent.java,addFileToTar,87,115,Agress Yes,Improving Code
197,yalcin-ata,https://stackoverflow.com/questions/52144662,so_52144662_block_2,ELIGIBLE,dataset/before/so_52144662_block_2.java,dataset/after/so_52144662_block_2.java,52144662/52144662_2_181397043.java,method,1,97,Agress Yes,Improving Code
169,yangchong211,https://stackoverflow.com/questions/6788456,so_6788456_block_2,ELIGIBLE,dataset/before/so_6788456_block_2.java,dataset/after/so_6788456_block_2.java,6788456/6788456_2_209269621.java,method,1,15,Agree No,""
170,yangchong211,https://stackoverflow.com/questions/6788456,so_6788456_block_2,ELIGIBLE,dataset/before/so_6788456_block_2.java,dataset/after/so_6788456_block_2.java,6788456/6788456_2_209269621.java,method,1,15,Agree No,""
494,yangziwen,https://stackoverflow.com/questions/20274776,so_20274776_block_2,ELIGIBLE,dataset/before/so_20274776_block_2.java,dataset/after/so_20274776_block_2.java,20274776/20274776_2_recent.java,method,1,29,Agree No,""
413,yangzongzhuan,https://stackoverflow.com/questions/58370217,so_58370217_block_2,ELIGIBLE,dataset/before/so_58370217_block_2.java,dataset/after/so_58370217_block_2.java,58370217/58370217_2_recent.java,method,1,45,Agress Yes,Improving Code
208,yassirh,https://stackoverflow.com/questions/49393023,so_49393023_block_1,ELIGIBLE,dataset/before/so_49393023_block_1.java,dataset/after/so_49393023_block_1.java,49393023/49393023_1_recent.java,handleMessage,20,41,Agree No,""
326,yyon,https://stackoverflow.com/questions/23916259,so_23916259_block_2,ELIGIBLE,dataset/before/so_23916259_block_2.java,dataset/after/so_23916259_block_2.java,23916259/23916259_2_recent.java,method,1,25,Agress Yes,Improving Code
249,zelgimi,https://stackoverflow.com/questions/61391737,so_61391737_block_2,ELIGIBLE,dataset/before/so_61391737_block_2.java,dataset/after/so_61391737_block_2.java,61391737/61391737_2_recent.java,method,1,20,Agress Yes,Improving Code
22,zfdang,https://stackoverflow.com/questions/6788456,so_6788456_block_2,ELIGIBLE,dataset/before/so_6788456_block_2.java,dataset/after/so_6788456_block_2.java,6788456/6788456_2_209269621.java,method,1,15,Agress Yes,Improving Code
23,zfdang,https://stackoverflow.com/questions/6788456,so_6788456_block_2,ELIGIBLE,dataset/before/so_6788456_block_2.java,dataset/after/so_6788456_block_2.java,6788456/6788456_2_209269621.java,method,1,15,Agress Yes,Improving Code
157,zhangkaitao,https://stackoverflow.com/questions/52148106,so_52148106_block_4,ELIGIBLE,dataset/before/so_52148106_block_4.java,dataset/after/so_52148106_block_4.java,52148106/52148106_4_181012547.java,method,1,13,Agree No,""
158,zhangkaitao,https://stackoverflow.com/questions/52148106,so_52148106_block_4,ELIGIBLE,dataset/before/so_52148106_block_4.java,dataset/after/so_52148106_block_4.java,52148106/52148106_4_181012547.java,method,1,13,Agree No,""
719,zhaokaiqiang,https://stackoverflow.com/questions/47481521,so_47481521_block_1,ELIGIBLE,dataset/before/so_47481521_block_1.java,dataset/after/so_47481521_block_1.java,47481521/47481521_1_recent.java,method,1,29,Agree No,""
194,zhou-you,https://stackoverflow.com/questions/41251473,so_41251473_block_6,ELIGIBLE,dataset/before/so_41251473_block_6.java,dataset/after/so_41251473_block_6.java,41251473/41251473_6_recent.java,method,1,20,Agress Yes,Improving Code
1,ziliang001,https://stackoverflow.com/questions/58370217,so_58370217_block_2,ELIGIBLE,dataset/before/so_58370217_block_2.java,dataset/after/so_58370217_block_2.java,58370217/58370217_2_recent.java,method,1,45,Agress Yes,Improving Code
421,zitmen,https://stackoverflow.com/questions/40056844,so_40056844_block_2,ELIGIBLE,dataset/before/so_40056844_block_2.java,dataset/after/so_40056844_block_2.java,40056844/40056844_2_recent.java,method,1,17,Agress Yes,Improving Code
422,zitmen,https://stackoverflow.com/questions/61006461,so_61006461_block_2,ELIGIBLE,dataset/before/so_61006461_block_2.java,dataset/after/so_61006461_block_2.java,61006461/61006461_2_recent.java,method,1,96,Agress Yes,Bug Fixing
